requirement_id,role_id,domain,element_id,element_name,element_description,importance_im,rank_in_role,weight_renormalized,element_aliases
REQ-R01-2.C.3.a,R01,Knowledge,2.C.3.a,Computers and Electronics,"Knowledge of circuit boards, processors, chips, electronic equipment, and computer hardware and software, including applications and programming.",4.75,1,0.041304,computers and electronics|computer systems|hardware|software|operating system|linux|windows|server|application|programming|computer science
REQ-R01-4.A.3.b.1,R01,Work Activities,4.A.3.b.1,Working with Computers,"Using computers and computer systems (including hardware and software) to program, write software, set up functions, enter data, or process information.",4.61,2,0.040087,working with computers|program computer systems|implement security measures for computer or information systems|set up computer systems networks or other information systems|resolve computer problems|operate computer systems|process digital or online data|coding|deployment|configuration
REQ-R01-4.A.2.a.2,R01,Work Activities,4.A.2.a.2,Processing Information,"Compiling, coding, categorizing, calculating, tabulating, auditing, or verifying information or data.",4.38,3,0.038087,processing information|data processing|etl|data cleaning|compiled records|aggregated data|transformed data|reconciled data|validated data quality
REQ-R01-4.A.2.b.1,R01,Work Activities,4.A.2.b.1,Making Decisions and Solving Problems,Analyzing information and evaluating results to choose the best solution and solve problems.,4.34,4,0.037739,making decisions and solving problems|decision making|problem solving|diagnose system or equipment problems|determined operational methods or procedures|resolved|selected
REQ-R01-4.A.2.b.2,R01,Work Activities,4.A.2.b.2,Thinking Creatively,"Developing, designing, or creating new applications, ideas, relationships, systems, or products, including artistic contributions.",4.33,5,0.037652,thinking creatively|design computer or information systems or applications|design databases|designed|developed new approach|innovation|created solution|proposed design|prototyping
REQ-R01-4.A.4.a.2,R01,Work Activities,4.A.4.a.2,"Communicating with Supervisors, Peers, or Subordinates","Providing information to supervisors, co-workers, and subordinates by telephone, in written form, e-mail, or in person.",4.23,6,0.036783,communicating with supervisors peers or subordinates|team communication|communicate with others about specifications or project details|reported to manager|stand-up|collaborated with team|internal communication
REQ-R01-4.A.2.a.4,R01,Work Activities,4.A.2.a.4,Analyzing Data or Information,"Identifying the underlying principles, reasons, or facts of information by breaking down information or data into separate parts.",4.2,7,0.036522,analyzing data or information|data analysis|analyzed|analytics|analyzed performance of systems or equipment|analyzed data to improve operations|statistical analysis|log analysis|reporting
REQ-R01-4.A.2.b.3,R01,Work Activities,4.A.2.b.3,Updating and Using Relevant Knowledge,Keeping up-to-date technically and applying new knowledge to your job.,4.1,8,0.035652,updating and using relevant knowledge|maintain current knowledge in area of expertise|kept up to date|continuous learning|certification|training attended|research new technology
REQ-R01-4.A.2.b.6,R01,Work Activities,4.A.2.b.6,"Organizing, Planning, and Prioritizing Work","Developing specific goals and plans to prioritize, organize, and accomplish your work.",4.06,9,0.035304,organizing planning and prioritizing work|planning|prioritization|backlog grooming|work planning|organized tasks|sprint planning|project planning
REQ-R01-4.A.1.a.1,R01,Work Activities,4.A.1.a.1,Getting Information,"Observing, receiving, and otherwise obtaining information from all relevant sources.",4.04,10,0.03513,getting information|gathered information|collected data|research|investigated|read documents|gathered requirements|data collection|log collection
REQ-R01-2.B.3.e,R01,Transferable Skills,2.B.3.e,Programming,Writing computer programs for various purposes.,4.0,11,0.034783,programming|coding|software development|developed|implemented|wrote code|python|java|javascript|typescript|c#|go|sql|scripting|api development|refactored
REQ-R01-4.A.2.a.3,R01,Work Activities,4.A.2.a.3,Evaluating Information to Determine Compliance with Standards,"Using relevant information and individual judgment to determine whether events or processes comply with laws, regulations, or standards.",3.94,12,0.034261,evaluating information to determine compliance with standards|compliance check|audit|standards compliance|policy compliance|examined documentation for accuracy or compliance|conformance review
REQ-R01-2.A.2.a,R01,Essential Skills,2.A.2.a,Critical Thinking,"Using logic and reasoning to identify the strengths and weaknesses of alternative solutions, conclusions, or approaches to problems.",3.88,13,0.033739,critical thinking|root cause analysis|evaluated alternatives|trade-off analysis|assessed options|analytical reasoning|weighed pros and cons|design review
REQ-R01-4.A.3.b.6,R01,Work Activities,4.A.3.b.6,Documenting/Recording Information,"Entering, transcribing, recording, storing, or maintaining information in written or electronic/magnetic form.",3.78,14,0.03287,documenting recording information|documentation|document technical designs procedures or activities|prepare reports of operational or procedural activities|maintain operational records|wrote report|logged|recorded|runbook|ticket notes
REQ-R01-4.A.2.b.4,R01,Work Activities,4.A.2.b.4,Developing Objectives and Strategies,Establishing long-range objectives and specifying the strategies and actions to achieve them.,3.76,15,0.032696,developing objectives and strategies|roadmap|strategy|develop organizational policies systems or processes|defined objectives|technical strategy|okr|planning
REQ-R01-4.A.1.a.2,R01,Work Activities,4.A.1.a.2,"Monitoring Processes, Materials, or Surroundings","Monitoring and reviewing information from materials, events, or the environment, to detect or assess problems.",3.7,22,0.032174,monitoring processes|monitored operations|monitored systems|monitored equipment|observability|alerting|monitor operation of computer or information technologies|compliance monitoring
REQ-R01-4.A.1.b.1,R01,Work Activities,4.A.1.b.1,"Identifying Objects, Actions, and Events","Identifying information by categorizing, estimating, recognizing differences or similarities, and detecting changes in circumstances or events.",3.66,23,0.031826,identifying objects actions and events|identified issues|detected|recognized patterns|classified|identified opportunities|anomaly detection|event identification
REQ-R01-2.B.4.e,R01,Transferable Skills,2.B.4.e,Judgment and Decision Making,Considering the relative costs and benefits of potential actions to choose the most appropriate one.,3.62,25,0.031478,judgment and decision making|decision making|prioritized|selected approach|made trade-offs|chose technology|approved|recommended
REQ-R01-4.A.4.a.1,R01,Work Activities,4.A.4.a.1,Interpreting the Meaning of Information for Others,Translating or explaining what information means and how it can be used.,3.61,26,0.031391,interpreting the meaning of information for others|explain technical details of products or services|explained|translated technical to business|briefed stakeholders|presented findings|explain regulations policies or procedures
REQ-R01-2.C.4.a,R01,Knowledge,2.C.4.a,Mathematics,"Knowledge of arithmetic, algebra, geometry, calculus, statistics, and their applications.",3.57,27,0.031043,mathematics|statistics|algebra|calculus|probability|statistical modeling|numerical analysis|quantitative
REQ-R01-2.C.1.e,R01,Knowledge,2.C.1.e,Customer and Personal Service,"Knowledge of principles and processes for providing customer and personal services. This includes customer needs assessment, meeting quality standards for services, and evaluation of customer satisfaction.",3.56,28,0.030957,customer and personal service|customer service|client support|service desk|user support|customer requirements|sla|stakeholder management|end-user
REQ-R01-4.A.4.a.4,R01,Work Activities,4.A.4.a.4,Establishing and Maintaining Interpersonal Relationships,"Developing constructive and cooperative working relationships with others, and maintaining them over time.",3.54,29,0.030783,establishing and maintaining interpersonal relationships|develop professional relationships or networks|built relationships|stakeholder relationship|networking|teamwork|cross-team collaboration
REQ-R01-2.A.1.a,R01,Essential Skills,2.A.1.a,Reading Comprehension,Understanding written sentences and paragraphs in work-related documents.,3.5,33,0.030435,reading comprehension|read documentation|technical documentation|specification|requirements document|read specs|rfc|reviewed documents|documentation review
REQ-R01-2.A.2.b,R01,Essential Skills,2.A.2.b,Active Learning,Understanding the implications of new information for both current and future problem-solving and decision-making.,3.5,34,0.030435,active learning|self-taught|learned|upskilled|certification|completed course|continuous learning|kept up to date|new technology adoption
REQ-R01-2.B.4.g,R01,Transferable Skills,2.B.4.g,Systems Analysis,"Determining how a system should work and how changes in conditions, operations, and the environment will affect outcomes.",3.5,35,0.030435,systems analysis|system analysis|analyzed system|impact analysis|data flow|process modeling|how the system works|dependency analysis
REQ-R01-2.A.1.b,R01,Essential Skills,2.A.1.b,Active Listening,"Giving full attention to what other people are saying, taking time to understand the points being made, asking questions as appropriate, and not interrupting at inappropriate times.",3.38,37,0.029391,active listening|stakeholder interview|requirements gathering|gathered requirements|user interview|listened to stakeholders|elicitation|client meeting
REQ-R01-2.B.2.i,R01,Transferable Skills,2.B.2.i,Complex Problem Solving,Identifying complex problems and reviewing related information to develop and evaluate options and implement solutions.,3.38,38,0.029391,complex problem solving|solved|resolved|troubleshooting complex issues|debugged|incident resolution|root cause|postmortem|problem solving
REQ-R01-2.B.3.b,R01,Transferable Skills,2.B.3.b,Technology Design,Generating or adapting equipment and technology to serve user needs.,3.38,39,0.029391,technology design|system design|solution design|architecture design|designed system|technical design document|prototype|hld|lld
REQ-R01-2.B.4.h,R01,Transferable Skills,2.B.4.h,Systems Evaluation,"Identifying measures or indicators of system performance and the actions needed to improve or correct performance, relative to the goals of the system.",3.38,40,0.029391,systems evaluation|performance evaluation|benchmarking|measured system performance|capacity assessment|evaluated system|slo|sla review
REQ-R01-4.A.2.b.5,R01,Work Activities,4.A.2.b.5,Scheduling Work and Activities,"Scheduling events, programs, and activities, as well as the work of others.",3.32,41,0.02887,scheduling work and activities|scheduling|sprint schedule|release schedule|planned activities|calendar|timeline planning|job scheduling
REQ-R02-4.A.3.b.1,R02,Work Activities,4.A.3.b.1,Working with Computers,"Using computers and computer systems (including hardware and software) to program, write software, set up functions, enter data, or process information.",4.88,1,0.043529,working with computers|program computer systems|implement security measures for computer or information systems|set up computer systems networks or other information systems|resolve computer problems|operate computer systems|process digital or online data|coding|deployment|configuration
REQ-R02-4.A.1.a.1,R02,Work Activities,4.A.1.a.1,Getting Information,"Observing, receiving, and otherwise obtaining information from all relevant sources.",4.48,2,0.039961,getting information|gathered information|collected data|research|investigated|read documents|gathered requirements|data collection|log collection
REQ-R02-2.C.3.a,R02,Knowledge,2.C.3.a,Computers and Electronics,"Knowledge of circuit boards, processors, chips, electronic equipment, and computer hardware and software, including applications and programming.",4.38,3,0.039069,computers and electronics|computer systems|hardware|software|operating system|linux|windows|server|application|programming|computer science
REQ-R02-4.A.2.b.2,R02,Work Activities,4.A.2.b.2,Thinking Creatively,"Developing, designing, or creating new applications, ideas, relationships, systems, or products, including artistic contributions.",4.38,4,0.039069,thinking creatively|design computer or information systems or applications|design databases|designed|developed new approach|innovation|created solution|proposed design|prototyping
REQ-R02-4.A.2.b.3,R02,Work Activities,4.A.2.b.3,Updating and Using Relevant Knowledge,Keeping up-to-date technically and applying new knowledge to your job.,4.29,5,0.038266,updating and using relevant knowledge|maintain current knowledge in area of expertise|kept up to date|continuous learning|certification|training attended|research new technology
REQ-R02-4.A.2.b.1,R02,Work Activities,4.A.2.b.1,Making Decisions and Solving Problems,Analyzing information and evaluating results to choose the best solution and solve problems.,4.25,6,0.037909,making decisions and solving problems|decision making|problem solving|diagnose system or equipment problems|determined operational methods or procedures|resolved|selected
REQ-R02-4.A.2.a.2,R02,Work Activities,4.A.2.a.2,Processing Information,"Compiling, coding, categorizing, calculating, tabulating, auditing, or verifying information or data.",4.13,7,0.036839,processing information|data processing|etl|data cleaning|compiled records|aggregated data|transformed data|reconciled data|validated data quality
REQ-R02-2.B.3.e,R02,Transferable Skills,2.B.3.e,Programming,Writing computer programs for various purposes.,4.12,8,0.03675,programming|coding|software development|developed|implemented|wrote code|python|java|javascript|typescript|c#|go|sql|scripting|api development|refactored
REQ-R02-4.A.2.b.6,R02,Work Activities,4.A.2.b.6,"Organizing, Planning, and Prioritizing Work","Developing specific goals and plans to prioritize, organize, and accomplish your work.",3.91,9,0.034876,organizing planning and prioritizing work|planning|prioritization|backlog grooming|work planning|organized tasks|sprint planning|project planning
REQ-R02-4.A.4.a.2,R02,Work Activities,4.A.4.a.2,"Communicating with Supervisors, Peers, or Subordinates","Providing information to supervisors, co-workers, and subordinates by telephone, in written form, e-mail, or in person.",3.88,11,0.034609,communicating with supervisors peers or subordinates|team communication|communicate with others about specifications or project details|reported to manager|stand-up|collaborated with team|internal communication
REQ-R02-2.A.2.a,R02,Essential Skills,2.A.2.a,Critical Thinking,"Using logic and reasoning to identify the strengths and weaknesses of alternative solutions, conclusions, or approaches to problems.",3.75,13,0.033449,critical thinking|root cause analysis|evaluated alternatives|trade-off analysis|assessed options|analytical reasoning|weighed pros and cons|design review
REQ-R02-4.A.1.b.1,R02,Work Activities,4.A.1.b.1,"Identifying Objects, Actions, and Events","Identifying information by categorizing, estimating, recognizing differences or similarities, and detecting changes in circumstances or events.",3.67,14,0.032736,identifying objects actions and events|identified issues|detected|recognized patterns|classified|identified opportunities|anomaly detection|event identification
REQ-R02-2.A.1.a,R02,Essential Skills,2.A.1.a,Reading Comprehension,Understanding written sentences and paragraphs in work-related documents.,3.62,18,0.03229,reading comprehension|read documentation|technical documentation|specification|requirements document|read specs|rfc|reviewed documents|documentation review
REQ-R02-2.B.2.i,R02,Transferable Skills,2.B.2.i,Complex Problem Solving,Identifying complex problems and reviewing related information to develop and evaluate options and implement solutions.,3.62,19,0.03229,complex problem solving|solved|resolved|troubleshooting complex issues|debugged|incident resolution|root cause|postmortem|problem solving
REQ-R02-2.B.3.a,R02,Transferable Skills,2.B.3.a,Operations Analysis,Analyzing needs and product requirements to create a design.,3.62,20,0.03229,operations analysis|requirements analysis|needs analysis|business requirements|gap analysis|feasibility study|as-is to-be analysis
REQ-R02-2.C.7.a,R02,Knowledge,2.C.7.a,English Language,"Knowledge of the structure and content of the English language including the meaning and spelling of words, and rules of composition and grammar.",3.54,21,0.031576,english language|english|technical english|business english|toeic|ielts|english proficiency|wrote in english|english communication
REQ-R02-4.A.2.a.4,R02,Work Activities,4.A.2.a.4,Analyzing Data or Information,"Identifying the underlying principles, reasons, or facts of information by breaking down information or data into separate parts.",3.54,22,0.031576,analyzing data or information|data analysis|analyzed|analytics|analyzed performance of systems or equipment|analyzed data to improve operations|statistical analysis|log analysis|reporting
REQ-R02-4.A.4.a.4,R02,Work Activities,4.A.4.a.4,Establishing and Maintaining Interpersonal Relationships,"Developing constructive and cooperative working relationships with others, and maintaining them over time.",3.54,23,0.031576,establishing and maintaining interpersonal relationships|develop professional relationships or networks|built relationships|stakeholder relationship|networking|teamwork|cross-team collaboration
REQ-R02-2.A.1.b,R02,Essential Skills,2.A.1.b,Active Listening,"Giving full attention to what other people are saying, taking time to understand the points being made, asking questions as appropriate, and not interrupting at inappropriate times.",3.5,26,0.031219,active listening|stakeholder interview|requirements gathering|gathered requirements|user interview|listened to stakeholders|elicitation|client meeting
REQ-R02-2.A.2.b,R02,Essential Skills,2.A.2.b,Active Learning,Understanding the implications of new information for both current and future problem-solving and decision-making.,3.5,27,0.031219,active learning|self-taught|learned|upskilled|certification|completed course|continuous learning|kept up to date|new technology adoption
REQ-R02-4.A.2.b.5,R02,Work Activities,4.A.2.b.5,Scheduling Work and Activities,"Scheduling events, programs, and activities, as well as the work of others.",3.46,28,0.030863,scheduling work and activities|scheduling|sprint schedule|release schedule|planned activities|calendar|timeline planning|job scheduling
REQ-R02-4.A.3.b.6,R02,Work Activities,4.A.3.b.6,Documenting/Recording Information,"Entering, transcribing, recording, storing, or maintaining information in written or electronic/magnetic form.",3.46,29,0.030863,documenting recording information|documentation|document technical designs procedures or activities|prepare reports of operational or procedural activities|maintain operational records|wrote report|logged|recorded|runbook|ticket notes
REQ-R02-2.B.4.e,R02,Transferable Skills,2.B.4.e,Judgment and Decision Making,Considering the relative costs and benefits of potential actions to choose the most appropriate one.,3.38,32,0.030149,judgment and decision making|decision making|prioritized|selected approach|made trade-offs|chose technology|approved|recommended
REQ-R02-2.C.4.a,R02,Knowledge,2.C.4.a,Mathematics,"Knowledge of arithmetic, algebra, geometry, calculus, statistics, and their applications.",3.35,33,0.029881,mathematics|statistics|algebra|calculus|probability|statistical modeling|numerical analysis|quantitative
REQ-R02-4.A.1.b.3,R02,Work Activities,4.A.1.b.3,"Estimating the Quantifiable Characteristics of Products, Events, or Information","Estimating sizes, distances, and quantities; or determining time, costs, resources, or materials needed to perform a work activity.",3.33,34,0.029703,estimating quantifiable characteristics|estimation|estimated effort|story points|sizing|cost estimation|capacity estimate|measured
REQ-R02-4.A.2.a.3,R02,Work Activities,4.A.2.a.3,Evaluating Information to Determine Compliance with Standards,"Using relevant information and individual judgment to determine whether events or processes comply with laws, regulations, or standards.",3.33,35,0.029703,evaluating information to determine compliance with standards|compliance check|audit|standards compliance|policy compliance|examined documentation for accuracy or compliance|conformance review
REQ-R02-4.A.2.b.4,R02,Work Activities,4.A.2.b.4,Developing Objectives and Strategies,Establishing long-range objectives and specifying the strategies and actions to achieve them.,3.33,36,0.029703,developing objectives and strategies|roadmap|strategy|develop organizational policies systems or processes|defined objectives|technical strategy|okr|planning
REQ-R02-4.A.4.a.1,R02,Work Activities,4.A.4.a.1,Interpreting the Meaning of Information for Others,Translating or explaining what information means and how it can be used.,3.33,37,0.029703,interpreting the meaning of information for others|explain technical details of products or services|explained|translated technical to business|briefed stakeholders|presented findings|explain regulations policies or procedures
REQ-R02-4.A.4.b.6,R02,Work Activities,4.A.4.b.6,Providing Consultation and Advice to Others,"Providing guidance and expert advice to management or other groups on technical, systems-, or process-related topics.",3.29,38,0.029346,providing consultation and advice to others|advise others on the design or use of technologies|advise others on business or operational matters|consulting|advised|technical consultation|recommendation to stakeholders
REQ-R02-2.A.1.d,R02,Essential Skills,2.A.1.d,Speaking,Talking to others to convey information effectively.,3.25,42,0.028989,speaking|presented|presentation|demo|briefing|spoke at|public speaking|stand-up|knowledge sharing session|pitched
REQ-R03-4.A.3.b.1,R03,Work Activities,4.A.3.b.1,Working with Computers,"Using computers and computer systems (including hardware and software) to program, write software, set up functions, enter data, or process information.",4.95,1,0.042217,working with computers|program computer systems|implement security measures for computer or information systems|set up computer systems networks or other information systems|resolve computer problems|operate computer systems|process digital or online data|coding|deployment|configuration
REQ-R03-2.C.3.a,R03,Knowledge,2.C.3.a,Computers and Electronics,"Knowledge of circuit boards, processors, chips, electronic equipment, and computer hardware and software, including applications and programming.",4.87,2,0.041535,computers and electronics|computer systems|hardware|software|operating system|linux|windows|server|application|programming|computer science
REQ-R03-2.B.3.e,R03,Transferable Skills,2.B.3.e,Programming,Writing computer programs for various purposes.,4.75,3,0.040512,programming|coding|software development|developed|implemented|wrote code|python|java|javascript|typescript|c#|go|sql|scripting|api development|refactored
REQ-R03-4.A.2.a.2,R03,Work Activities,4.A.2.a.2,Processing Information,"Compiling, coding, categorizing, calculating, tabulating, auditing, or verifying information or data.",4.59,4,0.039147,processing information|data processing|etl|data cleaning|compiled records|aggregated data|transformed data|reconciled data|validated data quality
REQ-R03-4.A.2.a.4,R03,Work Activities,4.A.2.a.4,Analyzing Data or Information,"Identifying the underlying principles, reasons, or facts of information by breaking down information or data into separate parts.",4.52,5,0.03855,analyzing data or information|data analysis|analyzed|analytics|analyzed performance of systems or equipment|analyzed data to improve operations|statistical analysis|log analysis|reporting
REQ-R03-4.A.1.a.1,R03,Work Activities,4.A.1.a.1,Getting Information,"Observing, receiving, and otherwise obtaining information from all relevant sources.",4.51,6,0.038465,getting information|gathered information|collected data|research|investigated|read documents|gathered requirements|data collection|log collection
REQ-R03-4.A.2.b.1,R03,Work Activities,4.A.2.b.1,Making Decisions and Solving Problems,Analyzing information and evaluating results to choose the best solution and solve problems.,4.45,7,0.037953,making decisions and solving problems|decision making|problem solving|diagnose system or equipment problems|determined operational methods or procedures|resolved|selected
REQ-R03-4.A.2.b.2,R03,Work Activities,4.A.2.b.2,Thinking Creatively,"Developing, designing, or creating new applications, ideas, relationships, systems, or products, including artistic contributions.",4.35,8,0.0371,thinking creatively|design computer or information systems or applications|design databases|designed|developed new approach|innovation|created solution|proposed design|prototyping
REQ-R03-4.A.1.b.1,R03,Work Activities,4.A.1.b.1,"Identifying Objects, Actions, and Events","Identifying information by categorizing, estimating, recognizing differences or similarities, and detecting changes in circumstances or events.",4.22,9,0.035991,identifying objects actions and events|identified issues|detected|recognized patterns|classified|identified opportunities|anomaly detection|event identification
REQ-R03-4.A.2.b.3,R03,Work Activities,4.A.2.b.3,Updating and Using Relevant Knowledge,Keeping up-to-date technically and applying new knowledge to your job.,4.16,10,0.03548,updating and using relevant knowledge|maintain current knowledge in area of expertise|kept up to date|continuous learning|certification|training attended|research new technology
REQ-R03-4.A.4.a.2,R03,Work Activities,4.A.4.a.2,"Communicating with Supervisors, Peers, or Subordinates","Providing information to supervisors, co-workers, and subordinates by telephone, in written form, e-mail, or in person.",4.13,11,0.035224,communicating with supervisors peers or subordinates|team communication|communicate with others about specifications or project details|reported to manager|stand-up|collaborated with team|internal communication
REQ-R03-4.A.1.b.3,R03,Work Activities,4.A.1.b.3,"Estimating the Quantifiable Characteristics of Products, Events, or Information","Estimating sizes, distances, and quantities; or determining time, costs, resources, or materials needed to perform a work activity.",3.88,15,0.033092,estimating quantifiable characteristics|estimation|estimated effort|story points|sizing|cost estimation|capacity estimate|measured
REQ-R03-4.A.3.b.6,R03,Work Activities,4.A.3.b.6,Documenting/Recording Information,"Entering, transcribing, recording, storing, or maintaining information in written or electronic/magnetic form.",3.82,16,0.03258,documenting recording information|documentation|document technical designs procedures or activities|prepare reports of operational or procedural activities|maintain operational records|wrote report|logged|recorded|runbook|ticket notes
REQ-R03-2.A.1.b,R03,Essential Skills,2.A.1.b,Active Listening,"Giving full attention to what other people are saying, taking time to understand the points being made, asking questions as appropriate, and not interrupting at inappropriate times.",3.75,21,0.031983,active listening|stakeholder interview|requirements gathering|gathered requirements|user interview|listened to stakeholders|elicitation|client meeting
REQ-R03-2.A.2.a,R03,Essential Skills,2.A.2.a,Critical Thinking,"Using logic and reasoning to identify the strengths and weaknesses of alternative solutions, conclusions, or approaches to problems.",3.75,22,0.031983,critical thinking|root cause analysis|evaluated alternatives|trade-off analysis|assessed options|analytical reasoning|weighed pros and cons|design review
REQ-R03-2.B.2.i,R03,Transferable Skills,2.B.2.i,Complex Problem Solving,Identifying complex problems and reviewing related information to develop and evaluate options and implement solutions.,3.75,23,0.031983,complex problem solving|solved|resolved|troubleshooting complex issues|debugged|incident resolution|root cause|postmortem|problem solving
REQ-R03-4.A.2.b.4,R03,Work Activities,4.A.2.b.4,Developing Objectives and Strategies,Establishing long-range objectives and specifying the strategies and actions to achieve them.,3.6,24,0.030704,developing objectives and strategies|roadmap|strategy|develop organizational policies systems or processes|defined objectives|technical strategy|okr|planning
REQ-R03-4.A.2.b.6,R03,Work Activities,4.A.2.b.6,"Organizing, Planning, and Prioritizing Work","Developing specific goals and plans to prioritize, organize, and accomplish your work.",3.59,25,0.030618,organizing planning and prioritizing work|planning|prioritization|backlog grooming|work planning|organized tasks|sprint planning|project planning
REQ-R03-4.A.2.a.3,R03,Work Activities,4.A.2.a.3,Evaluating Information to Determine Compliance with Standards,"Using relevant information and individual judgment to determine whether events or processes comply with laws, regulations, or standards.",3.55,26,0.030277,evaluating information to determine compliance with standards|compliance check|audit|standards compliance|policy compliance|examined documentation for accuracy or compliance|conformance review
REQ-R03-4.A.4.b.2,R03,Work Activities,4.A.4.b.2,Developing and Building Teams,"Encouraging and building mutual trust, respect, and cooperation among team members.",3.55,27,0.030277,developing and building teams|team building|provide support or encouragement to others|mentored team|onboarded new members|built the team|hiring
REQ-R03-2.C.4.a,R03,Knowledge,2.C.4.a,Mathematics,"Knowledge of arithmetic, algebra, geometry, calculus, statistics, and their applications.",3.53,28,0.030107,mathematics|statistics|algebra|calculus|probability|statistical modeling|numerical analysis|quantitative
REQ-R03-4.A.4.a.1,R03,Work Activities,4.A.4.a.1,Interpreting the Meaning of Information for Others,Translating or explaining what information means and how it can be used.,3.51,29,0.029936,interpreting the meaning of information for others|explain technical details of products or services|explained|translated technical to business|briefed stakeholders|presented findings|explain regulations policies or procedures
REQ-R03-2.B.3.m,R03,Transferable Skills,2.B.3.m,Quality Control Analysis,"Conducting tests and inspections of products, services, or processes to evaluate quality or performance.",3.5,31,0.029851,quality control analysis|quality assurance|qa|testing|test case|code review|inspection|defect analysis|validation|verification
REQ-R03-2.C.3.b,R03,Knowledge,2.C.3.b,Engineering and Technology,"Knowledge of the practical application of engineering science and technology. This includes applying principles, techniques, procedures, and equipment to the design and production of various goods and services.",3.47,32,0.029595,engineering and technology|engineering|technical design|applied technology|system engineering|technology stack|technical architecture
REQ-R03-4.A.1.a.2,R03,Work Activities,4.A.1.a.2,"Monitoring Processes, Materials, or Surroundings","Monitoring and reviewing information from materials, events, or the environment, to detect or assess problems.",3.45,33,0.029424,monitoring processes|monitored operations|monitored systems|monitored equipment|observability|alerting|monitor operation of computer or information technologies|compliance monitoring
REQ-R03-4.A.4.a.4,R03,Work Activities,4.A.4.a.4,Establishing and Maintaining Interpersonal Relationships,"Developing constructive and cooperative working relationships with others, and maintaining them over time.",3.45,34,0.029424,establishing and maintaining interpersonal relationships|develop professional relationships or networks|built relationships|stakeholder relationship|networking|teamwork|cross-team collaboration
REQ-R03-4.A.4.b.6,R03,Work Activities,4.A.4.b.6,Providing Consultation and Advice to Others,"Providing guidance and expert advice to management or other groups on technical, systems-, or process-related topics.",3.43,35,0.029254,providing consultation and advice to others|advise others on the design or use of technologies|advise others on business or operational matters|consulting|advised|technical consultation|recommendation to stakeholders
REQ-R03-2.C.7.a,R03,Knowledge,2.C.7.a,English Language,"Knowledge of the structure and content of the English language including the meaning and spelling of words, and rules of composition and grammar.",3.41,36,0.029083,english language|english|technical english|business english|toeic|ielts|english proficiency|wrote in english|english communication
REQ-R03-2.A.1.a,R03,Essential Skills,2.A.1.a,Reading Comprehension,Understanding written sentences and paragraphs in work-related documents.,3.38,37,0.028827,reading comprehension|read documentation|technical documentation|specification|requirements document|read specs|rfc|reviewed documents|documentation review
REQ-R03-2.B.4.g,R03,Transferable Skills,2.B.4.g,Systems Analysis,"Determining how a system should work and how changes in conditions, operations, and the environment will affect outcomes.",3.38,38,0.028827,systems analysis|system analysis|analyzed system|impact analysis|data flow|process modeling|how the system works|dependency analysis
REQ-R04-4.A.3.b.1,R04,Work Activities,4.A.3.b.1,Working with Computers,"Using computers and computer systems (including hardware and software) to program, write software, set up functions, enter data, or process information.",4.94,1,0.042071,working with computers|program computer systems|implement security measures for computer or information systems|set up computer systems networks or other information systems|resolve computer problems|operate computer systems|process digital or online data|coding|deployment|configuration
REQ-R04-4.A.1.a.1,R04,Work Activities,4.A.1.a.1,Getting Information,"Observing, receiving, and otherwise obtaining information from all relevant sources.",4.65,2,0.039601,getting information|gathered information|collected data|research|investigated|read documents|gathered requirements|data collection|log collection
REQ-R04-4.A.4.a.2,R04,Work Activities,4.A.4.a.2,"Communicating with Supervisors, Peers, or Subordinates","Providing information to supervisors, co-workers, and subordinates by telephone, in written form, e-mail, or in person.",4.44,3,0.037813,communicating with supervisors peers or subordinates|team communication|communicate with others about specifications or project details|reported to manager|stand-up|collaborated with team|internal communication
REQ-R04-2.C.3.a,R04,Knowledge,2.C.3.a,Computers and Electronics,"Knowledge of circuit boards, processors, chips, electronic equipment, and computer hardware and software, including applications and programming.",4.41,4,0.037557,computers and electronics|computer systems|hardware|software|operating system|linux|windows|server|application|programming|computer science
REQ-R04-4.A.2.a.2,R04,Work Activities,4.A.2.a.2,Processing Information,"Compiling, coding, categorizing, calculating, tabulating, auditing, or verifying information or data.",4.38,5,0.037302,processing information|data processing|etl|data cleaning|compiled records|aggregated data|transformed data|reconciled data|validated data quality
REQ-R04-4.A.2.b.3,R04,Work Activities,4.A.2.b.3,Updating and Using Relevant Knowledge,Keeping up-to-date technically and applying new knowledge to your job.,4.36,6,0.037132,updating and using relevant knowledge|maintain current knowledge in area of expertise|kept up to date|continuous learning|certification|training attended|research new technology
REQ-R04-4.A.2.a.4,R04,Work Activities,4.A.2.a.4,Analyzing Data or Information,"Identifying the underlying principles, reasons, or facts of information by breaking down information or data into separate parts.",4.26,7,0.03628,analyzing data or information|data analysis|analyzed|analytics|analyzed performance of systems or equipment|analyzed data to improve operations|statistical analysis|log analysis|reporting
REQ-R04-4.A.2.a.3,R04,Work Activities,4.A.2.a.3,Evaluating Information to Determine Compliance with Standards,"Using relevant information and individual judgment to determine whether events or processes comply with laws, regulations, or standards.",4.24,8,0.03611,evaluating information to determine compliance with standards|compliance check|audit|standards compliance|policy compliance|examined documentation for accuracy or compliance|conformance review
REQ-R04-4.A.1.b.1,R04,Work Activities,4.A.1.b.1,"Identifying Objects, Actions, and Events","Identifying information by categorizing, estimating, recognizing differences or similarities, and detecting changes in circumstances or events.",4.22,9,0.035939,identifying objects actions and events|identified issues|detected|recognized patterns|classified|identified opportunities|anomaly detection|event identification
REQ-R04-4.A.2.b.6,R04,Work Activities,4.A.2.b.6,"Organizing, Planning, and Prioritizing Work","Developing specific goals and plans to prioritize, organize, and accomplish your work.",4.09,10,0.034832,organizing planning and prioritizing work|planning|prioritization|backlog grooming|work planning|organized tasks|sprint planning|project planning
REQ-R04-4.A.3.b.6,R04,Work Activities,4.A.3.b.6,Documenting/Recording Information,"Entering, transcribing, recording, storing, or maintaining information in written or electronic/magnetic form.",4.06,11,0.034577,documenting recording information|documentation|document technical designs procedures or activities|prepare reports of operational or procedural activities|maintain operational records|wrote report|logged|recorded|runbook|ticket notes
REQ-R04-2.A.1.a,R04,Essential Skills,2.A.1.a,Reading Comprehension,Understanding written sentences and paragraphs in work-related documents.,4.0,18,0.034066,reading comprehension|read documentation|technical documentation|specification|requirements document|read specs|rfc|reviewed documents|documentation review
REQ-R04-4.A.4.a.4,R04,Work Activities,4.A.4.a.4,Establishing and Maintaining Interpersonal Relationships,"Developing constructive and cooperative working relationships with others, and maintaining them over time.",4.0,19,0.034066,establishing and maintaining interpersonal relationships|develop professional relationships or networks|built relationships|stakeholder relationship|networking|teamwork|cross-team collaboration
REQ-R04-2.A.1.b,R04,Essential Skills,2.A.1.b,Active Listening,"Giving full attention to what other people are saying, taking time to understand the points being made, asking questions as appropriate, and not interrupting at inappropriate times.",3.88,21,0.033044,active listening|stakeholder interview|requirements gathering|gathered requirements|user interview|listened to stakeholders|elicitation|client meeting
REQ-R04-2.A.1.d,R04,Essential Skills,2.A.1.d,Speaking,Talking to others to convey information effectively.,3.88,22,0.033044,speaking|presented|presentation|demo|briefing|spoke at|public speaking|stand-up|knowledge sharing session|pitched
REQ-R04-2.A.2.a,R04,Essential Skills,2.A.2.a,Critical Thinking,"Using logic and reasoning to identify the strengths and weaknesses of alternative solutions, conclusions, or approaches to problems.",3.88,23,0.033044,critical thinking|root cause analysis|evaluated alternatives|trade-off analysis|assessed options|analytical reasoning|weighed pros and cons|design review
REQ-R04-4.A.2.b.1,R04,Work Activities,4.A.2.b.1,Making Decisions and Solving Problems,Analyzing information and evaluating results to choose the best solution and solve problems.,3.85,24,0.032788,making decisions and solving problems|decision making|problem solving|diagnose system or equipment problems|determined operational methods or procedures|resolved|selected
REQ-R04-4.A.2.b.2,R04,Work Activities,4.A.2.b.2,Thinking Creatively,"Developing, designing, or creating new applications, ideas, relationships, systems, or products, including artistic contributions.",3.85,25,0.032788,thinking creatively|design computer or information systems or applications|design databases|designed|developed new approach|innovation|created solution|proposed design|prototyping
REQ-R04-2.C.7.a,R04,Knowledge,2.C.7.a,English Language,"Knowledge of the structure and content of the English language including the meaning and spelling of words, and rules of composition and grammar.",3.79,26,0.032277,english language|english|technical english|business english|toeic|ielts|english proficiency|wrote in english|english communication
REQ-R04-2.A.1.c,R04,Essential Skills,2.A.1.c,Writing,Communicating effectively in writing as appropriate for the needs of the audience.,3.75,28,0.031937,writing|technical writing|wrote documentation|authored|report writing|documented|runbook|user guide|published|white paper|readme
REQ-R04-2.A.2.d,R04,Essential Skills,2.A.2.d,Monitoring,"Monitoring/Assessing performance of yourself, other individuals, or organizations to make improvements or take corrective action.",3.62,30,0.03083,monitoring|monitored|observability|tracked performance|kpi tracking|dashboard monitoring|alerting|health check|performance monitoring
REQ-R04-2.B.3.e,R04,Transferable Skills,2.B.3.e,Programming,Writing computer programs for various purposes.,3.62,31,0.03083,programming|coding|software development|developed|implemented|wrote code|python|java|javascript|typescript|c#|go|sql|scripting|api development|refactored
REQ-R04-4.A.1.a.2,R04,Work Activities,4.A.1.a.2,"Monitoring Processes, Materials, or Surroundings","Monitoring and reviewing information from materials, events, or the environment, to detect or assess problems.",3.5,32,0.029808,monitoring processes|monitored operations|monitored systems|monitored equipment|observability|alerting|monitor operation of computer or information technologies|compliance monitoring
REQ-R04-4.A.4.b.1,R04,Work Activities,4.A.4.b.1,Coordinating the Work and Activities of Others,Getting members of a group to work together to accomplish tasks.,3.48,33,0.029637,coordinating the work and activities of others|coordinate with others to resolve problems|assign work to others|coordinated team|task assignment|cross-functional coordination
REQ-R04-4.A.2.a.1,R04,Work Activities,4.A.2.a.1,"Judging the Qualities of Objects, Services, or People","Assessing the value, importance, or quality of things or people.",3.45,34,0.029382,judging the qualities|evaluated performance|assessed quality|vendor evaluation|evaluated the characteristics usefulness or performance of products or technologies|feasibility assessment|tool selection
REQ-R04-4.A.4.b.2,R04,Work Activities,4.A.4.b.2,Developing and Building Teams,"Encouraging and building mutual trust, respect, and cooperation among team members.",3.45,35,0.029382,developing and building teams|team building|provide support or encouragement to others|mentored team|onboarded new members|built the team|hiring
REQ-R04-2.B.2.i,R04,Transferable Skills,2.B.2.i,Complex Problem Solving,Identifying complex problems and reviewing related information to develop and evaluate options and implement solutions.,3.38,36,0.028786,complex problem solving|solved|resolved|troubleshooting complex issues|debugged|incident resolution|root cause|postmortem|problem solving
REQ-R04-2.B.3.m,R04,Transferable Skills,2.B.3.m,Quality Control Analysis,"Conducting tests and inspections of products, services, or processes to evaluate quality or performance.",3.38,37,0.028786,quality control analysis|quality assurance|qa|testing|test case|code review|inspection|defect analysis|validation|verification
REQ-R04-4.A.4.a.1,R04,Work Activities,4.A.4.a.1,Interpreting the Meaning of Information for Others,Translating or explaining what information means and how it can be used.,3.32,38,0.028275,interpreting the meaning of information for others|explain technical details of products or services|explained|translated technical to business|briefed stakeholders|presented findings|explain regulations policies or procedures
REQ-R04-2.C.4.a,R04,Knowledge,2.C.4.a,Mathematics,"Knowledge of arithmetic, algebra, geometry, calculus, statistics, and their applications.",3.29,39,0.028019,mathematics|statistics|algebra|calculus|probability|statistical modeling|numerical analysis|quantitative
REQ-R05-4.A.3.b.1,R05,Work Activities,4.A.3.b.1,Working with Computers,"Using computers and computer systems (including hardware and software) to program, write software, set up functions, enter data, or process information.",4.98,1,0.044298,working with computers|program computer systems|implement security measures for computer or information systems|set up computer systems networks or other information systems|resolve computer problems|operate computer systems|process digital or online data|coding|deployment|configuration
REQ-R05-4.A.1.a.1,R05,Work Activities,4.A.1.a.1,Getting Information,"Observing, receiving, and otherwise obtaining information from all relevant sources.",4.78,2,0.042519,getting information|gathered information|collected data|research|investigated|read documents|gathered requirements|data collection|log collection
REQ-R05-4.A.1.b.1,R05,Work Activities,4.A.1.b.1,"Identifying Objects, Actions, and Events","Identifying information by categorizing, estimating, recognizing differences or similarities, and detecting changes in circumstances or events.",4.53,3,0.040295,identifying objects actions and events|identified issues|detected|recognized patterns|classified|identified opportunities|anomaly detection|event identification
REQ-R05-4.A.2.b.1,R05,Work Activities,4.A.2.b.1,Making Decisions and Solving Problems,Analyzing information and evaluating results to choose the best solution and solve problems.,4.53,4,0.040295,making decisions and solving problems|decision making|problem solving|diagnose system or equipment problems|determined operational methods or procedures|resolved|selected
REQ-R05-4.A.2.b.2,R05,Work Activities,4.A.2.b.2,Thinking Creatively,"Developing, designing, or creating new applications, ideas, relationships, systems, or products, including artistic contributions.",4.33,5,0.038516,thinking creatively|design computer or information systems or applications|design databases|designed|developed new approach|innovation|created solution|proposed design|prototyping
REQ-R05-4.A.2.a.2,R05,Work Activities,4.A.2.a.2,Processing Information,"Compiling, coding, categorizing, calculating, tabulating, auditing, or verifying information or data.",4.26,6,0.037894,processing information|data processing|etl|data cleaning|compiled records|aggregated data|transformed data|reconciled data|validated data quality
REQ-R05-4.A.2.a.4,R05,Work Activities,4.A.2.a.4,Analyzing Data or Information,"Identifying the underlying principles, reasons, or facts of information by breaking down information or data into separate parts.",4.11,7,0.036559,analyzing data or information|data analysis|analyzed|analytics|analyzed performance of systems or equipment|analyzed data to improve operations|statistical analysis|log analysis|reporting
REQ-R05-4.A.4.a.1,R05,Work Activities,4.A.4.a.1,Interpreting the Meaning of Information for Others,Translating or explaining what information means and how it can be used.,4.09,8,0.036381,interpreting the meaning of information for others|explain technical details of products or services|explained|translated technical to business|briefed stakeholders|presented findings|explain regulations policies or procedures
REQ-R05-4.A.2.b.6,R05,Work Activities,4.A.2.b.6,"Organizing, Planning, and Prioritizing Work","Developing specific goals and plans to prioritize, organize, and accomplish your work.",3.98,9,0.035403,organizing planning and prioritizing work|planning|prioritization|backlog grooming|work planning|organized tasks|sprint planning|project planning
REQ-R05-2.C.3.a,R05,Knowledge,2.C.3.a,Computers and Electronics,"Knowledge of circuit boards, processors, chips, electronic equipment, and computer hardware and software, including applications and programming.",3.96,10,0.035225,computers and electronics|computer systems|hardware|software|operating system|linux|windows|server|application|programming|computer science
REQ-R05-2.C.7.a,R05,Knowledge,2.C.7.a,English Language,"Knowledge of the structure and content of the English language including the meaning and spelling of words, and rules of composition and grammar.",3.84,11,0.034158,english language|english|technical english|business english|toeic|ielts|english proficiency|wrote in english|english communication
REQ-R05-4.A.4.a.2,R05,Work Activities,4.A.4.a.2,"Communicating with Supervisors, Peers, or Subordinates","Providing information to supervisors, co-workers, and subordinates by telephone, in written form, e-mail, or in person.",3.79,12,0.033713,communicating with supervisors peers or subordinates|team communication|communicate with others about specifications or project details|reported to manager|stand-up|collaborated with team|internal communication
REQ-R05-2.A.1.a,R05,Essential Skills,2.A.1.a,Reading Comprehension,Understanding written sentences and paragraphs in work-related documents.,3.75,14,0.033357,reading comprehension|read documentation|technical documentation|specification|requirements document|read specs|rfc|reviewed documents|documentation review
REQ-R05-4.A.2.b.3,R05,Work Activities,4.A.2.b.3,Updating and Using Relevant Knowledge,Keeping up-to-date technically and applying new knowledge to your job.,3.7,15,0.032912,updating and using relevant knowledge|maintain current knowledge in area of expertise|kept up to date|continuous learning|certification|training attended|research new technology
REQ-R05-4.A.1.a.2,R05,Work Activities,4.A.1.a.2,"Monitoring Processes, Materials, or Surroundings","Monitoring and reviewing information from materials, events, or the environment, to detect or assess problems.",3.63,16,0.03229,monitoring processes|monitored operations|monitored systems|monitored equipment|observability|alerting|monitor operation of computer or information technologies|compliance monitoring
REQ-R05-2.C.1.e,R05,Knowledge,2.C.1.e,Customer and Personal Service,"Knowledge of principles and processes for providing customer and personal services. This includes customer needs assessment, meeting quality standards for services, and evaluation of customer satisfaction.",3.57,19,0.031756,customer and personal service|customer service|client support|service desk|user support|customer requirements|sla|stakeholder management|end-user
REQ-R05-2.A.2.a,R05,Essential Skills,2.A.2.a,Critical Thinking,"Using logic and reasoning to identify the strengths and weaknesses of alternative solutions, conclusions, or approaches to problems.",3.5,22,0.031133,critical thinking|root cause analysis|evaluated alternatives|trade-off analysis|assessed options|analytical reasoning|weighed pros and cons|design review
REQ-R05-2.B.4.e,R05,Transferable Skills,2.B.4.e,Judgment and Decision Making,Considering the relative costs and benefits of potential actions to choose the most appropriate one.,3.5,23,0.031133,judgment and decision making|decision making|prioritized|selected approach|made trade-offs|chose technology|approved|recommended
REQ-R05-4.A.2.a.3,R05,Work Activities,4.A.2.a.3,Evaluating Information to Determine Compliance with Standards,"Using relevant information and individual judgment to determine whether events or processes comply with laws, regulations, or standards.",3.5,24,0.031133,evaluating information to determine compliance with standards|compliance check|audit|standards compliance|policy compliance|examined documentation for accuracy or compliance|conformance review
REQ-R05-4.A.2.a.1,R05,Work Activities,4.A.2.a.1,"Judging the Qualities of Objects, Services, or People","Assessing the value, importance, or quality of things or people.",3.46,25,0.030777,judging the qualities|evaluated performance|assessed quality|vendor evaluation|evaluated the characteristics usefulness or performance of products or technologies|feasibility assessment|tool selection
REQ-R05-2.A.1.b,R05,Essential Skills,2.A.1.b,Active Listening,"Giving full attention to what other people are saying, taking time to understand the points being made, asking questions as appropriate, and not interrupting at inappropriate times.",3.38,30,0.030066,active listening|stakeholder interview|requirements gathering|gathered requirements|user interview|listened to stakeholders|elicitation|client meeting
REQ-R05-2.A.2.b,R05,Essential Skills,2.A.2.b,Active Learning,Understanding the implications of new information for both current and future problem-solving and decision-making.,3.38,31,0.030066,active learning|self-taught|learned|upskilled|certification|completed course|continuous learning|kept up to date|new technology adoption
REQ-R05-2.B.2.i,R05,Transferable Skills,2.B.2.i,Complex Problem Solving,Identifying complex problems and reviewing related information to develop and evaluate options and implement solutions.,3.38,32,0.030066,complex problem solving|solved|resolved|troubleshooting complex issues|debugged|incident resolution|root cause|postmortem|problem solving
REQ-R05-4.A.2.b.4,R05,Work Activities,4.A.2.b.4,Developing Objectives and Strategies,Establishing long-range objectives and specifying the strategies and actions to achieve them.,3.38,33,0.030066,developing objectives and strategies|roadmap|strategy|develop organizational policies systems or processes|defined objectives|technical strategy|okr|planning
REQ-R05-4.A.4.a.3,R05,Work Activities,4.A.4.a.3,Communicating with People Outside the Organization,"Communicating with people outside the organization, representing the organization to customers, the public, government, and other external sources. This information can be exchanged in person, in writing, or by telephone or e-mail.",3.28,34,0.029176,communicating with people outside the organization|client communication|vendor communication|external stakeholders|provide information or assistance to the public|customer meeting
REQ-R05-2.B.3.e,R05,Transferable Skills,2.B.3.e,Programming,Writing computer programs for various purposes.,3.25,37,0.028909,programming|coding|software development|developed|implemented|wrote code|python|java|javascript|typescript|c#|go|sql|scripting|api development|refactored
REQ-R05-4.A.3.b.6,R05,Work Activities,4.A.3.b.6,Documenting/Recording Information,"Entering, transcribing, recording, storing, or maintaining information in written or electronic/magnetic form.",3.19,38,0.028376,documenting recording information|documentation|document technical designs procedures or activities|prepare reports of operational or procedural activities|maintain operational records|wrote report|logged|recorded|runbook|ticket notes
REQ-R05-4.A.4.a.4,R05,Work Activities,4.A.4.a.4,Establishing and Maintaining Interpersonal Relationships,"Developing constructive and cooperative working relationships with others, and maintaining them over time.",3.15,39,0.02802,establishing and maintaining interpersonal relationships|develop professional relationships or networks|built relationships|stakeholder relationship|networking|teamwork|cross-team collaboration
REQ-R05-2.A.1.c,R05,Essential Skills,2.A.1.c,Writing,Communicating effectively in writing as appropriate for the needs of the audience.,3.12,42,0.027753,writing|technical writing|wrote documentation|authored|report writing|documented|runbook|user guide|published|white paper|readme
REQ-R05-2.A.1.d,R05,Essential Skills,2.A.1.d,Speaking,Talking to others to convey information effectively.,3.12,43,0.027753,speaking|presented|presentation|demo|briefing|spoke at|public speaking|stand-up|knowledge sharing session|pitched
REQ-R06-4.A.2.a.4,R06,Work Activities,4.A.2.a.4,Analyzing Data or Information,"Identifying the underlying principles, reasons, or facts of information by breaking down information or data into separate parts.",4.83,1,0.04147,analyzing data or information|data analysis|analyzed|analytics|analyzed performance of systems or equipment|analyzed data to improve operations|statistical analysis|log analysis|reporting
REQ-R06-4.A.3.b.1,R06,Work Activities,4.A.3.b.1,Working with Computers,"Using computers and computer systems (including hardware and software) to program, write software, set up functions, enter data, or process information.",4.75,2,0.040783,working with computers|program computer systems|implement security measures for computer or information systems|set up computer systems networks or other information systems|resolve computer problems|operate computer systems|process digital or online data|coding|deployment|configuration
REQ-R06-4.A.2.a.2,R06,Work Activities,4.A.2.a.2,Processing Information,"Compiling, coding, categorizing, calculating, tabulating, auditing, or verifying information or data.",4.71,3,0.04044,processing information|data processing|etl|data cleaning|compiled records|aggregated data|transformed data|reconciled data|validated data quality
REQ-R06-2.C.4.a,R06,Knowledge,2.C.4.a,Mathematics,"Knowledge of arithmetic, algebra, geometry, calculus, statistics, and their applications.",4.52,4,0.038808,mathematics|statistics|algebra|calculus|probability|statistical modeling|numerical analysis|quantitative
REQ-R06-4.A.4.a.1,R06,Work Activities,4.A.4.a.1,Interpreting the Meaning of Information for Others,Translating or explaining what information means and how it can be used.,4.48,5,0.038465,interpreting the meaning of information for others|explain technical details of products or services|explained|translated technical to business|briefed stakeholders|presented findings|explain regulations policies or procedures
REQ-R06-2.A.1.e,R06,Essential Skills,2.A.1.e,Mathematics,Using mathematics to solve problems.,4.38,6,0.037606,mathematics|applied mathematics|statistics|statistical|linear algebra|calculus|numerical methods|quantitative analysis|probability
REQ-R06-4.A.1.a.1,R06,Work Activities,4.A.1.a.1,Getting Information,"Observing, receiving, and otherwise obtaining information from all relevant sources.",4.33,7,0.037177,getting information|gathered information|collected data|research|investigated|read documents|gathered requirements|data collection|log collection
REQ-R06-4.A.2.b.1,R06,Work Activities,4.A.2.b.1,Making Decisions and Solving Problems,Analyzing information and evaluating results to choose the best solution and solve problems.,4.33,8,0.037177,making decisions and solving problems|decision making|problem solving|diagnose system or equipment problems|determined operational methods or procedures|resolved|selected
REQ-R06-4.A.2.b.3,R06,Work Activities,4.A.2.b.3,Updating and Using Relevant Knowledge,Keeping up-to-date technically and applying new knowledge to your job.,4.33,9,0.037177,updating and using relevant knowledge|maintain current knowledge in area of expertise|kept up to date|continuous learning|certification|training attended|research new technology
REQ-R06-2.A.2.a,R06,Essential Skills,2.A.2.a,Critical Thinking,"Using logic and reasoning to identify the strengths and weaknesses of alternative solutions, conclusions, or approaches to problems.",4.25,12,0.03649,critical thinking|root cause analysis|evaluated alternatives|trade-off analysis|assessed options|analytical reasoning|weighed pros and cons|design review
REQ-R06-2.C.3.a,R06,Knowledge,2.C.3.a,Computers and Electronics,"Knowledge of circuit boards, processors, chips, electronic equipment, and computer hardware and software, including applications and programming.",4.24,13,0.036404,computers and electronics|computer systems|hardware|software|operating system|linux|windows|server|application|programming|computer science
REQ-R06-4.A.4.a.2,R06,Work Activities,4.A.4.a.2,"Communicating with Supervisors, Peers, or Subordinates","Providing information to supervisors, co-workers, and subordinates by telephone, in written form, e-mail, or in person.",4.0,17,0.034344,communicating with supervisors peers or subordinates|team communication|communicate with others about specifications or project details|reported to manager|stand-up|collaborated with team|internal communication
REQ-R06-2.A.1.a,R06,Essential Skills,2.A.1.a,Reading Comprehension,Understanding written sentences and paragraphs in work-related documents.,3.88,21,0.033313,reading comprehension|read documentation|technical documentation|specification|requirements document|read specs|rfc|reviewed documents|documentation review
REQ-R06-4.A.3.b.6,R06,Work Activities,4.A.3.b.6,Documenting/Recording Information,"Entering, transcribing, recording, storing, or maintaining information in written or electronic/magnetic form.",3.88,22,0.033313,documenting recording information|documentation|document technical designs procedures or activities|prepare reports of operational or procedural activities|maintain operational records|wrote report|logged|recorded|runbook|ticket notes
REQ-R06-4.A.2.b.2,R06,Work Activities,4.A.2.b.2,Thinking Creatively,"Developing, designing, or creating new applications, ideas, relationships, systems, or products, including artistic contributions.",3.83,23,0.032884,thinking creatively|design computer or information systems or applications|design databases|designed|developed new approach|innovation|created solution|proposed design|prototyping
REQ-R06-2.B.2.i,R06,Transferable Skills,2.B.2.i,Complex Problem Solving,Identifying complex problems and reviewing related information to develop and evaluate options and implement solutions.,3.75,26,0.032197,complex problem solving|solved|resolved|troubleshooting complex issues|debugged|incident resolution|root cause|postmortem|problem solving
REQ-R06-2.B.3.e,R06,Transferable Skills,2.B.3.e,Programming,Writing computer programs for various purposes.,3.75,27,0.032197,programming|coding|software development|developed|implemented|wrote code|python|java|javascript|typescript|c#|go|sql|scripting|api development|refactored
REQ-R06-4.A.1.b.1,R06,Work Activities,4.A.1.b.1,"Identifying Objects, Actions, and Events","Identifying information by categorizing, estimating, recognizing differences or similarities, and detecting changes in circumstances or events.",3.71,28,0.031854,identifying objects actions and events|identified issues|detected|recognized patterns|classified|identified opportunities|anomaly detection|event identification
REQ-R06-2.A.1.d,R06,Essential Skills,2.A.1.d,Speaking,Talking to others to convey information effectively.,3.62,32,0.031081,speaking|presented|presentation|demo|briefing|spoke at|public speaking|stand-up|knowledge sharing session|pitched
REQ-R06-2.A.2.b,R06,Essential Skills,2.A.2.b,Active Learning,Understanding the implications of new information for both current and future problem-solving and decision-making.,3.62,33,0.031081,active learning|self-taught|learned|upskilled|certification|completed course|continuous learning|kept up to date|new technology adoption
REQ-R06-4.A.4.b.6,R06,Work Activities,4.A.4.b.6,Providing Consultation and Advice to Others,"Providing guidance and expert advice to management or other groups on technical, systems-, or process-related topics.",3.6,34,0.030909,providing consultation and advice to others|advise others on the design or use of technologies|advise others on business or operational matters|consulting|advised|technical consultation|recommendation to stakeholders
REQ-R06-4.A.2.b.6,R06,Work Activities,4.A.2.b.6,"Organizing, Planning, and Prioritizing Work","Developing specific goals and plans to prioritize, organize, and accomplish your work.",3.54,35,0.030394,organizing planning and prioritizing work|planning|prioritization|backlog grooming|work planning|organized tasks|sprint planning|project planning
REQ-R06-2.A.1.b,R06,Essential Skills,2.A.1.b,Active Listening,"Giving full attention to what other people are saying, taking time to understand the points being made, asking questions as appropriate, and not interrupting at inappropriate times.",3.5,37,0.030051,active listening|stakeholder interview|requirements gathering|gathered requirements|user interview|listened to stakeholders|elicitation|client meeting
REQ-R06-2.A.1.c,R06,Essential Skills,2.A.1.c,Writing,Communicating effectively in writing as appropriate for the needs of the audience.,3.5,38,0.030051,writing|technical writing|wrote documentation|authored|report writing|documented|runbook|user guide|published|white paper|readme
REQ-R06-2.B.4.e,R06,Transferable Skills,2.B.4.e,Judgment and Decision Making,Considering the relative costs and benefits of potential actions to choose the most appropriate one.,3.38,40,0.02902,judgment and decision making|decision making|prioritized|selected approach|made trade-offs|chose technology|approved|recommended
REQ-R06-2.A.2.d,R06,Essential Skills,2.A.2.d,Monitoring,"Monitoring/Assessing performance of yourself, other individuals, or organizations to make improvements or take corrective action.",3.25,43,0.027904,monitoring|monitored|observability|tracked performance|kpi tracking|dashboard monitoring|alerting|health check|performance monitoring
REQ-R06-4.A.1.b.3,R06,Work Activities,4.A.1.b.3,"Estimating the Quantifiable Characteristics of Products, Events, or Information","Estimating sizes, distances, and quantities; or determining time, costs, resources, or materials needed to perform a work activity.",3.22,44,0.027647,estimating quantifiable characteristics|estimation|estimated effort|story points|sizing|cost estimation|capacity estimate|measured
REQ-R06-4.A.2.b.4,R06,Work Activities,4.A.2.b.4,Developing Objectives and Strategies,Establishing long-range objectives and specifying the strategies and actions to achieve them.,3.21,45,0.027561,developing objectives and strategies|roadmap|strategy|develop organizational policies systems or processes|defined objectives|technical strategy|okr|planning
REQ-R06-4.A.4.a.4,R06,Work Activities,4.A.4.a.4,Establishing and Maintaining Interpersonal Relationships,"Developing constructive and cooperative working relationships with others, and maintaining them over time.",3.08,47,0.026445,establishing and maintaining interpersonal relationships|develop professional relationships or networks|built relationships|stakeholder relationship|networking|teamwork|cross-team collaboration
REQ-R06-2.C.7.a,R06,Knowledge,2.C.7.a,English Language,"Knowledge of the structure and content of the English language including the meaning and spelling of words, and rules of composition and grammar.",3.0,49,0.025758,english language|english|technical english|business english|toeic|ielts|english proficiency|wrote in english|english communication
REQ-R07-4.A.3.b.1,R07,Work Activities,4.A.3.b.1,Working with Computers,"Using computers and computer systems (including hardware and software) to program, write software, set up functions, enter data, or process information.",4.97,1,0.040387,working with computers|program computer systems|implement security measures for computer or information systems|set up computer systems networks or other information systems|resolve computer problems|operate computer systems|process digital or online data|coding|deployment|configuration
REQ-R07-4.A.2.b.1,R07,Work Activities,4.A.2.b.1,Making Decisions and Solving Problems,Analyzing information and evaluating results to choose the best solution and solve problems.,4.65,2,0.037786,making decisions and solving problems|decision making|problem solving|diagnose system or equipment problems|determined operational methods or procedures|resolved|selected
REQ-R07-4.A.1.a.1,R07,Work Activities,4.A.1.a.1,Getting Information,"Observing, receiving, and otherwise obtaining information from all relevant sources.",4.62,3,0.037543,getting information|gathered information|collected data|research|investigated|read documents|gathered requirements|data collection|log collection
REQ-R07-2.C.3.a,R07,Knowledge,2.C.3.a,Computers and Electronics,"Knowledge of circuit boards, processors, chips, electronic equipment, and computer hardware and software, including applications and programming.",4.57,4,0.037136,computers and electronics|computer systems|hardware|software|operating system|linux|windows|server|application|programming|computer science
REQ-R07-4.A.2.b.3,R07,Work Activities,4.A.2.b.3,Updating and Using Relevant Knowledge,Keeping up-to-date technically and applying new knowledge to your job.,4.57,5,0.037136,updating and using relevant knowledge|maintain current knowledge in area of expertise|kept up to date|continuous learning|certification|training attended|research new technology
REQ-R07-4.A.2.a.4,R07,Work Activities,4.A.2.a.4,Analyzing Data or Information,"Identifying the underlying principles, reasons, or facts of information by breaking down information or data into separate parts.",4.56,6,0.037055,analyzing data or information|data analysis|analyzed|analytics|analyzed performance of systems or equipment|analyzed data to improve operations|statistical analysis|log analysis|reporting
REQ-R07-4.A.2.b.2,R07,Work Activities,4.A.2.b.2,Thinking Creatively,"Developing, designing, or creating new applications, ideas, relationships, systems, or products, including artistic contributions.",4.53,7,0.036811,thinking creatively|design computer or information systems or applications|design databases|designed|developed new approach|innovation|created solution|proposed design|prototyping
REQ-R07-4.A.3.b.6,R07,Work Activities,4.A.3.b.6,Documenting/Recording Information,"Entering, transcribing, recording, storing, or maintaining information in written or electronic/magnetic form.",4.37,8,0.035511,documenting recording information|documentation|document technical designs procedures or activities|prepare reports of operational or procedural activities|maintain operational records|wrote report|logged|recorded|runbook|ticket notes
REQ-R07-4.A.2.a.2,R07,Work Activities,4.A.2.a.2,Processing Information,"Compiling, coding, categorizing, calculating, tabulating, auditing, or verifying information or data.",4.32,9,0.035105,processing information|data processing|etl|data cleaning|compiled records|aggregated data|transformed data|reconciled data|validated data quality
REQ-R07-4.A.1.b.1,R07,Work Activities,4.A.1.b.1,"Identifying Objects, Actions, and Events","Identifying information by categorizing, estimating, recognizing differences or similarities, and detecting changes in circumstances or events.",4.31,10,0.035024,identifying objects actions and events|identified issues|detected|recognized patterns|classified|identified opportunities|anomaly detection|event identification
REQ-R07-4.A.4.a.2,R07,Work Activities,4.A.4.a.2,"Communicating with Supervisors, Peers, or Subordinates","Providing information to supervisors, co-workers, and subordinates by telephone, in written form, e-mail, or in person.",4.3,11,0.034942,communicating with supervisors peers or subordinates|team communication|communicate with others about specifications or project details|reported to manager|stand-up|collaborated with team|internal communication
REQ-R07-4.A.4.a.1,R07,Work Activities,4.A.4.a.1,Interpreting the Meaning of Information for Others,Translating or explaining what information means and how it can be used.,4.27,12,0.034699,interpreting the meaning of information for others|explain technical details of products or services|explained|translated technical to business|briefed stakeholders|presented findings|explain regulations policies or procedures
REQ-R07-4.A.4.a.3,R07,Work Activities,4.A.4.a.3,Communicating with People Outside the Organization,"Communicating with people outside the organization, representing the organization to customers, the public, government, and other external sources. This information can be exchanged in person, in writing, or by telephone or e-mail.",4.22,13,0.034292,communicating with people outside the organization|client communication|vendor communication|external stakeholders|provide information or assistance to the public|customer meeting
REQ-R07-4.A.1.b.3,R07,Work Activities,4.A.1.b.3,"Estimating the Quantifiable Characteristics of Products, Events, or Information","Estimating sizes, distances, and quantities; or determining time, costs, resources, or materials needed to perform a work activity.",4.2,14,0.03413,estimating quantifiable characteristics|estimation|estimated effort|story points|sizing|cost estimation|capacity estimate|measured
REQ-R07-2.C.4.a,R07,Knowledge,2.C.4.a,Mathematics,"Knowledge of arithmetic, algebra, geometry, calculus, statistics, and their applications.",4.06,17,0.032992,mathematics|statistics|algebra|calculus|probability|statistical modeling|numerical analysis|quantitative
REQ-R07-2.A.2.a,R07,Essential Skills,2.A.2.a,Critical Thinking,"Using logic and reasoning to identify the strengths and weaknesses of alternative solutions, conclusions, or approaches to problems.",4.0,20,0.032504,critical thinking|root cause analysis|evaluated alternatives|trade-off analysis|assessed options|analytical reasoning|weighed pros and cons|design review
REQ-R07-2.B.2.i,R07,Transferable Skills,2.B.2.i,Complex Problem Solving,Identifying complex problems and reviewing related information to develop and evaluate options and implement solutions.,4.0,21,0.032504,complex problem solving|solved|resolved|troubleshooting complex issues|debugged|incident resolution|root cause|postmortem|problem solving
REQ-R07-2.B.4.e,R07,Transferable Skills,2.B.4.e,Judgment and Decision Making,Considering the relative costs and benefits of potential actions to choose the most appropriate one.,4.0,22,0.032504,judgment and decision making|decision making|prioritized|selected approach|made trade-offs|chose technology|approved|recommended
REQ-R07-2.C.3.b,R07,Knowledge,2.C.3.b,Engineering and Technology,"Knowledge of the practical application of engineering science and technology. This includes applying principles, techniques, procedures, and equipment to the design and production of various goods and services.",3.95,23,0.032098,engineering and technology|engineering|technical design|applied technology|system engineering|technology stack|technical architecture
REQ-R07-2.C.7.a,R07,Knowledge,2.C.7.a,English Language,"Knowledge of the structure and content of the English language including the meaning and spelling of words, and rules of composition and grammar.",3.89,24,0.031611,english language|english|technical english|business english|toeic|ielts|english proficiency|wrote in english|english communication
REQ-R07-2.A.1.a,R07,Essential Skills,2.A.1.a,Reading Comprehension,Understanding written sentences and paragraphs in work-related documents.,3.75,32,0.030473,reading comprehension|read documentation|technical documentation|specification|requirements document|read specs|rfc|reviewed documents|documentation review
REQ-R07-2.A.1.b,R07,Essential Skills,2.A.1.b,Active Listening,"Giving full attention to what other people are saying, taking time to understand the points being made, asking questions as appropriate, and not interrupting at inappropriate times.",3.75,33,0.030473,active listening|stakeholder interview|requirements gathering|gathered requirements|user interview|listened to stakeholders|elicitation|client meeting
REQ-R07-2.B.4.g,R07,Transferable Skills,2.B.4.g,Systems Analysis,"Determining how a system should work and how changes in conditions, operations, and the environment will affect outcomes.",3.75,34,0.030473,systems analysis|system analysis|analyzed system|impact analysis|data flow|process modeling|how the system works|dependency analysis
REQ-R07-4.A.4.a.4,R07,Work Activities,4.A.4.a.4,Establishing and Maintaining Interpersonal Relationships,"Developing constructive and cooperative working relationships with others, and maintaining them over time.",3.75,35,0.030473,establishing and maintaining interpersonal relationships|develop professional relationships or networks|built relationships|stakeholder relationship|networking|teamwork|cross-team collaboration
REQ-R07-4.A.2.b.4,R07,Work Activities,4.A.2.b.4,Developing Objectives and Strategies,Establishing long-range objectives and specifying the strategies and actions to achieve them.,3.71,36,0.030148,developing objectives and strategies|roadmap|strategy|develop organizational policies systems or processes|defined objectives|technical strategy|okr|planning
REQ-R07-4.A.2.b.6,R07,Work Activities,4.A.2.b.6,"Organizing, Planning, and Prioritizing Work","Developing specific goals and plans to prioritize, organize, and accomplish your work.",3.67,37,0.029823,organizing planning and prioritizing work|planning|prioritization|backlog grooming|work planning|organized tasks|sprint planning|project planning
REQ-R07-2.B.3.e,R07,Transferable Skills,2.B.3.e,Programming,Writing computer programs for various purposes.,3.62,39,0.029417,programming|coding|software development|developed|implemented|wrote code|python|java|javascript|typescript|c#|go|sql|scripting|api development|refactored
REQ-R07-2.B.4.h,R07,Transferable Skills,2.B.4.h,Systems Evaluation,"Identifying measures or indicators of system performance and the actions needed to improve or correct performance, relative to the goals of the system.",3.62,40,0.029417,systems evaluation|performance evaluation|benchmarking|measured system performance|capacity assessment|evaluated system|slo|sla review
REQ-R07-4.A.2.a.1,R07,Work Activities,4.A.2.a.1,"Judging the Qualities of Objects, Services, or People","Assessing the value, importance, or quality of things or people.",3.54,41,0.028766,judging the qualities|evaluated performance|assessed quality|vendor evaluation|evaluated the characteristics usefulness or performance of products or technologies|feasibility assessment|tool selection
REQ-R07-4.A.2.a.3,R07,Work Activities,4.A.2.a.3,Evaluating Information to Determine Compliance with Standards,"Using relevant information and individual judgment to determine whether events or processes comply with laws, regulations, or standards.",3.54,42,0.028766,evaluating information to determine compliance with standards|compliance check|audit|standards compliance|policy compliance|examined documentation for accuracy or compliance|conformance review
REQ-R08-4.A.3.b.1,R08,Work Activities,4.A.3.b.1,Working with Computers,"Using computers and computer systems (including hardware and software) to program, write software, set up functions, enter data, or process information.",4.76,1,0.040549,working with computers|program computer systems|implement security measures for computer or information systems|set up computer systems networks or other information systems|resolve computer problems|operate computer systems|process digital or online data|coding|deployment|configuration
REQ-R08-4.A.2.a.4,R08,Work Activities,4.A.2.a.4,Analyzing Data or Information,"Identifying the underlying principles, reasons, or facts of information by breaking down information or data into separate parts.",4.62,2,0.039356,analyzing data or information|data analysis|analyzed|analytics|analyzed performance of systems or equipment|analyzed data to improve operations|statistical analysis|log analysis|reporting
REQ-R08-4.A.1.a.1,R08,Work Activities,4.A.1.a.1,Getting Information,"Observing, receiving, and otherwise obtaining information from all relevant sources.",4.38,3,0.037312,getting information|gathered information|collected data|research|investigated|read documents|gathered requirements|data collection|log collection
REQ-R08-4.A.2.a.2,R08,Work Activities,4.A.2.a.2,Processing Information,"Compiling, coding, categorizing, calculating, tabulating, auditing, or verifying information or data.",4.38,4,0.037312,processing information|data processing|etl|data cleaning|compiled records|aggregated data|transformed data|reconciled data|validated data quality
REQ-R08-2.C.3.a,R08,Knowledge,2.C.3.a,Computers and Electronics,"Knowledge of circuit boards, processors, chips, electronic equipment, and computer hardware and software, including applications and programming.",4.3,5,0.03663,computers and electronics|computer systems|hardware|software|operating system|linux|windows|server|application|programming|computer science
REQ-R08-4.A.2.b.1,R08,Work Activities,4.A.2.b.1,Making Decisions and Solving Problems,Analyzing information and evaluating results to choose the best solution and solve problems.,4.29,6,0.036545,making decisions and solving problems|decision making|problem solving|diagnose system or equipment problems|determined operational methods or procedures|resolved|selected
REQ-R08-4.A.2.b.3,R08,Work Activities,4.A.2.b.3,Updating and Using Relevant Knowledge,Keeping up-to-date technically and applying new knowledge to your job.,4.24,7,0.036119,updating and using relevant knowledge|maintain current knowledge in area of expertise|kept up to date|continuous learning|certification|training attended|research new technology
REQ-R08-4.A.4.a.2,R08,Work Activities,4.A.4.a.2,"Communicating with Supervisors, Peers, or Subordinates","Providing information to supervisors, co-workers, and subordinates by telephone, in written form, e-mail, or in person.",4.15,8,0.035352,communicating with supervisors peers or subordinates|team communication|communicate with others about specifications or project details|reported to manager|stand-up|collaborated with team|internal communication
REQ-R08-4.A.1.b.1,R08,Work Activities,4.A.1.b.1,"Identifying Objects, Actions, and Events","Identifying information by categorizing, estimating, recognizing differences or similarities, and detecting changes in circumstances or events.",4.1,9,0.034926,identifying objects actions and events|identified issues|detected|recognized patterns|classified|identified opportunities|anomaly detection|event identification
REQ-R08-2.C.3.b,R08,Knowledge,2.C.3.b,Engineering and Technology,"Knowledge of the practical application of engineering science and technology. This includes applying principles, techniques, procedures, and equipment to the design and production of various goods and services.",3.95,10,0.033649,engineering and technology|engineering|technical design|applied technology|system engineering|technology stack|technical architecture
REQ-R08-4.A.1.b.3,R08,Work Activities,4.A.1.b.3,"Estimating the Quantifiable Characteristics of Products, Events, or Information","Estimating sizes, distances, and quantities; or determining time, costs, resources, or materials needed to perform a work activity.",3.9,11,0.033223,estimating quantifiable characteristics|estimation|estimated effort|story points|sizing|cost estimation|capacity estimate|measured
REQ-R08-4.A.2.a.3,R08,Work Activities,4.A.2.a.3,Evaluating Information to Determine Compliance with Standards,"Using relevant information and individual judgment to determine whether events or processes comply with laws, regulations, or standards.",3.9,12,0.033223,evaluating information to determine compliance with standards|compliance check|audit|standards compliance|policy compliance|examined documentation for accuracy or compliance|conformance review
REQ-R08-4.A.2.b.2,R08,Work Activities,4.A.2.b.2,Thinking Creatively,"Developing, designing, or creating new applications, ideas, relationships, systems, or products, including artistic contributions.",3.9,13,0.033223,thinking creatively|design computer or information systems or applications|design databases|designed|developed new approach|innovation|created solution|proposed design|prototyping
REQ-R08-2.A.1.a,R08,Essential Skills,2.A.1.a,Reading Comprehension,Understanding written sentences and paragraphs in work-related documents.,3.88,17,0.033052,reading comprehension|read documentation|technical documentation|specification|requirements document|read specs|rfc|reviewed documents|documentation review
REQ-R08-2.A.2.a,R08,Essential Skills,2.A.2.a,Critical Thinking,"Using logic and reasoning to identify the strengths and weaknesses of alternative solutions, conclusions, or approaches to problems.",3.88,18,0.033052,critical thinking|root cause analysis|evaluated alternatives|trade-off analysis|assessed options|analytical reasoning|weighed pros and cons|design review
REQ-R08-2.B.2.i,R08,Transferable Skills,2.B.2.i,Complex Problem Solving,Identifying complex problems and reviewing related information to develop and evaluate options and implement solutions.,3.88,19,0.033052,complex problem solving|solved|resolved|troubleshooting complex issues|debugged|incident resolution|root cause|postmortem|problem solving
REQ-R08-2.B.4.e,R08,Transferable Skills,2.B.4.e,Judgment and Decision Making,Considering the relative costs and benefits of potential actions to choose the most appropriate one.,3.88,20,0.033052,judgment and decision making|decision making|prioritized|selected approach|made trade-offs|chose technology|approved|recommended
REQ-R08-4.A.3.b.6,R08,Work Activities,4.A.3.b.6,Documenting/Recording Information,"Entering, transcribing, recording, storing, or maintaining information in written or electronic/magnetic form.",3.86,21,0.032882,documenting recording information|documentation|document technical designs procedures or activities|prepare reports of operational or procedural activities|maintain operational records|wrote report|logged|recorded|runbook|ticket notes
REQ-R08-4.A.2.b.4,R08,Work Activities,4.A.2.b.4,Developing Objectives and Strategies,Establishing long-range objectives and specifying the strategies and actions to achieve them.,3.8,22,0.032371,developing objectives and strategies|roadmap|strategy|develop organizational policies systems or processes|defined objectives|technical strategy|okr|planning
REQ-R08-2.B.4.g,R08,Transferable Skills,2.B.4.g,Systems Analysis,"Determining how a system should work and how changes in conditions, operations, and the environment will affect outcomes.",3.75,27,0.031945,systems analysis|system analysis|analyzed system|impact analysis|data flow|process modeling|how the system works|dependency analysis
REQ-R08-2.C.3.c,R08,Knowledge,2.C.3.c,Design,"Knowledge of design techniques, tools, and principles involved in production of precision technical plans, blueprints, drawings, and models.",3.71,28,0.031604,design|ui design|ux design|interface design|design principles|wireframe|prototype|figma|blueprint|technical drawing
REQ-R08-4.A.2.b.6,R08,Work Activities,4.A.2.b.6,"Organizing, Planning, and Prioritizing Work","Developing specific goals and plans to prioritize, organize, and accomplish your work.",3.71,29,0.031604,organizing planning and prioritizing work|planning|prioritization|backlog grooming|work planning|organized tasks|sprint planning|project planning
REQ-R08-2.C.4.a,R08,Knowledge,2.C.4.a,Mathematics,"Knowledge of arithmetic, algebra, geometry, calculus, statistics, and their applications.",3.67,30,0.031263,mathematics|statistics|algebra|calculus|probability|statistical modeling|numerical analysis|quantitative
REQ-R08-4.A.4.b.6,R08,Work Activities,4.A.4.b.6,Providing Consultation and Advice to Others,"Providing guidance and expert advice to management or other groups on technical, systems-, or process-related topics.",3.57,33,0.030411,providing consultation and advice to others|advise others on the design or use of technologies|advise others on business or operational matters|consulting|advised|technical consultation|recommendation to stakeholders
REQ-R08-4.A.1.a.2,R08,Work Activities,4.A.1.a.2,"Monitoring Processes, Materials, or Surroundings","Monitoring and reviewing information from materials, events, or the environment, to detect or assess problems.",3.55,34,0.030241,monitoring processes|monitored operations|monitored systems|monitored equipment|observability|alerting|monitor operation of computer or information technologies|compliance monitoring
REQ-R08-4.A.4.a.1,R08,Work Activities,4.A.4.a.1,Interpreting the Meaning of Information for Others,Translating or explaining what information means and how it can be used.,3.52,35,0.029986,interpreting the meaning of information for others|explain technical details of products or services|explained|translated technical to business|briefed stakeholders|presented findings|explain regulations policies or procedures
REQ-R08-2.A.1.b,R08,Essential Skills,2.A.1.b,Active Listening,"Giving full attention to what other people are saying, taking time to understand the points being made, asking questions as appropriate, and not interrupting at inappropriate times.",3.5,36,0.029815,active listening|stakeholder interview|requirements gathering|gathered requirements|user interview|listened to stakeholders|elicitation|client meeting
REQ-R08-2.A.1.d,R08,Essential Skills,2.A.1.d,Speaking,Talking to others to convey information effectively.,3.5,37,0.029815,speaking|presented|presentation|demo|briefing|spoke at|public speaking|stand-up|knowledge sharing session|pitched
REQ-R08-4.A.4.a.4,R08,Work Activities,4.A.4.a.4,Establishing and Maintaining Interpersonal Relationships,"Developing constructive and cooperative working relationships with others, and maintaining them over time.",3.48,38,0.029645,establishing and maintaining interpersonal relationships|develop professional relationships or networks|built relationships|stakeholder relationship|networking|teamwork|cross-team collaboration
REQ-R08-2.B.3.e,R08,Transferable Skills,2.B.3.e,Programming,Writing computer programs for various purposes.,3.38,40,0.028793,programming|coding|software development|developed|implemented|wrote code|python|java|javascript|typescript|c#|go|sql|scripting|api development|refactored
REQ-R09-4.A.2.a.4,R09,Work Activities,4.A.2.a.4,Analyzing Data or Information,"Identifying the underlying principles, reasons, or facts of information by breaking down information or data into separate parts.",4.73,1,0.040846,analyzing data or information|data analysis|analyzed|analytics|analyzed performance of systems or equipment|analyzed data to improve operations|statistical analysis|log analysis|reporting
REQ-R09-4.A.3.b.1,R09,Work Activities,4.A.3.b.1,Working with Computers,"Using computers and computer systems (including hardware and software) to program, write software, set up functions, enter data, or process information.",4.68,2,0.040415,working with computers|program computer systems|implement security measures for computer or information systems|set up computer systems networks or other information systems|resolve computer problems|operate computer systems|process digital or online data|coding|deployment|configuration
REQ-R09-4.A.2.a.2,R09,Work Activities,4.A.2.a.2,Processing Information,"Compiling, coding, categorizing, calculating, tabulating, auditing, or verifying information or data.",4.64,3,0.040069,processing information|data processing|etl|data cleaning|compiled records|aggregated data|transformed data|reconciled data|validated data quality
REQ-R09-4.A.4.a.1,R09,Work Activities,4.A.4.a.1,Interpreting the Meaning of Information for Others,Translating or explaining what information means and how it can be used.,4.55,4,0.039292,interpreting the meaning of information for others|explain technical details of products or services|explained|translated technical to business|briefed stakeholders|presented findings|explain regulations policies or procedures
REQ-R09-4.A.1.a.1,R09,Work Activities,4.A.1.a.1,Getting Information,"Observing, receiving, and otherwise obtaining information from all relevant sources.",4.5,5,0.03886,getting information|gathered information|collected data|research|investigated|read documents|gathered requirements|data collection|log collection
REQ-R09-2.C.3.a,R09,Knowledge,2.C.3.a,Computers and Electronics,"Knowledge of circuit boards, processors, chips, electronic equipment, and computer hardware and software, including applications and programming.",4.29,6,0.037047,computers and electronics|computer systems|hardware|software|operating system|linux|windows|server|application|programming|computer science
REQ-R09-4.A.4.a.2,R09,Work Activities,4.A.4.a.2,"Communicating with Supervisors, Peers, or Subordinates","Providing information to supervisors, co-workers, and subordinates by telephone, in written form, e-mail, or in person.",4.23,7,0.036528,communicating with supervisors peers or subordinates|team communication|communicate with others about specifications or project details|reported to manager|stand-up|collaborated with team|internal communication
REQ-R09-4.A.2.b.3,R09,Work Activities,4.A.2.b.3,Updating and Using Relevant Knowledge,Keeping up-to-date technically and applying new knowledge to your job.,4.05,8,0.034974,updating and using relevant knowledge|maintain current knowledge in area of expertise|kept up to date|continuous learning|certification|training attended|research new technology
REQ-R09-2.A.1.a,R09,Essential Skills,2.A.1.a,Reading Comprehension,Understanding written sentences and paragraphs in work-related documents.,4.0,14,0.034542,reading comprehension|read documentation|technical documentation|specification|requirements document|read specs|rfc|reviewed documents|documentation review
REQ-R09-4.A.2.b.6,R09,Work Activities,4.A.2.b.6,"Organizing, Planning, and Prioritizing Work","Developing specific goals and plans to prioritize, organize, and accomplish your work.",3.95,15,0.034111,organizing planning and prioritizing work|planning|prioritization|backlog grooming|work planning|organized tasks|sprint planning|project planning
REQ-R09-4.A.1.b.1,R09,Work Activities,4.A.1.b.1,"Identifying Objects, Actions, and Events","Identifying information by categorizing, estimating, recognizing differences or similarities, and detecting changes in circumstances or events.",3.91,16,0.033765,identifying objects actions and events|identified issues|detected|recognized patterns|classified|identified opportunities|anomaly detection|event identification
REQ-R09-2.A.1.b,R09,Essential Skills,2.A.1.b,Active Listening,"Giving full attention to what other people are saying, taking time to understand the points being made, asking questions as appropriate, and not interrupting at inappropriate times.",3.88,17,0.033506,active listening|stakeholder interview|requirements gathering|gathered requirements|user interview|listened to stakeholders|elicitation|client meeting
REQ-R09-2.A.1.d,R09,Essential Skills,2.A.1.d,Speaking,Talking to others to convey information effectively.,3.88,18,0.033506,speaking|presented|presentation|demo|briefing|spoke at|public speaking|stand-up|knowledge sharing session|pitched
REQ-R09-2.A.2.a,R09,Essential Skills,2.A.2.a,Critical Thinking,"Using logic and reasoning to identify the strengths and weaknesses of alternative solutions, conclusions, or approaches to problems.",3.88,19,0.033506,critical thinking|root cause analysis|evaluated alternatives|trade-off analysis|assessed options|analytical reasoning|weighed pros and cons|design review
REQ-R09-2.A.2.b,R09,Essential Skills,2.A.2.b,Active Learning,Understanding the implications of new information for both current and future problem-solving and decision-making.,3.88,20,0.033506,active learning|self-taught|learned|upskilled|certification|completed course|continuous learning|kept up to date|new technology adoption
REQ-R09-2.C.4.a,R09,Knowledge,2.C.4.a,Mathematics,"Knowledge of arithmetic, algebra, geometry, calculus, statistics, and their applications.",3.82,21,0.032988,mathematics|statistics|algebra|calculus|probability|statistical modeling|numerical analysis|quantitative
REQ-R09-4.A.2.b.1,R09,Work Activities,4.A.2.b.1,Making Decisions and Solving Problems,Analyzing information and evaluating results to choose the best solution and solve problems.,3.82,22,0.032988,making decisions and solving problems|decision making|problem solving|diagnose system or equipment problems|determined operational methods or procedures|resolved|selected
REQ-R09-2.C.7.a,R09,Knowledge,2.C.7.a,English Language,"Knowledge of the structure and content of the English language including the meaning and spelling of words, and rules of composition and grammar.",3.77,23,0.032556,english language|english|technical english|business english|toeic|ielts|english proficiency|wrote in english|english communication
REQ-R09-4.A.2.b.2,R09,Work Activities,4.A.2.b.2,Thinking Creatively,"Developing, designing, or creating new applications, ideas, relationships, systems, or products, including artistic contributions.",3.77,24,0.032556,thinking creatively|design computer or information systems or applications|design databases|designed|developed new approach|innovation|created solution|proposed design|prototyping
REQ-R09-2.A.1.c,R09,Essential Skills,2.A.1.c,Writing,Communicating effectively in writing as appropriate for the needs of the audience.,3.75,26,0.032383,writing|technical writing|wrote documentation|authored|report writing|documented|runbook|user guide|published|white paper|readme
REQ-R09-4.A.4.a.4,R09,Work Activities,4.A.4.a.4,Establishing and Maintaining Interpersonal Relationships,"Developing constructive and cooperative working relationships with others, and maintaining them over time.",3.64,27,0.031434,establishing and maintaining interpersonal relationships|develop professional relationships or networks|built relationships|stakeholder relationship|networking|teamwork|cross-team collaboration
REQ-R09-2.B.4.e,R09,Transferable Skills,2.B.4.e,Judgment and Decision Making,Considering the relative costs and benefits of potential actions to choose the most appropriate one.,3.62,30,0.031261,judgment and decision making|decision making|prioritized|selected approach|made trade-offs|chose technology|approved|recommended
REQ-R09-2.A.1.e,R09,Essential Skills,2.A.1.e,Mathematics,Using mathematics to solve problems.,3.5,33,0.030225,mathematics|applied mathematics|statistics|statistical|linear algebra|calculus|numerical methods|quantitative analysis|probability
REQ-R09-4.A.3.b.6,R09,Work Activities,4.A.3.b.6,Documenting/Recording Information,"Entering, transcribing, recording, storing, or maintaining information in written or electronic/magnetic form.",3.5,34,0.030225,documenting recording information|documentation|document technical designs procedures or activities|prepare reports of operational or procedural activities|maintain operational records|wrote report|logged|recorded|runbook|ticket notes
REQ-R09-4.A.4.b.6,R09,Work Activities,4.A.4.b.6,Providing Consultation and Advice to Others,"Providing guidance and expert advice to management or other groups on technical, systems-, or process-related topics.",3.41,35,0.029447,providing consultation and advice to others|advise others on the design or use of technologies|advise others on business or operational matters|consulting|advised|technical consultation|recommendation to stakeholders
REQ-R09-2.B.2.i,R09,Transferable Skills,2.B.2.i,Complex Problem Solving,Identifying complex problems and reviewing related information to develop and evaluate options and implement solutions.,3.38,38,0.029188,complex problem solving|solved|resolved|troubleshooting complex issues|debugged|incident resolution|root cause|postmortem|problem solving
REQ-R09-4.A.1.b.3,R09,Work Activities,4.A.1.b.3,"Estimating the Quantifiable Characteristics of Products, Events, or Information","Estimating sizes, distances, and quantities; or determining time, costs, resources, or materials needed to perform a work activity.",3.27,39,0.028238,estimating quantifiable characteristics|estimation|estimated effort|story points|sizing|cost estimation|capacity estimate|measured
REQ-R09-4.A.2.a.3,R09,Work Activities,4.A.2.a.3,Evaluating Information to Determine Compliance with Standards,"Using relevant information and individual judgment to determine whether events or processes comply with laws, regulations, or standards.",3.24,42,0.027979,evaluating information to determine compliance with standards|compliance check|audit|standards compliance|policy compliance|examined documentation for accuracy or compliance|conformance review
REQ-R09-2.C.1.a,R09,Knowledge,2.C.1.a,Administration and Management,"Knowledge of business and management principles involved in strategic planning, resource allocation, human resources modeling, leadership technique, production methods, and coordination of people and resources.",3.14,43,0.027116,administration and management|project management|strategic planning|resource planning|business operations|budgeting|governance|leadership|pmp
REQ-R09-2.B.4.g,R09,Transferable Skills,2.B.4.g,Systems Analysis,"Determining how a system should work and how changes in conditions, operations, and the environment will affect outcomes.",3.12,48,0.026943,systems analysis|system analysis|analyzed system|impact analysis|data flow|process modeling|how the system works|dependency analysis
REQ-R10-4.A.3.b.1,R10,Work Activities,4.A.3.b.1,Working with Computers,"Using computers and computer systems (including hardware and software) to program, write software, set up functions, enter data, or process information.",4.83,1,0.042328,working with computers|program computer systems|implement security measures for computer or information systems|set up computer systems networks or other information systems|resolve computer problems|operate computer systems|process digital or online data|coding|deployment|configuration
REQ-R10-2.C.3.a,R10,Knowledge,2.C.3.a,Computers and Electronics,"Knowledge of circuit boards, processors, chips, electronic equipment, and computer hardware and software, including applications and programming.",4.79,2,0.041977,computers and electronics|computer systems|hardware|software|operating system|linux|windows|server|application|programming|computer science
REQ-R10-4.A.2.b.1,R10,Work Activities,4.A.2.b.1,Making Decisions and Solving Problems,Analyzing information and evaluating results to choose the best solution and solve problems.,4.18,3,0.036631,making decisions and solving problems|decision making|problem solving|diagnose system or equipment problems|determined operational methods or procedures|resolved|selected
REQ-R10-4.A.1.a.1,R10,Work Activities,4.A.1.a.1,Getting Information,"Observing, receiving, and otherwise obtaining information from all relevant sources.",4.12,4,0.036106,getting information|gathered information|collected data|research|investigated|read documents|gathered requirements|data collection|log collection
REQ-R10-4.A.1.b.1,R10,Work Activities,4.A.1.b.1,"Identifying Objects, Actions, and Events","Identifying information by categorizing, estimating, recognizing differences or similarities, and detecting changes in circumstances or events.",4.11,5,0.036018,identifying objects actions and events|identified issues|detected|recognized patterns|classified|identified opportunities|anomaly detection|event identification
REQ-R10-4.A.2.a.4,R10,Work Activities,4.A.2.a.4,Analyzing Data or Information,"Identifying the underlying principles, reasons, or facts of information by breaking down information or data into separate parts.",4.0,7,0.035054,analyzing data or information|data analysis|analyzed|analytics|analyzed performance of systems or equipment|analyzed data to improve operations|statistical analysis|log analysis|reporting
REQ-R10-2.C.7.a,R10,Knowledge,2.C.7.a,English Language,"Knowledge of the structure and content of the English language including the meaning and spelling of words, and rules of composition and grammar.",3.96,8,0.034703,english language|english|technical english|business english|toeic|ielts|english proficiency|wrote in english|english communication
REQ-R10-2.C.1.e,R10,Knowledge,2.C.1.e,Customer and Personal Service,"Knowledge of principles and processes for providing customer and personal services. This includes customer needs assessment, meeting quality standards for services, and evaluation of customer satisfaction.",3.93,9,0.03444,customer and personal service|customer service|client support|service desk|user support|customer requirements|sla|stakeholder management|end-user
REQ-R10-4.A.2.a.2,R10,Work Activities,4.A.2.a.2,Processing Information,"Compiling, coding, categorizing, calculating, tabulating, auditing, or verifying information or data.",3.92,10,0.034353,processing information|data processing|etl|data cleaning|compiled records|aggregated data|transformed data|reconciled data|validated data quality
REQ-R10-2.A.2.a,R10,Essential Skills,2.A.2.a,Critical Thinking,"Using logic and reasoning to identify the strengths and weaknesses of alternative solutions, conclusions, or approaches to problems.",3.88,16,0.034002,critical thinking|root cause analysis|evaluated alternatives|trade-off analysis|assessed options|analytical reasoning|weighed pros and cons|design review
REQ-R10-2.B.2.i,R10,Transferable Skills,2.B.2.i,Complex Problem Solving,Identifying complex problems and reviewing related information to develop and evaluate options and implement solutions.,3.88,17,0.034002,complex problem solving|solved|resolved|troubleshooting complex issues|debugged|incident resolution|root cause|postmortem|problem solving
REQ-R10-4.A.4.a.4,R10,Work Activities,4.A.4.a.4,Establishing and Maintaining Interpersonal Relationships,"Developing constructive and cooperative working relationships with others, and maintaining them over time.",3.86,18,0.033827,establishing and maintaining interpersonal relationships|develop professional relationships or networks|built relationships|stakeholder relationship|networking|teamwork|cross-team collaboration
REQ-R10-4.A.4.a.2,R10,Work Activities,4.A.4.a.2,"Communicating with Supervisors, Peers, or Subordinates","Providing information to supervisors, co-workers, and subordinates by telephone, in written form, e-mail, or in person.",3.84,19,0.033652,communicating with supervisors peers or subordinates|team communication|communicate with others about specifications or project details|reported to manager|stand-up|collaborated with team|internal communication
REQ-R10-2.A.1.a,R10,Essential Skills,2.A.1.a,Reading Comprehension,Understanding written sentences and paragraphs in work-related documents.,3.75,20,0.032863,reading comprehension|read documentation|technical documentation|specification|requirements document|read specs|rfc|reviewed documents|documentation review
REQ-R10-2.A.1.b,R10,Essential Skills,2.A.1.b,Active Listening,"Giving full attention to what other people are saying, taking time to understand the points being made, asking questions as appropriate, and not interrupting at inappropriate times.",3.75,21,0.032863,active listening|stakeholder interview|requirements gathering|gathered requirements|user interview|listened to stakeholders|elicitation|client meeting
REQ-R10-2.B.4.e,R10,Transferable Skills,2.B.4.e,Judgment and Decision Making,Considering the relative costs and benefits of potential actions to choose the most appropriate one.,3.75,22,0.032863,judgment and decision making|decision making|prioritized|selected approach|made trade-offs|chose technology|approved|recommended
REQ-R10-4.A.2.a.3,R10,Work Activities,4.A.2.a.3,Evaluating Information to Determine Compliance with Standards,"Using relevant information and individual judgment to determine whether events or processes comply with laws, regulations, or standards.",3.75,23,0.032863,evaluating information to determine compliance with standards|compliance check|audit|standards compliance|policy compliance|examined documentation for accuracy or compliance|conformance review
REQ-R10-4.A.2.b.2,R10,Work Activities,4.A.2.b.2,Thinking Creatively,"Developing, designing, or creating new applications, ideas, relationships, systems, or products, including artistic contributions.",3.73,24,0.032688,thinking creatively|design computer or information systems or applications|design databases|designed|developed new approach|innovation|created solution|proposed design|prototyping
REQ-R10-4.A.2.b.3,R10,Work Activities,4.A.2.b.3,Updating and Using Relevant Knowledge,Keeping up-to-date technically and applying new knowledge to your job.,3.68,25,0.03225,updating and using relevant knowledge|maintain current knowledge in area of expertise|kept up to date|continuous learning|certification|training attended|research new technology
REQ-R10-4.A.2.b.6,R10,Work Activities,4.A.2.b.6,"Organizing, Planning, and Prioritizing Work","Developing specific goals and plans to prioritize, organize, and accomplish your work.",3.62,27,0.031724,organizing planning and prioritizing work|planning|prioritization|backlog grooming|work planning|organized tasks|sprint planning|project planning
REQ-R10-4.A.3.b.6,R10,Work Activities,4.A.3.b.6,Documenting/Recording Information,"Entering, transcribing, recording, storing, or maintaining information in written or electronic/magnetic form.",3.61,28,0.031636,documenting recording information|documentation|document technical designs procedures or activities|prepare reports of operational or procedural activities|maintain operational records|wrote report|logged|recorded|runbook|ticket notes
REQ-R10-2.C.4.a,R10,Knowledge,2.C.4.a,Mathematics,"Knowledge of arithmetic, algebra, geometry, calculus, statistics, and their applications.",3.55,29,0.03111,mathematics|statistics|algebra|calculus|probability|statistical modeling|numerical analysis|quantitative
REQ-R10-2.C.9.a,R10,Knowledge,2.C.9.a,Telecommunications,"Knowledge of transmission, broadcasting, switching, control, and operation of telecommunications systems.",3.54,30,0.031023,telecommunications|networking|network|tcp/ip|routing|switching|bgp|vpn|firewall|lan|wan|dns
REQ-R10-2.C.3.b,R10,Knowledge,2.C.3.b,Engineering and Technology,"Knowledge of the practical application of engineering science and technology. This includes applying principles, techniques, procedures, and equipment to the design and production of various goods and services.",3.51,31,0.03076,engineering and technology|engineering|technical design|applied technology|system engineering|technology stack|technical architecture
REQ-R10-2.A.2.b,R10,Essential Skills,2.A.2.b,Active Learning,Understanding the implications of new information for both current and future problem-solving and decision-making.,3.5,33,0.030672,active learning|self-taught|learned|upskilled|certification|completed course|continuous learning|kept up to date|new technology adoption
REQ-R10-4.A.4.a.1,R10,Work Activities,4.A.4.a.1,Interpreting the Meaning of Information for Others,Translating or explaining what information means and how it can be used.,3.47,34,0.030409,interpreting the meaning of information for others|explain technical details of products or services|explained|translated technical to business|briefed stakeholders|presented findings|explain regulations policies or procedures
REQ-R10-4.A.1.a.2,R10,Work Activities,4.A.1.a.2,"Monitoring Processes, Materials, or Surroundings","Monitoring and reviewing information from materials, events, or the environment, to detect or assess problems.",3.42,35,0.029971,monitoring processes|monitored operations|monitored systems|monitored equipment|observability|alerting|monitor operation of computer or information technologies|compliance monitoring
REQ-R10-4.A.4.a.7,R10,Work Activities,4.A.4.a.7,Resolving Conflicts and Negotiating with Others,"Handling complaints, settling disputes, and resolving grievances and conflicts, or otherwise negotiating with others.",3.42,36,0.029971,resolving conflicts and negotiating with others|negotiate contracts or agreements|conflict resolution|mediated|negotiated|resolve personnel or operational problems|vendor negotiation
REQ-R10-2.A.1.d,R10,Essential Skills,2.A.1.d,Speaking,Talking to others to convey information effectively.,3.38,39,0.029621,speaking|presented|presentation|demo|briefing|spoke at|public speaking|stand-up|knowledge sharing session|pitched
REQ-R10-2.B.3.e,R10,Transferable Skills,2.B.3.e,Programming,Writing computer programs for various purposes.,3.38,40,0.029621,programming|coding|software development|developed|implemented|wrote code|python|java|javascript|typescript|c#|go|sql|scripting|api development|refactored
REQ-R11-4.A.3.b.1,R11,Work Activities,4.A.3.b.1,Working with Computers,"Using computers and computer systems (including hardware and software) to program, write software, set up functions, enter data, or process information.",4.7,1,0.040598,working with computers|program computer systems|implement security measures for computer or information systems|set up computer systems networks or other information systems|resolve computer problems|operate computer systems|process digital or online data|coding|deployment|configuration
REQ-R11-4.A.1.a.1,R11,Work Activities,4.A.1.a.1,Getting Information,"Observing, receiving, and otherwise obtaining information from all relevant sources.",4.5,2,0.03887,getting information|gathered information|collected data|research|investigated|read documents|gathered requirements|data collection|log collection
REQ-R11-2.C.3.a,R11,Knowledge,2.C.3.a,Computers and Electronics,"Knowledge of circuit boards, processors, chips, electronic equipment, and computer hardware and software, including applications and programming.",4.35,3,0.037575,computers and electronics|computer systems|hardware|software|operating system|linux|windows|server|application|programming|computer science
REQ-R11-4.A.1.b.1,R11,Work Activities,4.A.1.b.1,"Identifying Objects, Actions, and Events","Identifying information by categorizing, estimating, recognizing differences or similarities, and detecting changes in circumstances or events.",4.29,4,0.037056,identifying objects actions and events|identified issues|detected|recognized patterns|classified|identified opportunities|anomaly detection|event identification
REQ-R11-2.C.7.a,R11,Knowledge,2.C.7.a,English Language,"Knowledge of the structure and content of the English language including the meaning and spelling of words, and rules of composition and grammar.",4.26,5,0.036797,english language|english|technical english|business english|toeic|ielts|english proficiency|wrote in english|english communication
REQ-R11-4.A.2.a.3,R11,Work Activities,4.A.2.a.3,Evaluating Information to Determine Compliance with Standards,"Using relevant information and individual judgment to determine whether events or processes comply with laws, regulations, or standards.",4.12,6,0.035588,evaluating information to determine compliance with standards|compliance check|audit|standards compliance|policy compliance|examined documentation for accuracy or compliance|conformance review
REQ-R11-4.A.2.a.2,R11,Work Activities,4.A.2.a.2,Processing Information,"Compiling, coding, categorizing, calculating, tabulating, auditing, or verifying information or data.",4.09,7,0.035329,processing information|data processing|etl|data cleaning|compiled records|aggregated data|transformed data|reconciled data|validated data quality
REQ-R11-4.A.2.a.4,R11,Work Activities,4.A.2.a.4,Analyzing Data or Information,"Identifying the underlying principles, reasons, or facts of information by breaking down information or data into separate parts.",4.08,8,0.035242,analyzing data or information|data analysis|analyzed|analytics|analyzed performance of systems or equipment|analyzed data to improve operations|statistical analysis|log analysis|reporting
REQ-R11-4.A.2.b.3,R11,Work Activities,4.A.2.b.3,Updating and Using Relevant Knowledge,Keeping up-to-date technically and applying new knowledge to your job.,4.05,9,0.034983,updating and using relevant knowledge|maintain current knowledge in area of expertise|kept up to date|continuous learning|certification|training attended|research new technology
REQ-R11-4.A.3.b.6,R11,Work Activities,4.A.3.b.6,Documenting/Recording Information,"Entering, transcribing, recording, storing, or maintaining information in written or electronic/magnetic form.",4.03,10,0.03481,documenting recording information|documentation|document technical designs procedures or activities|prepare reports of operational or procedural activities|maintain operational records|wrote report|logged|recorded|runbook|ticket notes
REQ-R11-2.A.1.a,R11,Essential Skills,2.A.1.a,Reading Comprehension,Understanding written sentences and paragraphs in work-related documents.,4.0,16,0.034551,reading comprehension|read documentation|technical documentation|specification|requirements document|read specs|rfc|reviewed documents|documentation review
REQ-R11-4.A.4.a.2,R11,Work Activities,4.A.4.a.2,"Communicating with Supervisors, Peers, or Subordinates","Providing information to supervisors, co-workers, and subordinates by telephone, in written form, e-mail, or in person.",4.0,17,0.034551,communicating with supervisors peers or subordinates|team communication|communicate with others about specifications or project details|reported to manager|stand-up|collaborated with team|internal communication
REQ-R11-4.A.2.b.1,R11,Work Activities,4.A.2.b.1,Making Decisions and Solving Problems,Analyzing information and evaluating results to choose the best solution and solve problems.,3.94,18,0.034033,making decisions and solving problems|decision making|problem solving|diagnose system or equipment problems|determined operational methods or procedures|resolved|selected
REQ-R11-4.A.1.a.2,R11,Work Activities,4.A.1.a.2,"Monitoring Processes, Materials, or Surroundings","Monitoring and reviewing information from materials, events, or the environment, to detect or assess problems.",3.92,19,0.03386,monitoring processes|monitored operations|monitored systems|monitored equipment|observability|alerting|monitor operation of computer or information technologies|compliance monitoring
REQ-R11-2.A.2.a,R11,Essential Skills,2.A.2.a,Critical Thinking,"Using logic and reasoning to identify the strengths and weaknesses of alternative solutions, conclusions, or approaches to problems.",3.88,22,0.033515,critical thinking|root cause analysis|evaluated alternatives|trade-off analysis|assessed options|analytical reasoning|weighed pros and cons|design review
REQ-R11-2.A.1.b,R11,Essential Skills,2.A.1.b,Active Listening,"Giving full attention to what other people are saying, taking time to understand the points being made, asking questions as appropriate, and not interrupting at inappropriate times.",3.75,25,0.032392,active listening|stakeholder interview|requirements gathering|gathered requirements|user interview|listened to stakeholders|elicitation|client meeting
REQ-R11-2.B.2.i,R11,Transferable Skills,2.B.2.i,Complex Problem Solving,Identifying complex problems and reviewing related information to develop and evaluate options and implement solutions.,3.75,26,0.032392,complex problem solving|solved|resolved|troubleshooting complex issues|debugged|incident resolution|root cause|postmortem|problem solving
REQ-R11-4.A.4.a.1,R11,Work Activities,4.A.4.a.1,Interpreting the Meaning of Information for Others,Translating or explaining what information means and how it can be used.,3.74,27,0.032305,interpreting the meaning of information for others|explain technical details of products or services|explained|translated technical to business|briefed stakeholders|presented findings|explain regulations policies or procedures
REQ-R11-2.C.1.a,R11,Knowledge,2.C.1.a,Administration and Management,"Knowledge of business and management principles involved in strategic planning, resource allocation, human resources modeling, leadership technique, production methods, and coordination of people and resources.",3.68,28,0.031787,administration and management|project management|strategic planning|resource planning|business operations|budgeting|governance|leadership|pmp
REQ-R11-4.A.2.b.6,R11,Work Activities,4.A.2.b.6,"Organizing, Planning, and Prioritizing Work","Developing specific goals and plans to prioritize, organize, and accomplish your work.",3.67,29,0.031701,organizing planning and prioritizing work|planning|prioritization|backlog grooming|work planning|organized tasks|sprint planning|project planning
REQ-R11-2.C.3.b,R11,Knowledge,2.C.3.b,Engineering and Technology,"Knowledge of the practical application of engineering science and technology. This includes applying principles, techniques, procedures, and equipment to the design and production of various goods and services.",3.64,30,0.031442,engineering and technology|engineering|technical design|applied technology|system engineering|technology stack|technical architecture
REQ-R11-2.C.9.a,R11,Knowledge,2.C.9.a,Telecommunications,"Knowledge of transmission, broadcasting, switching, control, and operation of telecommunications systems.",3.64,31,0.031442,telecommunications|networking|network|tcp/ip|routing|switching|bgp|vpn|firewall|lan|wan|dns
REQ-R11-2.A.1.d,R11,Essential Skills,2.A.1.d,Speaking,Talking to others to convey information effectively.,3.62,32,0.031269,speaking|presented|presentation|demo|briefing|spoke at|public speaking|stand-up|knowledge sharing session|pitched
REQ-R11-4.A.2.b.2,R11,Work Activities,4.A.2.b.2,Thinking Creatively,"Developing, designing, or creating new applications, ideas, relationships, systems, or products, including artistic contributions.",3.56,33,0.030751,thinking creatively|design computer or information systems or applications|design databases|designed|developed new approach|innovation|created solution|proposed design|prototyping
REQ-R11-2.A.1.c,R11,Essential Skills,2.A.1.c,Writing,Communicating effectively in writing as appropriate for the needs of the audience.,3.5,35,0.030232,writing|technical writing|wrote documentation|authored|report writing|documented|runbook|user guide|published|white paper|readme
REQ-R11-4.A.4.a.4,R11,Work Activities,4.A.4.a.4,Establishing and Maintaining Interpersonal Relationships,"Developing constructive and cooperative working relationships with others, and maintaining them over time.",3.45,36,0.0298,establishing and maintaining interpersonal relationships|develop professional relationships or networks|built relationships|stakeholder relationship|networking|teamwork|cross-team collaboration
REQ-R11-2.C.1.e,R11,Knowledge,2.C.1.e,Customer and Personal Service,"Knowledge of principles and processes for providing customer and personal services. This includes customer needs assessment, meeting quality standards for services, and evaluation of customer satisfaction.",3.42,37,0.029541,customer and personal service|customer service|client support|service desk|user support|customer requirements|sla|stakeholder management|end-user
REQ-R11-2.A.2.d,R11,Essential Skills,2.A.2.d,Monitoring,"Monitoring/Assessing performance of yourself, other individuals, or organizations to make improvements or take corrective action.",3.38,41,0.029196,monitoring|monitored|observability|tracked performance|kpi tracking|dashboard monitoring|alerting|health check|performance monitoring
REQ-R11-2.B.4.e,R11,Transferable Skills,2.B.4.e,Judgment and Decision Making,Considering the relative costs and benefits of potential actions to choose the most appropriate one.,3.38,42,0.029196,judgment and decision making|decision making|prioritized|selected approach|made trade-offs|chose technology|approved|recommended
REQ-R11-2.B.4.g,R11,Transferable Skills,2.B.4.g,Systems Analysis,"Determining how a system should work and how changes in conditions, operations, and the environment will affect outcomes.",3.38,43,0.029196,systems analysis|system analysis|analyzed system|impact analysis|data flow|process modeling|how the system works|dependency analysis
REQ-R12-4.A.3.b.1,R12,Work Activities,4.A.3.b.1,Working with Computers,"Using computers and computer systems (including hardware and software) to program, write software, set up functions, enter data, or process information.",4.89,1,0.041392,working with computers|program computer systems|implement security measures for computer or information systems|set up computer systems networks or other information systems|resolve computer problems|operate computer systems|process digital or online data|coding|deployment|configuration
REQ-R12-2.C.3.a,R12,Knowledge,2.C.3.a,Computers and Electronics,"Knowledge of circuit boards, processors, chips, electronic equipment, and computer hardware and software, including applications and programming.",4.63,2,0.039191,computers and electronics|computer systems|hardware|software|operating system|linux|windows|server|application|programming|computer science
REQ-R12-4.A.1.a.1,R12,Work Activities,4.A.1.a.1,Getting Information,"Observing, receiving, and otherwise obtaining information from all relevant sources.",4.5,3,0.03809,getting information|gathered information|collected data|research|investigated|read documents|gathered requirements|data collection|log collection
REQ-R12-4.A.1.b.1,R12,Work Activities,4.A.1.b.1,"Identifying Objects, Actions, and Events","Identifying information by categorizing, estimating, recognizing differences or similarities, and detecting changes in circumstances or events.",4.44,4,0.037583,identifying objects actions and events|identified issues|detected|recognized patterns|classified|identified opportunities|anomaly detection|event identification
REQ-R12-4.A.2.b.3,R12,Work Activities,4.A.2.b.3,Updating and Using Relevant Knowledge,Keeping up-to-date technically and applying new knowledge to your job.,4.42,5,0.037413,updating and using relevant knowledge|maintain current knowledge in area of expertise|kept up to date|continuous learning|certification|training attended|research new technology
REQ-R12-4.A.2.a.4,R12,Work Activities,4.A.2.a.4,Analyzing Data or Information,"Identifying the underlying principles, reasons, or facts of information by breaking down information or data into separate parts.",4.37,6,0.03699,analyzing data or information|data analysis|analyzed|analytics|analyzed performance of systems or equipment|analyzed data to improve operations|statistical analysis|log analysis|reporting
REQ-R12-4.A.4.a.2,R12,Work Activities,4.A.4.a.2,"Communicating with Supervisors, Peers, or Subordinates","Providing information to supervisors, co-workers, and subordinates by telephone, in written form, e-mail, or in person.",4.26,7,0.036059,communicating with supervisors peers or subordinates|team communication|communicate with others about specifications or project details|reported to manager|stand-up|collaborated with team|internal communication
REQ-R12-4.A.2.b.1,R12,Work Activities,4.A.2.b.1,Making Decisions and Solving Problems,Analyzing information and evaluating results to choose the best solution and solve problems.,4.17,8,0.035297,making decisions and solving problems|decision making|problem solving|diagnose system or equipment problems|determined operational methods or procedures|resolved|selected
REQ-R12-4.A.2.a.2,R12,Work Activities,4.A.2.a.2,Processing Information,"Compiling, coding, categorizing, calculating, tabulating, auditing, or verifying information or data.",4.16,9,0.035212,processing information|data processing|etl|data cleaning|compiled records|aggregated data|transformed data|reconciled data|validated data quality
REQ-R12-4.A.3.b.6,R12,Work Activities,4.A.3.b.6,Documenting/Recording Information,"Entering, transcribing, recording, storing, or maintaining information in written or electronic/magnetic form.",4.16,10,0.035212,documenting recording information|documentation|document technical designs procedures or activities|prepare reports of operational or procedural activities|maintain operational records|wrote report|logged|recorded|runbook|ticket notes
REQ-R12-2.A.1.a,R12,Essential Skills,2.A.1.a,Reading Comprehension,Understanding written sentences and paragraphs in work-related documents.,4.12,12,0.034874,reading comprehension|read documentation|technical documentation|specification|requirements document|read specs|rfc|reviewed documents|documentation review
REQ-R12-4.A.2.a.3,R12,Work Activities,4.A.2.a.3,Evaluating Information to Determine Compliance with Standards,"Using relevant information and individual judgment to determine whether events or processes comply with laws, regulations, or standards.",4.05,13,0.034281,evaluating information to determine compliance with standards|compliance check|audit|standards compliance|policy compliance|examined documentation for accuracy or compliance|conformance review
REQ-R12-4.A.4.b.3,R12,Work Activities,4.A.4.b.3,Training and Teaching Others,"Identifying the educational needs of others, developing formal educational or training programs or classes, and teaching or instructing others.",4.05,14,0.034281,training and teaching others|train others on operational or work procedures|training|taught|workshop|onboarding training|knowledge transfer|internal training session
REQ-R12-2.A.2.a,R12,Essential Skills,2.A.2.a,Critical Thinking,"Using logic and reasoning to identify the strengths and weaknesses of alternative solutions, conclusions, or approaches to problems.",4.0,17,0.033858,critical thinking|root cause analysis|evaluated alternatives|trade-off analysis|assessed options|analytical reasoning|weighed pros and cons|design review
REQ-R12-2.C.3.b,R12,Knowledge,2.C.3.b,Engineering and Technology,"Knowledge of the practical application of engineering science and technology. This includes applying principles, techniques, procedures, and equipment to the design and production of various goods and services.",4.0,18,0.033858,engineering and technology|engineering|technical design|applied technology|system engineering|technology stack|technical architecture
REQ-R12-4.A.4.a.1,R12,Work Activities,4.A.4.a.1,Interpreting the Meaning of Information for Others,Translating or explaining what information means and how it can be used.,3.89,19,0.032927,interpreting the meaning of information for others|explain technical details of products or services|explained|translated technical to business|briefed stakeholders|presented findings|explain regulations policies or procedures
REQ-R12-2.A.1.b,R12,Essential Skills,2.A.1.b,Active Listening,"Giving full attention to what other people are saying, taking time to understand the points being made, asking questions as appropriate, and not interrupting at inappropriate times.",3.88,20,0.032842,active listening|stakeholder interview|requirements gathering|gathered requirements|user interview|listened to stakeholders|elicitation|client meeting
REQ-R12-4.A.2.b.6,R12,Work Activities,4.A.2.b.6,"Organizing, Planning, and Prioritizing Work","Developing specific goals and plans to prioritize, organize, and accomplish your work.",3.79,21,0.032081,organizing planning and prioritizing work|planning|prioritization|backlog grooming|work planning|organized tasks|sprint planning|project planning
REQ-R12-4.A.4.a.3,R12,Work Activities,4.A.4.a.3,Communicating with People Outside the Organization,"Communicating with people outside the organization, representing the organization to customers, the public, government, and other external sources. This information can be exchanged in person, in writing, or by telephone or e-mail.",3.74,25,0.031657,communicating with people outside the organization|client communication|vendor communication|external stakeholders|provide information or assistance to the public|customer meeting
REQ-R12-4.A.4.b.6,R12,Work Activities,4.A.4.b.6,Providing Consultation and Advice to Others,"Providing guidance and expert advice to management or other groups on technical, systems-, or process-related topics.",3.63,26,0.030726,providing consultation and advice to others|advise others on the design or use of technologies|advise others on business or operational matters|consulting|advised|technical consultation|recommendation to stakeholders
REQ-R12-2.A.1.c,R12,Essential Skills,2.A.1.c,Writing,Communicating effectively in writing as appropriate for the needs of the audience.,3.62,30,0.030642,writing|technical writing|wrote documentation|authored|report writing|documented|runbook|user guide|published|white paper|readme
REQ-R12-2.A.2.d,R12,Essential Skills,2.A.2.d,Monitoring,"Monitoring/Assessing performance of yourself, other individuals, or organizations to make improvements or take corrective action.",3.62,31,0.030642,monitoring|monitored|observability|tracked performance|kpi tracking|dashboard monitoring|alerting|health check|performance monitoring
REQ-R12-4.A.2.b.2,R12,Work Activities,4.A.2.b.2,Thinking Creatively,"Developing, designing, or creating new applications, ideas, relationships, systems, or products, including artistic contributions.",3.58,32,0.030303,thinking creatively|design computer or information systems or applications|design databases|designed|developed new approach|innovation|created solution|proposed design|prototyping
REQ-R12-2.C.7.a,R12,Knowledge,2.C.7.a,English Language,"Knowledge of the structure and content of the English language including the meaning and spelling of words, and rules of composition and grammar.",3.53,33,0.02988,english language|english|technical english|business english|toeic|ielts|english proficiency|wrote in english|english communication
REQ-R12-4.A.1.a.2,R12,Work Activities,4.A.1.a.2,"Monitoring Processes, Materials, or Surroundings","Monitoring and reviewing information from materials, events, or the environment, to detect or assess problems.",3.53,34,0.02988,monitoring processes|monitored operations|monitored systems|monitored equipment|observability|alerting|monitor operation of computer or information technologies|compliance monitoring
REQ-R12-2.A.1.d,R12,Essential Skills,2.A.1.d,Speaking,Talking to others to convey information effectively.,3.5,37,0.029626,speaking|presented|presentation|demo|briefing|spoke at|public speaking|stand-up|knowledge sharing session|pitched
REQ-R12-4.A.4.b.2,R12,Work Activities,4.A.4.b.2,Developing and Building Teams,"Encouraging and building mutual trust, respect, and cooperation among team members.",3.47,38,0.029372,developing and building teams|team building|provide support or encouragement to others|mentored team|onboarded new members|built the team|hiring
REQ-R12-2.B.3.m,R12,Transferable Skills,2.B.3.m,Quality Control Analysis,"Conducting tests and inspections of products, services, or processes to evaluate quality or performance.",3.38,39,0.02861,quality control analysis|quality assurance|qa|testing|test case|code review|inspection|defect analysis|validation|verification
REQ-R12-2.B.4.g,R12,Transferable Skills,2.B.4.g,Systems Analysis,"Determining how a system should work and how changes in conditions, operations, and the environment will affect outcomes.",3.38,40,0.02861,systems analysis|system analysis|analyzed system|impact analysis|data flow|process modeling|how the system works|dependency analysis
REQ-R12-2.B.4.h,R12,Transferable Skills,2.B.4.h,Systems Evaluation,"Identifying measures or indicators of system performance and the actions needed to improve or correct performance, relative to the goals of the system.",3.38,41,0.02861,systems evaluation|performance evaluation|benchmarking|measured system performance|capacity assessment|evaluated system|slo|sla review
REQ-R13-4.A.3.b.1,R13,Work Activities,4.A.3.b.1,Working with Computers,"Using computers and computer systems (including hardware and software) to program, write software, set up functions, enter data, or process information.",5.0,1,0.040206,working with computers|program computer systems|implement security measures for computer or information systems|set up computer systems networks or other information systems|resolve computer problems|operate computer systems|process digital or online data|coding|deployment|configuration
REQ-R13-2.C.3.a,R13,Knowledge,2.C.3.a,Computers and Electronics,"Knowledge of circuit boards, processors, chips, electronic equipment, and computer hardware and software, including applications and programming.",4.95,2,0.039804,computers and electronics|computer systems|hardware|software|operating system|linux|windows|server|application|programming|computer science
REQ-R13-4.A.3.b.6,R13,Work Activities,4.A.3.b.6,Documenting/Recording Information,"Entering, transcribing, recording, storing, or maintaining information in written or electronic/magnetic form.",4.65,3,0.037391,documenting recording information|documentation|document technical designs procedures or activities|prepare reports of operational or procedural activities|maintain operational records|wrote report|logged|recorded|runbook|ticket notes
REQ-R13-4.A.2.b.1,R13,Work Activities,4.A.2.b.1,Making Decisions and Solving Problems,Analyzing information and evaluating results to choose the best solution and solve problems.,4.6,4,0.036989,making decisions and solving problems|decision making|problem solving|diagnose system or equipment problems|determined operational methods or procedures|resolved|selected
REQ-R13-4.A.1.a.1,R13,Work Activities,4.A.1.a.1,Getting Information,"Observing, receiving, and otherwise obtaining information from all relevant sources.",4.58,5,0.036829,getting information|gathered information|collected data|research|investigated|read documents|gathered requirements|data collection|log collection
REQ-R13-4.A.2.a.3,R13,Work Activities,4.A.2.a.3,Evaluating Information to Determine Compliance with Standards,"Using relevant information and individual judgment to determine whether events or processes comply with laws, regulations, or standards.",4.55,6,0.036587,evaluating information to determine compliance with standards|compliance check|audit|standards compliance|policy compliance|examined documentation for accuracy or compliance|conformance review
REQ-R13-4.A.2.b.3,R13,Work Activities,4.A.2.b.3,Updating and Using Relevant Knowledge,Keeping up-to-date technically and applying new knowledge to your job.,4.45,7,0.035783,updating and using relevant knowledge|maintain current knowledge in area of expertise|kept up to date|continuous learning|certification|training attended|research new technology
REQ-R13-4.A.2.a.4,R13,Work Activities,4.A.2.a.4,Analyzing Data or Information,"Identifying the underlying principles, reasons, or facts of information by breaking down information or data into separate parts.",4.42,8,0.035542,analyzing data or information|data analysis|analyzed|analytics|analyzed performance of systems or equipment|analyzed data to improve operations|statistical analysis|log analysis|reporting
REQ-R13-4.A.2.a.2,R13,Work Activities,4.A.2.a.2,Processing Information,"Compiling, coding, categorizing, calculating, tabulating, auditing, or verifying information or data.",4.4,9,0.035381,processing information|data processing|etl|data cleaning|compiled records|aggregated data|transformed data|reconciled data|validated data quality
REQ-R13-2.A.2.a,R13,Essential Skills,2.A.2.a,Critical Thinking,"Using logic and reasoning to identify the strengths and weaknesses of alternative solutions, conclusions, or approaches to problems.",4.38,11,0.03522,critical thinking|root cause analysis|evaluated alternatives|trade-off analysis|assessed options|analytical reasoning|weighed pros and cons|design review
REQ-R13-4.A.2.b.2,R13,Work Activities,4.A.2.b.2,Thinking Creatively,"Developing, designing, or creating new applications, ideas, relationships, systems, or products, including artistic contributions.",4.25,13,0.034175,thinking creatively|design computer or information systems or applications|design databases|designed|developed new approach|innovation|created solution|proposed design|prototyping
REQ-R13-4.A.4.a.1,R13,Work Activities,4.A.4.a.1,Interpreting the Meaning of Information for Others,Translating or explaining what information means and how it can be used.,4.25,14,0.034175,interpreting the meaning of information for others|explain technical details of products or services|explained|translated technical to business|briefed stakeholders|presented findings|explain regulations policies or procedures
REQ-R13-4.A.1.b.1,R13,Work Activities,4.A.1.b.1,"Identifying Objects, Actions, and Events","Identifying information by categorizing, estimating, recognizing differences or similarities, and detecting changes in circumstances or events.",4.2,15,0.033773,identifying objects actions and events|identified issues|detected|recognized patterns|classified|identified opportunities|anomaly detection|event identification
REQ-R13-2.C.9.a,R13,Knowledge,2.C.9.a,Telecommunications,"Knowledge of transmission, broadcasting, switching, control, and operation of telecommunications systems.",4.15,16,0.033371,telecommunications|networking|network|tcp/ip|routing|switching|bgp|vpn|firewall|lan|wan|dns
REQ-R13-4.A.4.a.2,R13,Work Activities,4.A.4.a.2,"Communicating with Supervisors, Peers, or Subordinates","Providing information to supervisors, co-workers, and subordinates by telephone, in written form, e-mail, or in person.",4.15,17,0.033371,communicating with supervisors peers or subordinates|team communication|communicate with others about specifications or project details|reported to manager|stand-up|collaborated with team|internal communication
REQ-R13-4.A.2.b.6,R13,Work Activities,4.A.2.b.6,"Organizing, Planning, and Prioritizing Work","Developing specific goals and plans to prioritize, organize, and accomplish your work.",4.05,20,0.032567,organizing planning and prioritizing work|planning|prioritization|backlog grooming|work planning|organized tasks|sprint planning|project planning
REQ-R13-2.A.1.a,R13,Essential Skills,2.A.1.a,Reading Comprehension,Understanding written sentences and paragraphs in work-related documents.,4.0,23,0.032165,reading comprehension|read documentation|technical documentation|specification|requirements document|read specs|rfc|reviewed documents|documentation review
REQ-R13-2.A.1.c,R13,Essential Skills,2.A.1.c,Writing,Communicating effectively in writing as appropriate for the needs of the audience.,4.0,24,0.032165,writing|technical writing|wrote documentation|authored|report writing|documented|runbook|user guide|published|white paper|readme
REQ-R13-2.C.3.b,R13,Knowledge,2.C.3.b,Engineering and Technology,"Knowledge of the practical application of engineering science and technology. This includes applying principles, techniques, procedures, and equipment to the design and production of various goods and services.",3.95,25,0.031763,engineering and technology|engineering|technical design|applied technology|system engineering|technology stack|technical architecture
REQ-R13-4.A.4.a.3,R13,Work Activities,4.A.4.a.3,Communicating with People Outside the Organization,"Communicating with people outside the organization, representing the organization to customers, the public, government, and other external sources. This information can be exchanged in person, in writing, or by telephone or e-mail.",3.95,26,0.031763,communicating with people outside the organization|client communication|vendor communication|external stakeholders|provide information or assistance to the public|customer meeting
REQ-R13-2.A.1.b,R13,Essential Skills,2.A.1.b,Active Listening,"Giving full attention to what other people are saying, taking time to understand the points being made, asking questions as appropriate, and not interrupting at inappropriate times.",3.88,30,0.0312,active listening|stakeholder interview|requirements gathering|gathered requirements|user interview|listened to stakeholders|elicitation|client meeting
REQ-R13-2.B.2.i,R13,Transferable Skills,2.B.2.i,Complex Problem Solving,Identifying complex problems and reviewing related information to develop and evaluate options and implement solutions.,3.88,31,0.0312,complex problem solving|solved|resolved|troubleshooting complex issues|debugged|incident resolution|root cause|postmortem|problem solving
REQ-R13-2.B.3.e,R13,Transferable Skills,2.B.3.e,Programming,Writing computer programs for various purposes.,3.88,32,0.0312,programming|coding|software development|developed|implemented|wrote code|python|java|javascript|typescript|c#|go|sql|scripting|api development|refactored
REQ-R13-2.C.7.a,R13,Knowledge,2.C.7.a,English Language,"Knowledge of the structure and content of the English language including the meaning and spelling of words, and rules of composition and grammar.",3.8,33,0.030556,english language|english|technical english|business english|toeic|ielts|english proficiency|wrote in english|english communication
REQ-R13-2.C.1.e,R13,Knowledge,2.C.1.e,Customer and Personal Service,"Knowledge of principles and processes for providing customer and personal services. This includes customer needs assessment, meeting quality standards for services, and evaluation of customer satisfaction.",3.75,35,0.030154,customer and personal service|customer service|client support|service desk|user support|customer requirements|sla|stakeholder management|end-user
REQ-R13-4.A.4.b.6,R13,Work Activities,4.A.4.b.6,Providing Consultation and Advice to Others,"Providing guidance and expert advice to management or other groups on technical, systems-, or process-related topics.",3.75,36,0.030154,providing consultation and advice to others|advise others on the design or use of technologies|advise others on business or operational matters|consulting|advised|technical consultation|recommendation to stakeholders
REQ-R13-4.A.1.a.2,R13,Work Activities,4.A.1.a.2,"Monitoring Processes, Materials, or Surroundings","Monitoring and reviewing information from materials, events, or the environment, to detect or assess problems.",3.65,37,0.02935,monitoring processes|monitored operations|monitored systems|monitored equipment|observability|alerting|monitor operation of computer or information technologies|compliance monitoring
REQ-R13-2.A.2.b,R13,Essential Skills,2.A.2.b,Active Learning,Understanding the implications of new information for both current and future problem-solving and decision-making.,3.62,40,0.029109,active learning|self-taught|learned|upskilled|certification|completed course|continuous learning|kept up to date|new technology adoption
REQ-R13-2.B.4.h,R13,Transferable Skills,2.B.4.h,Systems Evaluation,"Identifying measures or indicators of system performance and the actions needed to improve or correct performance, relative to the goals of the system.",3.62,41,0.029109,systems evaluation|performance evaluation|benchmarking|measured system performance|capacity assessment|evaluated system|slo|sla review
REQ-R13-4.A.2.b.4,R13,Work Activities,4.A.2.b.4,Developing Objectives and Strategies,Establishing long-range objectives and specifying the strategies and actions to achieve them.,3.6,42,0.028948,developing objectives and strategies|roadmap|strategy|develop organizational policies systems or processes|defined objectives|technical strategy|okr|planning
REQ-R14-4.A.3.b.1,R14,Work Activities,4.A.3.b.1,Working with Computers,"Using computers and computer systems (including hardware and software) to program, write software, set up functions, enter data, or process information.",4.85,1,0.041933,working with computers|program computer systems|implement security measures for computer or information systems|set up computer systems networks or other information systems|resolve computer problems|operate computer systems|process digital or online data|coding|deployment|configuration
REQ-R14-2.C.3.a,R14,Knowledge,2.C.3.a,Computers and Electronics,"Knowledge of circuit boards, processors, chips, electronic equipment, and computer hardware and software, including applications and programming.",4.68,2,0.040463,computers and electronics|computer systems|hardware|software|operating system|linux|windows|server|application|programming|computer science
REQ-R14-4.A.2.b.3,R14,Work Activities,4.A.2.b.3,Updating and Using Relevant Knowledge,Keeping up-to-date technically and applying new knowledge to your job.,4.65,3,0.040204,updating and using relevant knowledge|maintain current knowledge in area of expertise|kept up to date|continuous learning|certification|training attended|research new technology
REQ-R14-4.A.2.a.4,R14,Work Activities,4.A.2.a.4,Analyzing Data or Information,"Identifying the underlying principles, reasons, or facts of information by breaking down information or data into separate parts.",4.48,4,0.038734,analyzing data or information|data analysis|analyzed|analytics|analyzed performance of systems or equipment|analyzed data to improve operations|statistical analysis|log analysis|reporting
REQ-R14-4.A.1.a.1,R14,Work Activities,4.A.1.a.1,Getting Information,"Observing, receiving, and otherwise obtaining information from all relevant sources.",4.44,5,0.038388,getting information|gathered information|collected data|research|investigated|read documents|gathered requirements|data collection|log collection
REQ-R14-4.A.3.b.6,R14,Work Activities,4.A.3.b.6,Documenting/Recording Information,"Entering, transcribing, recording, storing, or maintaining information in written or electronic/magnetic form.",4.44,6,0.038388,documenting recording information|documentation|document technical designs procedures or activities|prepare reports of operational or procedural activities|maintain operational records|wrote report|logged|recorded|runbook|ticket notes
REQ-R14-4.A.4.a.1,R14,Work Activities,4.A.4.a.1,Interpreting the Meaning of Information for Others,Translating or explaining what information means and how it can be used.,4.3,7,0.037178,interpreting the meaning of information for others|explain technical details of products or services|explained|translated technical to business|briefed stakeholders|presented findings|explain regulations policies or procedures
REQ-R14-4.A.2.a.2,R14,Work Activities,4.A.2.a.2,Processing Information,"Compiling, coding, categorizing, calculating, tabulating, auditing, or verifying information or data.",4.26,8,0.036832,processing information|data processing|etl|data cleaning|compiled records|aggregated data|transformed data|reconciled data|validated data quality
REQ-R14-4.A.1.b.1,R14,Work Activities,4.A.1.b.1,"Identifying Objects, Actions, and Events","Identifying information by categorizing, estimating, recognizing differences or similarities, and detecting changes in circumstances or events.",4.12,9,0.035622,identifying objects actions and events|identified issues|detected|recognized patterns|classified|identified opportunities|anomaly detection|event identification
REQ-R14-4.A.2.b.1,R14,Work Activities,4.A.2.b.1,Making Decisions and Solving Problems,Analyzing information and evaluating results to choose the best solution and solve problems.,4.04,10,0.03493,making decisions and solving problems|decision making|problem solving|diagnose system or equipment problems|determined operational methods or procedures|resolved|selected
REQ-R14-4.A.2.b.6,R14,Work Activities,4.A.2.b.6,"Organizing, Planning, and Prioritizing Work","Developing specific goals and plans to prioritize, organize, and accomplish your work.",3.96,13,0.034238,organizing planning and prioritizing work|planning|prioritization|backlog grooming|work planning|organized tasks|sprint planning|project planning
REQ-R14-4.A.4.a.3,R14,Work Activities,4.A.4.a.3,Communicating with People Outside the Organization,"Communicating with people outside the organization, representing the organization to customers, the public, government, and other external sources. This information can be exchanged in person, in writing, or by telephone or e-mail.",3.88,17,0.033547,communicating with people outside the organization|client communication|vendor communication|external stakeholders|provide information or assistance to the public|customer meeting
REQ-R14-4.A.4.a.2,R14,Work Activities,4.A.4.a.2,"Communicating with Supervisors, Peers, or Subordinates","Providing information to supervisors, co-workers, and subordinates by telephone, in written form, e-mail, or in person.",3.85,18,0.033287,communicating with supervisors peers or subordinates|team communication|communicate with others about specifications or project details|reported to manager|stand-up|collaborated with team|internal communication
REQ-R14-2.A.1.a,R14,Essential Skills,2.A.1.a,Reading Comprehension,Understanding written sentences and paragraphs in work-related documents.,3.75,19,0.032423,reading comprehension|read documentation|technical documentation|specification|requirements document|read specs|rfc|reviewed documents|documentation review
REQ-R14-2.C.8.b,R14,Knowledge,2.C.8.b,Law and Government,"Knowledge of laws, legal codes, court procedures, precedents, government regulations, executive orders, agency rules, and the democratic political process.",3.72,20,0.032163,law and government|regulation|compliance|legal|policy|gdpr|pdpa|regulatory requirements|chain of custody|legislation
REQ-R14-2.C.7.a,R14,Knowledge,2.C.7.a,English Language,"Knowledge of the structure and content of the English language including the meaning and spelling of words, and rules of composition and grammar.",3.7,21,0.03199,english language|english|technical english|business english|toeic|ielts|english proficiency|wrote in english|english communication
REQ-R14-4.A.2.b.2,R14,Work Activities,4.A.2.b.2,Thinking Creatively,"Developing, designing, or creating new applications, ideas, relationships, systems, or products, including artistic contributions.",3.7,22,0.03199,thinking creatively|design computer or information systems or applications|design databases|designed|developed new approach|innovation|created solution|proposed design|prototyping
REQ-R14-4.A.1.a.2,R14,Work Activities,4.A.1.a.2,"Monitoring Processes, Materials, or Surroundings","Monitoring and reviewing information from materials, events, or the environment, to detect or assess problems.",3.67,23,0.031731,monitoring processes|monitored operations|monitored systems|monitored equipment|observability|alerting|monitor operation of computer or information technologies|compliance monitoring
REQ-R14-4.A.4.b.6,R14,Work Activities,4.A.4.b.6,Providing Consultation and Advice to Others,"Providing guidance and expert advice to management or other groups on technical, systems-, or process-related topics.",3.59,27,0.031039,providing consultation and advice to others|advise others on the design or use of technologies|advise others on business or operational matters|consulting|advised|technical consultation|recommendation to stakeholders
REQ-R14-4.A.4.a.4,R14,Work Activities,4.A.4.a.4,Establishing and Maintaining Interpersonal Relationships,"Developing constructive and cooperative working relationships with others, and maintaining them over time.",3.54,28,0.030607,establishing and maintaining interpersonal relationships|develop professional relationships or networks|built relationships|stakeholder relationship|networking|teamwork|cross-team collaboration
REQ-R14-4.A.2.a.3,R14,Work Activities,4.A.2.a.3,Evaluating Information to Determine Compliance with Standards,"Using relevant information and individual judgment to determine whether events or processes comply with laws, regulations, or standards.",3.52,29,0.030434,evaluating information to determine compliance with standards|compliance check|audit|standards compliance|policy compliance|examined documentation for accuracy or compliance|conformance review
REQ-R14-2.A.1.b,R14,Essential Skills,2.A.1.b,Active Listening,"Giving full attention to what other people are saying, taking time to understand the points being made, asking questions as appropriate, and not interrupting at inappropriate times.",3.5,32,0.030261,active listening|stakeholder interview|requirements gathering|gathered requirements|user interview|listened to stakeholders|elicitation|client meeting
REQ-R14-2.A.1.c,R14,Essential Skills,2.A.1.c,Writing,Communicating effectively in writing as appropriate for the needs of the audience.,3.5,33,0.030261,writing|technical writing|wrote documentation|authored|report writing|documented|runbook|user guide|published|white paper|readme
REQ-R14-2.A.1.d,R14,Essential Skills,2.A.1.d,Speaking,Talking to others to convey information effectively.,3.5,34,0.030261,speaking|presented|presentation|demo|briefing|spoke at|public speaking|stand-up|knowledge sharing session|pitched
REQ-R14-2.B.4.e,R14,Transferable Skills,2.B.4.e,Judgment and Decision Making,Considering the relative costs and benefits of potential actions to choose the most appropriate one.,3.5,35,0.030261,judgment and decision making|decision making|prioritized|selected approach|made trade-offs|chose technology|approved|recommended
REQ-R14-2.A.2.b,R14,Essential Skills,2.A.2.b,Active Learning,Understanding the implications of new information for both current and future problem-solving and decision-making.,3.38,37,0.029224,active learning|self-taught|learned|upskilled|certification|completed course|continuous learning|kept up to date|new technology adoption
REQ-R14-2.B.2.i,R14,Transferable Skills,2.B.2.i,Complex Problem Solving,Identifying complex problems and reviewing related information to develop and evaluate options and implement solutions.,3.38,38,0.029224,complex problem solving|solved|resolved|troubleshooting complex issues|debugged|incident resolution|root cause|postmortem|problem solving
REQ-R14-4.A.3.b.5,R14,Work Activities,4.A.3.b.5,Repairing and Maintaining Electronic Equipment,"Servicing, repairing, calibrating, regulating, fine-tuning, or testing machines, devices, and equipment that operate primarily on the basis of electrical or electronic (not mechanical) principles.",3.33,39,0.028791,repairing and maintaining electronic equipment|hardware maintenance|maintain electronic computer or other technical equipment|repaired|replaced hardware|device maintenance|patching
REQ-R14-4.A.4.c.1,R14,Work Activities,4.A.4.c.1,Performing Administrative Activities,Performing day-to-day administrative tasks such as maintaining information files and processing paperwork.,3.31,40,0.028618,performing administrative activities|administrative|perform administrative or clerical activities|issue documentation|record keeping|reporting administration|asset register
REQ-R14-2.B.4.g,R14,Transferable Skills,2.B.4.g,Systems Analysis,"Determining how a system should work and how changes in conditions, operations, and the environment will affect outcomes.",3.12,52,0.026976,systems analysis|system analysis|analyzed system|impact analysis|data flow|process modeling|how the system works|dependency analysis
REQ-R15-4.A.3.b.1,R15,Work Activities,4.A.3.b.1,Working with Computers,"Using computers and computer systems (including hardware and software) to program, write software, set up functions, enter data, or process information.",4.75,1,0.040292,working with computers|program computer systems|implement security measures for computer or information systems|set up computer systems networks or other information systems|resolve computer problems|operate computer systems|process digital or online data|coding|deployment|configuration
REQ-R15-2.C.3.a,R15,Knowledge,2.C.3.a,Computers and Electronics,"Knowledge of circuit boards, processors, chips, electronic equipment, and computer hardware and software, including applications and programming.",4.68,2,0.039698,computers and electronics|computer systems|hardware|software|operating system|linux|windows|server|application|programming|computer science
REQ-R15-4.A.1.a.1,R15,Work Activities,4.A.1.a.1,Getting Information,"Observing, receiving, and otherwise obtaining information from all relevant sources.",4.4,3,0.037323,getting information|gathered information|collected data|research|investigated|read documents|gathered requirements|data collection|log collection
REQ-R15-4.A.2.b.3,R15,Work Activities,4.A.2.b.3,Updating and Using Relevant Knowledge,Keeping up-to-date technically and applying new knowledge to your job.,4.3,4,0.036475,updating and using relevant knowledge|maintain current knowledge in area of expertise|kept up to date|continuous learning|certification|training attended|research new technology
REQ-R15-2.C.3.b,R15,Knowledge,2.C.3.b,Engineering and Technology,"Knowledge of the practical application of engineering science and technology. This includes applying principles, techniques, procedures, and equipment to the design and production of various goods and services.",4.25,5,0.036051,engineering and technology|engineering|technical design|applied technology|system engineering|technology stack|technical architecture
REQ-R15-2.C.9.a,R15,Knowledge,2.C.9.a,Telecommunications,"Knowledge of transmission, broadcasting, switching, control, and operation of telecommunications systems.",4.25,6,0.036051,telecommunications|networking|network|tcp/ip|routing|switching|bgp|vpn|firewall|lan|wan|dns
REQ-R15-4.A.2.a.3,R15,Work Activities,4.A.2.a.3,Evaluating Information to Determine Compliance with Standards,"Using relevant information and individual judgment to determine whether events or processes comply with laws, regulations, or standards.",4.15,7,0.035202,evaluating information to determine compliance with standards|compliance check|audit|standards compliance|policy compliance|examined documentation for accuracy or compliance|conformance review
REQ-R15-2.A.2.a,R15,Essential Skills,2.A.2.a,Critical Thinking,"Using logic and reasoning to identify the strengths and weaknesses of alternative solutions, conclusions, or approaches to problems.",4.12,8,0.034948,critical thinking|root cause analysis|evaluated alternatives|trade-off analysis|assessed options|analytical reasoning|weighed pros and cons|design review
REQ-R15-4.A.2.b.1,R15,Work Activities,4.A.2.b.1,Making Decisions and Solving Problems,Analyzing information and evaluating results to choose the best solution and solve problems.,4.05,9,0.034354,making decisions and solving problems|decision making|problem solving|diagnose system or equipment problems|determined operational methods or procedures|resolved|selected
REQ-R15-2.A.1.a,R15,Essential Skills,2.A.1.a,Reading Comprehension,Understanding written sentences and paragraphs in work-related documents.,4.0,18,0.03393,reading comprehension|read documentation|technical documentation|specification|requirements document|read specs|rfc|reviewed documents|documentation review
REQ-R15-4.A.4.a.2,R15,Work Activities,4.A.4.a.2,"Communicating with Supervisors, Peers, or Subordinates","Providing information to supervisors, co-workers, and subordinates by telephone, in written form, e-mail, or in person.",4.0,19,0.03393,communicating with supervisors peers or subordinates|team communication|communicate with others about specifications or project details|reported to manager|stand-up|collaborated with team|internal communication
REQ-R15-4.A.1.a.2,R15,Work Activities,4.A.1.a.2,"Monitoring Processes, Materials, or Surroundings","Monitoring and reviewing information from materials, events, or the environment, to detect or assess problems.",3.95,20,0.033506,monitoring processes|monitored operations|monitored systems|monitored equipment|observability|alerting|monitor operation of computer or information technologies|compliance monitoring
REQ-R15-4.A.1.b.1,R15,Work Activities,4.A.1.b.1,"Identifying Objects, Actions, and Events","Identifying information by categorizing, estimating, recognizing differences or similarities, and detecting changes in circumstances or events.",3.95,21,0.033506,identifying objects actions and events|identified issues|detected|recognized patterns|classified|identified opportunities|anomaly detection|event identification
REQ-R15-4.A.2.a.4,R15,Work Activities,4.A.2.a.4,Analyzing Data or Information,"Identifying the underlying principles, reasons, or facts of information by breaking down information or data into separate parts.",3.9,22,0.033082,analyzing data or information|data analysis|analyzed|analytics|analyzed performance of systems or equipment|analyzed data to improve operations|statistical analysis|log analysis|reporting
REQ-R15-4.A.3.b.6,R15,Work Activities,4.A.3.b.6,Documenting/Recording Information,"Entering, transcribing, recording, storing, or maintaining information in written or electronic/magnetic form.",3.9,23,0.033082,documenting recording information|documentation|document technical designs procedures or activities|prepare reports of operational or procedural activities|maintain operational records|wrote report|logged|recorded|runbook|ticket notes
REQ-R15-2.B.2.i,R15,Transferable Skills,2.B.2.i,Complex Problem Solving,Identifying complex problems and reviewing related information to develop and evaluate options and implement solutions.,3.88,24,0.032912,complex problem solving|solved|resolved|troubleshooting complex issues|debugged|incident resolution|root cause|postmortem|problem solving
REQ-R15-2.B.3.e,R15,Transferable Skills,2.B.3.e,Programming,Writing computer programs for various purposes.,3.88,25,0.032912,programming|coding|software development|developed|implemented|wrote code|python|java|javascript|typescript|c#|go|sql|scripting|api development|refactored
REQ-R15-2.B.4.h,R15,Transferable Skills,2.B.4.h,Systems Evaluation,"Identifying measures or indicators of system performance and the actions needed to improve or correct performance, relative to the goals of the system.",3.88,26,0.032912,systems evaluation|performance evaluation|benchmarking|measured system performance|capacity assessment|evaluated system|slo|sla review
REQ-R15-4.A.2.a.2,R15,Work Activities,4.A.2.a.2,Processing Information,"Compiling, coding, categorizing, calculating, tabulating, auditing, or verifying information or data.",3.85,27,0.032658,processing information|data processing|etl|data cleaning|compiled records|aggregated data|transformed data|reconciled data|validated data quality
REQ-R15-2.C.7.a,R15,Knowledge,2.C.7.a,English Language,"Knowledge of the structure and content of the English language including the meaning and spelling of words, and rules of composition and grammar.",3.8,28,0.032233,english language|english|technical english|business english|toeic|ielts|english proficiency|wrote in english|english communication
REQ-R15-2.A.1.b,R15,Essential Skills,2.A.1.b,Active Listening,"Giving full attention to what other people are saying, taking time to understand the points being made, asking questions as appropriate, and not interrupting at inappropriate times.",3.75,31,0.031809,active listening|stakeholder interview|requirements gathering|gathered requirements|user interview|listened to stakeholders|elicitation|client meeting
REQ-R15-2.B.4.e,R15,Transferable Skills,2.B.4.e,Judgment and Decision Making,Considering the relative costs and benefits of potential actions to choose the most appropriate one.,3.75,32,0.031809,judgment and decision making|decision making|prioritized|selected approach|made trade-offs|chose technology|approved|recommended
REQ-R15-2.B.4.g,R15,Transferable Skills,2.B.4.g,Systems Analysis,"Determining how a system should work and how changes in conditions, operations, and the environment will affect outcomes.",3.75,33,0.031809,systems analysis|system analysis|analyzed system|impact analysis|data flow|process modeling|how the system works|dependency analysis
REQ-R15-2.A.1.c,R15,Essential Skills,2.A.1.c,Writing,Communicating effectively in writing as appropriate for the needs of the audience.,3.62,34,0.030707,writing|technical writing|wrote documentation|authored|report writing|documented|runbook|user guide|published|white paper|readme
REQ-R15-4.A.2.b.6,R15,Work Activities,4.A.2.b.6,"Organizing, Planning, and Prioritizing Work","Developing specific goals and plans to prioritize, organize, and accomplish your work.",3.58,35,0.030367,organizing planning and prioritizing work|planning|prioritization|backlog grooming|work planning|organized tasks|sprint planning|project planning
REQ-R15-2.A.1.d,R15,Essential Skills,2.A.1.d,Speaking,Talking to others to convey information effectively.,3.5,37,0.029689,speaking|presented|presentation|demo|briefing|spoke at|public speaking|stand-up|knowledge sharing session|pitched
REQ-R15-2.B.1.b,R15,Transferable Skills,2.B.1.b,Coordination,Adjusting actions in relation to others' actions.,3.5,38,0.029689,coordination|coordinated|cross-functional|liaised|aligned teams|worked with teams|stakeholder coordination|scrum ceremonies
REQ-R15-4.A.1.b.2,R15,Work Activities,4.A.1.b.2,"Inspecting Equipment, Structures, or Materials","Inspecting equipment, structures, or materials to identify the cause of errors or other problems or defects.",3.5,39,0.029689,inspecting equipment structures or materials|inspection|tested performance of computer or information systems|hardware inspection|equipment check|system test|audit of equipment
REQ-R15-4.A.2.b.4,R15,Work Activities,4.A.2.b.4,Developing Objectives and Strategies,Establishing long-range objectives and specifying the strategies and actions to achieve them.,3.5,40,0.029689,developing objectives and strategies|roadmap|strategy|develop organizational policies systems or processes|defined objectives|technical strategy|okr|planning
REQ-R15-4.A.4.a.1,R15,Work Activities,4.A.4.a.1,Interpreting the Meaning of Information for Others,Translating or explaining what information means and how it can be used.,3.5,41,0.029689,interpreting the meaning of information for others|explain technical details of products or services|explained|translated technical to business|briefed stakeholders|presented findings|explain regulations policies or procedures
REQ-R16-2.C.3.a,R16,Knowledge,2.C.3.a,Computers and Electronics,"Knowledge of circuit boards, processors, chips, electronic equipment, and computer hardware and software, including applications and programming.",4.91,1,0.041333,computers and electronics|computer systems|hardware|software|operating system|linux|windows|server|application|programming|computer science
REQ-R16-4.A.3.b.1,R16,Work Activities,4.A.3.b.1,Working with Computers,"Using computers and computer systems (including hardware and software) to program, write software, set up functions, enter data, or process information.",4.68,2,0.039397,working with computers|program computer systems|implement security measures for computer or information systems|set up computer systems networks or other information systems|resolve computer problems|operate computer systems|process digital or online data|coding|deployment|configuration
REQ-R16-4.A.2.b.1,R16,Work Activities,4.A.2.b.1,Making Decisions and Solving Problems,Analyzing information and evaluating results to choose the best solution and solve problems.,4.45,3,0.037461,making decisions and solving problems|decision making|problem solving|diagnose system or equipment problems|determined operational methods or procedures|resolved|selected
REQ-R16-4.A.1.a.1,R16,Work Activities,4.A.1.a.1,Getting Information,"Observing, receiving, and otherwise obtaining information from all relevant sources.",4.41,4,0.037124,getting information|gathered information|collected data|research|investigated|read documents|gathered requirements|data collection|log collection
REQ-R16-2.C.7.a,R16,Knowledge,2.C.7.a,English Language,"Knowledge of the structure and content of the English language including the meaning and spelling of words, and rules of composition and grammar.",4.09,5,0.034431,english language|english|technical english|business english|toeic|ielts|english proficiency|wrote in english|english communication
REQ-R16-4.A.2.a.2,R16,Work Activities,4.A.2.a.2,Processing Information,"Compiling, coding, categorizing, calculating, tabulating, auditing, or verifying information or data.",4.05,6,0.034094,processing information|data processing|etl|data cleaning|compiled records|aggregated data|transformed data|reconciled data|validated data quality
REQ-R16-4.A.2.b.3,R16,Work Activities,4.A.2.b.3,Updating and Using Relevant Knowledge,Keeping up-to-date technically and applying new knowledge to your job.,4.05,7,0.034094,updating and using relevant knowledge|maintain current knowledge in area of expertise|kept up to date|continuous learning|certification|training attended|research new technology
REQ-R16-2.A.1.a,R16,Essential Skills,2.A.1.a,Reading Comprehension,Understanding written sentences and paragraphs in work-related documents.,4.0,15,0.033673,reading comprehension|read documentation|technical documentation|specification|requirements document|read specs|rfc|reviewed documents|documentation review
REQ-R16-2.A.1.b,R16,Essential Skills,2.A.1.b,Active Listening,"Giving full attention to what other people are saying, taking time to understand the points being made, asking questions as appropriate, and not interrupting at inappropriate times.",4.0,16,0.033673,active listening|stakeholder interview|requirements gathering|gathered requirements|user interview|listened to stakeholders|elicitation|client meeting
REQ-R16-2.A.2.a,R16,Essential Skills,2.A.2.a,Critical Thinking,"Using logic and reasoning to identify the strengths and weaknesses of alternative solutions, conclusions, or approaches to problems.",4.0,17,0.033673,critical thinking|root cause analysis|evaluated alternatives|trade-off analysis|assessed options|analytical reasoning|weighed pros and cons|design review
REQ-R16-4.A.2.b.6,R16,Work Activities,4.A.2.b.6,"Organizing, Planning, and Prioritizing Work","Developing specific goals and plans to prioritize, organize, and accomplish your work.",4.0,18,0.033673,organizing planning and prioritizing work|planning|prioritization|backlog grooming|work planning|organized tasks|sprint planning|project planning
REQ-R16-4.A.4.a.2,R16,Work Activities,4.A.4.a.2,"Communicating with Supervisors, Peers, or Subordinates","Providing information to supervisors, co-workers, and subordinates by telephone, in written form, e-mail, or in person.",4.0,19,0.033673,communicating with supervisors peers or subordinates|team communication|communicate with others about specifications or project details|reported to manager|stand-up|collaborated with team|internal communication
REQ-R16-2.C.9.a,R16,Knowledge,2.C.9.a,Telecommunications,"Knowledge of transmission, broadcasting, switching, control, and operation of telecommunications systems.",3.95,20,0.033252,telecommunications|networking|network|tcp/ip|routing|switching|bgp|vpn|firewall|lan|wan|dns
REQ-R16-4.A.1.b.1,R16,Work Activities,4.A.1.b.1,"Identifying Objects, Actions, and Events","Identifying information by categorizing, estimating, recognizing differences or similarities, and detecting changes in circumstances or events.",3.95,21,0.033252,identifying objects actions and events|identified issues|detected|recognized patterns|classified|identified opportunities|anomaly detection|event identification
REQ-R16-4.A.2.a.3,R16,Work Activities,4.A.2.a.3,Evaluating Information to Determine Compliance with Standards,"Using relevant information and individual judgment to determine whether events or processes comply with laws, regulations, or standards.",3.91,22,0.032915,evaluating information to determine compliance with standards|compliance check|audit|standards compliance|policy compliance|examined documentation for accuracy or compliance|conformance review
REQ-R16-4.A.3.b.6,R16,Work Activities,4.A.3.b.6,Documenting/Recording Information,"Entering, transcribing, recording, storing, or maintaining information in written or electronic/magnetic form.",3.9,23,0.032831,documenting recording information|documentation|document technical designs procedures or activities|prepare reports of operational or procedural activities|maintain operational records|wrote report|logged|recorded|runbook|ticket notes
REQ-R16-2.A.1.c,R16,Essential Skills,2.A.1.c,Writing,Communicating effectively in writing as appropriate for the needs of the audience.,3.88,25,0.032663,writing|technical writing|wrote documentation|authored|report writing|documented|runbook|user guide|published|white paper|readme
REQ-R16-2.A.1.d,R16,Essential Skills,2.A.1.d,Speaking,Talking to others to convey information effectively.,3.88,26,0.032663,speaking|presented|presentation|demo|briefing|spoke at|public speaking|stand-up|knowledge sharing session|pitched
REQ-R16-2.B.4.g,R16,Transferable Skills,2.B.4.g,Systems Analysis,"Determining how a system should work and how changes in conditions, operations, and the environment will affect outcomes.",3.88,27,0.032663,systems analysis|system analysis|analyzed system|impact analysis|data flow|process modeling|how the system works|dependency analysis
REQ-R16-2.B.4.h,R16,Transferable Skills,2.B.4.h,Systems Evaluation,"Identifying measures or indicators of system performance and the actions needed to improve or correct performance, relative to the goals of the system.",3.88,28,0.032663,systems evaluation|performance evaluation|benchmarking|measured system performance|capacity assessment|evaluated system|slo|sla review
REQ-R16-2.C.1.e,R16,Knowledge,2.C.1.e,Customer and Personal Service,"Knowledge of principles and processes for providing customer and personal services. This includes customer needs assessment, meeting quality standards for services, and evaluation of customer satisfaction.",3.86,29,0.032494,customer and personal service|customer service|client support|service desk|user support|customer requirements|sla|stakeholder management|end-user
REQ-R16-4.A.2.a.4,R16,Work Activities,4.A.2.a.4,Analyzing Data or Information,"Identifying the underlying principles, reasons, or facts of information by breaking down information or data into separate parts.",3.86,30,0.032494,analyzing data or information|data analysis|analyzed|analytics|analyzed performance of systems or equipment|analyzed data to improve operations|statistical analysis|log analysis|reporting
REQ-R16-2.C.3.b,R16,Knowledge,2.C.3.b,Engineering and Technology,"Knowledge of the practical application of engineering science and technology. This includes applying principles, techniques, procedures, and equipment to the design and production of various goods and services.",3.77,31,0.031737,engineering and technology|engineering|technical design|applied technology|system engineering|technology stack|technical architecture
REQ-R16-2.B.2.i,R16,Transferable Skills,2.B.2.i,Complex Problem Solving,Identifying complex problems and reviewing related information to develop and evaluate options and implement solutions.,3.75,33,0.031568,complex problem solving|solved|resolved|troubleshooting complex issues|debugged|incident resolution|root cause|postmortem|problem solving
REQ-R16-2.B.3.a,R16,Transferable Skills,2.B.3.a,Operations Analysis,Analyzing needs and product requirements to create a design.,3.75,34,0.031568,operations analysis|requirements analysis|needs analysis|business requirements|gap analysis|feasibility study|as-is to-be analysis
REQ-R16-4.A.4.a.1,R16,Work Activities,4.A.4.a.1,Interpreting the Meaning of Information for Others,Translating or explaining what information means and how it can be used.,3.67,35,0.030895,interpreting the meaning of information for others|explain technical details of products or services|explained|translated technical to business|briefed stakeholders|presented findings|explain regulations policies or procedures
REQ-R16-2.A.2.b,R16,Essential Skills,2.A.2.b,Active Learning,Understanding the implications of new information for both current and future problem-solving and decision-making.,3.62,36,0.030474,active learning|self-taught|learned|upskilled|certification|completed course|continuous learning|kept up to date|new technology adoption
REQ-R16-4.A.4.b.3,R16,Work Activities,4.A.4.b.3,Training and Teaching Others,"Identifying the educational needs of others, developing formal educational or training programs or classes, and teaching or instructing others.",3.59,37,0.030221,training and teaching others|train others on operational or work procedures|training|taught|workshop|onboarding training|knowledge transfer|internal training session
REQ-R16-4.A.4.b.6,R16,Work Activities,4.A.4.b.6,Providing Consultation and Advice to Others,"Providing guidance and expert advice to management or other groups on technical, systems-, or process-related topics.",3.55,38,0.029885,providing consultation and advice to others|advise others on the design or use of technologies|advise others on business or operational matters|consulting|advised|technical consultation|recommendation to stakeholders
REQ-R16-2.A.2.d,R16,Essential Skills,2.A.2.d,Monitoring,"Monitoring/Assessing performance of yourself, other individuals, or organizations to make improvements or take corrective action.",3.5,40,0.029464,monitoring|monitored|observability|tracked performance|kpi tracking|dashboard monitoring|alerting|health check|performance monitoring
REQ-R17-4.A.3.b.1,R17,Work Activities,4.A.3.b.1,Working with Computers,"Using computers and computer systems (including hardware and software) to program, write software, set up functions, enter data, or process information.",4.83,1,0.041674,working with computers|program computer systems|implement security measures for computer or information systems|set up computer systems networks or other information systems|resolve computer problems|operate computer systems|process digital or online data|coding|deployment|configuration
REQ-R17-2.C.3.a,R17,Knowledge,2.C.3.a,Computers and Electronics,"Knowledge of circuit boards, processors, chips, electronic equipment, and computer hardware and software, including applications and programming.",4.63,2,0.039948,computers and electronics|computer systems|hardware|software|operating system|linux|windows|server|application|programming|computer science
REQ-R17-4.A.1.a.1,R17,Work Activities,4.A.1.a.1,Getting Information,"Observing, receiving, and otherwise obtaining information from all relevant sources.",4.23,3,0.036497,getting information|gathered information|collected data|research|investigated|read documents|gathered requirements|data collection|log collection
REQ-R17-4.A.2.b.1,R17,Work Activities,4.A.2.b.1,Making Decisions and Solving Problems,Analyzing information and evaluating results to choose the best solution and solve problems.,4.2,4,0.036238,making decisions and solving problems|decision making|problem solving|diagnose system or equipment problems|determined operational methods or procedures|resolved|selected
REQ-R17-4.A.2.a.4,R17,Work Activities,4.A.2.a.4,Analyzing Data or Information,"Identifying the underlying principles, reasons, or facts of information by breaking down information or data into separate parts.",4.1,5,0.035375,analyzing data or information|data analysis|analyzed|analytics|analyzed performance of systems or equipment|analyzed data to improve operations|statistical analysis|log analysis|reporting
REQ-R17-4.A.2.b.3,R17,Work Activities,4.A.2.b.3,Updating and Using Relevant Knowledge,Keeping up-to-date technically and applying new knowledge to your job.,4.1,6,0.035375,updating and using relevant knowledge|maintain current knowledge in area of expertise|kept up to date|continuous learning|certification|training attended|research new technology
REQ-R17-4.A.2.a.2,R17,Work Activities,4.A.2.a.2,Processing Information,"Compiling, coding, categorizing, calculating, tabulating, auditing, or verifying information or data.",4.03,7,0.034771,processing information|data processing|etl|data cleaning|compiled records|aggregated data|transformed data|reconciled data|validated data quality
REQ-R17-2.A.1.b,R17,Essential Skills,2.A.1.b,Active Listening,"Giving full attention to what other people are saying, taking time to understand the points being made, asking questions as appropriate, and not interrupting at inappropriate times.",4.0,12,0.034513,active listening|stakeholder interview|requirements gathering|gathered requirements|user interview|listened to stakeholders|elicitation|client meeting
REQ-R17-2.B.3.k,R17,Transferable Skills,2.B.3.k,Troubleshooting,Determining causes of operating errors and deciding what to do about it.,4.0,13,0.034513,troubleshooting|debugging|diagnosed|fault isolation|incident triage|fixed defects|resolved outage|root cause analysis
REQ-R17-2.B.4.e,R17,Transferable Skills,2.B.4.e,Judgment and Decision Making,Considering the relative costs and benefits of potential actions to choose the most appropriate one.,4.0,14,0.034513,judgment and decision making|decision making|prioritized|selected approach|made trade-offs|chose technology|approved|recommended
REQ-R17-2.B.4.g,R17,Transferable Skills,2.B.4.g,Systems Analysis,"Determining how a system should work and how changes in conditions, operations, and the environment will affect outcomes.",4.0,15,0.034513,systems analysis|system analysis|analyzed system|impact analysis|data flow|process modeling|how the system works|dependency analysis
REQ-R17-2.B.4.h,R17,Transferable Skills,2.B.4.h,Systems Evaluation,"Identifying measures or indicators of system performance and the actions needed to improve or correct performance, relative to the goals of the system.",4.0,16,0.034513,systems evaluation|performance evaluation|benchmarking|measured system performance|capacity assessment|evaluated system|slo|sla review
REQ-R17-4.A.3.b.6,R17,Work Activities,4.A.3.b.6,Documenting/Recording Information,"Entering, transcribing, recording, storing, or maintaining information in written or electronic/magnetic form.",4.0,17,0.034513,documenting recording information|documentation|document technical designs procedures or activities|prepare reports of operational or procedural activities|maintain operational records|wrote report|logged|recorded|runbook|ticket notes
REQ-R17-4.A.2.a.3,R17,Work Activities,4.A.2.a.3,Evaluating Information to Determine Compliance with Standards,"Using relevant information and individual judgment to determine whether events or processes comply with laws, regulations, or standards.",3.9,18,0.03365,evaluating information to determine compliance with standards|compliance check|audit|standards compliance|policy compliance|examined documentation for accuracy or compliance|conformance review
REQ-R17-4.A.4.a.2,R17,Work Activities,4.A.4.a.2,"Communicating with Supervisors, Peers, or Subordinates","Providing information to supervisors, co-workers, and subordinates by telephone, in written form, e-mail, or in person.",3.9,19,0.03365,communicating with supervisors peers or subordinates|team communication|communicate with others about specifications or project details|reported to manager|stand-up|collaborated with team|internal communication
REQ-R17-2.A.1.a,R17,Essential Skills,2.A.1.a,Reading Comprehension,Understanding written sentences and paragraphs in work-related documents.,3.88,24,0.033477,reading comprehension|read documentation|technical documentation|specification|requirements document|read specs|rfc|reviewed documents|documentation review
REQ-R17-2.A.2.a,R17,Essential Skills,2.A.2.a,Critical Thinking,"Using logic and reasoning to identify the strengths and weaknesses of alternative solutions, conclusions, or approaches to problems.",3.88,25,0.033477,critical thinking|root cause analysis|evaluated alternatives|trade-off analysis|assessed options|analytical reasoning|weighed pros and cons|design review
REQ-R17-2.A.2.d,R17,Essential Skills,2.A.2.d,Monitoring,"Monitoring/Assessing performance of yourself, other individuals, or organizations to make improvements or take corrective action.",3.88,26,0.033477,monitoring|monitored|observability|tracked performance|kpi tracking|dashboard monitoring|alerting|health check|performance monitoring
REQ-R17-2.B.2.i,R17,Transferable Skills,2.B.2.i,Complex Problem Solving,Identifying complex problems and reviewing related information to develop and evaluate options and implement solutions.,3.88,27,0.033477,complex problem solving|solved|resolved|troubleshooting complex issues|debugged|incident resolution|root cause|postmortem|problem solving
REQ-R17-4.A.1.b.1,R17,Work Activities,4.A.1.b.1,"Identifying Objects, Actions, and Events","Identifying information by categorizing, estimating, recognizing differences or similarities, and detecting changes in circumstances or events.",3.7,28,0.031924,identifying objects actions and events|identified issues|detected|recognized patterns|classified|identified opportunities|anomaly detection|event identification
REQ-R17-4.A.1.a.2,R17,Work Activities,4.A.1.a.2,"Monitoring Processes, Materials, or Surroundings","Monitoring and reviewing information from materials, events, or the environment, to detect or assess problems.",3.6,29,0.031061,monitoring processes|monitored operations|monitored systems|monitored equipment|observability|alerting|monitor operation of computer or information technologies|compliance monitoring
REQ-R17-4.A.2.b.2,R17,Work Activities,4.A.2.b.2,Thinking Creatively,"Developing, designing, or creating new applications, ideas, relationships, systems, or products, including artistic contributions.",3.6,30,0.031061,thinking creatively|design computer or information systems or applications|design databases|designed|developed new approach|innovation|created solution|proposed design|prototyping
REQ-R17-2.C.9.a,R17,Knowledge,2.C.9.a,Telecommunications,"Knowledge of transmission, broadcasting, switching, control, and operation of telecommunications systems.",3.57,31,0.030802,telecommunications|networking|network|tcp/ip|routing|switching|bgp|vpn|firewall|lan|wan|dns
REQ-R17-2.B.3.e,R17,Transferable Skills,2.B.3.e,Programming,Writing computer programs for various purposes.,3.5,32,0.030198,programming|coding|software development|developed|implemented|wrote code|python|java|javascript|typescript|c#|go|sql|scripting|api development|refactored
REQ-R17-2.B.3.g,R17,Transferable Skills,2.B.3.g,Operations Monitoring,"Watching gauges, dials, or other indicators to make sure a machine is working properly.",3.5,33,0.030198,operations monitoring|system monitoring|watched dashboards|observed system behavior|uptime monitoring|log monitoring|noc
REQ-R17-4.A.2.b.6,R17,Work Activities,4.A.2.b.6,"Organizing, Planning, and Prioritizing Work","Developing specific goals and plans to prioritize, organize, and accomplish your work.",3.5,34,0.030198,organizing planning and prioritizing work|planning|prioritization|backlog grooming|work planning|organized tasks|sprint planning|project planning
REQ-R17-2.B.3.m,R17,Transferable Skills,2.B.3.m,Quality Control Analysis,"Conducting tests and inspections of products, services, or processes to evaluate quality or performance.",3.38,35,0.029163,quality control analysis|quality assurance|qa|testing|test case|code review|inspection|defect analysis|validation|verification
REQ-R17-2.C.1.e,R17,Knowledge,2.C.1.e,Customer and Personal Service,"Knowledge of principles and processes for providing customer and personal services. This includes customer needs assessment, meeting quality standards for services, and evaluation of customer satisfaction.",3.37,36,0.029077,customer and personal service|customer service|client support|service desk|user support|customer requirements|sla|stakeholder management|end-user
REQ-R17-2.C.7.a,R17,Knowledge,2.C.7.a,English Language,"Knowledge of the structure and content of the English language including the meaning and spelling of words, and rules of composition and grammar.",3.37,37,0.029077,english language|english|technical english|business english|toeic|ielts|english proficiency|wrote in english|english communication
REQ-R17-4.A.2.b.4,R17,Work Activities,4.A.2.b.4,Developing Objectives and Strategies,Establishing long-range objectives and specifying the strategies and actions to achieve them.,3.37,38,0.029077,developing objectives and strategies|roadmap|strategy|develop organizational policies systems or processes|defined objectives|technical strategy|okr|planning
REQ-R18-4.A.3.b.1,R18,Work Activities,4.A.3.b.1,Working with Computers,"Using computers and computer systems (including hardware and software) to program, write software, set up functions, enter data, or process information.",4.96,1,0.042488,working with computers|program computer systems|implement security measures for computer or information systems|set up computer systems networks or other information systems|resolve computer problems|operate computer systems|process digital or online data|coding|deployment|configuration
REQ-R18-2.C.3.a,R18,Knowledge,2.C.3.a,Computers and Electronics,"Knowledge of circuit boards, processors, chips, electronic equipment, and computer hardware and software, including applications and programming.",4.63,2,0.039661,computers and electronics|computer systems|hardware|software|operating system|linux|windows|server|application|programming|computer science
REQ-R18-4.A.1.a.1,R18,Work Activities,4.A.1.a.1,Getting Information,"Observing, receiving, and otherwise obtaining information from all relevant sources.",4.59,3,0.039318,getting information|gathered information|collected data|research|investigated|read documents|gathered requirements|data collection|log collection
REQ-R18-4.A.2.b.1,R18,Work Activities,4.A.2.b.1,Making Decisions and Solving Problems,Analyzing information and evaluating results to choose the best solution and solve problems.,4.59,4,0.039318,making decisions and solving problems|decision making|problem solving|diagnose system or equipment problems|determined operational methods or procedures|resolved|selected
REQ-R18-4.A.2.b.3,R18,Work Activities,4.A.2.b.3,Updating and Using Relevant Knowledge,Keeping up-to-date technically and applying new knowledge to your job.,4.44,5,0.038033,updating and using relevant knowledge|maintain current knowledge in area of expertise|kept up to date|continuous learning|certification|training attended|research new technology
REQ-R18-4.A.2.a.2,R18,Work Activities,4.A.2.a.2,Processing Information,"Compiling, coding, categorizing, calculating, tabulating, auditing, or verifying information or data.",4.43,6,0.037948,processing information|data processing|etl|data cleaning|compiled records|aggregated data|transformed data|reconciled data|validated data quality
REQ-R18-4.A.4.a.2,R18,Work Activities,4.A.4.a.2,"Communicating with Supervisors, Peers, or Subordinates","Providing information to supervisors, co-workers, and subordinates by telephone, in written form, e-mail, or in person.",4.17,7,0.03572,communicating with supervisors peers or subordinates|team communication|communicate with others about specifications or project details|reported to manager|stand-up|collaborated with team|internal communication
REQ-R18-4.A.2.a.4,R18,Work Activities,4.A.2.a.4,Analyzing Data or Information,"Identifying the underlying principles, reasons, or facts of information by breaking down information or data into separate parts.",4.15,8,0.035549,analyzing data or information|data analysis|analyzed|analytics|analyzed performance of systems or equipment|analyzed data to improve operations|statistical analysis|log analysis|reporting
REQ-R18-4.A.1.a.2,R18,Work Activities,4.A.1.a.2,"Monitoring Processes, Materials, or Surroundings","Monitoring and reviewing information from materials, events, or the environment, to detect or assess problems.",4.03,10,0.034521,monitoring processes|monitored operations|monitored systems|monitored equipment|observability|alerting|monitor operation of computer or information technologies|compliance monitoring
REQ-R18-2.A.1.d,R18,Essential Skills,2.A.1.d,Speaking,Talking to others to convey information effectively.,4.0,15,0.034264,speaking|presented|presentation|demo|briefing|spoke at|public speaking|stand-up|knowledge sharing session|pitched
REQ-R18-2.A.1.a,R18,Essential Skills,2.A.1.a,Reading Comprehension,Understanding written sentences and paragraphs in work-related documents.,3.88,19,0.033236,reading comprehension|read documentation|technical documentation|specification|requirements document|read specs|rfc|reviewed documents|documentation review
REQ-R18-4.A.1.b.1,R18,Work Activities,4.A.1.b.1,"Identifying Objects, Actions, and Events","Identifying information by categorizing, estimating, recognizing differences or similarities, and detecting changes in circumstances or events.",3.78,20,0.03238,identifying objects actions and events|identified issues|detected|recognized patterns|classified|identified opportunities|anomaly detection|event identification
REQ-R18-2.A.1.b,R18,Essential Skills,2.A.1.b,Active Listening,"Giving full attention to what other people are saying, taking time to understand the points being made, asking questions as appropriate, and not interrupting at inappropriate times.",3.75,21,0.032123,active listening|stakeholder interview|requirements gathering|gathered requirements|user interview|listened to stakeholders|elicitation|client meeting
REQ-R18-2.A.2.a,R18,Essential Skills,2.A.2.a,Critical Thinking,"Using logic and reasoning to identify the strengths and weaknesses of alternative solutions, conclusions, or approaches to problems.",3.75,22,0.032123,critical thinking|root cause analysis|evaluated alternatives|trade-off analysis|assessed options|analytical reasoning|weighed pros and cons|design review
REQ-R18-2.B.4.g,R18,Transferable Skills,2.B.4.g,Systems Analysis,"Determining how a system should work and how changes in conditions, operations, and the environment will affect outcomes.",3.75,23,0.032123,systems analysis|system analysis|analyzed system|impact analysis|data flow|process modeling|how the system works|dependency analysis
REQ-R18-2.B.4.h,R18,Transferable Skills,2.B.4.h,Systems Evaluation,"Identifying measures or indicators of system performance and the actions needed to improve or correct performance, relative to the goals of the system.",3.75,24,0.032123,systems evaluation|performance evaluation|benchmarking|measured system performance|capacity assessment|evaluated system|slo|sla review
REQ-R18-2.C.1.e,R18,Knowledge,2.C.1.e,Customer and Personal Service,"Knowledge of principles and processes for providing customer and personal services. This includes customer needs assessment, meeting quality standards for services, and evaluation of customer satisfaction.",3.7,25,0.031694,customer and personal service|customer service|client support|service desk|user support|customer requirements|sla|stakeholder management|end-user
REQ-R18-4.A.4.a.1,R18,Work Activities,4.A.4.a.1,Interpreting the Meaning of Information for Others,Translating or explaining what information means and how it can be used.,3.69,26,0.031609,interpreting the meaning of information for others|explain technical details of products or services|explained|translated technical to business|briefed stakeholders|presented findings|explain regulations policies or procedures
REQ-R18-4.A.2.a.3,R18,Work Activities,4.A.2.a.3,Evaluating Information to Determine Compliance with Standards,"Using relevant information and individual judgment to determine whether events or processes comply with laws, regulations, or standards.",3.68,27,0.031523,evaluating information to determine compliance with standards|compliance check|audit|standards compliance|policy compliance|examined documentation for accuracy or compliance|conformance review
REQ-R18-4.A.2.a.1,R18,Work Activities,4.A.2.a.1,"Judging the Qualities of Objects, Services, or People","Assessing the value, importance, or quality of things or people.",3.64,28,0.03118,judging the qualities|evaluated performance|assessed quality|vendor evaluation|evaluated the characteristics usefulness or performance of products or technologies|feasibility assessment|tool selection
REQ-R18-4.A.2.b.6,R18,Work Activities,4.A.2.b.6,"Organizing, Planning, and Prioritizing Work","Developing specific goals and plans to prioritize, organize, and accomplish your work.",3.64,29,0.03118,organizing planning and prioritizing work|planning|prioritization|backlog grooming|work planning|organized tasks|sprint planning|project planning
REQ-R18-4.A.2.b.2,R18,Work Activities,4.A.2.b.2,Thinking Creatively,"Developing, designing, or creating new applications, ideas, relationships, systems, or products, including artistic contributions.",3.63,30,0.031095,thinking creatively|design computer or information systems or applications|design databases|designed|developed new approach|innovation|created solution|proposed design|prototyping
REQ-R18-2.A.2.b,R18,Essential Skills,2.A.2.b,Active Learning,Understanding the implications of new information for both current and future problem-solving and decision-making.,3.62,32,0.031009,active learning|self-taught|learned|upskilled|certification|completed course|continuous learning|kept up to date|new technology adoption
REQ-R18-2.B.4.e,R18,Transferable Skills,2.B.4.e,Judgment and Decision Making,Considering the relative costs and benefits of potential actions to choose the most appropriate one.,3.62,33,0.031009,judgment and decision making|decision making|prioritized|selected approach|made trade-offs|chose technology|approved|recommended
REQ-R18-4.A.3.b.6,R18,Work Activities,4.A.3.b.6,Documenting/Recording Information,"Entering, transcribing, recording, storing, or maintaining information in written or electronic/magnetic form.",3.59,34,0.030752,documenting recording information|documentation|document technical designs procedures or activities|prepare reports of operational or procedural activities|maintain operational records|wrote report|logged|recorded|runbook|ticket notes
REQ-R18-4.A.4.a.4,R18,Work Activities,4.A.4.a.4,Establishing and Maintaining Interpersonal Relationships,"Developing constructive and cooperative working relationships with others, and maintaining them over time.",3.57,35,0.030581,establishing and maintaining interpersonal relationships|develop professional relationships or networks|built relationships|stakeholder relationship|networking|teamwork|cross-team collaboration
REQ-R18-2.C.7.a,R18,Knowledge,2.C.7.a,English Language,"Knowledge of the structure and content of the English language including the meaning and spelling of words, and rules of composition and grammar.",3.48,38,0.02981,english language|english|technical english|business english|toeic|ielts|english proficiency|wrote in english|english communication
REQ-R18-4.A.2.b.4,R18,Work Activities,4.A.2.b.4,Developing Objectives and Strategies,Establishing long-range objectives and specifying the strategies and actions to achieve them.,3.46,39,0.029639,developing objectives and strategies|roadmap|strategy|develop organizational policies systems or processes|defined objectives|technical strategy|okr|planning
REQ-R18-4.A.1.b.2,R18,Work Activities,4.A.1.b.2,"Inspecting Equipment, Structures, or Materials","Inspecting equipment, structures, or materials to identify the cause of errors or other problems or defects.",3.39,40,0.029039,inspecting equipment structures or materials|inspection|tested performance of computer or information systems|hardware inspection|equipment check|system test|audit of equipment
REQ-R18-2.A.1.c,R18,Essential Skills,2.A.1.c,Writing,Communicating effectively in writing as appropriate for the needs of the audience.,3.38,42,0.028953,writing|technical writing|wrote documentation|authored|report writing|documented|runbook|user guide|published|white paper|readme
REQ-R19-4.A.4.b.1,R19,Work Activities,4.A.4.b.1,Coordinating the Work and Activities of Others,Getting members of a group to work together to accomplish tasks.,4.86,1,0.037759,coordinating the work and activities of others|coordinate with others to resolve problems|assign work to others|coordinated team|task assignment|cross-functional coordination
REQ-R19-4.A.4.a.2,R19,Work Activities,4.A.4.a.2,"Communicating with Supervisors, Peers, or Subordinates","Providing information to supervisors, co-workers, and subordinates by telephone, in written form, e-mail, or in person.",4.7,2,0.036516,communicating with supervisors peers or subordinates|team communication|communicate with others about specifications or project details|reported to manager|stand-up|collaborated with team|internal communication
REQ-R19-4.A.1.a.1,R19,Work Activities,4.A.1.a.1,Getting Information,"Observing, receiving, and otherwise obtaining information from all relevant sources.",4.67,3,0.036283,getting information|gathered information|collected data|research|investigated|read documents|gathered requirements|data collection|log collection
REQ-R19-4.A.2.b.6,R19,Work Activities,4.A.2.b.6,"Organizing, Planning, and Prioritizing Work","Developing specific goals and plans to prioritize, organize, and accomplish your work.",4.62,4,0.035895,organizing planning and prioritizing work|planning|prioritization|backlog grooming|work planning|organized tasks|sprint planning|project planning
REQ-R19-4.A.3.b.1,R19,Work Activities,4.A.3.b.1,Working with Computers,"Using computers and computer systems (including hardware and software) to program, write software, set up functions, enter data, or process information.",4.52,5,0.035118,working with computers|program computer systems|implement security measures for computer or information systems|set up computer systems networks or other information systems|resolve computer problems|operate computer systems|process digital or online data|coding|deployment|configuration
REQ-R19-4.A.2.b.5,R19,Work Activities,4.A.2.b.5,Scheduling Work and Activities,"Scheduling events, programs, and activities, as well as the work of others.",4.45,6,0.034574,scheduling work and activities|scheduling|sprint schedule|release schedule|planned activities|calendar|timeline planning|job scheduling
REQ-R19-4.A.4.b.2,R19,Work Activities,4.A.4.b.2,Developing and Building Teams,"Encouraging and building mutual trust, respect, and cooperation among team members.",4.43,7,0.034418,developing and building teams|team building|provide support or encouragement to others|mentored team|onboarded new members|built the team|hiring
REQ-R19-4.A.2.b.1,R19,Work Activities,4.A.2.b.1,Making Decisions and Solving Problems,Analyzing information and evaluating results to choose the best solution and solve problems.,4.4,8,0.034185,making decisions and solving problems|decision making|problem solving|diagnose system or equipment problems|determined operational methods or procedures|resolved|selected
REQ-R19-4.A.2.b.3,R19,Work Activities,4.A.2.b.3,Updating and Using Relevant Knowledge,Keeping up-to-date technically and applying new knowledge to your job.,4.4,9,0.034185,updating and using relevant knowledge|maintain current knowledge in area of expertise|kept up to date|continuous learning|certification|training attended|research new technology
REQ-R19-4.A.4.c.3,R19,Work Activities,4.A.4.c.3,Monitoring and Controlling Resources,Monitoring and controlling resources and overseeing the spending of money.,4.4,10,0.034185,monitoring and controlling resources|monitor resources or inventories|purchase goods or services|resource management|budget control|license management|capacity management|inventory
REQ-R19-4.A.2.b.4,R19,Work Activities,4.A.2.b.4,Developing Objectives and Strategies,Establishing long-range objectives and specifying the strategies and actions to achieve them.,4.33,11,0.033642,developing objectives and strategies|roadmap|strategy|develop organizational policies systems or processes|defined objectives|technical strategy|okr|planning
REQ-R19-4.A.4.a.1,R19,Work Activities,4.A.4.a.1,Interpreting the Meaning of Information for Others,Translating or explaining what information means and how it can be used.,4.33,12,0.033642,interpreting the meaning of information for others|explain technical details of products or services|explained|translated technical to business|briefed stakeholders|presented findings|explain regulations policies or procedures
REQ-R19-4.A.4.a.4,R19,Work Activities,4.A.4.a.4,Establishing and Maintaining Interpersonal Relationships,"Developing constructive and cooperative working relationships with others, and maintaining them over time.",4.33,13,0.033642,establishing and maintaining interpersonal relationships|develop professional relationships or networks|built relationships|stakeholder relationship|networking|teamwork|cross-team collaboration
REQ-R19-2.C.7.a,R19,Knowledge,2.C.7.a,English Language,"Knowledge of the structure and content of the English language including the meaning and spelling of words, and rules of composition and grammar.",4.29,14,0.033331,english language|english|technical english|business english|toeic|ielts|english proficiency|wrote in english|english communication
REQ-R19-4.A.1.b.1,R19,Work Activities,4.A.1.b.1,"Identifying Objects, Actions, and Events","Identifying information by categorizing, estimating, recognizing differences or similarities, and detecting changes in circumstances or events.",4.29,15,0.033331,identifying objects actions and events|identified issues|detected|recognized patterns|classified|identified opportunities|anomaly detection|event identification
REQ-R19-4.A.4.b.4,R19,Work Activities,4.A.4.b.4,"Guiding, Directing, and Motivating Subordinates","Providing guidance and direction to subordinates, including setting performance standards and monitoring performance.",4.29,16,0.033331,guiding directing and motivating subordinates|direct organizational operations activities or procedures|supervise personnel activities|supervised|led|managed direct reports|team lead
REQ-R19-2.C.1.e,R19,Knowledge,2.C.1.e,Customer and Personal Service,"Knowledge of principles and processes for providing customer and personal services. This includes customer needs assessment, meeting quality standards for services, and evaluation of customer satisfaction.",4.24,17,0.032942,customer and personal service|customer service|client support|service desk|user support|customer requirements|sla|stakeholder management|end-user
REQ-R19-4.A.4.a.7,R19,Work Activities,4.A.4.a.7,Resolving Conflicts and Negotiating with Others,"Handling complaints, settling disputes, and resolving grievances and conflicts, or otherwise negotiating with others.",4.24,18,0.032942,resolving conflicts and negotiating with others|negotiate contracts or agreements|conflict resolution|mediated|negotiated|resolve personnel or operational problems|vendor negotiation
REQ-R19-2.C.3.a,R19,Knowledge,2.C.3.a,Computers and Electronics,"Knowledge of circuit boards, processors, chips, electronic equipment, and computer hardware and software, including applications and programming.",4.19,19,0.032554,computers and electronics|computer systems|hardware|software|operating system|linux|windows|server|application|programming|computer science
REQ-R19-4.A.3.b.6,R19,Work Activities,4.A.3.b.6,Documenting/Recording Information,"Entering, transcribing, recording, storing, or maintaining information in written or electronic/magnetic form.",4.19,20,0.032554,documenting recording information|documentation|document technical designs procedures or activities|prepare reports of operational or procedural activities|maintain operational records|wrote report|logged|recorded|runbook|ticket notes
REQ-R19-4.A.2.a.4,R19,Work Activities,4.A.2.a.4,Analyzing Data or Information,"Identifying the underlying principles, reasons, or facts of information by breaking down information or data into separate parts.",4.16,21,0.032321,analyzing data or information|data analysis|analyzed|analytics|analyzed performance of systems or equipment|analyzed data to improve operations|statistical analysis|log analysis|reporting
REQ-R19-4.A.2.a.2,R19,Work Activities,4.A.2.a.2,Processing Information,"Compiling, coding, categorizing, calculating, tabulating, auditing, or verifying information or data.",4.14,22,0.032165,processing information|data processing|etl|data cleaning|compiled records|aggregated data|transformed data|reconciled data|validated data quality
REQ-R19-4.A.4.a.3,R19,Work Activities,4.A.4.a.3,Communicating with People Outside the Organization,"Communicating with people outside the organization, representing the organization to customers, the public, government, and other external sources. This information can be exchanged in person, in writing, or by telephone or e-mail.",4.14,23,0.032165,communicating with people outside the organization|client communication|vendor communication|external stakeholders|provide information or assistance to the public|customer meeting
REQ-R19-2.A.2.a,R19,Essential Skills,2.A.2.a,Critical Thinking,"Using logic and reasoning to identify the strengths and weaknesses of alternative solutions, conclusions, or approaches to problems.",4.12,24,0.03201,critical thinking|root cause analysis|evaluated alternatives|trade-off analysis|assessed options|analytical reasoning|weighed pros and cons|design review
REQ-R19-4.A.1.a.2,R19,Work Activities,4.A.1.a.2,"Monitoring Processes, Materials, or Surroundings","Monitoring and reviewing information from materials, events, or the environment, to detect or assess problems.",4.1,25,0.031855,monitoring processes|monitored operations|monitored systems|monitored equipment|observability|alerting|monitor operation of computer or information technologies|compliance monitoring
REQ-R19-2.A.1.a,R19,Essential Skills,2.A.1.a,Reading Comprehension,Understanding written sentences and paragraphs in work-related documents.,4.0,31,0.031078,reading comprehension|read documentation|technical documentation|specification|requirements document|read specs|rfc|reviewed documents|documentation review
REQ-R19-2.A.1.b,R19,Essential Skills,2.A.1.b,Active Listening,"Giving full attention to what other people are saying, taking time to understand the points being made, asking questions as appropriate, and not interrupting at inappropriate times.",4.0,32,0.031078,active listening|stakeholder interview|requirements gathering|gathered requirements|user interview|listened to stakeholders|elicitation|client meeting
REQ-R19-2.B.1.b,R19,Transferable Skills,2.B.1.b,Coordination,Adjusting actions in relation to others' actions.,4.0,35,0.031078,coordination|coordinated|cross-functional|liaised|aligned teams|worked with teams|stakeholder coordination|scrum ceremonies
REQ-R19-2.B.5.a,R19,Transferable Skills,2.B.5.a,Time Management,Managing one's own time and the time of others.,4.0,36,0.031078,time management|met deadlines|on schedule|sprint planning|prioritized workload|delivered on time|timeboxed
REQ-R19-2.B.5.d,R19,Transferable Skills,2.B.5.d,Management of Personnel Resources,"Motivating, developing, and directing people as they work, identifying the best people for the job.",3.88,44,0.030145,management of personnel resources|team management|managed team|staffing|resource allocation|assigned work|people management|led team of
REQ-R20-4.A.3.b.1,R20,Work Activities,4.A.3.b.1,Working with Computers,"Using computers and computer systems (including hardware and software) to program, write software, set up functions, enter data, or process information.",4.9,1,0.040346,working with computers|program computer systems|implement security measures for computer or information systems|set up computer systems networks or other information systems|resolve computer problems|operate computer systems|process digital or online data|coding|deployment|configuration
REQ-R20-2.C.3.a,R20,Knowledge,2.C.3.a,Computers and Electronics,"Knowledge of circuit boards, processors, chips, electronic equipment, and computer hardware and software, including applications and programming.",4.77,2,0.039275,computers and electronics|computer systems|hardware|software|operating system|linux|windows|server|application|programming|computer science
REQ-R20-4.A.2.b.1,R20,Work Activities,4.A.2.b.1,Making Decisions and Solving Problems,Analyzing information and evaluating results to choose the best solution and solve problems.,4.51,3,0.037135,making decisions and solving problems|decision making|problem solving|diagnose system or equipment problems|determined operational methods or procedures|resolved|selected
REQ-R20-4.A.1.a.1,R20,Work Activities,4.A.1.a.1,Getting Information,"Observing, receiving, and otherwise obtaining information from all relevant sources.",4.43,4,0.036476,getting information|gathered information|collected data|research|investigated|read documents|gathered requirements|data collection|log collection
REQ-R20-4.A.4.a.2,R20,Work Activities,4.A.4.a.2,"Communicating with Supervisors, Peers, or Subordinates","Providing information to supervisors, co-workers, and subordinates by telephone, in written form, e-mail, or in person.",4.36,5,0.0359,communicating with supervisors peers or subordinates|team communication|communicate with others about specifications or project details|reported to manager|stand-up|collaborated with team|internal communication
REQ-R20-4.A.1.b.1,R20,Work Activities,4.A.1.b.1,"Identifying Objects, Actions, and Events","Identifying information by categorizing, estimating, recognizing differences or similarities, and detecting changes in circumstances or events.",4.31,6,0.035488,identifying objects actions and events|identified issues|detected|recognized patterns|classified|identified opportunities|anomaly detection|event identification
REQ-R20-4.A.2.b.6,R20,Work Activities,4.A.2.b.6,"Organizing, Planning, and Prioritizing Work","Developing specific goals and plans to prioritize, organize, and accomplish your work.",4.31,7,0.035488,organizing planning and prioritizing work|planning|prioritization|backlog grooming|work planning|organized tasks|sprint planning|project planning
REQ-R20-4.A.2.a.4,R20,Work Activities,4.A.2.a.4,Analyzing Data or Information,"Identifying the underlying principles, reasons, or facts of information by breaking down information or data into separate parts.",4.25,8,0.034994,analyzing data or information|data analysis|analyzed|analytics|analyzed performance of systems or equipment|analyzed data to improve operations|statistical analysis|log analysis|reporting
REQ-R20-2.A.2.a,R20,Essential Skills,2.A.2.a,Critical Thinking,"Using logic and reasoning to identify the strengths and weaknesses of alternative solutions, conclusions, or approaches to problems.",4.12,9,0.033923,critical thinking|root cause analysis|evaluated alternatives|trade-off analysis|assessed options|analytical reasoning|weighed pros and cons|design review
REQ-R20-4.A.4.b.2,R20,Work Activities,4.A.4.b.2,Developing and Building Teams,"Encouraging and building mutual trust, respect, and cooperation among team members.",4.12,10,0.033923,developing and building teams|team building|provide support or encouragement to others|mentored team|onboarded new members|built the team|hiring
REQ-R20-2.C.1.e,R20,Knowledge,2.C.1.e,Customer and Personal Service,"Knowledge of principles and processes for providing customer and personal services. This includes customer needs assessment, meeting quality standards for services, and evaluation of customer satisfaction.",4.05,11,0.033347,customer and personal service|customer service|client support|service desk|user support|customer requirements|sla|stakeholder management|end-user
REQ-R20-2.A.1.a,R20,Essential Skills,2.A.1.a,Reading Comprehension,Understanding written sentences and paragraphs in work-related documents.,4.0,18,0.032935,reading comprehension|read documentation|technical documentation|specification|requirements document|read specs|rfc|reviewed documents|documentation review
REQ-R20-2.A.1.b,R20,Essential Skills,2.A.1.b,Active Listening,"Giving full attention to what other people are saying, taking time to understand the points being made, asking questions as appropriate, and not interrupting at inappropriate times.",4.0,19,0.032935,active listening|stakeholder interview|requirements gathering|gathered requirements|user interview|listened to stakeholders|elicitation|client meeting
REQ-R20-4.A.2.b.4,R20,Work Activities,4.A.2.b.4,Developing Objectives and Strategies,Establishing long-range objectives and specifying the strategies and actions to achieve them.,3.99,20,0.032853,developing objectives and strategies|roadmap|strategy|develop organizational policies systems or processes|defined objectives|technical strategy|okr|planning
REQ-R20-4.A.4.b.4,R20,Work Activities,4.A.4.b.4,"Guiding, Directing, and Motivating Subordinates","Providing guidance and direction to subordinates, including setting performance standards and monitoring performance.",3.98,21,0.032771,guiding directing and motivating subordinates|direct organizational operations activities or procedures|supervise personnel activities|supervised|led|managed direct reports|team lead
REQ-R20-4.A.2.a.2,R20,Work Activities,4.A.2.a.2,Processing Information,"Compiling, coding, categorizing, calculating, tabulating, auditing, or verifying information or data.",3.94,22,0.032441,processing information|data processing|etl|data cleaning|compiled records|aggregated data|transformed data|reconciled data|validated data quality
REQ-R20-4.A.4.a.4,R20,Work Activities,4.A.4.a.4,Establishing and Maintaining Interpersonal Relationships,"Developing constructive and cooperative working relationships with others, and maintaining them over time.",3.9,23,0.032112,establishing and maintaining interpersonal relationships|develop professional relationships or networks|built relationships|stakeholder relationship|networking|teamwork|cross-team collaboration
REQ-R20-4.A.4.b.1,R20,Work Activities,4.A.4.b.1,Coordinating the Work and Activities of Others,Getting members of a group to work together to accomplish tasks.,3.9,24,0.032112,coordinating the work and activities of others|coordinate with others to resolve problems|assign work to others|coordinated team|task assignment|cross-functional coordination
REQ-R20-4.A.2.b.3,R20,Work Activities,4.A.2.b.3,Updating and Using Relevant Knowledge,Keeping up-to-date technically and applying new knowledge to your job.,3.89,25,0.03203,updating and using relevant knowledge|maintain current knowledge in area of expertise|kept up to date|continuous learning|certification|training attended|research new technology
REQ-R20-2.A.1.d,R20,Essential Skills,2.A.1.d,Speaking,Talking to others to convey information effectively.,3.88,26,0.031947,speaking|presented|presentation|demo|briefing|spoke at|public speaking|stand-up|knowledge sharing session|pitched
REQ-R20-2.A.2.d,R20,Essential Skills,2.A.2.d,Monitoring,"Monitoring/Assessing performance of yourself, other individuals, or organizations to make improvements or take corrective action.",3.88,27,0.031947,monitoring|monitored|observability|tracked performance|kpi tracking|dashboard monitoring|alerting|health check|performance monitoring
REQ-R20-2.B.4.e,R20,Transferable Skills,2.B.4.e,Judgment and Decision Making,Considering the relative costs and benefits of potential actions to choose the most appropriate one.,3.88,28,0.031947,judgment and decision making|decision making|prioritized|selected approach|made trade-offs|chose technology|approved|recommended
REQ-R20-4.A.2.a.1,R20,Work Activities,4.A.2.a.1,"Judging the Qualities of Objects, Services, or People","Assessing the value, importance, or quality of things or people.",3.86,29,0.031783,judging the qualities|evaluated performance|assessed quality|vendor evaluation|evaluated the characteristics usefulness or performance of products or technologies|feasibility assessment|tool selection
REQ-R20-4.A.1.a.2,R20,Work Activities,4.A.1.a.2,"Monitoring Processes, Materials, or Surroundings","Monitoring and reviewing information from materials, events, or the environment, to detect or assess problems.",3.79,30,0.031206,monitoring processes|monitored operations|monitored systems|monitored equipment|observability|alerting|monitor operation of computer or information technologies|compliance monitoring
REQ-R20-4.A.4.b.5,R20,Work Activities,4.A.4.b.5,Coaching and Developing Others,"Identifying the developmental needs of others and coaching, mentoring, or otherwise helping others to improve their knowledge or skills.",3.76,31,0.030959,coaching and developing others|coach others|mentoring|mentored|coached|career development|1:1 coaching|peer coaching
REQ-R20-2.A.1.c,R20,Essential Skills,2.A.1.c,Writing,Communicating effectively in writing as appropriate for the needs of the audience.,3.75,35,0.030877,writing|technical writing|wrote documentation|authored|report writing|documented|runbook|user guide|published|white paper|readme
REQ-R20-2.B.1.b,R20,Transferable Skills,2.B.1.b,Coordination,Adjusting actions in relation to others' actions.,3.75,36,0.030877,coordination|coordinated|cross-functional|liaised|aligned teams|worked with teams|stakeholder coordination|scrum ceremonies
REQ-R20-2.B.2.i,R20,Transferable Skills,2.B.2.i,Complex Problem Solving,Identifying complex problems and reviewing related information to develop and evaluate options and implement solutions.,3.75,37,0.030877,complex problem solving|solved|resolved|troubleshooting complex issues|debugged|incident resolution|root cause|postmortem|problem solving
REQ-R20-4.A.2.a.3,R20,Work Activities,4.A.2.a.3,Evaluating Information to Determine Compliance with Standards,"Using relevant information and individual judgment to determine whether events or processes comply with laws, regulations, or standards.",3.72,38,0.03063,evaluating information to determine compliance with standards|compliance check|audit|standards compliance|policy compliance|examined documentation for accuracy or compliance|conformance review
REQ-R20-2.C.1.a,R20,Knowledge,2.C.1.a,Administration and Management,"Knowledge of business and management principles involved in strategic planning, resource allocation, human resources modeling, leadership technique, production methods, and coordination of people and resources.",3.7,40,0.030465,administration and management|project management|strategic planning|resource planning|business operations|budgeting|governance|leadership|pmp
