role_id,target_role,soc_code,domain,element_id,element_name,element_description,importance_im,level_lv,rank_in_role,weight_renormalized,selected_reason,element_aliases,snapshot_version
R01,Software Engineer (Backend/Full-stack),15-1252.00,Knowledge,2.C.3.a,Computers and Electronics,"Knowledge of circuit boards, processors, chips, electronic equipment, and computer hardware and software, including applications and programming.",4.75,6.23,1,0.040553,domain_quota,,O*NET 31.0 (Aug 2026)
R01,Software Engineer (Backend/Full-stack),15-1252.00,Work Activities,4.A.3.b.1,Working with Computers,"Using computers and computer systems (including hardware and software) to program, write software, set up functions, enter data, or process information.",4.61,4.92,2,0.039358,domain_quota,,O*NET 31.0 (Aug 2026)
R01,Software Engineer (Backend/Full-stack),15-1252.00,Work Activities,4.A.2.a.2,Processing Information,"Compiling, coding, categorizing, calculating, tabulating, auditing, or verifying information or data.",4.38,5.06,3,0.037394,domain_quota,,O*NET 31.0 (Aug 2026)
R01,Software Engineer (Backend/Full-stack),15-1252.00,Work Activities,4.A.2.b.1,Making Decisions and Solving Problems,Analyzing information and evaluating results to choose the best solution and solve problems.,4.34,5.09,4,0.037053,domain_quota,,O*NET 31.0 (Aug 2026)
R01,Software Engineer (Backend/Full-stack),15-1252.00,Work Activities,4.A.2.b.2,Thinking Creatively,"Developing, designing, or creating new applications, ideas, relationships, systems, or products, including artistic contributions.",4.33,5.45,5,0.036967,top_rank,,O*NET 31.0 (Aug 2026)
R01,Software Engineer (Backend/Full-stack),15-1252.00,Work Activities,4.A.4.a.2,"Communicating with Supervisors, Peers, or Subordinates","Providing information to supervisors, co-workers, and subordinates by telephone, in written form, e-mail, or in person.",4.23,4.12,6,0.036114,top_rank,,O*NET 31.0 (Aug 2026)
R01,Software Engineer (Backend/Full-stack),15-1252.00,Work Activities,4.A.2.a.4,Analyzing Data or Information,"Identifying the underlying principles, reasons, or facts of information by breaking down information or data into separate parts.",4.2,4.77,7,0.035858,top_rank,,O*NET 31.0 (Aug 2026)
R01,Software Engineer (Backend/Full-stack),15-1252.00,Work Activities,4.A.2.b.3,Updating and Using Relevant Knowledge,Keeping up-to-date technically and applying new knowledge to your job.,4.1,5.16,8,0.035004,top_rank,,O*NET 31.0 (Aug 2026)
R01,Software Engineer (Backend/Full-stack),15-1252.00,Work Activities,4.A.2.b.6,"Organizing, Planning, and Prioritizing Work","Developing specific goals and plans to prioritize, organize, and accomplish your work.",4.06,4.96,9,0.034662,top_rank,,O*NET 31.0 (Aug 2026)
R01,Software Engineer (Backend/Full-stack),15-1252.00,Work Activities,4.A.1.a.1,Getting Information,"Observing, receiving, and otherwise obtaining information from all relevant sources.",4.04,4.08,10,0.034492,top_rank,,O*NET 31.0 (Aug 2026)
R01,Software Engineer (Backend/Full-stack),15-1252.00,Transferable Skills,2.B.3.e,Programming,Writing computer programs for various purposes.,4,4.12,11,0.03415,domain_quota,,O*NET 31.0 (Aug 2026)
R01,Software Engineer (Backend/Full-stack),15-1252.00,Work Activities,4.A.2.a.3,Evaluating Information to Determine Compliance with Standards,"Using relevant information and individual judgment to determine whether events or processes comply with laws, regulations, or standards.",3.94,4.42,12,0.033638,top_rank,,O*NET 31.0 (Aug 2026)
R01,Software Engineer (Backend/Full-stack),15-1252.00,Essential Skills,2.A.2.a,Critical Thinking,"Using logic and reasoning to identify the strengths and weaknesses of alternative solutions, conclusions, or approaches to problems.",3.88,4.12,13,0.033126,domain_quota,,O*NET 31.0 (Aug 2026)
R01,Software Engineer (Backend/Full-stack),15-1252.00,Work Activities,4.A.3.b.6,Documenting/Recording Information,"Entering, transcribing, recording, storing, or maintaining information in written or electronic/magnetic form.",3.78,3.78,14,0.032272,top_rank,,O*NET 31.0 (Aug 2026)
R01,Software Engineer (Backend/Full-stack),15-1252.00,Work Activities,4.A.2.b.4,Developing Objectives and Strategies,Establishing long-range objectives and specifying the strategies and actions to achieve them.,3.76,3.95,15,0.032101,top_rank,,O*NET 31.0 (Aug 2026)
R01,Software Engineer (Backend/Full-stack),15-1252.00,Abilities,1.A.1.a.1,Oral Comprehension,The ability to listen to and understand information and ideas presented through spoken words and sentences.,3.75,4.12,16,0.032016,domain_quota,,O*NET 31.0 (Aug 2026)
R01,Software Engineer (Backend/Full-stack),15-1252.00,Abilities,1.A.1.a.2,Written Comprehension,The ability to read and understand information and ideas presented in writing.,3.75,4.38,17,0.032016,domain_quota,,O*NET 31.0 (Aug 2026)
R01,Software Engineer (Backend/Full-stack),15-1252.00,Abilities,1.A.1.a.3,Oral Expression,The ability to communicate information and ideas in speaking so others will understand.,3.75,4.12,18,0.032016,domain_quota,,O*NET 31.0 (Aug 2026)
R01,Software Engineer (Backend/Full-stack),15-1252.00,Abilities,1.A.1.b.3,Problem Sensitivity,"The ability to tell when something is wrong or is likely to go wrong. It does not involve solving the problem, only recognizing that there is a problem.",3.75,3.88,19,0.032016,top_rank,,O*NET 31.0 (Aug 2026)
R01,Software Engineer (Backend/Full-stack),15-1252.00,Abilities,1.A.1.b.4,Deductive Reasoning,The ability to apply general rules to specific problems to produce answers that make sense.,3.75,4,20,0.032016,top_rank,,O*NET 31.0 (Aug 2026)
R01,Software Engineer (Backend/Full-stack),15-1252.00,Abilities,1.A.4.a.1,Near Vision,The ability to see details at close range (within a few feet of the observer).,3.75,3.75,21,0.032016,top_rank,,O*NET 31.0 (Aug 2026)
R01,Software Engineer (Backend/Full-stack),15-1252.00,Work Activities,4.A.1.a.2,"Monitoring Processes, Materials, or Surroundings","Monitoring and reviewing information from materials, events, or the environment, to detect or assess problems.",3.7,3.93,22,0.031589,top_rank,,O*NET 31.0 (Aug 2026)
R01,Software Engineer (Backend/Full-stack),15-1252.00,Work Activities,4.A.1.b.1,"Identifying Objects, Actions, and Events","Identifying information by categorizing, estimating, recognizing differences or similarities, and detecting changes in circumstances or events.",3.66,3.73,23,0.031247,top_rank,,O*NET 31.0 (Aug 2026)
R01,Software Engineer (Backend/Full-stack),15-1252.00,Abilities,1.A.1.b.6,Information Ordering,"The ability to arrange things or actions in a certain order or pattern according to a specific rule or set of rules (e.g., patterns of numbers, letters, words, pictures, mathematical operations).",3.62,3.88,24,0.030906,top_rank,,O*NET 31.0 (Aug 2026)
R01,Software Engineer (Backend/Full-stack),15-1252.00,Transferable Skills,2.B.4.e,Judgment and Decision Making,Considering the relative costs and benefits of potential actions to choose the most appropriate one.,3.62,3.75,25,0.030906,domain_quota,,O*NET 31.0 (Aug 2026)
R01,Software Engineer (Backend/Full-stack),15-1252.00,Knowledge,2.C.4.a,Mathematics,"Knowledge of arithmetic, algebra, geometry, calculus, statistics, and their applications.",3.57,4.55,27,0.030479,domain_quota,,O*NET 31.0 (Aug 2026)
R01,Software Engineer (Backend/Full-stack),15-1252.00,Knowledge,2.C.1.e,Customer and Personal Service,"Knowledge of principles and processes for providing customer and personal services. This includes customer needs assessment, meeting quality standards for services, and evaluation of customer satisfaction.",3.56,4.12,28,0.030394,domain_quota,,O*NET 31.0 (Aug 2026)
R01,Software Engineer (Backend/Full-stack),15-1252.00,Essential Skills,2.A.1.a,Reading Comprehension,Understanding written sentences and paragraphs in work-related documents.,3.5,4.25,33,0.029881,domain_quota,,O*NET 31.0 (Aug 2026)
R01,Software Engineer (Backend/Full-stack),15-1252.00,Essential Skills,2.A.2.b,Active Learning,Understanding the implications of new information for both current and future problem-solving and decision-making.,3.5,3.62,34,0.029881,domain_quota,,O*NET 31.0 (Aug 2026)
R01,Software Engineer (Backend/Full-stack),15-1252.00,Transferable Skills,2.B.4.g,Systems Analysis,"Determining how a system should work and how changes in conditions, operations, and the environment will affect outcomes.",3.5,3.88,35,0.029881,domain_quota,,O*NET 31.0 (Aug 2026)
R02,Web Developer,15-1254.00,Work Activities,4.A.3.b.1,Working with Computers,"Using computers and computer systems (including hardware and software) to program, write software, set up functions, enter data, or process information.",4.88,4.79,1,0.042672,domain_quota,,O*NET 31.0 (Aug 2026)
R02,Web Developer,15-1254.00,Work Activities,4.A.1.a.1,Getting Information,"Observing, receiving, and otherwise obtaining information from all relevant sources.",4.48,4.35,2,0.039175,domain_quota,,O*NET 31.0 (Aug 2026)
R02,Web Developer,15-1254.00,Knowledge,2.C.3.a,Computers and Electronics,"Knowledge of circuit boards, processors, chips, electronic equipment, and computer hardware and software, including applications and programming.",4.38,5.75,3,0.0383,domain_quota,,O*NET 31.0 (Aug 2026)
R02,Web Developer,15-1254.00,Work Activities,4.A.2.b.2,Thinking Creatively,"Developing, designing, or creating new applications, ideas, relationships, systems, or products, including artistic contributions.",4.38,5.75,4,0.0383,domain_quota,,O*NET 31.0 (Aug 2026)
R02,Web Developer,15-1254.00,Work Activities,4.A.2.b.3,Updating and Using Relevant Knowledge,Keeping up-to-date technically and applying new knowledge to your job.,4.29,5.5,5,0.037513,top_rank,,O*NET 31.0 (Aug 2026)
R02,Web Developer,15-1254.00,Work Activities,4.A.2.b.1,Making Decisions and Solving Problems,Analyzing information and evaluating results to choose the best solution and solve problems.,4.25,4.96,6,0.037163,top_rank,,O*NET 31.0 (Aug 2026)
R02,Web Developer,15-1254.00,Work Activities,4.A.2.a.2,Processing Information,"Compiling, coding, categorizing, calculating, tabulating, auditing, or verifying information or data.",4.13,5.17,7,0.036114,top_rank,,O*NET 31.0 (Aug 2026)
R02,Web Developer,15-1254.00,Transferable Skills,2.B.3.e,Programming,Writing computer programs for various purposes.,4.12,4.25,8,0.036027,domain_quota,,O*NET 31.0 (Aug 2026)
R02,Web Developer,15-1254.00,Work Activities,4.A.2.b.6,"Organizing, Planning, and Prioritizing Work","Developing specific goals and plans to prioritize, organize, and accomplish your work.",3.91,5,9,0.03419,top_rank,,O*NET 31.0 (Aug 2026)
R02,Web Developer,15-1254.00,Abilities,1.A.1.b.4,Deductive Reasoning,The ability to apply general rules to specific problems to produce answers that make sense.,3.88,4,10,0.033928,domain_quota,,O*NET 31.0 (Aug 2026)
R02,Web Developer,15-1254.00,Work Activities,4.A.4.a.2,"Communicating with Supervisors, Peers, or Subordinates","Providing information to supervisors, co-workers, and subordinates by telephone, in written form, e-mail, or in person.",3.88,4.38,11,0.033928,top_rank,,O*NET 31.0 (Aug 2026)
R02,Web Developer,15-1254.00,Abilities,1.A.1.a.1,Oral Comprehension,The ability to listen to and understand information and ideas presented through spoken words and sentences.,3.75,4,12,0.032791,domain_quota,,O*NET 31.0 (Aug 2026)
R02,Web Developer,15-1254.00,Essential Skills,2.A.2.a,Critical Thinking,"Using logic and reasoning to identify the strengths and weaknesses of alternative solutions, conclusions, or approaches to problems.",3.75,3.88,13,0.032791,domain_quota,,O*NET 31.0 (Aug 2026)
R02,Web Developer,15-1254.00,Work Activities,4.A.1.b.1,"Identifying Objects, Actions, and Events","Identifying information by categorizing, estimating, recognizing differences or similarities, and detecting changes in circumstances or events.",3.67,4,14,0.032092,top_rank,,O*NET 31.0 (Aug 2026)
R02,Web Developer,15-1254.00,Abilities,1.A.1.a.2,Written Comprehension,The ability to read and understand information and ideas presented in writing.,3.62,3.88,15,0.031654,domain_quota,,O*NET 31.0 (Aug 2026)
R02,Web Developer,15-1254.00,Abilities,1.A.1.b.3,Problem Sensitivity,"The ability to tell when something is wrong or is likely to go wrong. It does not involve solving the problem, only recognizing that there is a problem.",3.62,3.75,16,0.031654,top_rank,,O*NET 31.0 (Aug 2026)
R02,Web Developer,15-1254.00,Abilities,1.A.4.a.1,Near Vision,The ability to see details at close range (within a few feet of the observer).,3.62,4,17,0.031654,top_rank,,O*NET 31.0 (Aug 2026)
R02,Web Developer,15-1254.00,Essential Skills,2.A.1.a,Reading Comprehension,Understanding written sentences and paragraphs in work-related documents.,3.62,4,18,0.031654,domain_quota,,O*NET 31.0 (Aug 2026)
R02,Web Developer,15-1254.00,Transferable Skills,2.B.2.i,Complex Problem Solving,Identifying complex problems and reviewing related information to develop and evaluate options and implement solutions.,3.62,3.62,19,0.031654,domain_quota,,O*NET 31.0 (Aug 2026)
R02,Web Developer,15-1254.00,Transferable Skills,2.B.3.a,Operations Analysis,Analyzing needs and product requirements to create a design.,3.62,4,20,0.031654,domain_quota,,O*NET 31.0 (Aug 2026)
R02,Web Developer,15-1254.00,Knowledge,2.C.7.a,English Language,"Knowledge of the structure and content of the English language including the meaning and spelling of words, and rules of composition and grammar.",3.54,4,21,0.030955,domain_quota,,O*NET 31.0 (Aug 2026)
R02,Web Developer,15-1254.00,Work Activities,4.A.2.a.4,Analyzing Data or Information,"Identifying the underlying principles, reasons, or facts of information by breaking down information or data into separate parts.",3.54,4.25,22,0.030955,top_rank,,O*NET 31.0 (Aug 2026)
R02,Web Developer,15-1254.00,Work Activities,4.A.4.a.4,Establishing and Maintaining Interpersonal Relationships,"Developing constructive and cooperative working relationships with others, and maintaining them over time.",3.54,4.62,23,0.030955,top_rank,,O*NET 31.0 (Aug 2026)
R02,Web Developer,15-1254.00,Abilities,1.A.1.b.5,Inductive Reasoning,The ability to combine pieces of information to form general rules or conclusions (includes finding a relationship among seemingly unrelated events).,3.5,3.38,24,0.030605,top_rank,,O*NET 31.0 (Aug 2026)
R02,Web Developer,15-1254.00,Abilities,1.A.1.b.6,Information Ordering,"The ability to arrange things or actions in a certain order or pattern according to a specific rule or set of rules (e.g., patterns of numbers, letters, words, pictures, mathematical operations).",3.5,3.75,25,0.030605,top_rank,,O*NET 31.0 (Aug 2026)
R02,Web Developer,15-1254.00,Essential Skills,2.A.1.b,Active Listening,"Giving full attention to what other people are saying, taking time to understand the points being made, asking questions as appropriate, and not interrupting at inappropriate times.",3.5,3.5,26,0.030605,domain_quota,,O*NET 31.0 (Aug 2026)
R02,Web Developer,15-1254.00,Essential Skills,2.A.2.b,Active Learning,Understanding the implications of new information for both current and future problem-solving and decision-making.,3.5,3.62,27,0.030605,top_rank,,O*NET 31.0 (Aug 2026)
R02,Web Developer,15-1254.00,Work Activities,4.A.2.b.5,Scheduling Work and Activities,"Scheduling events, programs, and activities, as well as the work of others.",3.46,4.21,28,0.030255,top_rank,,O*NET 31.0 (Aug 2026)
R02,Web Developer,15-1254.00,Work Activities,4.A.3.b.6,Documenting/Recording Information,"Entering, transcribing, recording, storing, or maintaining information in written or electronic/magnetic form.",3.46,3.62,29,0.030255,top_rank,,O*NET 31.0 (Aug 2026)
R02,Web Developer,15-1254.00,Knowledge,2.C.4.a,Mathematics,"Knowledge of arithmetic, algebra, geometry, calculus, statistics, and their applications.",3.35,3.91,33,0.029293,domain_quota,,O*NET 31.0 (Aug 2026)
R03,Application / Mobile Developer,15-1251.00,Work Activities,4.A.3.b.1,Working with Computers,"Using computers and computer systems (including hardware and software) to program, write software, set up functions, enter data, or process information.",4.95,5.99,1,0.041309,domain_quota,,O*NET 31.0 (Aug 2026)
R03,Application / Mobile Developer,15-1251.00,Knowledge,2.C.3.a,Computers and Electronics,"Knowledge of circuit boards, processors, chips, electronic equipment, and computer hardware and software, including applications and programming.",4.87,6.16,2,0.040641,domain_quota,,O*NET 31.0 (Aug 2026)
R03,Application / Mobile Developer,15-1251.00,Transferable Skills,2.B.3.e,Programming,Writing computer programs for various purposes.,4.75,4.88,3,0.039639,domain_quota,,O*NET 31.0 (Aug 2026)
R03,Application / Mobile Developer,15-1251.00,Work Activities,4.A.2.a.2,Processing Information,"Compiling, coding, categorizing, calculating, tabulating, auditing, or verifying information or data.",4.59,5.67,4,0.038304,domain_quota,,O*NET 31.0 (Aug 2026)
R03,Application / Mobile Developer,15-1251.00,Work Activities,4.A.2.a.4,Analyzing Data or Information,"Identifying the underlying principles, reasons, or facts of information by breaking down information or data into separate parts.",4.52,5.72,5,0.03772,domain_quota,,O*NET 31.0 (Aug 2026)
R03,Application / Mobile Developer,15-1251.00,Work Activities,4.A.1.a.1,Getting Information,"Observing, receiving, and otherwise obtaining information from all relevant sources.",4.51,4.43,6,0.037637,top_rank,,O*NET 31.0 (Aug 2026)
R03,Application / Mobile Developer,15-1251.00,Work Activities,4.A.2.b.1,Making Decisions and Solving Problems,Analyzing information and evaluating results to choose the best solution and solve problems.,4.45,4.98,7,0.037136,top_rank,,O*NET 31.0 (Aug 2026)
R03,Application / Mobile Developer,15-1251.00,Work Activities,4.A.2.b.2,Thinking Creatively,"Developing, designing, or creating new applications, ideas, relationships, systems, or products, including artistic contributions.",4.35,5.77,8,0.036301,top_rank,,O*NET 31.0 (Aug 2026)
R03,Application / Mobile Developer,15-1251.00,Work Activities,4.A.1.b.1,"Identifying Objects, Actions, and Events","Identifying information by categorizing, estimating, recognizing differences or similarities, and detecting changes in circumstances or events.",4.22,4.78,9,0.035217,top_rank,,O*NET 31.0 (Aug 2026)
R03,Application / Mobile Developer,15-1251.00,Work Activities,4.A.2.b.3,Updating and Using Relevant Knowledge,Keeping up-to-date technically and applying new knowledge to your job.,4.16,5.44,10,0.034716,top_rank,,O*NET 31.0 (Aug 2026)
R03,Application / Mobile Developer,15-1251.00,Work Activities,4.A.4.a.2,"Communicating with Supervisors, Peers, or Subordinates","Providing information to supervisors, co-workers, and subordinates by telephone, in written form, e-mail, or in person.",4.13,5.05,11,0.034465,top_rank,,O*NET 31.0 (Aug 2026)
R03,Application / Mobile Developer,15-1251.00,Abilities,1.A.1.a.2,Written Comprehension,The ability to read and understand information and ideas presented in writing.,4,4,12,0.033381,domain_quota,,O*NET 31.0 (Aug 2026)
R03,Application / Mobile Developer,15-1251.00,Abilities,1.A.1.a.1,Oral Comprehension,The ability to listen to and understand information and ideas presented through spoken words and sentences.,3.88,4,13,0.032379,domain_quota,,O*NET 31.0 (Aug 2026)
R03,Application / Mobile Developer,15-1251.00,Abilities,1.A.4.a.1,Near Vision,The ability to see details at close range (within a few feet of the observer).,3.88,3.88,14,0.032379,domain_quota,,O*NET 31.0 (Aug 2026)
R03,Application / Mobile Developer,15-1251.00,Work Activities,4.A.1.b.3,"Estimating the Quantifiable Characteristics of Products, Events, or Information","Estimating sizes, distances, and quantities; or determining time, costs, resources, or materials needed to perform a work activity.",3.88,4.14,15,0.032379,top_rank,,O*NET 31.0 (Aug 2026)
R03,Application / Mobile Developer,15-1251.00,Work Activities,4.A.3.b.6,Documenting/Recording Information,"Entering, transcribing, recording, storing, or maintaining information in written or electronic/magnetic form.",3.82,4.03,16,0.031878,top_rank,,O*NET 31.0 (Aug 2026)
R03,Application / Mobile Developer,15-1251.00,Abilities,1.A.1.b.3,Problem Sensitivity,"The ability to tell when something is wrong or is likely to go wrong. It does not involve solving the problem, only recognizing that there is a problem.",3.75,3.75,17,0.031294,top_rank,,O*NET 31.0 (Aug 2026)
R03,Application / Mobile Developer,15-1251.00,Abilities,1.A.1.b.4,Deductive Reasoning,The ability to apply general rules to specific problems to produce answers that make sense.,3.75,3.88,18,0.031294,top_rank,,O*NET 31.0 (Aug 2026)
R03,Application / Mobile Developer,15-1251.00,Abilities,1.A.1.b.5,Inductive Reasoning,The ability to combine pieces of information to form general rules or conclusions (includes finding a relationship among seemingly unrelated events).,3.75,3.88,19,0.031294,top_rank,,O*NET 31.0 (Aug 2026)
R03,Application / Mobile Developer,15-1251.00,Abilities,1.A.1.b.6,Information Ordering,"The ability to arrange things or actions in a certain order or pattern according to a specific rule or set of rules (e.g., patterns of numbers, letters, words, pictures, mathematical operations).",3.75,4,20,0.031294,top_rank,,O*NET 31.0 (Aug 2026)
R03,Application / Mobile Developer,15-1251.00,Essential Skills,2.A.1.b,Active Listening,"Giving full attention to what other people are saying, taking time to understand the points being made, asking questions as appropriate, and not interrupting at inappropriate times.",3.75,4,21,0.031294,domain_quota,,O*NET 31.0 (Aug 2026)
R03,Application / Mobile Developer,15-1251.00,Essential Skills,2.A.2.a,Critical Thinking,"Using logic and reasoning to identify the strengths and weaknesses of alternative solutions, conclusions, or approaches to problems.",3.75,3.88,22,0.031294,domain_quota,,O*NET 31.0 (Aug 2026)
R03,Application / Mobile Developer,15-1251.00,Transferable Skills,2.B.2.i,Complex Problem Solving,Identifying complex problems and reviewing related information to develop and evaluate options and implement solutions.,3.75,3.88,23,0.031294,domain_quota,,O*NET 31.0 (Aug 2026)
R03,Application / Mobile Developer,15-1251.00,Work Activities,4.A.2.b.4,Developing Objectives and Strategies,Establishing long-range objectives and specifying the strategies and actions to achieve them.,3.6,3.86,24,0.030043,top_rank,,O*NET 31.0 (Aug 2026)
R03,Application / Mobile Developer,15-1251.00,Work Activities,4.A.2.b.6,"Organizing, Planning, and Prioritizing Work","Developing specific goals and plans to prioritize, organize, and accomplish your work.",3.59,4.64,25,0.029959,top_rank,,O*NET 31.0 (Aug 2026)
R03,Application / Mobile Developer,15-1251.00,Work Activities,4.A.2.a.3,Evaluating Information to Determine Compliance with Standards,"Using relevant information and individual judgment to determine whether events or processes comply with laws, regulations, or standards.",3.55,3.98,26,0.029625,top_rank,,O*NET 31.0 (Aug 2026)
R03,Application / Mobile Developer,15-1251.00,Knowledge,2.C.4.a,Mathematics,"Knowledge of arithmetic, algebra, geometry, calculus, statistics, and their applications.",3.53,4.54,28,0.029458,domain_quota,,O*NET 31.0 (Aug 2026)
R03,Application / Mobile Developer,15-1251.00,Transferable Skills,2.B.3.m,Quality Control Analysis,"Conducting tests and inspections of products, services, or processes to evaluate quality or performance.",3.5,3.5,31,0.029208,domain_quota,,O*NET 31.0 (Aug 2026)
R03,Application / Mobile Developer,15-1251.00,Knowledge,2.C.3.b,Engineering and Technology,"Knowledge of the practical application of engineering science and technology. This includes applying principles, techniques, procedures, and equipment to the design and production of various goods and services.",3.47,4.15,32,0.028958,domain_quota,,O*NET 31.0 (Aug 2026)
R03,Application / Mobile Developer,15-1251.00,Essential Skills,2.A.1.a,Reading Comprehension,Understanding written sentences and paragraphs in work-related documents.,3.38,3.5,37,0.028207,domain_quota,,O*NET 31.0 (Aug 2026)
R04,QA & Test Automation Engineer,15-1253.00,Work Activities,4.A.3.b.1,Working with Computers,"Using computers and computer systems (including hardware and software) to program, write software, set up functions, enter data, or process information.",4.94,5.06,1,0.040918,domain_quota,,O*NET 31.0 (Aug 2026)
R04,QA & Test Automation Engineer,15-1253.00,Work Activities,4.A.1.a.1,Getting Information,"Observing, receiving, and otherwise obtaining information from all relevant sources.",4.65,4.85,2,0.038516,domain_quota,,O*NET 31.0 (Aug 2026)
R04,QA & Test Automation Engineer,15-1253.00,Work Activities,4.A.4.a.2,"Communicating with Supervisors, Peers, or Subordinates","Providing information to supervisors, co-workers, and subordinates by telephone, in written form, e-mail, or in person.",4.44,5.12,3,0.036776,domain_quota,,O*NET 31.0 (Aug 2026)
R04,QA & Test Automation Engineer,15-1253.00,Knowledge,2.C.3.a,Computers and Electronics,"Knowledge of circuit boards, processors, chips, electronic equipment, and computer hardware and software, including applications and programming.",4.41,5.47,4,0.036528,domain_quota,,O*NET 31.0 (Aug 2026)
R04,QA & Test Automation Engineer,15-1253.00,Work Activities,4.A.2.a.2,Processing Information,"Compiling, coding, categorizing, calculating, tabulating, auditing, or verifying information or data.",4.38,5.18,5,0.036279,top_rank,,O*NET 31.0 (Aug 2026)
R04,QA & Test Automation Engineer,15-1253.00,Work Activities,4.A.2.b.3,Updating and Using Relevant Knowledge,Keeping up-to-date technically and applying new knowledge to your job.,4.36,5.68,6,0.036114,top_rank,,O*NET 31.0 (Aug 2026)
R04,QA & Test Automation Engineer,15-1253.00,Work Activities,4.A.2.a.4,Analyzing Data or Information,"Identifying the underlying principles, reasons, or facts of information by breaking down information or data into separate parts.",4.26,5,7,0.035285,top_rank,,O*NET 31.0 (Aug 2026)
R04,QA & Test Automation Engineer,15-1253.00,Work Activities,4.A.2.a.3,Evaluating Information to Determine Compliance with Standards,"Using relevant information and individual judgment to determine whether events or processes comply with laws, regulations, or standards.",4.24,4.65,8,0.03512,top_rank,,O*NET 31.0 (Aug 2026)
R04,QA & Test Automation Engineer,15-1253.00,Work Activities,4.A.1.b.1,"Identifying Objects, Actions, and Events","Identifying information by categorizing, estimating, recognizing differences or similarities, and detecting changes in circumstances or events.",4.22,4.85,9,0.034954,top_rank,,O*NET 31.0 (Aug 2026)
R04,QA & Test Automation Engineer,15-1253.00,Work Activities,4.A.2.b.6,"Organizing, Planning, and Prioritizing Work","Developing specific goals and plans to prioritize, organize, and accomplish your work.",4.09,5.12,10,0.033877,top_rank,,O*NET 31.0 (Aug 2026)
R04,QA & Test Automation Engineer,15-1253.00,Work Activities,4.A.3.b.6,Documenting/Recording Information,"Entering, transcribing, recording, storing, or maintaining information in written or electronic/magnetic form.",4.06,4.5,11,0.033629,top_rank,,O*NET 31.0 (Aug 2026)
R04,QA & Test Automation Engineer,15-1253.00,Abilities,1.A.1.a.1,Oral Comprehension,The ability to listen to and understand information and ideas presented through spoken words and sentences.,4,4.12,12,0.033132,domain_quota,,O*NET 31.0 (Aug 2026)
R04,QA & Test Automation Engineer,15-1253.00,Abilities,1.A.1.a.2,Written Comprehension,The ability to read and understand information and ideas presented in writing.,4,4.12,13,0.033132,domain_quota,,O*NET 31.0 (Aug 2026)
R04,QA & Test Automation Engineer,15-1253.00,Abilities,1.A.1.a.3,Oral Expression,The ability to communicate information and ideas in speaking so others will understand.,4,4.12,14,0.033132,domain_quota,,O*NET 31.0 (Aug 2026)
R04,QA & Test Automation Engineer,15-1253.00,Abilities,1.A.1.b.3,Problem Sensitivity,"The ability to tell when something is wrong or is likely to go wrong. It does not involve solving the problem, only recognizing that there is a problem.",4,4.12,15,0.033132,top_rank,,O*NET 31.0 (Aug 2026)
R04,QA & Test Automation Engineer,15-1253.00,Abilities,1.A.1.b.4,Deductive Reasoning,The ability to apply general rules to specific problems to produce answers that make sense.,4,4,16,0.033132,top_rank,,O*NET 31.0 (Aug 2026)
R04,QA & Test Automation Engineer,15-1253.00,Abilities,1.A.1.b.5,Inductive Reasoning,The ability to combine pieces of information to form general rules or conclusions (includes finding a relationship among seemingly unrelated events).,4,4,17,0.033132,top_rank,,O*NET 31.0 (Aug 2026)
R04,QA & Test Automation Engineer,15-1253.00,Essential Skills,2.A.1.a,Reading Comprehension,Understanding written sentences and paragraphs in work-related documents.,4,4.12,18,0.033132,domain_quota,,O*NET 31.0 (Aug 2026)
R04,QA & Test Automation Engineer,15-1253.00,Work Activities,4.A.4.a.4,Establishing and Maintaining Interpersonal Relationships,"Developing constructive and cooperative working relationships with others, and maintaining them over time.",4,4.88,19,0.033132,top_rank,,O*NET 31.0 (Aug 2026)
R04,QA & Test Automation Engineer,15-1253.00,Abilities,1.A.1.a.4,Written Expression,The ability to communicate information and ideas in writing so others will understand.,3.88,3.88,20,0.032138,top_rank,,O*NET 31.0 (Aug 2026)
R04,QA & Test Automation Engineer,15-1253.00,Essential Skills,2.A.1.b,Active Listening,"Giving full attention to what other people are saying, taking time to understand the points being made, asking questions as appropriate, and not interrupting at inappropriate times.",3.88,4,21,0.032138,domain_quota,,O*NET 31.0 (Aug 2026)
R04,QA & Test Automation Engineer,15-1253.00,Essential Skills,2.A.1.d,Speaking,Talking to others to convey information effectively.,3.88,4,22,0.032138,domain_quota,,O*NET 31.0 (Aug 2026)
R04,QA & Test Automation Engineer,15-1253.00,Essential Skills,2.A.2.a,Critical Thinking,"Using logic and reasoning to identify the strengths and weaknesses of alternative solutions, conclusions, or approaches to problems.",3.88,3.88,23,0.032138,top_rank,,O*NET 31.0 (Aug 2026)
R04,QA & Test Automation Engineer,15-1253.00,Work Activities,4.A.2.b.1,Making Decisions and Solving Problems,Analyzing information and evaluating results to choose the best solution and solve problems.,3.85,4.56,24,0.031889,top_rank,,O*NET 31.0 (Aug 2026)
R04,QA & Test Automation Engineer,15-1253.00,Work Activities,4.A.2.b.2,Thinking Creatively,"Developing, designing, or creating new applications, ideas, relationships, systems, or products, including artistic contributions.",3.85,4.94,25,0.031889,top_rank,,O*NET 31.0 (Aug 2026)
R04,QA & Test Automation Engineer,15-1253.00,Knowledge,2.C.7.a,English Language,"Knowledge of the structure and content of the English language including the meaning and spelling of words, and rules of composition and grammar.",3.79,4.09,26,0.031392,domain_quota,,O*NET 31.0 (Aug 2026)
R04,QA & Test Automation Engineer,15-1253.00,Transferable Skills,2.B.3.e,Programming,Writing computer programs for various purposes.,3.62,3.75,31,0.029984,domain_quota,,O*NET 31.0 (Aug 2026)
R04,QA & Test Automation Engineer,15-1253.00,Transferable Skills,2.B.2.i,Complex Problem Solving,Identifying complex problems and reviewing related information to develop and evaluate options and implement solutions.,3.38,3.12,36,0.027996,domain_quota,,O*NET 31.0 (Aug 2026)
R04,QA & Test Automation Engineer,15-1253.00,Transferable Skills,2.B.3.m,Quality Control Analysis,"Conducting tests and inspections of products, services, or processes to evaluate quality or performance.",3.38,3.62,37,0.027996,domain_quota,,O*NET 31.0 (Aug 2026)
R04,QA & Test Automation Engineer,15-1253.00,Knowledge,2.C.4.a,Mathematics,"Knowledge of arithmetic, algebra, geometry, calculus, statistics, and their applications.",3.29,4.24,39,0.027251,domain_quota,,O*NET 31.0 (Aug 2026)
R05,UX/UI & Digital Product Designer,15-1255.00,Work Activities,4.A.3.b.1,Working with Computers,"Using computers and computer systems (including hardware and software) to program, write software, set up functions, enter data, or process information.",4.98,5.09,1,0.043474,domain_quota,,O*NET 31.0 (Aug 2026)
R05,UX/UI & Digital Product Designer,15-1255.00,Work Activities,4.A.1.a.1,Getting Information,"Observing, receiving, and otherwise obtaining information from all relevant sources.",4.78,5.21,2,0.041729,domain_quota,,O*NET 31.0 (Aug 2026)
R05,UX/UI & Digital Product Designer,15-1255.00,Work Activities,4.A.1.b.1,"Identifying Objects, Actions, and Events","Identifying information by categorizing, estimating, recognizing differences or similarities, and detecting changes in circumstances or events.",4.53,4.57,3,0.039546,domain_quota,,O*NET 31.0 (Aug 2026)
R05,UX/UI & Digital Product Designer,15-1255.00,Work Activities,4.A.2.b.1,Making Decisions and Solving Problems,Analyzing information and evaluating results to choose the best solution and solve problems.,4.53,5.24,4,0.039546,top_rank,,O*NET 31.0 (Aug 2026)
R05,UX/UI & Digital Product Designer,15-1255.00,Work Activities,4.A.2.b.2,Thinking Creatively,"Developing, designing, or creating new applications, ideas, relationships, systems, or products, including artistic contributions.",4.33,5.97,5,0.0378,top_rank,,O*NET 31.0 (Aug 2026)
R05,UX/UI & Digital Product Designer,15-1255.00,Work Activities,4.A.2.a.2,Processing Information,"Compiling, coding, categorizing, calculating, tabulating, auditing, or verifying information or data.",4.26,5.18,6,0.037189,top_rank,,O*NET 31.0 (Aug 2026)
R05,UX/UI & Digital Product Designer,15-1255.00,Work Activities,4.A.2.a.4,Analyzing Data or Information,"Identifying the underlying principles, reasons, or facts of information by breaking down information or data into separate parts.",4.11,4.91,7,0.03588,top_rank,,O*NET 31.0 (Aug 2026)
R05,UX/UI & Digital Product Designer,15-1255.00,Work Activities,4.A.4.a.1,Interpreting the Meaning of Information for Others,Translating or explaining what information means and how it can be used.,4.09,4,8,0.035705,top_rank,,O*NET 31.0 (Aug 2026)
R05,UX/UI & Digital Product Designer,15-1255.00,Work Activities,4.A.2.b.6,"Organizing, Planning, and Prioritizing Work","Developing specific goals and plans to prioritize, organize, and accomplish your work.",3.98,4.62,9,0.034745,top_rank,,O*NET 31.0 (Aug 2026)
R05,UX/UI & Digital Product Designer,15-1255.00,Knowledge,2.C.3.a,Computers and Electronics,"Knowledge of circuit boards, processors, chips, electronic equipment, and computer hardware and software, including applications and programming.",3.96,5.54,10,0.03457,domain_quota,,O*NET 31.0 (Aug 2026)
R05,UX/UI & Digital Product Designer,15-1255.00,Knowledge,2.C.7.a,English Language,"Knowledge of the structure and content of the English language including the meaning and spelling of words, and rules of composition and grammar.",3.84,4.95,11,0.033522,domain_quota,,O*NET 31.0 (Aug 2026)
R05,UX/UI & Digital Product Designer,15-1255.00,Work Activities,4.A.4.a.2,"Communicating with Supervisors, Peers, or Subordinates","Providing information to supervisors, co-workers, and subordinates by telephone, in written form, e-mail, or in person.",3.79,4.24,12,0.033086,top_rank,,O*NET 31.0 (Aug 2026)
R05,UX/UI & Digital Product Designer,15-1255.00,Abilities,1.A.1.a.2,Written Comprehension,The ability to read and understand information and ideas presented in writing.,3.75,4.12,13,0.032737,domain_quota,,O*NET 31.0 (Aug 2026)
R05,UX/UI & Digital Product Designer,15-1255.00,Essential Skills,2.A.1.a,Reading Comprehension,Understanding written sentences and paragraphs in work-related documents.,3.75,3.75,14,0.032737,domain_quota,,O*NET 31.0 (Aug 2026)
R05,UX/UI & Digital Product Designer,15-1255.00,Work Activities,4.A.2.b.3,Updating and Using Relevant Knowledge,Keeping up-to-date technically and applying new knowledge to your job.,3.7,5.57,15,0.0323,top_rank,,O*NET 31.0 (Aug 2026)
R05,UX/UI & Digital Product Designer,15-1255.00,Work Activities,4.A.1.a.2,"Monitoring Processes, Materials, or Surroundings","Monitoring and reviewing information from materials, events, or the environment, to detect or assess problems.",3.63,4.07,16,0.031689,top_rank,,O*NET 31.0 (Aug 2026)
R05,UX/UI & Digital Product Designer,15-1255.00,Abilities,1.A.1.b.3,Problem Sensitivity,"The ability to tell when something is wrong or is likely to go wrong. It does not involve solving the problem, only recognizing that there is a problem.",3.62,3.5,17,0.031602,domain_quota,,O*NET 31.0 (Aug 2026)
R05,UX/UI & Digital Product Designer,15-1255.00,Abilities,1.A.4.a.1,Near Vision,The ability to see details at close range (within a few feet of the observer).,3.62,3.62,18,0.031602,domain_quota,,O*NET 31.0 (Aug 2026)
R05,UX/UI & Digital Product Designer,15-1255.00,Knowledge,2.C.1.e,Customer and Personal Service,"Knowledge of principles and processes for providing customer and personal services. This includes customer needs assessment, meeting quality standards for services, and evaluation of customer satisfaction.",3.57,4.36,19,0.031165,domain_quota,,O*NET 31.0 (Aug 2026)
R05,UX/UI & Digital Product Designer,15-1255.00,Abilities,1.A.1.a.1,Oral Comprehension,The ability to listen to and understand information and ideas presented through spoken words and sentences.,3.5,4,20,0.030554,top_rank,,O*NET 31.0 (Aug 2026)
R05,UX/UI & Digital Product Designer,15-1255.00,Abilities,1.A.1.b.4,Deductive Reasoning,The ability to apply general rules to specific problems to produce answers that make sense.,3.5,3.38,21,0.030554,top_rank,,O*NET 31.0 (Aug 2026)
R05,UX/UI & Digital Product Designer,15-1255.00,Essential Skills,2.A.2.a,Critical Thinking,"Using logic and reasoning to identify the strengths and weaknesses of alternative solutions, conclusions, or approaches to problems.",3.5,3.5,22,0.030554,domain_quota,,O*NET 31.0 (Aug 2026)
R05,UX/UI & Digital Product Designer,15-1255.00,Transferable Skills,2.B.4.e,Judgment and Decision Making,Considering the relative costs and benefits of potential actions to choose the most appropriate one.,3.5,3.38,23,0.030554,domain_quota,,O*NET 31.0 (Aug 2026)
R05,UX/UI & Digital Product Designer,15-1255.00,Work Activities,4.A.2.a.3,Evaluating Information to Determine Compliance with Standards,"Using relevant information and individual judgment to determine whether events or processes comply with laws, regulations, or standards.",3.5,3.94,24,0.030554,top_rank,,O*NET 31.0 (Aug 2026)
R05,UX/UI & Digital Product Designer,15-1255.00,Work Activities,4.A.2.a.1,"Judging the Qualities of Objects, Services, or People","Assessing the value, importance, or quality of things or people.",3.46,3.97,25,0.030205,top_rank,,O*NET 31.0 (Aug 2026)
R05,UX/UI & Digital Product Designer,15-1255.00,Abilities,1.A.1.a.3,Oral Expression,The ability to communicate information and ideas in speaking so others will understand.,3.38,3.62,26,0.029507,top_rank,,O*NET 31.0 (Aug 2026)
R05,UX/UI & Digital Product Designer,15-1255.00,Abilities,1.A.1.a.4,Written Expression,The ability to communicate information and ideas in writing so others will understand.,3.38,3.75,27,0.029507,top_rank,,O*NET 31.0 (Aug 2026)
R05,UX/UI & Digital Product Designer,15-1255.00,Essential Skills,2.A.1.b,Active Listening,"Giving full attention to what other people are saying, taking time to understand the points being made, asking questions as appropriate, and not interrupting at inappropriate times.",3.38,3.5,30,0.029507,domain_quota,,O*NET 31.0 (Aug 2026)
R05,UX/UI & Digital Product Designer,15-1255.00,Transferable Skills,2.B.2.i,Complex Problem Solving,Identifying complex problems and reviewing related information to develop and evaluate options and implement solutions.,3.38,3.5,32,0.029507,domain_quota,,O*NET 31.0 (Aug 2026)
R05,UX/UI & Digital Product Designer,15-1255.00,Transferable Skills,2.B.3.e,Programming,Writing computer programs for various purposes.,3.25,2.62,37,0.028372,domain_quota,,O*NET 31.0 (Aug 2026)
R06,Data Scientist,15-2051.00,Work Activities,4.A.2.a.4,Analyzing Data or Information,"Identifying the underlying principles, reasons, or facts of information by breaking down information or data into separate parts.",4.83,6.48,1,0.039522,domain_quota,,O*NET 31.0 (Aug 2026)
R06,Data Scientist,15-2051.00,Work Activities,4.A.3.b.1,Working with Computers,"Using computers and computer systems (including hardware and software) to program, write software, set up functions, enter data, or process information.",4.75,4.92,2,0.038868,domain_quota,,O*NET 31.0 (Aug 2026)
R06,Data Scientist,15-2051.00,Work Activities,4.A.2.a.2,Processing Information,"Compiling, coding, categorizing, calculating, tabulating, auditing, or verifying information or data.",4.71,6.32,3,0.03854,domain_quota,,O*NET 31.0 (Aug 2026)
R06,Data Scientist,15-2051.00,Knowledge,2.C.4.a,Mathematics,"Knowledge of arithmetic, algebra, geometry, calculus, statistics, and their applications.",4.52,5.68,4,0.036986,domain_quota,,O*NET 31.0 (Aug 2026)
R06,Data Scientist,15-2051.00,Work Activities,4.A.4.a.1,Interpreting the Meaning of Information for Others,Translating or explaining what information means and how it can be used.,4.48,5.52,5,0.036658,top_rank,,O*NET 31.0 (Aug 2026)
R06,Data Scientist,15-2051.00,Essential Skills,2.A.1.e,Mathematics,Using mathematics to solve problems.,4.38,5,6,0.03584,domain_quota,,O*NET 31.0 (Aug 2026)
R06,Data Scientist,15-2051.00,Work Activities,4.A.1.a.1,Getting Information,"Observing, receiving, and otherwise obtaining information from all relevant sources.",4.33,5.2,7,0.035431,top_rank,,O*NET 31.0 (Aug 2026)
R06,Data Scientist,15-2051.00,Work Activities,4.A.2.b.1,Making Decisions and Solving Problems,Analyzing information and evaluating results to choose the best solution and solve problems.,4.33,5.32,8,0.035431,top_rank,,O*NET 31.0 (Aug 2026)
R06,Data Scientist,15-2051.00,Work Activities,4.A.2.b.3,Updating and Using Relevant Knowledge,Keeping up-to-date technically and applying new knowledge to your job.,4.33,6.04,9,0.035431,top_rank,,O*NET 31.0 (Aug 2026)
R06,Data Scientist,15-2051.00,Abilities,1.A.1.b.4,Deductive Reasoning,The ability to apply general rules to specific problems to produce answers that make sense.,4.25,4.75,10,0.034776,domain_quota,,O*NET 31.0 (Aug 2026)
R06,Data Scientist,15-2051.00,Abilities,1.A.1.b.5,Inductive Reasoning,The ability to combine pieces of information to form general rules or conclusions (includes finding a relationship among seemingly unrelated events).,4.25,4.75,11,0.034776,domain_quota,,O*NET 31.0 (Aug 2026)
R06,Data Scientist,15-2051.00,Essential Skills,2.A.2.a,Critical Thinking,"Using logic and reasoning to identify the strengths and weaknesses of alternative solutions, conclusions, or approaches to problems.",4.25,4.62,12,0.034776,domain_quota,,O*NET 31.0 (Aug 2026)
R06,Data Scientist,15-2051.00,Knowledge,2.C.3.a,Computers and Electronics,"Knowledge of circuit boards, processors, chips, electronic equipment, and computer hardware and software, including applications and programming.",4.24,5.84,13,0.034694,domain_quota,,O*NET 31.0 (Aug 2026)
R06,Data Scientist,15-2051.00,Abilities,1.A.1.b.6,Information Ordering,"The ability to arrange things or actions in a certain order or pattern according to a specific rule or set of rules (e.g., patterns of numbers, letters, words, pictures, mathematical operations).",4.12,4.12,14,0.033712,domain_quota,,O*NET 31.0 (Aug 2026)
R06,Data Scientist,15-2051.00,Abilities,1.A.1.c.1,Mathematical Reasoning,The ability to choose the right mathematical methods or formulas to solve a problem.,4.12,4.38,15,0.033712,top_rank,,O*NET 31.0 (Aug 2026)
R06,Data Scientist,15-2051.00,Abilities,1.A.1.a.2,Written Comprehension,The ability to read and understand information and ideas presented in writing.,4,4.5,16,0.032731,top_rank,,O*NET 31.0 (Aug 2026)
R06,Data Scientist,15-2051.00,Work Activities,4.A.4.a.2,"Communicating with Supervisors, Peers, or Subordinates","Providing information to supervisors, co-workers, and subordinates by telephone, in written form, e-mail, or in person.",4,4.92,17,0.032731,top_rank,,O*NET 31.0 (Aug 2026)
R06,Data Scientist,15-2051.00,Abilities,1.A.1.a.4,Written Expression,The ability to communicate information and ideas in writing so others will understand.,3.88,4.25,18,0.031749,top_rank,,O*NET 31.0 (Aug 2026)
R06,Data Scientist,15-2051.00,Abilities,1.A.1.b.3,Problem Sensitivity,"The ability to tell when something is wrong or is likely to go wrong. It does not involve solving the problem, only recognizing that there is a problem.",3.88,4,19,0.031749,top_rank,,O*NET 31.0 (Aug 2026)
R06,Data Scientist,15-2051.00,Abilities,1.A.4.a.1,Near Vision,The ability to see details at close range (within a few feet of the observer).,3.88,3.88,20,0.031749,top_rank,,O*NET 31.0 (Aug 2026)
R06,Data Scientist,15-2051.00,Essential Skills,2.A.1.a,Reading Comprehension,Understanding written sentences and paragraphs in work-related documents.,3.88,4.62,21,0.031749,domain_quota,,O*NET 31.0 (Aug 2026)
R06,Data Scientist,15-2051.00,Work Activities,4.A.3.b.6,Documenting/Recording Information,"Entering, transcribing, recording, storing, or maintaining information in written or electronic/magnetic form.",3.88,4.6,22,0.031749,top_rank,,O*NET 31.0 (Aug 2026)
R06,Data Scientist,15-2051.00,Work Activities,4.A.2.b.2,Thinking Creatively,"Developing, designing, or creating new applications, ideas, relationships, systems, or products, including artistic contributions.",3.83,5.48,23,0.031339,top_rank,,O*NET 31.0 (Aug 2026)
R06,Data Scientist,15-2051.00,Abilities,1.A.1.a.1,Oral Comprehension,The ability to listen to and understand information and ideas presented through spoken words and sentences.,3.75,4.62,24,0.030685,top_rank,,O*NET 31.0 (Aug 2026)
R06,Data Scientist,15-2051.00,Abilities,1.A.1.b.7,Category Flexibility,The ability to generate or use different sets of rules for combining or grouping things in different ways.,3.75,3.75,25,0.030685,top_rank,,O*NET 31.0 (Aug 2026)
R06,Data Scientist,15-2051.00,Transferable Skills,2.B.2.i,Complex Problem Solving,Identifying complex problems and reviewing related information to develop and evaluate options and implement solutions.,3.75,4.12,26,0.030685,domain_quota,,O*NET 31.0 (Aug 2026)
R06,Data Scientist,15-2051.00,Transferable Skills,2.B.3.e,Programming,Writing computer programs for various purposes.,3.75,3.88,27,0.030685,domain_quota,,O*NET 31.0 (Aug 2026)
R06,Data Scientist,15-2051.00,Work Activities,4.A.1.b.1,"Identifying Objects, Actions, and Events","Identifying information by categorizing, estimating, recognizing differences or similarities, and detecting changes in circumstances or events.",3.71,4.52,28,0.030358,top_rank,,O*NET 31.0 (Aug 2026)
R06,Data Scientist,15-2051.00,Transferable Skills,2.B.4.e,Judgment and Decision Making,Considering the relative costs and benefits of potential actions to choose the most appropriate one.,3.38,4,40,0.027657,domain_quota,,O*NET 31.0 (Aug 2026)
R06,Data Scientist,15-2051.00,Knowledge,2.C.7.a,English Language,"Knowledge of the structure and content of the English language including the meaning and spelling of words, and rules of composition and grammar.",3,3.44,49,0.024548,domain_quota,,O*NET 31.0 (Aug 2026)
R07,Machine Learning / AI Engineer,15-1221.00,Work Activities,4.A.3.b.1,Working with Computers,"Using computers and computer systems (including hardware and software) to program, write software, set up functions, enter data, or process information.",4.97,6,1,0.039605,domain_quota,,O*NET 31.0 (Aug 2026)
R07,Machine Learning / AI Engineer,15-1221.00,Work Activities,4.A.2.b.1,Making Decisions and Solving Problems,Analyzing information and evaluating results to choose the best solution and solve problems.,4.65,5.85,2,0.037055,domain_quota,,O*NET 31.0 (Aug 2026)
R07,Machine Learning / AI Engineer,15-1221.00,Work Activities,4.A.1.a.1,Getting Information,"Observing, receiving, and otherwise obtaining information from all relevant sources.",4.62,5.37,3,0.036816,domain_quota,,O*NET 31.0 (Aug 2026)
R07,Machine Learning / AI Engineer,15-1221.00,Knowledge,2.C.3.a,Computers and Electronics,"Knowledge of circuit boards, processors, chips, electronic equipment, and computer hardware and software, including applications and programming.",4.57,6.11,4,0.036417,domain_quota,,O*NET 31.0 (Aug 2026)
R07,Machine Learning / AI Engineer,15-1221.00,Work Activities,4.A.2.b.3,Updating and Using Relevant Knowledge,Keeping up-to-date technically and applying new knowledge to your job.,4.57,6.17,5,0.036417,top_rank,,O*NET 31.0 (Aug 2026)
R07,Machine Learning / AI Engineer,15-1221.00,Work Activities,4.A.2.a.4,Analyzing Data or Information,"Identifying the underlying principles, reasons, or facts of information by breaking down information or data into separate parts.",4.56,6.03,6,0.036338,top_rank,,O*NET 31.0 (Aug 2026)
R07,Machine Learning / AI Engineer,15-1221.00,Work Activities,4.A.2.b.2,Thinking Creatively,"Developing, designing, or creating new applications, ideas, relationships, systems, or products, including artistic contributions.",4.53,6.11,7,0.036098,top_rank,,O*NET 31.0 (Aug 2026)
R07,Machine Learning / AI Engineer,15-1221.00,Work Activities,4.A.3.b.6,Documenting/Recording Information,"Entering, transcribing, recording, storing, or maintaining information in written or electronic/magnetic form.",4.37,5.08,8,0.034823,top_rank,,O*NET 31.0 (Aug 2026)
R07,Machine Learning / AI Engineer,15-1221.00,Work Activities,4.A.2.a.2,Processing Information,"Compiling, coding, categorizing, calculating, tabulating, auditing, or verifying information or data.",4.32,6.29,9,0.034425,top_rank,,O*NET 31.0 (Aug 2026)
R07,Machine Learning / AI Engineer,15-1221.00,Work Activities,4.A.1.b.1,"Identifying Objects, Actions, and Events","Identifying information by categorizing, estimating, recognizing differences or similarities, and detecting changes in circumstances or events.",4.31,5.62,10,0.034345,top_rank,,O*NET 31.0 (Aug 2026)
R07,Machine Learning / AI Engineer,15-1221.00,Work Activities,4.A.4.a.2,"Communicating with Supervisors, Peers, or Subordinates","Providing information to supervisors, co-workers, and subordinates by telephone, in written form, e-mail, or in person.",4.3,4.76,11,0.034266,top_rank,,O*NET 31.0 (Aug 2026)
R07,Machine Learning / AI Engineer,15-1221.00,Work Activities,4.A.4.a.1,Interpreting the Meaning of Information for Others,Translating or explaining what information means and how it can be used.,4.27,5.24,12,0.034027,top_rank,,O*NET 31.0 (Aug 2026)
R07,Machine Learning / AI Engineer,15-1221.00,Work Activities,4.A.4.a.3,Communicating with People Outside the Organization,"Communicating with people outside the organization, representing the organization to customers, the public, government, and other external sources. This information can be exchanged in person, in writing, or by telephone or e-mail.",4.22,4.25,13,0.033628,top_rank,,O*NET 31.0 (Aug 2026)
R07,Machine Learning / AI Engineer,15-1221.00,Work Activities,4.A.1.b.3,"Estimating the Quantifiable Characteristics of Products, Events, or Information","Estimating sizes, distances, and quantities; or determining time, costs, resources, or materials needed to perform a work activity.",4.2,4.7,14,0.033469,top_rank,,O*NET 31.0 (Aug 2026)
R07,Machine Learning / AI Engineer,15-1221.00,Abilities,1.A.1.b.4,Deductive Reasoning,The ability to apply general rules to specific problems to produce answers that make sense.,4.12,4.88,15,0.032831,domain_quota,,O*NET 31.0 (Aug 2026)
R07,Machine Learning / AI Engineer,15-1221.00,Abilities,1.A.1.b.5,Inductive Reasoning,The ability to combine pieces of information to form general rules or conclusions (includes finding a relationship among seemingly unrelated events).,4.12,4.62,16,0.032831,domain_quota,,O*NET 31.0 (Aug 2026)
R07,Machine Learning / AI Engineer,15-1221.00,Knowledge,2.C.4.a,Mathematics,"Knowledge of arithmetic, algebra, geometry, calculus, statistics, and their applications.",4.06,5.43,17,0.032353,domain_quota,,O*NET 31.0 (Aug 2026)
R07,Machine Learning / AI Engineer,15-1221.00,Abilities,1.A.1.a.1,Oral Comprehension,The ability to listen to and understand information and ideas presented through spoken words and sentences.,4,4.75,18,0.031875,domain_quota,,O*NET 31.0 (Aug 2026)
R07,Machine Learning / AI Engineer,15-1221.00,Abilities,1.A.1.a.3,Oral Expression,The ability to communicate information and ideas in speaking so others will understand.,4,4.75,19,0.031875,top_rank,,O*NET 31.0 (Aug 2026)
R07,Machine Learning / AI Engineer,15-1221.00,Essential Skills,2.A.2.a,Critical Thinking,"Using logic and reasoning to identify the strengths and weaknesses of alternative solutions, conclusions, or approaches to problems.",4,4.25,20,0.031875,domain_quota,,O*NET 31.0 (Aug 2026)
R07,Machine Learning / AI Engineer,15-1221.00,Transferable Skills,2.B.2.i,Complex Problem Solving,Identifying complex problems and reviewing related information to develop and evaluate options and implement solutions.,4,4.38,21,0.031875,domain_quota,,O*NET 31.0 (Aug 2026)
R07,Machine Learning / AI Engineer,15-1221.00,Transferable Skills,2.B.4.e,Judgment and Decision Making,Considering the relative costs and benefits of potential actions to choose the most appropriate one.,4,4.62,22,0.031875,domain_quota,,O*NET 31.0 (Aug 2026)
R07,Machine Learning / AI Engineer,15-1221.00,Knowledge,2.C.3.b,Engineering and Technology,"Knowledge of the practical application of engineering science and technology. This includes applying principles, techniques, procedures, and equipment to the design and production of various goods and services.",3.95,4.84,23,0.031477,domain_quota,,O*NET 31.0 (Aug 2026)
R07,Machine Learning / AI Engineer,15-1221.00,Knowledge,2.C.7.a,English Language,"Knowledge of the structure and content of the English language including the meaning and spelling of words, and rules of composition and grammar.",3.89,4.47,24,0.030998,top_rank,,O*NET 31.0 (Aug 2026)
R07,Machine Learning / AI Engineer,15-1221.00,Abilities,1.A.1.a.2,Written Comprehension,The ability to read and understand information and ideas presented in writing.,3.88,4.38,25,0.030919,top_rank,,O*NET 31.0 (Aug 2026)
R07,Machine Learning / AI Engineer,15-1221.00,Abilities,1.A.1.b.1,Fluency of Ideas,"The ability to come up with a number of ideas about a topic (the number of ideas is important, not their quality, correctness, or creativity).",3.88,4.12,26,0.030919,top_rank,,O*NET 31.0 (Aug 2026)
R07,Machine Learning / AI Engineer,15-1221.00,Abilities,1.A.1.b.3,Problem Sensitivity,"The ability to tell when something is wrong or is likely to go wrong. It does not involve solving the problem, only recognizing that there is a problem.",3.88,4.25,27,0.030919,top_rank,,O*NET 31.0 (Aug 2026)
R07,Machine Learning / AI Engineer,15-1221.00,Essential Skills,2.A.1.a,Reading Comprehension,Understanding written sentences and paragraphs in work-related documents.,3.75,4.5,32,0.029883,domain_quota,,O*NET 31.0 (Aug 2026)
R07,Machine Learning / AI Engineer,15-1221.00,Essential Skills,2.A.1.b,Active Listening,"Giving full attention to what other people are saying, taking time to understand the points being made, asking questions as appropriate, and not interrupting at inappropriate times.",3.75,4.12,33,0.029883,domain_quota,,O*NET 31.0 (Aug 2026)
R07,Machine Learning / AI Engineer,15-1221.00,Transferable Skills,2.B.4.g,Systems Analysis,"Determining how a system should work and how changes in conditions, operations, and the environment will affect outcomes.",3.75,4.38,34,0.029883,domain_quota,,O*NET 31.0 (Aug 2026)
R08,Data Engineer,15-1243.00,Work Activities,4.A.3.b.1,Working with Computers,"Using computers and computer systems (including hardware and software) to program, write software, set up functions, enter data, or process information.",4.76,5.9,1,0.039879,domain_quota,,O*NET 31.0 (Aug 2026)
R08,Data Engineer,15-1243.00,Work Activities,4.A.2.a.4,Analyzing Data or Information,"Identifying the underlying principles, reasons, or facts of information by breaking down information or data into separate parts.",4.62,5.65,2,0.038706,domain_quota,,O*NET 31.0 (Aug 2026)
R08,Data Engineer,15-1243.00,Work Activities,4.A.1.a.1,Getting Information,"Observing, receiving, and otherwise obtaining information from all relevant sources.",4.38,5.14,3,0.036696,domain_quota,,O*NET 31.0 (Aug 2026)
R08,Data Engineer,15-1243.00,Work Activities,4.A.2.a.2,Processing Information,"Compiling, coding, categorizing, calculating, tabulating, auditing, or verifying information or data.",4.38,5.81,4,0.036696,top_rank,,O*NET 31.0 (Aug 2026)
R08,Data Engineer,15-1243.00,Knowledge,2.C.3.a,Computers and Electronics,"Knowledge of circuit boards, processors, chips, electronic equipment, and computer hardware and software, including applications and programming.",4.3,6,5,0.036025,domain_quota,,O*NET 31.0 (Aug 2026)
R08,Data Engineer,15-1243.00,Work Activities,4.A.2.b.1,Making Decisions and Solving Problems,Analyzing information and evaluating results to choose the best solution and solve problems.,4.29,5.25,6,0.035942,top_rank,,O*NET 31.0 (Aug 2026)
R08,Data Engineer,15-1243.00,Work Activities,4.A.2.b.3,Updating and Using Relevant Knowledge,Keeping up-to-date technically and applying new knowledge to your job.,4.24,5.8,7,0.035523,top_rank,,O*NET 31.0 (Aug 2026)
R08,Data Engineer,15-1243.00,Work Activities,4.A.4.a.2,"Communicating with Supervisors, Peers, or Subordinates","Providing information to supervisors, co-workers, and subordinates by telephone, in written form, e-mail, or in person.",4.15,5.19,8,0.034769,top_rank,,O*NET 31.0 (Aug 2026)
R08,Data Engineer,15-1243.00,Work Activities,4.A.1.b.1,"Identifying Objects, Actions, and Events","Identifying information by categorizing, estimating, recognizing differences or similarities, and detecting changes in circumstances or events.",4.1,5.3,9,0.03435,top_rank,,O*NET 31.0 (Aug 2026)
R08,Data Engineer,15-1243.00,Knowledge,2.C.3.b,Engineering and Technology,"Knowledge of the practical application of engineering science and technology. This includes applying principles, techniques, procedures, and equipment to the design and production of various goods and services.",3.95,5.19,10,0.033093,domain_quota,,O*NET 31.0 (Aug 2026)
R08,Data Engineer,15-1243.00,Work Activities,4.A.1.b.3,"Estimating the Quantifiable Characteristics of Products, Events, or Information","Estimating sizes, distances, and quantities; or determining time, costs, resources, or materials needed to perform a work activity.",3.9,4.15,11,0.032674,top_rank,,O*NET 31.0 (Aug 2026)
R08,Data Engineer,15-1243.00,Work Activities,4.A.2.a.3,Evaluating Information to Determine Compliance with Standards,"Using relevant information and individual judgment to determine whether events or processes comply with laws, regulations, or standards.",3.9,4.57,12,0.032674,top_rank,,O*NET 31.0 (Aug 2026)
R08,Data Engineer,15-1243.00,Work Activities,4.A.2.b.2,Thinking Creatively,"Developing, designing, or creating new applications, ideas, relationships, systems, or products, including artistic contributions.",3.9,5.47,13,0.032674,top_rank,,O*NET 31.0 (Aug 2026)
R08,Data Engineer,15-1243.00,Abilities,1.A.1.a.1,Oral Comprehension,The ability to listen to and understand information and ideas presented through spoken words and sentences.,3.88,4.5,14,0.032507,domain_quota,,O*NET 31.0 (Aug 2026)
R08,Data Engineer,15-1243.00,Abilities,1.A.1.a.2,Written Comprehension,The ability to read and understand information and ideas presented in writing.,3.88,4,15,0.032507,domain_quota,,O*NET 31.0 (Aug 2026)
R08,Data Engineer,15-1243.00,Abilities,1.A.1.b.4,Deductive Reasoning,The ability to apply general rules to specific problems to produce answers that make sense.,3.88,4.38,16,0.032507,domain_quota,,O*NET 31.0 (Aug 2026)
R08,Data Engineer,15-1243.00,Essential Skills,2.A.1.a,Reading Comprehension,Understanding written sentences and paragraphs in work-related documents.,3.88,4.12,17,0.032507,domain_quota,,O*NET 31.0 (Aug 2026)
R08,Data Engineer,15-1243.00,Essential Skills,2.A.2.a,Critical Thinking,"Using logic and reasoning to identify the strengths and weaknesses of alternative solutions, conclusions, or approaches to problems.",3.88,3.88,18,0.032507,domain_quota,,O*NET 31.0 (Aug 2026)
R08,Data Engineer,15-1243.00,Transferable Skills,2.B.2.i,Complex Problem Solving,Identifying complex problems and reviewing related information to develop and evaluate options and implement solutions.,3.88,4,19,0.032507,domain_quota,,O*NET 31.0 (Aug 2026)
R08,Data Engineer,15-1243.00,Transferable Skills,2.B.4.e,Judgment and Decision Making,Considering the relative costs and benefits of potential actions to choose the most appropriate one.,3.88,3.88,20,0.032507,domain_quota,,O*NET 31.0 (Aug 2026)
R08,Data Engineer,15-1243.00,Work Activities,4.A.3.b.6,Documenting/Recording Information,"Entering, transcribing, recording, storing, or maintaining information in written or electronic/magnetic form.",3.86,5.1,21,0.032339,top_rank,,O*NET 31.0 (Aug 2026)
R08,Data Engineer,15-1243.00,Work Activities,4.A.2.b.4,Developing Objectives and Strategies,Establishing long-range objectives and specifying the strategies and actions to achieve them.,3.8,4.42,22,0.031836,top_rank,,O*NET 31.0 (Aug 2026)
R08,Data Engineer,15-1243.00,Abilities,1.A.1.a.3,Oral Expression,The ability to communicate information and ideas in speaking so others will understand.,3.75,4,23,0.031418,top_rank,,O*NET 31.0 (Aug 2026)
R08,Data Engineer,15-1243.00,Abilities,1.A.1.b.3,Problem Sensitivity,"The ability to tell when something is wrong or is likely to go wrong. It does not involve solving the problem, only recognizing that there is a problem.",3.75,3.88,24,0.031418,top_rank,,O*NET 31.0 (Aug 2026)
R08,Data Engineer,15-1243.00,Abilities,1.A.1.b.5,Inductive Reasoning,The ability to combine pieces of information to form general rules or conclusions (includes finding a relationship among seemingly unrelated events).,3.75,4,25,0.031418,top_rank,,O*NET 31.0 (Aug 2026)
R08,Data Engineer,15-1243.00,Abilities,1.A.1.b.6,Information Ordering,"The ability to arrange things or actions in a certain order or pattern according to a specific rule or set of rules (e.g., patterns of numbers, letters, words, pictures, mathematical operations).",3.75,4.12,26,0.031418,top_rank,,O*NET 31.0 (Aug 2026)
R08,Data Engineer,15-1243.00,Transferable Skills,2.B.4.g,Systems Analysis,"Determining how a system should work and how changes in conditions, operations, and the environment will affect outcomes.",3.75,3.75,27,0.031418,domain_quota,,O*NET 31.0 (Aug 2026)
R08,Data Engineer,15-1243.00,Knowledge,2.C.3.c,Design,"Knowledge of design techniques, tools, and principles involved in production of precision technical plans, blueprints, drawings, and models.",3.71,4.67,28,0.031082,domain_quota,,O*NET 31.0 (Aug 2026)
R08,Data Engineer,15-1243.00,Work Activities,4.A.2.b.6,"Organizing, Planning, and Prioritizing Work","Developing specific goals and plans to prioritize, organize, and accomplish your work.",3.71,5.1,29,0.031082,top_rank,,O*NET 31.0 (Aug 2026)
R08,Data Engineer,15-1243.00,Essential Skills,2.A.1.b,Active Listening,"Giving full attention to what other people are saying, taking time to understand the points being made, asking questions as appropriate, and not interrupting at inappropriate times.",3.5,3.75,36,0.029323,domain_quota,,O*NET 31.0 (Aug 2026)
R09,Data / BI Analyst,15-2051.01,Work Activities,4.A.2.a.4,Analyzing Data or Information,"Identifying the underlying principles, reasons, or facts of information by breaking down information or data into separate parts.",4.73,6.09,1,0.039585,domain_quota,,O*NET 31.0 (Aug 2026)
R09,Data / BI Analyst,15-2051.01,Work Activities,4.A.3.b.1,Working with Computers,"Using computers and computer systems (including hardware and software) to program, write software, set up functions, enter data, or process information.",4.68,4.86,2,0.039166,domain_quota,,O*NET 31.0 (Aug 2026)
R09,Data / BI Analyst,15-2051.01,Work Activities,4.A.2.a.2,Processing Information,"Compiling, coding, categorizing, calculating, tabulating, auditing, or verifying information or data.",4.64,5.73,3,0.038832,domain_quota,,O*NET 31.0 (Aug 2026)
R09,Data / BI Analyst,15-2051.01,Work Activities,4.A.4.a.1,Interpreting the Meaning of Information for Others,Translating or explaining what information means and how it can be used.,4.55,5.36,4,0.038079,top_rank,,O*NET 31.0 (Aug 2026)
R09,Data / BI Analyst,15-2051.01,Work Activities,4.A.1.a.1,Getting Information,"Observing, receiving, and otherwise obtaining information from all relevant sources.",4.5,5.41,5,0.03766,top_rank,,O*NET 31.0 (Aug 2026)
R09,Data / BI Analyst,15-2051.01,Knowledge,2.C.3.a,Computers and Electronics,"Knowledge of circuit boards, processors, chips, electronic equipment, and computer hardware and software, including applications and programming.",4.29,5.41,6,0.035903,domain_quota,,O*NET 31.0 (Aug 2026)
R09,Data / BI Analyst,15-2051.01,Work Activities,4.A.4.a.2,"Communicating with Supervisors, Peers, or Subordinates","Providing information to supervisors, co-workers, and subordinates by telephone, in written form, e-mail, or in person.",4.23,5.23,7,0.0354,top_rank,,O*NET 31.0 (Aug 2026)
R09,Data / BI Analyst,15-2051.01,Work Activities,4.A.2.b.3,Updating and Using Relevant Knowledge,Keeping up-to-date technically and applying new knowledge to your job.,4.05,5.36,8,0.033894,top_rank,,O*NET 31.0 (Aug 2026)
R09,Data / BI Analyst,15-2051.01,Abilities,1.A.1.a.1,Oral Comprehension,The ability to listen to and understand information and ideas presented through spoken words and sentences.,4,4.75,9,0.033476,domain_quota,,O*NET 31.0 (Aug 2026)
R09,Data / BI Analyst,15-2051.01,Abilities,1.A.1.a.2,Written Comprehension,The ability to read and understand information and ideas presented in writing.,4,4.62,10,0.033476,domain_quota,,O*NET 31.0 (Aug 2026)
R09,Data / BI Analyst,15-2051.01,Abilities,1.A.1.a.3,Oral Expression,The ability to communicate information and ideas in speaking so others will understand.,4,4.75,11,0.033476,domain_quota,,O*NET 31.0 (Aug 2026)
R09,Data / BI Analyst,15-2051.01,Abilities,1.A.1.a.4,Written Expression,The ability to communicate information and ideas in writing so others will understand.,4,4.12,12,0.033476,top_rank,,O*NET 31.0 (Aug 2026)
R09,Data / BI Analyst,15-2051.01,Abilities,1.A.1.b.5,Inductive Reasoning,The ability to combine pieces of information to form general rules or conclusions (includes finding a relationship among seemingly unrelated events).,4,4.38,13,0.033476,top_rank,,O*NET 31.0 (Aug 2026)
R09,Data / BI Analyst,15-2051.01,Essential Skills,2.A.1.a,Reading Comprehension,Understanding written sentences and paragraphs in work-related documents.,4,4.25,14,0.033476,domain_quota,,O*NET 31.0 (Aug 2026)
R09,Data / BI Analyst,15-2051.01,Work Activities,4.A.2.b.6,"Organizing, Planning, and Prioritizing Work","Developing specific goals and plans to prioritize, organize, and accomplish your work.",3.95,4.82,15,0.033057,top_rank,,O*NET 31.0 (Aug 2026)
R09,Data / BI Analyst,15-2051.01,Work Activities,4.A.1.b.1,"Identifying Objects, Actions, and Events","Identifying information by categorizing, estimating, recognizing differences or similarities, and detecting changes in circumstances or events.",3.91,4.73,16,0.032722,top_rank,,O*NET 31.0 (Aug 2026)
R09,Data / BI Analyst,15-2051.01,Essential Skills,2.A.1.b,Active Listening,"Giving full attention to what other people are saying, taking time to understand the points being made, asking questions as appropriate, and not interrupting at inappropriate times.",3.88,4,17,0.032471,domain_quota,,O*NET 31.0 (Aug 2026)
R09,Data / BI Analyst,15-2051.01,Essential Skills,2.A.1.d,Speaking,Talking to others to convey information effectively.,3.88,4,18,0.032471,domain_quota,,O*NET 31.0 (Aug 2026)
R09,Data / BI Analyst,15-2051.01,Essential Skills,2.A.2.a,Critical Thinking,"Using logic and reasoning to identify the strengths and weaknesses of alternative solutions, conclusions, or approaches to problems.",3.88,4.25,19,0.032471,top_rank,,O*NET 31.0 (Aug 2026)
R09,Data / BI Analyst,15-2051.01,Essential Skills,2.A.2.b,Active Learning,Understanding the implications of new information for both current and future problem-solving and decision-making.,3.88,4.12,20,0.032471,top_rank,,O*NET 31.0 (Aug 2026)
R09,Data / BI Analyst,15-2051.01,Knowledge,2.C.4.a,Mathematics,"Knowledge of arithmetic, algebra, geometry, calculus, statistics, and their applications.",3.82,4.67,21,0.031969,domain_quota,,O*NET 31.0 (Aug 2026)
R09,Data / BI Analyst,15-2051.01,Work Activities,4.A.2.b.1,Making Decisions and Solving Problems,Analyzing information and evaluating results to choose the best solution and solve problems.,3.82,4.59,22,0.031969,top_rank,,O*NET 31.0 (Aug 2026)
R09,Data / BI Analyst,15-2051.01,Knowledge,2.C.7.a,English Language,"Knowledge of the structure and content of the English language including the meaning and spelling of words, and rules of composition and grammar.",3.77,4.41,23,0.031551,domain_quota,,O*NET 31.0 (Aug 2026)
R09,Data / BI Analyst,15-2051.01,Work Activities,4.A.2.b.2,Thinking Creatively,"Developing, designing, or creating new applications, ideas, relationships, systems, or products, including artistic contributions.",3.77,5.05,24,0.031551,top_rank,,O*NET 31.0 (Aug 2026)
R09,Data / BI Analyst,15-2051.01,Abilities,1.A.1.b.4,Deductive Reasoning,The ability to apply general rules to specific problems to produce answers that make sense.,3.75,4.5,25,0.031383,top_rank,,O*NET 31.0 (Aug 2026)
R09,Data / BI Analyst,15-2051.01,Essential Skills,2.A.1.c,Writing,Communicating effectively in writing as appropriate for the needs of the audience.,3.75,4,26,0.031383,top_rank,,O*NET 31.0 (Aug 2026)
R09,Data / BI Analyst,15-2051.01,Work Activities,4.A.4.a.4,Establishing and Maintaining Interpersonal Relationships,"Developing constructive and cooperative working relationships with others, and maintaining them over time.",3.64,4.55,27,0.030463,top_rank,,O*NET 31.0 (Aug 2026)
R09,Data / BI Analyst,15-2051.01,Transferable Skills,2.B.4.e,Judgment and Decision Making,Considering the relative costs and benefits of potential actions to choose the most appropriate one.,3.62,4,30,0.030295,domain_quota,,O*NET 31.0 (Aug 2026)
R09,Data / BI Analyst,15-2051.01,Transferable Skills,2.B.2.i,Complex Problem Solving,Identifying complex problems and reviewing related information to develop and evaluate options and implement solutions.,3.38,3.75,38,0.028287,domain_quota,,O*NET 31.0 (Aug 2026)
R09,Data / BI Analyst,15-2051.01,Transferable Skills,2.B.4.g,Systems Analysis,"Determining how a system should work and how changes in conditions, operations, and the environment will affect outcomes.",3.12,3.75,48,0.026111,domain_quota,,O*NET 31.0 (Aug 2026)
R10,Database Administrator,15-1242.00,Work Activities,4.A.3.b.1,Working with Computers,"Using computers and computer systems (including hardware and software) to program, write software, set up functions, enter data, or process information.",4.83,5.95,1,0.041321,domain_quota,,O*NET 31.0 (Aug 2026)
R10,Database Administrator,15-1242.00,Knowledge,2.C.3.a,Computers and Electronics,"Knowledge of circuit boards, processors, chips, electronic equipment, and computer hardware and software, including applications and programming.",4.79,6.11,2,0.040979,domain_quota,,O*NET 31.0 (Aug 2026)
R10,Database Administrator,15-1242.00,Work Activities,4.A.2.b.1,Making Decisions and Solving Problems,Analyzing information and evaluating results to choose the best solution and solve problems.,4.18,5.39,3,0.03576,domain_quota,,O*NET 31.0 (Aug 2026)
R10,Database Administrator,15-1242.00,Work Activities,4.A.1.a.1,Getting Information,"Observing, receiving, and otherwise obtaining information from all relevant sources.",4.12,4.69,4,0.035247,domain_quota,,O*NET 31.0 (Aug 2026)
R10,Database Administrator,15-1242.00,Work Activities,4.A.1.b.1,"Identifying Objects, Actions, and Events","Identifying information by categorizing, estimating, recognizing differences or similarities, and detecting changes in circumstances or events.",4.11,4.48,5,0.035161,top_rank,,O*NET 31.0 (Aug 2026)
R10,Database Administrator,15-1242.00,Abilities,1.A.1.b.4,Deductive Reasoning,The ability to apply general rules to specific problems to produce answers that make sense.,4,4.12,6,0.03422,domain_quota,,O*NET 31.0 (Aug 2026)
R10,Database Administrator,15-1242.00,Work Activities,4.A.2.a.4,Analyzing Data or Information,"Identifying the underlying principles, reasons, or facts of information by breaking down information or data into separate parts.",4,5.19,7,0.03422,top_rank,,O*NET 31.0 (Aug 2026)
R10,Database Administrator,15-1242.00,Knowledge,2.C.7.a,English Language,"Knowledge of the structure and content of the English language including the meaning and spelling of words, and rules of composition and grammar.",3.96,4.15,8,0.033878,domain_quota,,O*NET 31.0 (Aug 2026)
R10,Database Administrator,15-1242.00,Knowledge,2.C.1.e,Customer and Personal Service,"Knowledge of principles and processes for providing customer and personal services. This includes customer needs assessment, meeting quality standards for services, and evaluation of customer satisfaction.",3.93,4.75,9,0.033621,domain_quota,,O*NET 31.0 (Aug 2026)
R10,Database Administrator,15-1242.00,Work Activities,4.A.2.a.2,Processing Information,"Compiling, coding, categorizing, calculating, tabulating, auditing, or verifying information or data.",3.92,5.13,10,0.033536,top_rank,,O*NET 31.0 (Aug 2026)
R10,Database Administrator,15-1242.00,Abilities,1.A.1.a.1,Oral Comprehension,The ability to listen to and understand information and ideas presented through spoken words and sentences.,3.88,4.12,11,0.033194,domain_quota,,O*NET 31.0 (Aug 2026)
R10,Database Administrator,15-1242.00,Abilities,1.A.1.a.2,Written Comprehension,The ability to read and understand information and ideas presented in writing.,3.88,4.12,12,0.033194,domain_quota,,O*NET 31.0 (Aug 2026)
R10,Database Administrator,15-1242.00,Abilities,1.A.1.b.3,Problem Sensitivity,"The ability to tell when something is wrong or is likely to go wrong. It does not involve solving the problem, only recognizing that there is a problem.",3.88,3.88,13,0.033194,top_rank,,O*NET 31.0 (Aug 2026)
R10,Database Administrator,15-1242.00,Abilities,1.A.1.b.5,Inductive Reasoning,The ability to combine pieces of information to form general rules or conclusions (includes finding a relationship among seemingly unrelated events).,3.88,4.12,14,0.033194,top_rank,,O*NET 31.0 (Aug 2026)
R10,Database Administrator,15-1242.00,Abilities,1.A.1.b.6,Information Ordering,"The ability to arrange things or actions in a certain order or pattern according to a specific rule or set of rules (e.g., patterns of numbers, letters, words, pictures, mathematical operations).",3.88,4.12,15,0.033194,top_rank,,O*NET 31.0 (Aug 2026)
R10,Database Administrator,15-1242.00,Essential Skills,2.A.2.a,Critical Thinking,"Using logic and reasoning to identify the strengths and weaknesses of alternative solutions, conclusions, or approaches to problems.",3.88,4,16,0.033194,domain_quota,,O*NET 31.0 (Aug 2026)
R10,Database Administrator,15-1242.00,Transferable Skills,2.B.2.i,Complex Problem Solving,Identifying complex problems and reviewing related information to develop and evaluate options and implement solutions.,3.88,4.12,17,0.033194,domain_quota,,O*NET 31.0 (Aug 2026)
R10,Database Administrator,15-1242.00,Work Activities,4.A.4.a.4,Establishing and Maintaining Interpersonal Relationships,"Developing constructive and cooperative working relationships with others, and maintaining them over time.",3.86,5.49,18,0.033022,top_rank,,O*NET 31.0 (Aug 2026)
R10,Database Administrator,15-1242.00,Work Activities,4.A.4.a.2,"Communicating with Supervisors, Peers, or Subordinates","Providing information to supervisors, co-workers, and subordinates by telephone, in written form, e-mail, or in person.",3.84,4.95,19,0.032851,top_rank,,O*NET 31.0 (Aug 2026)
R10,Database Administrator,15-1242.00,Essential Skills,2.A.1.a,Reading Comprehension,Understanding written sentences and paragraphs in work-related documents.,3.75,4.25,20,0.032081,domain_quota,,O*NET 31.0 (Aug 2026)
R10,Database Administrator,15-1242.00,Essential Skills,2.A.1.b,Active Listening,"Giving full attention to what other people are saying, taking time to understand the points being made, asking questions as appropriate, and not interrupting at inappropriate times.",3.75,3.88,21,0.032081,domain_quota,,O*NET 31.0 (Aug 2026)
R10,Database Administrator,15-1242.00,Transferable Skills,2.B.4.e,Judgment and Decision Making,Considering the relative costs and benefits of potential actions to choose the most appropriate one.,3.75,4,22,0.032081,domain_quota,,O*NET 31.0 (Aug 2026)
R10,Database Administrator,15-1242.00,Work Activities,4.A.2.a.3,Evaluating Information to Determine Compliance with Standards,"Using relevant information and individual judgment to determine whether events or processes comply with laws, regulations, or standards.",3.75,4.62,23,0.032081,top_rank,,O*NET 31.0 (Aug 2026)
R10,Database Administrator,15-1242.00,Work Activities,4.A.2.b.2,Thinking Creatively,"Developing, designing, or creating new applications, ideas, relationships, systems, or products, including artistic contributions.",3.73,5.01,24,0.03191,top_rank,,O*NET 31.0 (Aug 2026)
R10,Database Administrator,15-1242.00,Work Activities,4.A.2.b.3,Updating and Using Relevant Knowledge,Keeping up-to-date technically and applying new knowledge to your job.,3.68,4.98,25,0.031483,top_rank,,O*NET 31.0 (Aug 2026)
R10,Database Administrator,15-1242.00,Abilities,1.A.4.a.1,Near Vision,The ability to see details at close range (within a few feet of the observer).,3.62,3.75,26,0.030969,top_rank,,O*NET 31.0 (Aug 2026)
R10,Database Administrator,15-1242.00,Work Activities,4.A.2.b.6,"Organizing, Planning, and Prioritizing Work","Developing specific goals and plans to prioritize, organize, and accomplish your work.",3.62,4.99,27,0.030969,top_rank,,O*NET 31.0 (Aug 2026)
R10,Database Administrator,15-1242.00,Work Activities,4.A.3.b.6,Documenting/Recording Information,"Entering, transcribing, recording, storing, or maintaining information in written or electronic/magnetic form.",3.61,4.4,28,0.030884,top_rank,,O*NET 31.0 (Aug 2026)
R10,Database Administrator,15-1242.00,Knowledge,2.C.4.a,Mathematics,"Knowledge of arithmetic, algebra, geometry, calculus, statistics, and their applications.",3.55,4.63,29,0.03037,top_rank,,O*NET 31.0 (Aug 2026)
R10,Database Administrator,15-1242.00,Transferable Skills,2.B.3.e,Programming,Writing computer programs for various purposes.,3.38,3.88,40,0.028916,domain_quota,,O*NET 31.0 (Aug 2026)
R11,Information Security / SOC Analyst,15-1212.00,Work Activities,4.A.3.b.1,Working with Computers,"Using computers and computer systems (including hardware and software) to program, write software, set up functions, enter data, or process information.",4.7,5.26,1,0.039446,domain_quota,,O*NET 31.0 (Aug 2026)
R11,Information Security / SOC Analyst,15-1212.00,Work Activities,4.A.1.a.1,Getting Information,"Observing, receiving, and otherwise obtaining information from all relevant sources.",4.5,4.7,2,0.037768,domain_quota,,O*NET 31.0 (Aug 2026)
R11,Information Security / SOC Analyst,15-1212.00,Knowledge,2.C.3.a,Computers and Electronics,"Knowledge of circuit boards, processors, chips, electronic equipment, and computer hardware and software, including applications and programming.",4.35,5.97,3,0.036509,domain_quota,,O*NET 31.0 (Aug 2026)
R11,Information Security / SOC Analyst,15-1212.00,Work Activities,4.A.1.b.1,"Identifying Objects, Actions, and Events","Identifying information by categorizing, estimating, recognizing differences or similarities, and detecting changes in circumstances or events.",4.29,5.26,4,0.036005,domain_quota,,O*NET 31.0 (Aug 2026)
R11,Information Security / SOC Analyst,15-1212.00,Knowledge,2.C.7.a,English Language,"Knowledge of the structure and content of the English language including the meaning and spelling of words, and rules of composition and grammar.",4.26,4.2,5,0.035753,domain_quota,,O*NET 31.0 (Aug 2026)
R11,Information Security / SOC Analyst,15-1212.00,Work Activities,4.A.2.a.3,Evaluating Information to Determine Compliance with Standards,"Using relevant information and individual judgment to determine whether events or processes comply with laws, regulations, or standards.",4.12,5.18,6,0.034578,top_rank,,O*NET 31.0 (Aug 2026)
R11,Information Security / SOC Analyst,15-1212.00,Work Activities,4.A.2.a.2,Processing Information,"Compiling, coding, categorizing, calculating, tabulating, auditing, or verifying information or data.",4.09,5.21,7,0.034326,top_rank,,O*NET 31.0 (Aug 2026)
R11,Information Security / SOC Analyst,15-1212.00,Work Activities,4.A.2.a.4,Analyzing Data or Information,"Identifying the underlying principles, reasons, or facts of information by breaking down information or data into separate parts.",4.08,4.84,8,0.034243,top_rank,,O*NET 31.0 (Aug 2026)
R11,Information Security / SOC Analyst,15-1212.00,Work Activities,4.A.2.b.3,Updating and Using Relevant Knowledge,Keeping up-to-date technically and applying new knowledge to your job.,4.05,5.73,9,0.033991,top_rank,,O*NET 31.0 (Aug 2026)
R11,Information Security / SOC Analyst,15-1212.00,Work Activities,4.A.3.b.6,Documenting/Recording Information,"Entering, transcribing, recording, storing, or maintaining information in written or electronic/magnetic form.",4.03,4.48,10,0.033823,top_rank,,O*NET 31.0 (Aug 2026)
R11,Information Security / SOC Analyst,15-1212.00,Abilities,1.A.1.a.1,Oral Comprehension,The ability to listen to and understand information and ideas presented through spoken words and sentences.,4,4.25,11,0.033571,domain_quota,,O*NET 31.0 (Aug 2026)
R11,Information Security / SOC Analyst,15-1212.00,Abilities,1.A.1.a.2,Written Comprehension,The ability to read and understand information and ideas presented in writing.,4,4.12,12,0.033571,domain_quota,,O*NET 31.0 (Aug 2026)
R11,Information Security / SOC Analyst,15-1212.00,Abilities,1.A.1.b.3,Problem Sensitivity,"The ability to tell when something is wrong or is likely to go wrong. It does not involve solving the problem, only recognizing that there is a problem.",4,4.12,13,0.033571,domain_quota,,O*NET 31.0 (Aug 2026)
R11,Information Security / SOC Analyst,15-1212.00,Abilities,1.A.1.b.4,Deductive Reasoning,The ability to apply general rules to specific problems to produce answers that make sense.,4,4.12,14,0.033571,top_rank,,O*NET 31.0 (Aug 2026)
R11,Information Security / SOC Analyst,15-1212.00,Abilities,1.A.1.b.5,Inductive Reasoning,The ability to combine pieces of information to form general rules or conclusions (includes finding a relationship among seemingly unrelated events).,4,4.12,15,0.033571,top_rank,,O*NET 31.0 (Aug 2026)
R11,Information Security / SOC Analyst,15-1212.00,Essential Skills,2.A.1.a,Reading Comprehension,Understanding written sentences and paragraphs in work-related documents.,4,4.12,16,0.033571,domain_quota,,O*NET 31.0 (Aug 2026)
R11,Information Security / SOC Analyst,15-1212.00,Work Activities,4.A.4.a.2,"Communicating with Supervisors, Peers, or Subordinates","Providing information to supervisors, co-workers, and subordinates by telephone, in written form, e-mail, or in person.",4,5.28,17,0.033571,top_rank,,O*NET 31.0 (Aug 2026)
R11,Information Security / SOC Analyst,15-1212.00,Work Activities,4.A.2.b.1,Making Decisions and Solving Problems,Analyzing information and evaluating results to choose the best solution and solve problems.,3.94,4.62,18,0.033068,top_rank,,O*NET 31.0 (Aug 2026)
R11,Information Security / SOC Analyst,15-1212.00,Work Activities,4.A.1.a.2,"Monitoring Processes, Materials, or Surroundings","Monitoring and reviewing information from materials, events, or the environment, to detect or assess problems.",3.92,4.74,19,0.0329,top_rank,,O*NET 31.0 (Aug 2026)
R11,Information Security / SOC Analyst,15-1212.00,Abilities,1.A.1.a.4,Written Expression,The ability to communicate information and ideas in writing so others will understand.,3.88,4,20,0.032564,top_rank,,O*NET 31.0 (Aug 2026)
R11,Information Security / SOC Analyst,15-1212.00,Abilities,1.A.1.b.6,Information Ordering,"The ability to arrange things or actions in a certain order or pattern according to a specific rule or set of rules (e.g., patterns of numbers, letters, words, pictures, mathematical operations).",3.88,3.88,21,0.032564,top_rank,,O*NET 31.0 (Aug 2026)
R11,Information Security / SOC Analyst,15-1212.00,Essential Skills,2.A.2.a,Critical Thinking,"Using logic and reasoning to identify the strengths and weaknesses of alternative solutions, conclusions, or approaches to problems.",3.88,4.12,22,0.032564,domain_quota,,O*NET 31.0 (Aug 2026)
R11,Information Security / SOC Analyst,15-1212.00,Abilities,1.A.1.a.3,Oral Expression,The ability to communicate information and ideas in speaking so others will understand.,3.75,4.12,23,0.031473,top_rank,,O*NET 31.0 (Aug 2026)
R11,Information Security / SOC Analyst,15-1212.00,Abilities,1.A.4.a.1,Near Vision,The ability to see details at close range (within a few feet of the observer).,3.75,3.88,24,0.031473,top_rank,,O*NET 31.0 (Aug 2026)
R11,Information Security / SOC Analyst,15-1212.00,Essential Skills,2.A.1.b,Active Listening,"Giving full attention to what other people are saying, taking time to understand the points being made, asking questions as appropriate, and not interrupting at inappropriate times.",3.75,3.88,25,0.031473,domain_quota,,O*NET 31.0 (Aug 2026)
R11,Information Security / SOC Analyst,15-1212.00,Transferable Skills,2.B.2.i,Complex Problem Solving,Identifying complex problems and reviewing related information to develop and evaluate options and implement solutions.,3.75,3.62,26,0.031473,domain_quota,,O*NET 31.0 (Aug 2026)
R11,Information Security / SOC Analyst,15-1212.00,Work Activities,4.A.4.a.1,Interpreting the Meaning of Information for Others,Translating or explaining what information means and how it can be used.,3.74,4.07,27,0.031389,top_rank,,O*NET 31.0 (Aug 2026)
R11,Information Security / SOC Analyst,15-1212.00,Knowledge,2.C.1.a,Administration and Management,"Knowledge of business and management principles involved in strategic planning, resource allocation, human resources modeling, leadership technique, production methods, and coordination of people and resources.",3.68,3.79,28,0.030885,domain_quota,,O*NET 31.0 (Aug 2026)
R11,Information Security / SOC Analyst,15-1212.00,Transferable Skills,2.B.4.e,Judgment and Decision Making,Considering the relative costs and benefits of potential actions to choose the most appropriate one.,3.38,3.62,42,0.028368,domain_quota,,O*NET 31.0 (Aug 2026)
R11,Information Security / SOC Analyst,15-1212.00,Transferable Skills,2.B.4.g,Systems Analysis,"Determining how a system should work and how changes in conditions, operations, and the environment will affect outcomes.",3.38,3.38,43,0.028368,domain_quota,,O*NET 31.0 (Aug 2026)
R12,Security Engineer,15-1299.05,Work Activities,4.A.3.b.1,Working with Computers,"Using computers and computer systems (including hardware and software) to program, write software, set up functions, enter data, or process information.",4.89,6.05,1,0.040686,domain_quota,,O*NET 31.0 (Aug 2026)
R12,Security Engineer,15-1299.05,Knowledge,2.C.3.a,Computers and Electronics,"Knowledge of circuit boards, processors, chips, electronic equipment, and computer hardware and software, including applications and programming.",4.63,5.94,2,0.038522,domain_quota,,O*NET 31.0 (Aug 2026)
R12,Security Engineer,15-1299.05,Work Activities,4.A.1.a.1,Getting Information,"Observing, receiving, and otherwise obtaining information from all relevant sources.",4.5,4.79,3,0.037441,domain_quota,,O*NET 31.0 (Aug 2026)
R12,Security Engineer,15-1299.05,Work Activities,4.A.1.b.1,"Identifying Objects, Actions, and Events","Identifying information by categorizing, estimating, recognizing differences or similarities, and detecting changes in circumstances or events.",4.44,5.32,4,0.036942,domain_quota,,O*NET 31.0 (Aug 2026)
R12,Security Engineer,15-1299.05,Work Activities,4.A.2.b.3,Updating and Using Relevant Knowledge,Keeping up-to-date technically and applying new knowledge to your job.,4.42,5.58,5,0.036775,top_rank,,O*NET 31.0 (Aug 2026)
R12,Security Engineer,15-1299.05,Work Activities,4.A.2.a.4,Analyzing Data or Information,"Identifying the underlying principles, reasons, or facts of information by breaking down information or data into separate parts.",4.37,5.05,6,0.036359,top_rank,,O*NET 31.0 (Aug 2026)
R12,Security Engineer,15-1299.05,Work Activities,4.A.4.a.2,"Communicating with Supervisors, Peers, or Subordinates","Providing information to supervisors, co-workers, and subordinates by telephone, in written form, e-mail, or in person.",4.26,5.21,7,0.035444,top_rank,,O*NET 31.0 (Aug 2026)
R12,Security Engineer,15-1299.05,Work Activities,4.A.2.b.1,Making Decisions and Solving Problems,Analyzing information and evaluating results to choose the best solution and solve problems.,4.17,5.05,8,0.034695,top_rank,,O*NET 31.0 (Aug 2026)
R12,Security Engineer,15-1299.05,Work Activities,4.A.2.a.2,Processing Information,"Compiling, coding, categorizing, calculating, tabulating, auditing, or verifying information or data.",4.16,4.95,9,0.034612,top_rank,,O*NET 31.0 (Aug 2026)
R12,Security Engineer,15-1299.05,Work Activities,4.A.3.b.6,Documenting/Recording Information,"Entering, transcribing, recording, storing, or maintaining information in written or electronic/magnetic form.",4.16,4.89,10,0.034612,top_rank,,O*NET 31.0 (Aug 2026)
R12,Security Engineer,15-1299.05,Abilities,1.A.1.a.1,Oral Comprehension,The ability to listen to and understand information and ideas presented through spoken words and sentences.,4.12,4.25,11,0.034279,domain_quota,,O*NET 31.0 (Aug 2026)
R12,Security Engineer,15-1299.05,Essential Skills,2.A.1.a,Reading Comprehension,Understanding written sentences and paragraphs in work-related documents.,4.12,4.38,12,0.034279,domain_quota,,O*NET 31.0 (Aug 2026)
R12,Security Engineer,15-1299.05,Work Activities,4.A.2.a.3,Evaluating Information to Determine Compliance with Standards,"Using relevant information and individual judgment to determine whether events or processes comply with laws, regulations, or standards.",4.05,4.68,13,0.033697,top_rank,,O*NET 31.0 (Aug 2026)
R12,Security Engineer,15-1299.05,Work Activities,4.A.4.b.3,Training and Teaching Others,"Identifying the educational needs of others, developing formal educational or training programs or classes, and teaching or instructing others.",4.05,4.42,14,0.033697,top_rank,,O*NET 31.0 (Aug 2026)
R12,Security Engineer,15-1299.05,Abilities,1.A.1.a.2,Written Comprehension,The ability to read and understand information and ideas presented in writing.,4,4.38,15,0.033281,domain_quota,,O*NET 31.0 (Aug 2026)
R12,Security Engineer,15-1299.05,Abilities,1.A.1.a.3,Oral Expression,The ability to communicate information and ideas in speaking so others will understand.,4,4.12,16,0.033281,domain_quota,,O*NET 31.0 (Aug 2026)
R12,Security Engineer,15-1299.05,Essential Skills,2.A.2.a,Critical Thinking,"Using logic and reasoning to identify the strengths and weaknesses of alternative solutions, conclusions, or approaches to problems.",4,4.12,17,0.033281,domain_quota,,O*NET 31.0 (Aug 2026)
R12,Security Engineer,15-1299.05,Knowledge,2.C.3.b,Engineering and Technology,"Knowledge of the practical application of engineering science and technology. This includes applying principles, techniques, procedures, and equipment to the design and production of various goods and services.",4,4.56,18,0.033281,domain_quota,,O*NET 31.0 (Aug 2026)
R12,Security Engineer,15-1299.05,Work Activities,4.A.4.a.1,Interpreting the Meaning of Information for Others,Translating or explaining what information means and how it can be used.,3.89,4.47,19,0.032365,top_rank,,O*NET 31.0 (Aug 2026)
R12,Security Engineer,15-1299.05,Essential Skills,2.A.1.b,Active Listening,"Giving full attention to what other people are saying, taking time to understand the points being made, asking questions as appropriate, and not interrupting at inappropriate times.",3.88,4.12,20,0.032282,domain_quota,,O*NET 31.0 (Aug 2026)
R12,Security Engineer,15-1299.05,Work Activities,4.A.2.b.6,"Organizing, Planning, and Prioritizing Work","Developing specific goals and plans to prioritize, organize, and accomplish your work.",3.79,4.39,21,0.031533,top_rank,,O*NET 31.0 (Aug 2026)
R12,Security Engineer,15-1299.05,Abilities,1.A.1.b.4,Deductive Reasoning,The ability to apply general rules to specific problems to produce answers that make sense.,3.75,4.12,22,0.031201,top_rank,,O*NET 31.0 (Aug 2026)
R12,Security Engineer,15-1299.05,Abilities,1.A.1.b.6,Information Ordering,"The ability to arrange things or actions in a certain order or pattern according to a specific rule or set of rules (e.g., patterns of numbers, letters, words, pictures, mathematical operations).",3.75,3.88,23,0.031201,top_rank,,O*NET 31.0 (Aug 2026)
R12,Security Engineer,15-1299.05,Abilities,1.A.4.b.4,Speech Recognition,The ability to identify and understand the speech of another person.,3.75,3.62,24,0.031201,top_rank,,O*NET 31.0 (Aug 2026)
R12,Security Engineer,15-1299.05,Work Activities,4.A.4.a.3,Communicating with People Outside the Organization,"Communicating with people outside the organization, representing the organization to customers, the public, government, and other external sources. This information can be exchanged in person, in writing, or by telephone or e-mail.",3.74,4.42,25,0.031117,top_rank,,O*NET 31.0 (Aug 2026)
R12,Security Engineer,15-1299.05,Work Activities,4.A.4.b.6,Providing Consultation and Advice to Others,"Providing guidance and expert advice to management or other groups on technical, systems-, or process-related topics.",3.63,4.47,26,0.030202,top_rank,,O*NET 31.0 (Aug 2026)
R12,Security Engineer,15-1299.05,Knowledge,2.C.7.a,English Language,"Knowledge of the structure and content of the English language including the meaning and spelling of words, and rules of composition and grammar.",3.53,3.63,33,0.02937,domain_quota,,O*NET 31.0 (Aug 2026)
R12,Security Engineer,15-1299.05,Transferable Skills,2.B.3.m,Quality Control Analysis,"Conducting tests and inspections of products, services, or processes to evaluate quality or performance.",3.38,3.12,39,0.028122,domain_quota,,O*NET 31.0 (Aug 2026)
R12,Security Engineer,15-1299.05,Transferable Skills,2.B.4.g,Systems Analysis,"Determining how a system should work and how changes in conditions, operations, and the environment will affect outcomes.",3.38,3.62,40,0.028122,domain_quota,,O*NET 31.0 (Aug 2026)
R12,Security Engineer,15-1299.05,Transferable Skills,2.B.4.h,Systems Evaluation,"Identifying measures or indicators of system performance and the actions needed to improve or correct performance, relative to the goals of the system.",3.38,3.75,41,0.028122,domain_quota,,O*NET 31.0 (Aug 2026)
R13,Penetration Tester,15-1299.04,Work Activities,4.A.3.b.1,Working with Computers,"Using computers and computer systems (including hardware and software) to program, write software, set up functions, enter data, or process information.",5,6.4,1,0.039351,domain_quota,,O*NET 31.0 (Aug 2026)
R13,Penetration Tester,15-1299.04,Knowledge,2.C.3.a,Computers and Electronics,"Knowledge of circuit boards, processors, chips, electronic equipment, and computer hardware and software, including applications and programming.",4.95,6.55,2,0.038958,domain_quota,,O*NET 31.0 (Aug 2026)
R13,Penetration Tester,15-1299.04,Work Activities,4.A.3.b.6,Documenting/Recording Information,"Entering, transcribing, recording, storing, or maintaining information in written or electronic/magnetic form.",4.65,5.2,3,0.036597,domain_quota,,O*NET 31.0 (Aug 2026)
R13,Penetration Tester,15-1299.04,Work Activities,4.A.2.b.1,Making Decisions and Solving Problems,Analyzing information and evaluating results to choose the best solution and solve problems.,4.6,5.3,4,0.036203,domain_quota,,O*NET 31.0 (Aug 2026)
R13,Penetration Tester,15-1299.04,Work Activities,4.A.1.a.1,Getting Information,"Observing, receiving, and otherwise obtaining information from all relevant sources.",4.58,5.4,5,0.036046,top_rank,,O*NET 31.0 (Aug 2026)
R13,Penetration Tester,15-1299.04,Work Activities,4.A.2.a.3,Evaluating Information to Determine Compliance with Standards,"Using relevant information and individual judgment to determine whether events or processes comply with laws, regulations, or standards.",4.55,5.25,6,0.03581,top_rank,,O*NET 31.0 (Aug 2026)
R13,Penetration Tester,15-1299.04,Work Activities,4.A.2.b.3,Updating and Using Relevant Knowledge,Keeping up-to-date technically and applying new knowledge to your job.,4.45,6.1,7,0.035023,top_rank,,O*NET 31.0 (Aug 2026)
R13,Penetration Tester,15-1299.04,Work Activities,4.A.2.a.4,Analyzing Data or Information,"Identifying the underlying principles, reasons, or facts of information by breaking down information or data into separate parts.",4.42,5.37,8,0.034787,top_rank,,O*NET 31.0 (Aug 2026)
R13,Penetration Tester,15-1299.04,Work Activities,4.A.2.a.2,Processing Information,"Compiling, coding, categorizing, calculating, tabulating, auditing, or verifying information or data.",4.4,5.7,9,0.034629,top_rank,,O*NET 31.0 (Aug 2026)
R13,Penetration Tester,15-1299.04,Abilities,1.A.1.b.5,Inductive Reasoning,The ability to combine pieces of information to form general rules or conclusions (includes finding a relationship among seemingly unrelated events).,4.38,4.5,10,0.034472,domain_quota,,O*NET 31.0 (Aug 2026)
R13,Penetration Tester,15-1299.04,Essential Skills,2.A.2.a,Critical Thinking,"Using logic and reasoning to identify the strengths and weaknesses of alternative solutions, conclusions, or approaches to problems.",4.38,4.38,11,0.034472,domain_quota,,O*NET 31.0 (Aug 2026)
R13,Penetration Tester,15-1299.04,Abilities,1.A.1.a.4,Written Expression,The ability to communicate information and ideas in writing so others will understand.,4.25,4.38,12,0.033449,domain_quota,,O*NET 31.0 (Aug 2026)
R13,Penetration Tester,15-1299.04,Work Activities,4.A.2.b.2,Thinking Creatively,"Developing, designing, or creating new applications, ideas, relationships, systems, or products, including artistic contributions.",4.25,5.6,13,0.033449,top_rank,,O*NET 31.0 (Aug 2026)
R13,Penetration Tester,15-1299.04,Work Activities,4.A.4.a.1,Interpreting the Meaning of Information for Others,Translating or explaining what information means and how it can be used.,4.25,5.25,14,0.033449,top_rank,,O*NET 31.0 (Aug 2026)
R13,Penetration Tester,15-1299.04,Work Activities,4.A.1.b.1,"Identifying Objects, Actions, and Events","Identifying information by categorizing, estimating, recognizing differences or similarities, and detecting changes in circumstances or events.",4.2,5.35,15,0.033055,top_rank,,O*NET 31.0 (Aug 2026)
R13,Penetration Tester,15-1299.04,Knowledge,2.C.9.a,Telecommunications,"Knowledge of transmission, broadcasting, switching, control, and operation of telecommunications systems.",4.15,5.2,16,0.032662,domain_quota,,O*NET 31.0 (Aug 2026)
R13,Penetration Tester,15-1299.04,Work Activities,4.A.4.a.2,"Communicating with Supervisors, Peers, or Subordinates","Providing information to supervisors, co-workers, and subordinates by telephone, in written form, e-mail, or in person.",4.15,5.15,17,0.032662,top_rank,,O*NET 31.0 (Aug 2026)
R13,Penetration Tester,15-1299.04,Abilities,1.A.1.b.3,Problem Sensitivity,"The ability to tell when something is wrong or is likely to go wrong. It does not involve solving the problem, only recognizing that there is a problem.",4.12,4.38,18,0.032426,domain_quota,,O*NET 31.0 (Aug 2026)
R13,Penetration Tester,15-1299.04,Abilities,1.A.1.b.4,Deductive Reasoning,The ability to apply general rules to specific problems to produce answers that make sense.,4.12,4.62,19,0.032426,top_rank,,O*NET 31.0 (Aug 2026)
R13,Penetration Tester,15-1299.04,Work Activities,4.A.2.b.6,"Organizing, Planning, and Prioritizing Work","Developing specific goals and plans to prioritize, organize, and accomplish your work.",4.05,5.1,20,0.031875,top_rank,,O*NET 31.0 (Aug 2026)
R13,Penetration Tester,15-1299.04,Abilities,1.A.1.a.1,Oral Comprehension,The ability to listen to and understand information and ideas presented through spoken words and sentences.,4,4.62,21,0.031481,top_rank,,O*NET 31.0 (Aug 2026)
R13,Penetration Tester,15-1299.04,Abilities,1.A.1.a.2,Written Comprehension,The ability to read and understand information and ideas presented in writing.,4,4.5,22,0.031481,top_rank,,O*NET 31.0 (Aug 2026)
R13,Penetration Tester,15-1299.04,Essential Skills,2.A.1.a,Reading Comprehension,Understanding written sentences and paragraphs in work-related documents.,4,4.5,23,0.031481,domain_quota,,O*NET 31.0 (Aug 2026)
R13,Penetration Tester,15-1299.04,Essential Skills,2.A.1.c,Writing,Communicating effectively in writing as appropriate for the needs of the audience.,4,4.12,24,0.031481,domain_quota,,O*NET 31.0 (Aug 2026)
R13,Penetration Tester,15-1299.04,Knowledge,2.C.3.b,Engineering and Technology,"Knowledge of the practical application of engineering science and technology. This includes applying principles, techniques, procedures, and equipment to the design and production of various goods and services.",3.95,5.1,25,0.031088,domain_quota,,O*NET 31.0 (Aug 2026)
R13,Penetration Tester,15-1299.04,Work Activities,4.A.4.a.3,Communicating with People Outside the Organization,"Communicating with people outside the organization, representing the organization to customers, the public, government, and other external sources. This information can be exchanged in person, in writing, or by telephone or e-mail.",3.95,4.75,26,0.031088,top_rank,,O*NET 31.0 (Aug 2026)
R13,Penetration Tester,15-1299.04,Abilities,1.A.1.a.3,Oral Expression,The ability to communicate information and ideas in speaking so others will understand.,3.88,4.5,27,0.030537,top_rank,,O*NET 31.0 (Aug 2026)
R13,Penetration Tester,15-1299.04,Transferable Skills,2.B.2.i,Complex Problem Solving,Identifying complex problems and reviewing related information to develop and evaluate options and implement solutions.,3.88,3.88,31,0.030537,domain_quota,,O*NET 31.0 (Aug 2026)
R13,Penetration Tester,15-1299.04,Transferable Skills,2.B.3.e,Programming,Writing computer programs for various purposes.,3.88,4.12,32,0.030537,domain_quota,,O*NET 31.0 (Aug 2026)
R13,Penetration Tester,15-1299.04,Transferable Skills,2.B.4.h,Systems Evaluation,"Identifying measures or indicators of system performance and the actions needed to improve or correct performance, relative to the goals of the system.",3.62,4.12,41,0.02849,domain_quota,,O*NET 31.0 (Aug 2026)
R14,Digital Forensics & Incident Response,15-1299.06,Work Activities,4.A.3.b.1,Working with Computers,"Using computers and computer systems (including hardware and software) to program, write software, set up functions, enter data, or process information.",4.85,6.04,1,0.040973,domain_quota,,O*NET 31.0 (Aug 2026)
R14,Digital Forensics & Incident Response,15-1299.06,Knowledge,2.C.3.a,Computers and Electronics,"Knowledge of circuit boards, processors, chips, electronic equipment, and computer hardware and software, including applications and programming.",4.68,6.07,2,0.039537,domain_quota,,O*NET 31.0 (Aug 2026)
R14,Digital Forensics & Incident Response,15-1299.06,Work Activities,4.A.2.b.3,Updating and Using Relevant Knowledge,Keeping up-to-date technically and applying new knowledge to your job.,4.65,6.22,3,0.039284,domain_quota,,O*NET 31.0 (Aug 2026)
R14,Digital Forensics & Incident Response,15-1299.06,Work Activities,4.A.2.a.4,Analyzing Data or Information,"Identifying the underlying principles, reasons, or facts of information by breaking down information or data into separate parts.",4.48,5.89,4,0.037847,domain_quota,,O*NET 31.0 (Aug 2026)
R14,Digital Forensics & Incident Response,15-1299.06,Work Activities,4.A.1.a.1,Getting Information,"Observing, receiving, and otherwise obtaining information from all relevant sources.",4.44,5.11,5,0.03751,top_rank,,O*NET 31.0 (Aug 2026)
R14,Digital Forensics & Incident Response,15-1299.06,Work Activities,4.A.3.b.6,Documenting/Recording Information,"Entering, transcribing, recording, storing, or maintaining information in written or electronic/magnetic form.",4.44,5.7,6,0.03751,top_rank,,O*NET 31.0 (Aug 2026)
R14,Digital Forensics & Incident Response,15-1299.06,Work Activities,4.A.4.a.1,Interpreting the Meaning of Information for Others,Translating or explaining what information means and how it can be used.,4.3,5.38,7,0.036327,top_rank,,O*NET 31.0 (Aug 2026)
R14,Digital Forensics & Incident Response,15-1299.06,Work Activities,4.A.2.a.2,Processing Information,"Compiling, coding, categorizing, calculating, tabulating, auditing, or verifying information or data.",4.26,5.7,8,0.035989,top_rank,,O*NET 31.0 (Aug 2026)
R14,Digital Forensics & Incident Response,15-1299.06,Work Activities,4.A.1.b.1,"Identifying Objects, Actions, and Events","Identifying information by categorizing, estimating, recognizing differences or similarities, and detecting changes in circumstances or events.",4.12,5.42,9,0.034806,top_rank,,O*NET 31.0 (Aug 2026)
R14,Digital Forensics & Incident Response,15-1299.06,Work Activities,4.A.2.b.1,Making Decisions and Solving Problems,Analyzing information and evaluating results to choose the best solution and solve problems.,4.04,5.3,10,0.03413,top_rank,,O*NET 31.0 (Aug 2026)
R14,Digital Forensics & Incident Response,15-1299.06,Abilities,1.A.1.a.2,Written Comprehension,The ability to read and understand information and ideas presented in writing.,4,4.25,11,0.033792,domain_quota,,O*NET 31.0 (Aug 2026)
R14,Digital Forensics & Incident Response,15-1299.06,Abilities,1.A.1.b.4,Deductive Reasoning,The ability to apply general rules to specific problems to produce answers that make sense.,4,4,12,0.033792,domain_quota,,O*NET 31.0 (Aug 2026)
R14,Digital Forensics & Incident Response,15-1299.06,Work Activities,4.A.2.b.6,"Organizing, Planning, and Prioritizing Work","Developing specific goals and plans to prioritize, organize, and accomplish your work.",3.96,4.96,13,0.033454,top_rank,,O*NET 31.0 (Aug 2026)
R14,Digital Forensics & Incident Response,15-1299.06,Abilities,1.A.1.a.1,Oral Comprehension,The ability to listen to and understand information and ideas presented through spoken words and sentences.,3.88,4,14,0.032779,domain_quota,,O*NET 31.0 (Aug 2026)
R14,Digital Forensics & Incident Response,15-1299.06,Abilities,1.A.1.a.4,Written Expression,The ability to communicate information and ideas in writing so others will understand.,3.88,4.12,15,0.032779,top_rank,,O*NET 31.0 (Aug 2026)
R14,Digital Forensics & Incident Response,15-1299.06,Abilities,1.A.1.b.5,Inductive Reasoning,The ability to combine pieces of information to form general rules or conclusions (includes finding a relationship among seemingly unrelated events).,3.88,4,16,0.032779,top_rank,,O*NET 31.0 (Aug 2026)
R14,Digital Forensics & Incident Response,15-1299.06,Work Activities,4.A.4.a.3,Communicating with People Outside the Organization,"Communicating with people outside the organization, representing the organization to customers, the public, government, and other external sources. This information can be exchanged in person, in writing, or by telephone or e-mail.",3.88,5.37,17,0.032779,top_rank,,O*NET 31.0 (Aug 2026)
R14,Digital Forensics & Incident Response,15-1299.06,Work Activities,4.A.4.a.2,"Communicating with Supervisors, Peers, or Subordinates","Providing information to supervisors, co-workers, and subordinates by telephone, in written form, e-mail, or in person.",3.85,5.04,18,0.032525,top_rank,,O*NET 31.0 (Aug 2026)
R14,Digital Forensics & Incident Response,15-1299.06,Essential Skills,2.A.1.a,Reading Comprehension,Understanding written sentences and paragraphs in work-related documents.,3.75,3.75,19,0.03168,domain_quota,,O*NET 31.0 (Aug 2026)
R14,Digital Forensics & Incident Response,15-1299.06,Knowledge,2.C.8.b,Law and Government,"Knowledge of laws, legal codes, court procedures, precedents, government regulations, executive orders, agency rules, and the democratic political process.",3.72,4.27,20,0.031427,domain_quota,,O*NET 31.0 (Aug 2026)
R14,Digital Forensics & Incident Response,15-1299.06,Knowledge,2.C.7.a,English Language,"Knowledge of the structure and content of the English language including the meaning and spelling of words, and rules of composition and grammar.",3.7,4.59,21,0.031258,domain_quota,,O*NET 31.0 (Aug 2026)
R14,Digital Forensics & Incident Response,15-1299.06,Work Activities,4.A.2.b.2,Thinking Creatively,"Developing, designing, or creating new applications, ideas, relationships, systems, or products, including artistic contributions.",3.7,5.07,22,0.031258,top_rank,,O*NET 31.0 (Aug 2026)
R14,Digital Forensics & Incident Response,15-1299.06,Work Activities,4.A.1.a.2,"Monitoring Processes, Materials, or Surroundings","Monitoring and reviewing information from materials, events, or the environment, to detect or assess problems.",3.67,4.56,23,0.031004,top_rank,,O*NET 31.0 (Aug 2026)
R14,Digital Forensics & Incident Response,15-1299.06,Abilities,1.A.1.a.3,Oral Expression,The ability to communicate information and ideas in speaking so others will understand.,3.62,3.88,24,0.030582,top_rank,,O*NET 31.0 (Aug 2026)
R14,Digital Forensics & Incident Response,15-1299.06,Abilities,1.A.1.b.3,Problem Sensitivity,"The ability to tell when something is wrong or is likely to go wrong. It does not involve solving the problem, only recognizing that there is a problem.",3.62,3.88,25,0.030582,top_rank,,O*NET 31.0 (Aug 2026)
R14,Digital Forensics & Incident Response,15-1299.06,Essential Skills,2.A.1.b,Active Listening,"Giving full attention to what other people are saying, taking time to understand the points being made, asking questions as appropriate, and not interrupting at inappropriate times.",3.5,3.5,32,0.029568,domain_quota,,O*NET 31.0 (Aug 2026)
R14,Digital Forensics & Incident Response,15-1299.06,Essential Skills,2.A.1.c,Writing,Communicating effectively in writing as appropriate for the needs of the audience.,3.5,3.88,33,0.029568,domain_quota,,O*NET 31.0 (Aug 2026)
R14,Digital Forensics & Incident Response,15-1299.06,Transferable Skills,2.B.4.e,Judgment and Decision Making,Considering the relative costs and benefits of potential actions to choose the most appropriate one.,3.5,3.38,35,0.029568,domain_quota,,O*NET 31.0 (Aug 2026)
R14,Digital Forensics & Incident Response,15-1299.06,Transferable Skills,2.B.2.i,Complex Problem Solving,Identifying complex problems and reviewing related information to develop and evaluate options and implement solutions.,3.38,3.25,38,0.028555,domain_quota,,O*NET 31.0 (Aug 2026)
R14,Digital Forensics & Incident Response,15-1299.06,Transferable Skills,2.B.4.g,Systems Analysis,"Determining how a system should work and how changes in conditions, operations, and the environment will affect outcomes.",3.12,3.12,52,0.026358,domain_quota,,O*NET 31.0 (Aug 2026)
R15,Network Engineer / Architect,15-1241.00,Work Activities,4.A.3.b.1,Working with Computers,"Using computers and computer systems (including hardware and software) to program, write software, set up functions, enter data, or process information.",4.75,5.8,1,0.039114,domain_quota,,O*NET 31.0 (Aug 2026)
R15,Network Engineer / Architect,15-1241.00,Knowledge,2.C.3.a,Computers and Electronics,"Knowledge of circuit boards, processors, chips, electronic equipment, and computer hardware and software, including applications and programming.",4.68,6.05,2,0.038538,domain_quota,,O*NET 31.0 (Aug 2026)
R15,Network Engineer / Architect,15-1241.00,Work Activities,4.A.1.a.1,Getting Information,"Observing, receiving, and otherwise obtaining information from all relevant sources.",4.4,4.95,3,0.036232,domain_quota,,O*NET 31.0 (Aug 2026)
R15,Network Engineer / Architect,15-1241.00,Work Activities,4.A.2.b.3,Updating and Using Relevant Knowledge,Keeping up-to-date technically and applying new knowledge to your job.,4.3,5.6,4,0.035408,domain_quota,,O*NET 31.0 (Aug 2026)
R15,Network Engineer / Architect,15-1241.00,Knowledge,2.C.3.b,Engineering and Technology,"Knowledge of the practical application of engineering science and technology. This includes applying principles, techniques, procedures, and equipment to the design and production of various goods and services.",4.25,5,5,0.034997,domain_quota,,O*NET 31.0 (Aug 2026)
R15,Network Engineer / Architect,15-1241.00,Knowledge,2.C.9.a,Telecommunications,"Knowledge of transmission, broadcasting, switching, control, and operation of telecommunications systems.",4.25,5,6,0.034997,domain_quota,,O*NET 31.0 (Aug 2026)
R15,Network Engineer / Architect,15-1241.00,Work Activities,4.A.2.a.3,Evaluating Information to Determine Compliance with Standards,"Using relevant information and individual judgment to determine whether events or processes comply with laws, regulations, or standards.",4.15,4.85,7,0.034173,top_rank,,O*NET 31.0 (Aug 2026)
R15,Network Engineer / Architect,15-1241.00,Essential Skills,2.A.2.a,Critical Thinking,"Using logic and reasoning to identify the strengths and weaknesses of alternative solutions, conclusions, or approaches to problems.",4.12,4.12,8,0.033926,domain_quota,,O*NET 31.0 (Aug 2026)
R15,Network Engineer / Architect,15-1241.00,Work Activities,4.A.2.b.1,Making Decisions and Solving Problems,Analyzing information and evaluating results to choose the best solution and solve problems.,4.05,4.7,9,0.03335,top_rank,,O*NET 31.0 (Aug 2026)
R15,Network Engineer / Architect,15-1241.00,Abilities,1.A.1.a.1,Oral Comprehension,The ability to listen to and understand information and ideas presented through spoken words and sentences.,4,4.38,10,0.032938,domain_quota,,O*NET 31.0 (Aug 2026)
R15,Network Engineer / Architect,15-1241.00,Abilities,1.A.1.a.2,Written Comprehension,The ability to read and understand information and ideas presented in writing.,4,4.5,11,0.032938,domain_quota,,O*NET 31.0 (Aug 2026)
R15,Network Engineer / Architect,15-1241.00,Abilities,1.A.1.a.4,Written Expression,The ability to communicate information and ideas in writing so others will understand.,4,4.12,12,0.032938,domain_quota,,O*NET 31.0 (Aug 2026)
R15,Network Engineer / Architect,15-1241.00,Abilities,1.A.1.b.3,Problem Sensitivity,"The ability to tell when something is wrong or is likely to go wrong. It does not involve solving the problem, only recognizing that there is a problem.",4,3.88,13,0.032938,top_rank,,O*NET 31.0 (Aug 2026)
R15,Network Engineer / Architect,15-1241.00,Abilities,1.A.1.b.4,Deductive Reasoning,The ability to apply general rules to specific problems to produce answers that make sense.,4,4.12,14,0.032938,top_rank,,O*NET 31.0 (Aug 2026)
R15,Network Engineer / Architect,15-1241.00,Abilities,1.A.1.b.5,Inductive Reasoning,The ability to combine pieces of information to form general rules or conclusions (includes finding a relationship among seemingly unrelated events).,4,4,15,0.032938,top_rank,,O*NET 31.0 (Aug 2026)
R15,Network Engineer / Architect,15-1241.00,Abilities,1.A.1.b.6,Information Ordering,"The ability to arrange things or actions in a certain order or pattern according to a specific rule or set of rules (e.g., patterns of numbers, letters, words, pictures, mathematical operations).",4,4.12,16,0.032938,top_rank,,O*NET 31.0 (Aug 2026)
R15,Network Engineer / Architect,15-1241.00,Abilities,1.A.1.b.7,Category Flexibility,The ability to generate or use different sets of rules for combining or grouping things in different ways.,4,4,17,0.032938,top_rank,,O*NET 31.0 (Aug 2026)
R15,Network Engineer / Architect,15-1241.00,Essential Skills,2.A.1.a,Reading Comprehension,Understanding written sentences and paragraphs in work-related documents.,4,4.12,18,0.032938,domain_quota,,O*NET 31.0 (Aug 2026)
R15,Network Engineer / Architect,15-1241.00,Work Activities,4.A.4.a.2,"Communicating with Supervisors, Peers, or Subordinates","Providing information to supervisors, co-workers, and subordinates by telephone, in written form, e-mail, or in person.",4,5.05,19,0.032938,top_rank,,O*NET 31.0 (Aug 2026)
R15,Network Engineer / Architect,15-1241.00,Work Activities,4.A.1.a.2,"Monitoring Processes, Materials, or Surroundings","Monitoring and reviewing information from materials, events, or the environment, to detect or assess problems.",3.95,4.55,20,0.032526,top_rank,,O*NET 31.0 (Aug 2026)
R15,Network Engineer / Architect,15-1241.00,Work Activities,4.A.1.b.1,"Identifying Objects, Actions, and Events","Identifying information by categorizing, estimating, recognizing differences or similarities, and detecting changes in circumstances or events.",3.95,4.85,21,0.032526,top_rank,,O*NET 31.0 (Aug 2026)
R15,Network Engineer / Architect,15-1241.00,Work Activities,4.A.2.a.4,Analyzing Data or Information,"Identifying the underlying principles, reasons, or facts of information by breaking down information or data into separate parts.",3.9,4.5,22,0.032115,top_rank,,O*NET 31.0 (Aug 2026)
R15,Network Engineer / Architect,15-1241.00,Work Activities,4.A.3.b.6,Documenting/Recording Information,"Entering, transcribing, recording, storing, or maintaining information in written or electronic/magnetic form.",3.9,4.45,23,0.032115,top_rank,,O*NET 31.0 (Aug 2026)
R15,Network Engineer / Architect,15-1241.00,Transferable Skills,2.B.2.i,Complex Problem Solving,Identifying complex problems and reviewing related information to develop and evaluate options and implement solutions.,3.88,4.12,24,0.03195,domain_quota,,O*NET 31.0 (Aug 2026)
R15,Network Engineer / Architect,15-1241.00,Transferable Skills,2.B.3.e,Programming,Writing computer programs for various purposes.,3.88,3.62,25,0.03195,domain_quota,,O*NET 31.0 (Aug 2026)
R15,Network Engineer / Architect,15-1241.00,Transferable Skills,2.B.4.h,Systems Evaluation,"Identifying measures or indicators of system performance and the actions needed to improve or correct performance, relative to the goals of the system.",3.88,3.88,26,0.03195,domain_quota,,O*NET 31.0 (Aug 2026)
R15,Network Engineer / Architect,15-1241.00,Work Activities,4.A.2.a.2,Processing Information,"Compiling, coding, categorizing, calculating, tabulating, auditing, or verifying information or data.",3.85,4.9,27,0.031703,top_rank,,O*NET 31.0 (Aug 2026)
R15,Network Engineer / Architect,15-1241.00,Knowledge,2.C.7.a,English Language,"Knowledge of the structure and content of the English language including the meaning and spelling of words, and rules of composition and grammar.",3.8,4.05,28,0.031291,top_rank,,O*NET 31.0 (Aug 2026)
R15,Network Engineer / Architect,15-1241.00,Abilities,1.A.1.a.3,Oral Expression,The ability to communicate information and ideas in speaking so others will understand.,3.75,4.12,29,0.030879,top_rank,,O*NET 31.0 (Aug 2026)
R15,Network Engineer / Architect,15-1241.00,Essential Skills,2.A.1.b,Active Listening,"Giving full attention to what other people are saying, taking time to understand the points being made, asking questions as appropriate, and not interrupting at inappropriate times.",3.75,3.88,31,0.030879,domain_quota,,O*NET 31.0 (Aug 2026)
R16,Cloud Engineer / Solutions Architect,15-1299.08,Knowledge,2.C.3.a,Computers and Electronics,"Knowledge of circuit boards, processors, chips, electronic equipment, and computer hardware and software, including applications and programming.",4.91,6.32,1,0.040458,domain_quota,,O*NET 31.0 (Aug 2026)
R16,Cloud Engineer / Solutions Architect,15-1299.08,Work Activities,4.A.3.b.1,Working with Computers,"Using computers and computer systems (including hardware and software) to program, write software, set up functions, enter data, or process information.",4.68,5.77,2,0.038563,domain_quota,,O*NET 31.0 (Aug 2026)
R16,Cloud Engineer / Solutions Architect,15-1299.08,Work Activities,4.A.2.b.1,Making Decisions and Solving Problems,Analyzing information and evaluating results to choose the best solution and solve problems.,4.45,5,3,0.036668,domain_quota,,O*NET 31.0 (Aug 2026)
R16,Cloud Engineer / Solutions Architect,15-1299.08,Work Activities,4.A.1.a.1,Getting Information,"Observing, receiving, and otherwise obtaining information from all relevant sources.",4.41,4.45,4,0.036338,domain_quota,,O*NET 31.0 (Aug 2026)
R16,Cloud Engineer / Solutions Architect,15-1299.08,Knowledge,2.C.7.a,English Language,"Knowledge of the structure and content of the English language including the meaning and spelling of words, and rules of composition and grammar.",4.09,3.38,5,0.033701,domain_quota,,O*NET 31.0 (Aug 2026)
R16,Cloud Engineer / Solutions Architect,15-1299.08,Work Activities,4.A.2.a.2,Processing Information,"Compiling, coding, categorizing, calculating, tabulating, auditing, or verifying information or data.",4.05,4.67,6,0.033372,top_rank,,O*NET 31.0 (Aug 2026)
R16,Cloud Engineer / Solutions Architect,15-1299.08,Work Activities,4.A.2.b.3,Updating and Using Relevant Knowledge,Keeping up-to-date technically and applying new knowledge to your job.,4.05,5.52,7,0.033372,top_rank,,O*NET 31.0 (Aug 2026)
R16,Cloud Engineer / Solutions Architect,15-1299.08,Abilities,1.A.1.a.1,Oral Comprehension,The ability to listen to and understand information and ideas presented through spoken words and sentences.,4,4.5,8,0.03296,domain_quota,,O*NET 31.0 (Aug 2026)
R16,Cloud Engineer / Solutions Architect,15-1299.08,Abilities,1.A.1.a.2,Written Comprehension,The ability to read and understand information and ideas presented in writing.,4,4.12,9,0.03296,domain_quota,,O*NET 31.0 (Aug 2026)
R16,Cloud Engineer / Solutions Architect,15-1299.08,Abilities,1.A.1.a.3,Oral Expression,The ability to communicate information and ideas in speaking so others will understand.,4,4,10,0.03296,domain_quota,,O*NET 31.0 (Aug 2026)
R16,Cloud Engineer / Solutions Architect,15-1299.08,Abilities,1.A.1.a.4,Written Expression,The ability to communicate information and ideas in writing so others will understand.,4,4.25,11,0.03296,top_rank,,O*NET 31.0 (Aug 2026)
R16,Cloud Engineer / Solutions Architect,15-1299.08,Abilities,1.A.1.b.3,Problem Sensitivity,"The ability to tell when something is wrong or is likely to go wrong. It does not involve solving the problem, only recognizing that there is a problem.",4,4.12,12,0.03296,top_rank,,O*NET 31.0 (Aug 2026)
R16,Cloud Engineer / Solutions Architect,15-1299.08,Abilities,1.A.1.b.4,Deductive Reasoning,The ability to apply general rules to specific problems to produce answers that make sense.,4,4.12,13,0.03296,top_rank,,O*NET 31.0 (Aug 2026)
R16,Cloud Engineer / Solutions Architect,15-1299.08,Abilities,1.A.1.b.5,Inductive Reasoning,The ability to combine pieces of information to form general rules or conclusions (includes finding a relationship among seemingly unrelated events).,4,4,14,0.03296,top_rank,,O*NET 31.0 (Aug 2026)
R16,Cloud Engineer / Solutions Architect,15-1299.08,Essential Skills,2.A.1.a,Reading Comprehension,Understanding written sentences and paragraphs in work-related documents.,4,4,15,0.03296,domain_quota,,O*NET 31.0 (Aug 2026)
R16,Cloud Engineer / Solutions Architect,15-1299.08,Essential Skills,2.A.1.b,Active Listening,"Giving full attention to what other people are saying, taking time to understand the points being made, asking questions as appropriate, and not interrupting at inappropriate times.",4,4,16,0.03296,domain_quota,,O*NET 31.0 (Aug 2026)
R16,Cloud Engineer / Solutions Architect,15-1299.08,Essential Skills,2.A.2.a,Critical Thinking,"Using logic and reasoning to identify the strengths and weaknesses of alternative solutions, conclusions, or approaches to problems.",4,4,17,0.03296,domain_quota,,O*NET 31.0 (Aug 2026)
R16,Cloud Engineer / Solutions Architect,15-1299.08,Work Activities,4.A.2.b.6,"Organizing, Planning, and Prioritizing Work","Developing specific goals and plans to prioritize, organize, and accomplish your work.",4,4.86,18,0.03296,top_rank,,O*NET 31.0 (Aug 2026)
R16,Cloud Engineer / Solutions Architect,15-1299.08,Work Activities,4.A.4.a.2,"Communicating with Supervisors, Peers, or Subordinates","Providing information to supervisors, co-workers, and subordinates by telephone, in written form, e-mail, or in person.",4,4.62,19,0.03296,top_rank,,O*NET 31.0 (Aug 2026)
R16,Cloud Engineer / Solutions Architect,15-1299.08,Knowledge,2.C.9.a,Telecommunications,"Knowledge of transmission, broadcasting, switching, control, and operation of telecommunications systems.",3.95,4.41,20,0.032548,domain_quota,,O*NET 31.0 (Aug 2026)
R16,Cloud Engineer / Solutions Architect,15-1299.08,Work Activities,4.A.1.b.1,"Identifying Objects, Actions, and Events","Identifying information by categorizing, estimating, recognizing differences or similarities, and detecting changes in circumstances or events.",3.95,4.52,21,0.032548,top_rank,,O*NET 31.0 (Aug 2026)
R16,Cloud Engineer / Solutions Architect,15-1299.08,Work Activities,4.A.2.a.3,Evaluating Information to Determine Compliance with Standards,"Using relevant information and individual judgment to determine whether events or processes comply with laws, regulations, or standards.",3.91,4,22,0.032218,top_rank,,O*NET 31.0 (Aug 2026)
R16,Cloud Engineer / Solutions Architect,15-1299.08,Work Activities,4.A.3.b.6,Documenting/Recording Information,"Entering, transcribing, recording, storing, or maintaining information in written or electronic/magnetic form.",3.9,4.57,23,0.032136,top_rank,,O*NET 31.0 (Aug 2026)
R16,Cloud Engineer / Solutions Architect,15-1299.08,Abilities,1.A.1.b.6,Information Ordering,"The ability to arrange things or actions in a certain order or pattern according to a specific rule or set of rules (e.g., patterns of numbers, letters, words, pictures, mathematical operations).",3.88,4,24,0.031971,top_rank,,O*NET 31.0 (Aug 2026)
R16,Cloud Engineer / Solutions Architect,15-1299.08,Essential Skills,2.A.1.c,Writing,Communicating effectively in writing as appropriate for the needs of the audience.,3.88,4,25,0.031971,top_rank,,O*NET 31.0 (Aug 2026)
R16,Cloud Engineer / Solutions Architect,15-1299.08,Essential Skills,2.A.1.d,Speaking,Talking to others to convey information effectively.,3.88,4,26,0.031971,top_rank,,O*NET 31.0 (Aug 2026)
R16,Cloud Engineer / Solutions Architect,15-1299.08,Transferable Skills,2.B.4.g,Systems Analysis,"Determining how a system should work and how changes in conditions, operations, and the environment will affect outcomes.",3.88,4,27,0.031971,domain_quota,,O*NET 31.0 (Aug 2026)
R16,Cloud Engineer / Solutions Architect,15-1299.08,Transferable Skills,2.B.4.h,Systems Evaluation,"Identifying measures or indicators of system performance and the actions needed to improve or correct performance, relative to the goals of the system.",3.88,4.12,28,0.031971,domain_quota,,O*NET 31.0 (Aug 2026)
R16,Cloud Engineer / Solutions Architect,15-1299.08,Knowledge,2.C.1.e,Customer and Personal Service,"Knowledge of principles and processes for providing customer and personal services. This includes customer needs assessment, meeting quality standards for services, and evaluation of customer satisfaction.",3.86,4.55,29,0.031806,top_rank,,O*NET 31.0 (Aug 2026)
R16,Cloud Engineer / Solutions Architect,15-1299.08,Transferable Skills,2.B.2.i,Complex Problem Solving,Identifying complex problems and reviewing related information to develop and evaluate options and implement solutions.,3.75,4,33,0.0309,domain_quota,,O*NET 31.0 (Aug 2026)
R17,DevOps / Site Reliability Engineer,15-1244.00,Work Activities,4.A.3.b.1,Working with Computers,"Using computers and computer systems (including hardware and software) to program, write software, set up functions, enter data, or process information.",4.83,6.3,1,0.040385,domain_quota,,O*NET 31.0 (Aug 2026)
R17,DevOps / Site Reliability Engineer,15-1244.00,Knowledge,2.C.3.a,Computers and Electronics,"Knowledge of circuit boards, processors, chips, electronic equipment, and computer hardware and software, including applications and programming.",4.63,5.76,2,0.038712,domain_quota,,O*NET 31.0 (Aug 2026)
R17,DevOps / Site Reliability Engineer,15-1244.00,Work Activities,4.A.1.a.1,Getting Information,"Observing, receiving, and otherwise obtaining information from all relevant sources.",4.23,4.77,3,0.035368,domain_quota,,O*NET 31.0 (Aug 2026)
R17,DevOps / Site Reliability Engineer,15-1244.00,Work Activities,4.A.2.b.1,Making Decisions and Solving Problems,Analyzing information and evaluating results to choose the best solution and solve problems.,4.2,5.23,4,0.035117,domain_quota,,O*NET 31.0 (Aug 2026)
R17,DevOps / Site Reliability Engineer,15-1244.00,Work Activities,4.A.2.a.4,Analyzing Data or Information,"Identifying the underlying principles, reasons, or facts of information by breaking down information or data into separate parts.",4.1,4.97,5,0.034281,top_rank,,O*NET 31.0 (Aug 2026)
R17,DevOps / Site Reliability Engineer,15-1244.00,Work Activities,4.A.2.b.3,Updating and Using Relevant Knowledge,Keeping up-to-date technically and applying new knowledge to your job.,4.1,5.33,6,0.034281,top_rank,,O*NET 31.0 (Aug 2026)
R17,DevOps / Site Reliability Engineer,15-1244.00,Work Activities,4.A.2.a.2,Processing Information,"Compiling, coding, categorizing, calculating, tabulating, auditing, or verifying information or data.",4.03,4.87,7,0.033696,top_rank,,O*NET 31.0 (Aug 2026)
R17,DevOps / Site Reliability Engineer,15-1244.00,Abilities,1.A.1.b.3,Problem Sensitivity,"The ability to tell when something is wrong or is likely to go wrong. It does not involve solving the problem, only recognizing that there is a problem.",4,4.12,8,0.033445,domain_quota,,O*NET 31.0 (Aug 2026)
R17,DevOps / Site Reliability Engineer,15-1244.00,Abilities,1.A.1.b.4,Deductive Reasoning,The ability to apply general rules to specific problems to produce answers that make sense.,4,4.12,9,0.033445,domain_quota,,O*NET 31.0 (Aug 2026)
R17,DevOps / Site Reliability Engineer,15-1244.00,Abilities,1.A.1.b.5,Inductive Reasoning,The ability to combine pieces of information to form general rules or conclusions (includes finding a relationship among seemingly unrelated events).,4,4,10,0.033445,domain_quota,,O*NET 31.0 (Aug 2026)
R17,DevOps / Site Reliability Engineer,15-1244.00,Abilities,1.A.1.b.6,Information Ordering,"The ability to arrange things or actions in a certain order or pattern according to a specific rule or set of rules (e.g., patterns of numbers, letters, words, pictures, mathematical operations).",4,4.12,11,0.033445,top_rank,,O*NET 31.0 (Aug 2026)
R17,DevOps / Site Reliability Engineer,15-1244.00,Essential Skills,2.A.1.b,Active Listening,"Giving full attention to what other people are saying, taking time to understand the points being made, asking questions as appropriate, and not interrupting at inappropriate times.",4,4,12,0.033445,domain_quota,,O*NET 31.0 (Aug 2026)
R17,DevOps / Site Reliability Engineer,15-1244.00,Transferable Skills,2.B.3.k,Troubleshooting,Determining causes of operating errors and deciding what to do about it.,4,4.12,13,0.033445,domain_quota,,O*NET 31.0 (Aug 2026)
R17,DevOps / Site Reliability Engineer,15-1244.00,Transferable Skills,2.B.4.e,Judgment and Decision Making,Considering the relative costs and benefits of potential actions to choose the most appropriate one.,4,4.12,14,0.033445,domain_quota,,O*NET 31.0 (Aug 2026)
R17,DevOps / Site Reliability Engineer,15-1244.00,Transferable Skills,2.B.4.g,Systems Analysis,"Determining how a system should work and how changes in conditions, operations, and the environment will affect outcomes.",4,4,15,0.033445,domain_quota,,O*NET 31.0 (Aug 2026)
R17,DevOps / Site Reliability Engineer,15-1244.00,Transferable Skills,2.B.4.h,Systems Evaluation,"Identifying measures or indicators of system performance and the actions needed to improve or correct performance, relative to the goals of the system.",4,4.38,16,0.033445,top_rank,,O*NET 31.0 (Aug 2026)
R17,DevOps / Site Reliability Engineer,15-1244.00,Work Activities,4.A.3.b.6,Documenting/Recording Information,"Entering, transcribing, recording, storing, or maintaining information in written or electronic/magnetic form.",4,4.8,17,0.033445,top_rank,,O*NET 31.0 (Aug 2026)
R17,DevOps / Site Reliability Engineer,15-1244.00,Work Activities,4.A.2.a.3,Evaluating Information to Determine Compliance with Standards,"Using relevant information and individual judgment to determine whether events or processes comply with laws, regulations, or standards.",3.9,4.63,18,0.032609,top_rank,,O*NET 31.0 (Aug 2026)
R17,DevOps / Site Reliability Engineer,15-1244.00,Work Activities,4.A.4.a.2,"Communicating with Supervisors, Peers, or Subordinates","Providing information to supervisors, co-workers, and subordinates by telephone, in written form, e-mail, or in person.",3.9,4.55,19,0.032609,top_rank,,O*NET 31.0 (Aug 2026)
R17,DevOps / Site Reliability Engineer,15-1244.00,Abilities,1.A.1.a.1,Oral Comprehension,The ability to listen to and understand information and ideas presented through spoken words and sentences.,3.88,4.25,20,0.032441,top_rank,,O*NET 31.0 (Aug 2026)
R17,DevOps / Site Reliability Engineer,15-1244.00,Abilities,1.A.1.a.2,Written Comprehension,The ability to read and understand information and ideas presented in writing.,3.88,4.25,21,0.032441,top_rank,,O*NET 31.0 (Aug 2026)
R17,DevOps / Site Reliability Engineer,15-1244.00,Abilities,1.A.1.a.3,Oral Expression,The ability to communicate information and ideas in speaking so others will understand.,3.88,4,22,0.032441,top_rank,,O*NET 31.0 (Aug 2026)
R17,DevOps / Site Reliability Engineer,15-1244.00,Abilities,1.A.4.a.1,Near Vision,The ability to see details at close range (within a few feet of the observer).,3.88,4.12,23,0.032441,top_rank,,O*NET 31.0 (Aug 2026)
R17,DevOps / Site Reliability Engineer,15-1244.00,Essential Skills,2.A.1.a,Reading Comprehension,Understanding written sentences and paragraphs in work-related documents.,3.88,4,24,0.032441,domain_quota,,O*NET 31.0 (Aug 2026)
R17,DevOps / Site Reliability Engineer,15-1244.00,Essential Skills,2.A.2.a,Critical Thinking,"Using logic and reasoning to identify the strengths and weaknesses of alternative solutions, conclusions, or approaches to problems.",3.88,4,25,0.032441,domain_quota,,O*NET 31.0 (Aug 2026)
R17,DevOps / Site Reliability Engineer,15-1244.00,Essential Skills,2.A.2.d,Monitoring,"Monitoring/Assessing performance of yourself, other individuals, or organizations to make improvements or take corrective action.",3.88,4,26,0.032441,top_rank,,O*NET 31.0 (Aug 2026)
R17,DevOps / Site Reliability Engineer,15-1244.00,Transferable Skills,2.B.2.i,Complex Problem Solving,Identifying complex problems and reviewing related information to develop and evaluate options and implement solutions.,3.88,4,27,0.032441,top_rank,,O*NET 31.0 (Aug 2026)
R17,DevOps / Site Reliability Engineer,15-1244.00,Work Activities,4.A.1.b.1,"Identifying Objects, Actions, and Events","Identifying information by categorizing, estimating, recognizing differences or similarities, and detecting changes in circumstances or events.",3.7,4.63,28,0.030936,top_rank,,O*NET 31.0 (Aug 2026)
R17,DevOps / Site Reliability Engineer,15-1244.00,Knowledge,2.C.9.a,Telecommunications,"Knowledge of transmission, broadcasting, switching, control, and operation of telecommunications systems.",3.57,4.45,31,0.029849,domain_quota,,O*NET 31.0 (Aug 2026)
R17,DevOps / Site Reliability Engineer,15-1244.00,Knowledge,2.C.1.e,Customer and Personal Service,"Knowledge of principles and processes for providing customer and personal services. This includes customer needs assessment, meeting quality standards for services, and evaluation of customer satisfaction.",3.37,4.13,36,0.028177,domain_quota,,O*NET 31.0 (Aug 2026)
R18,Systems / Business Analyst (IT),15-1211.00,Work Activities,4.A.3.b.1,Working with Computers,"Using computers and computer systems (including hardware and software) to program, write software, set up functions, enter data, or process information.",4.96,6,1,0.041258,domain_quota,,O*NET 31.0 (Aug 2026)
R18,Systems / Business Analyst (IT),15-1211.00,Knowledge,2.C.3.a,Computers and Electronics,"Knowledge of circuit boards, processors, chips, electronic equipment, and computer hardware and software, including applications and programming.",4.63,6,2,0.038513,domain_quota,,O*NET 31.0 (Aug 2026)
R18,Systems / Business Analyst (IT),15-1211.00,Work Activities,4.A.1.a.1,Getting Information,"Observing, receiving, and otherwise obtaining information from all relevant sources.",4.59,3.68,3,0.03818,domain_quota,,O*NET 31.0 (Aug 2026)
R18,Systems / Business Analyst (IT),15-1211.00,Work Activities,4.A.2.b.1,Making Decisions and Solving Problems,Analyzing information and evaluating results to choose the best solution and solve problems.,4.59,4.52,4,0.03818,domain_quota,,O*NET 31.0 (Aug 2026)
R18,Systems / Business Analyst (IT),15-1211.00,Work Activities,4.A.2.b.3,Updating and Using Relevant Knowledge,Keeping up-to-date technically and applying new knowledge to your job.,4.44,5.85,5,0.036932,top_rank,,O*NET 31.0 (Aug 2026)
R18,Systems / Business Analyst (IT),15-1211.00,Work Activities,4.A.2.a.2,Processing Information,"Compiling, coding, categorizing, calculating, tabulating, auditing, or verifying information or data.",4.43,4.97,6,0.036849,top_rank,,O*NET 31.0 (Aug 2026)
R18,Systems / Business Analyst (IT),15-1211.00,Work Activities,4.A.4.a.2,"Communicating with Supervisors, Peers, or Subordinates","Providing information to supervisors, co-workers, and subordinates by telephone, in written form, e-mail, or in person.",4.17,4.63,7,0.034686,top_rank,,O*NET 31.0 (Aug 2026)
R18,Systems / Business Analyst (IT),15-1211.00,Work Activities,4.A.2.a.4,Analyzing Data or Information,"Identifying the underlying principles, reasons, or facts of information by breaking down information or data into separate parts.",4.15,4.14,8,0.03452,top_rank,,O*NET 31.0 (Aug 2026)
R18,Systems / Business Analyst (IT),15-1211.00,Abilities,1.A.1.b.4,Deductive Reasoning,The ability to apply general rules to specific problems to produce answers that make sense.,4.12,4.12,9,0.034271,domain_quota,,O*NET 31.0 (Aug 2026)
R18,Systems / Business Analyst (IT),15-1211.00,Work Activities,4.A.1.a.2,"Monitoring Processes, Materials, or Surroundings","Monitoring and reviewing information from materials, events, or the environment, to detect or assess problems.",4.03,4.58,10,0.033522,top_rank,,O*NET 31.0 (Aug 2026)
R18,Systems / Business Analyst (IT),15-1211.00,Abilities,1.A.1.a.1,Oral Comprehension,The ability to listen to and understand information and ideas presented through spoken words and sentences.,4,4.5,11,0.033272,domain_quota,,O*NET 31.0 (Aug 2026)
R18,Systems / Business Analyst (IT),15-1211.00,Abilities,1.A.1.a.2,Written Comprehension,The ability to read and understand information and ideas presented in writing.,4,4.25,12,0.033272,domain_quota,,O*NET 31.0 (Aug 2026)
R18,Systems / Business Analyst (IT),15-1211.00,Abilities,1.A.1.a.3,Oral Expression,The ability to communicate information and ideas in speaking so others will understand.,4,4.38,13,0.033272,top_rank,,O*NET 31.0 (Aug 2026)
R18,Systems / Business Analyst (IT),15-1211.00,Abilities,1.A.1.b.6,Information Ordering,"The ability to arrange things or actions in a certain order or pattern according to a specific rule or set of rules (e.g., patterns of numbers, letters, words, pictures, mathematical operations).",4,4,14,0.033272,top_rank,,O*NET 31.0 (Aug 2026)
R18,Systems / Business Analyst (IT),15-1211.00,Essential Skills,2.A.1.d,Speaking,Talking to others to convey information effectively.,4,4,15,0.033272,domain_quota,,O*NET 31.0 (Aug 2026)
R18,Systems / Business Analyst (IT),15-1211.00,Abilities,1.A.1.b.3,Problem Sensitivity,"The ability to tell when something is wrong or is likely to go wrong. It does not involve solving the problem, only recognizing that there is a problem.",3.88,4.12,16,0.032274,top_rank,,O*NET 31.0 (Aug 2026)
R18,Systems / Business Analyst (IT),15-1211.00,Abilities,1.A.1.b.5,Inductive Reasoning,The ability to combine pieces of information to form general rules or conclusions (includes finding a relationship among seemingly unrelated events).,3.88,4.12,17,0.032274,top_rank,,O*NET 31.0 (Aug 2026)
R18,Systems / Business Analyst (IT),15-1211.00,Abilities,1.A.4.a.1,Near Vision,The ability to see details at close range (within a few feet of the observer).,3.88,4,18,0.032274,top_rank,,O*NET 31.0 (Aug 2026)
R18,Systems / Business Analyst (IT),15-1211.00,Essential Skills,2.A.1.a,Reading Comprehension,Understanding written sentences and paragraphs in work-related documents.,3.88,4.5,19,0.032274,domain_quota,,O*NET 31.0 (Aug 2026)
R18,Systems / Business Analyst (IT),15-1211.00,Work Activities,4.A.1.b.1,"Identifying Objects, Actions, and Events","Identifying information by categorizing, estimating, recognizing differences or similarities, and detecting changes in circumstances or events.",3.78,3.82,20,0.031442,top_rank,,O*NET 31.0 (Aug 2026)
R18,Systems / Business Analyst (IT),15-1211.00,Essential Skills,2.A.1.b,Active Listening,"Giving full attention to what other people are saying, taking time to understand the points being made, asking questions as appropriate, and not interrupting at inappropriate times.",3.75,4,21,0.031193,domain_quota,,O*NET 31.0 (Aug 2026)
R18,Systems / Business Analyst (IT),15-1211.00,Essential Skills,2.A.2.a,Critical Thinking,"Using logic and reasoning to identify the strengths and weaknesses of alternative solutions, conclusions, or approaches to problems.",3.75,4,22,0.031193,top_rank,,O*NET 31.0 (Aug 2026)
R18,Systems / Business Analyst (IT),15-1211.00,Transferable Skills,2.B.4.g,Systems Analysis,"Determining how a system should work and how changes in conditions, operations, and the environment will affect outcomes.",3.75,4,23,0.031193,domain_quota,,O*NET 31.0 (Aug 2026)
R18,Systems / Business Analyst (IT),15-1211.00,Transferable Skills,2.B.4.h,Systems Evaluation,"Identifying measures or indicators of system performance and the actions needed to improve or correct performance, relative to the goals of the system.",3.75,4.12,24,0.031193,domain_quota,,O*NET 31.0 (Aug 2026)
R18,Systems / Business Analyst (IT),15-1211.00,Knowledge,2.C.1.e,Customer and Personal Service,"Knowledge of principles and processes for providing customer and personal services. This includes customer needs assessment, meeting quality standards for services, and evaluation of customer satisfaction.",3.7,3.92,25,0.030777,domain_quota,,O*NET 31.0 (Aug 2026)
R18,Systems / Business Analyst (IT),15-1211.00,Work Activities,4.A.4.a.1,Interpreting the Meaning of Information for Others,Translating or explaining what information means and how it can be used.,3.69,3.71,26,0.030694,top_rank,,O*NET 31.0 (Aug 2026)
R18,Systems / Business Analyst (IT),15-1211.00,Work Activities,4.A.2.a.3,Evaluating Information to Determine Compliance with Standards,"Using relevant information and individual judgment to determine whether events or processes comply with laws, regulations, or standards.",3.68,4.42,27,0.030611,top_rank,,O*NET 31.0 (Aug 2026)
R18,Systems / Business Analyst (IT),15-1211.00,Work Activities,4.A.2.a.1,"Judging the Qualities of Objects, Services, or People","Assessing the value, importance, or quality of things or people.",3.64,4,28,0.030278,top_rank,,O*NET 31.0 (Aug 2026)
R18,Systems / Business Analyst (IT),15-1211.00,Transferable Skills,2.B.4.e,Judgment and Decision Making,Considering the relative costs and benefits of potential actions to choose the most appropriate one.,3.62,4.12,33,0.030111,domain_quota,,O*NET 31.0 (Aug 2026)
R18,Systems / Business Analyst (IT),15-1211.00,Knowledge,2.C.7.a,English Language,"Knowledge of the structure and content of the English language including the meaning and spelling of words, and rules of composition and grammar.",3.48,4.13,38,0.028947,domain_quota,,O*NET 31.0 (Aug 2026)
R19,IT Project Manager,15-1299.09,Work Activities,4.A.4.b.1,Coordinating the Work and Activities of Others,Getting members of a group to work together to accomplish tasks.,4.86,6.14,1,0.037871,domain_quota,,O*NET 31.0 (Aug 2026)
R19,IT Project Manager,15-1299.09,Work Activities,4.A.4.a.2,"Communicating with Supervisors, Peers, or Subordinates","Providing information to supervisors, co-workers, and subordinates by telephone, in written form, e-mail, or in person.",4.7,5.81,2,0.036624,domain_quota,,O*NET 31.0 (Aug 2026)
R19,IT Project Manager,15-1299.09,Work Activities,4.A.1.a.1,Getting Information,"Observing, receiving, and otherwise obtaining information from all relevant sources.",4.67,5,3,0.036391,domain_quota,,O*NET 31.0 (Aug 2026)
R19,IT Project Manager,15-1299.09,Work Activities,4.A.2.b.6,"Organizing, Planning, and Prioritizing Work","Developing specific goals and plans to prioritize, organize, and accomplish your work.",4.62,6.4,4,0.036001,top_rank,,O*NET 31.0 (Aug 2026)
R19,IT Project Manager,15-1299.09,Work Activities,4.A.3.b.1,Working with Computers,"Using computers and computer systems (including hardware and software) to program, write software, set up functions, enter data, or process information.",4.52,5.19,5,0.035222,top_rank,,O*NET 31.0 (Aug 2026)
R19,IT Project Manager,15-1299.09,Work Activities,4.A.2.b.5,Scheduling Work and Activities,"Scheduling events, programs, and activities, as well as the work of others.",4.45,5.95,6,0.034676,top_rank,,O*NET 31.0 (Aug 2026)
R19,IT Project Manager,15-1299.09,Work Activities,4.A.4.b.2,Developing and Building Teams,"Encouraging and building mutual trust, respect, and cooperation among team members.",4.43,5.52,7,0.03452,top_rank,,O*NET 31.0 (Aug 2026)
R19,IT Project Manager,15-1299.09,Work Activities,4.A.2.b.1,Making Decisions and Solving Problems,Analyzing information and evaluating results to choose the best solution and solve problems.,4.4,5.3,8,0.034287,top_rank,,O*NET 31.0 (Aug 2026)
R19,IT Project Manager,15-1299.09,Work Activities,4.A.2.b.3,Updating and Using Relevant Knowledge,Keeping up-to-date technically and applying new knowledge to your job.,4.4,5.62,9,0.034287,top_rank,,O*NET 31.0 (Aug 2026)
R19,IT Project Manager,15-1299.09,Work Activities,4.A.4.c.3,Monitoring and Controlling Resources,Monitoring and controlling resources and overseeing the spending of money.,4.4,5.2,10,0.034287,top_rank,,O*NET 31.0 (Aug 2026)
R19,IT Project Manager,15-1299.09,Work Activities,4.A.2.b.4,Developing Objectives and Strategies,Establishing long-range objectives and specifying the strategies and actions to achieve them.,4.33,4.81,11,0.033741,top_rank,,O*NET 31.0 (Aug 2026)
R19,IT Project Manager,15-1299.09,Work Activities,4.A.4.a.1,Interpreting the Meaning of Information for Others,Translating or explaining what information means and how it can be used.,4.33,4.81,12,0.033741,top_rank,,O*NET 31.0 (Aug 2026)
R19,IT Project Manager,15-1299.09,Work Activities,4.A.4.a.4,Establishing and Maintaining Interpersonal Relationships,"Developing constructive and cooperative working relationships with others, and maintaining them over time.",4.33,5.67,13,0.033741,top_rank,,O*NET 31.0 (Aug 2026)
R19,IT Project Manager,15-1299.09,Knowledge,2.C.7.a,English Language,"Knowledge of the structure and content of the English language including the meaning and spelling of words, and rules of composition and grammar.",4.29,4.62,14,0.033429,domain_quota,,O*NET 31.0 (Aug 2026)
R19,IT Project Manager,15-1299.09,Work Activities,4.A.1.b.1,"Identifying Objects, Actions, and Events","Identifying information by categorizing, estimating, recognizing differences or similarities, and detecting changes in circumstances or events.",4.29,4.9,15,0.033429,top_rank,,O*NET 31.0 (Aug 2026)
R19,IT Project Manager,15-1299.09,Work Activities,4.A.4.b.4,"Guiding, Directing, and Motivating Subordinates","Providing guidance and direction to subordinates, including setting performance standards and monitoring performance.",4.29,5.43,16,0.033429,top_rank,,O*NET 31.0 (Aug 2026)
R19,IT Project Manager,15-1299.09,Knowledge,2.C.1.e,Customer and Personal Service,"Knowledge of principles and processes for providing customer and personal services. This includes customer needs assessment, meeting quality standards for services, and evaluation of customer satisfaction.",4.24,5.48,17,0.03304,domain_quota,,O*NET 31.0 (Aug 2026)
R19,IT Project Manager,15-1299.09,Work Activities,4.A.4.a.7,Resolving Conflicts and Negotiating with Others,"Handling complaints, settling disputes, and resolving grievances and conflicts, or otherwise negotiating with others.",4.24,5.48,18,0.03304,top_rank,,O*NET 31.0 (Aug 2026)
R19,IT Project Manager,15-1299.09,Knowledge,2.C.3.a,Computers and Electronics,"Knowledge of circuit boards, processors, chips, electronic equipment, and computer hardware and software, including applications and programming.",4.19,5.48,19,0.03265,domain_quota,,O*NET 31.0 (Aug 2026)
R19,IT Project Manager,15-1299.09,Work Activities,4.A.3.b.6,Documenting/Recording Information,"Entering, transcribing, recording, storing, or maintaining information in written or electronic/magnetic form.",4.19,4.95,20,0.03265,top_rank,,O*NET 31.0 (Aug 2026)
R19,IT Project Manager,15-1299.09,Work Activities,4.A.2.a.4,Analyzing Data or Information,"Identifying the underlying principles, reasons, or facts of information by breaking down information or data into separate parts.",4.16,4.95,21,0.032416,top_rank,,O*NET 31.0 (Aug 2026)
R19,IT Project Manager,15-1299.09,Essential Skills,2.A.2.a,Critical Thinking,"Using logic and reasoning to identify the strengths and weaknesses of alternative solutions, conclusions, or approaches to problems.",4.12,4.25,24,0.032105,domain_quota,,O*NET 31.0 (Aug 2026)
R19,IT Project Manager,15-1299.09,Abilities,1.A.1.a.2,Written Comprehension,The ability to read and understand information and ideas presented in writing.,4,4.25,28,0.03117,domain_quota,,O*NET 31.0 (Aug 2026)
R19,IT Project Manager,15-1299.09,Abilities,1.A.1.a.3,Oral Expression,The ability to communicate information and ideas in speaking so others will understand.,4,4,29,0.03117,domain_quota,,O*NET 31.0 (Aug 2026)
R19,IT Project Manager,15-1299.09,Abilities,1.A.1.a.4,Written Expression,The ability to communicate information and ideas in writing so others will understand.,4,4,30,0.03117,domain_quota,,O*NET 31.0 (Aug 2026)
R19,IT Project Manager,15-1299.09,Essential Skills,2.A.1.a,Reading Comprehension,Understanding written sentences and paragraphs in work-related documents.,4,4,31,0.03117,domain_quota,,O*NET 31.0 (Aug 2026)
R19,IT Project Manager,15-1299.09,Essential Skills,2.A.1.b,Active Listening,"Giving full attention to what other people are saying, taking time to understand the points being made, asking questions as appropriate, and not interrupting at inappropriate times.",4,4,32,0.03117,domain_quota,,O*NET 31.0 (Aug 2026)
R19,IT Project Manager,15-1299.09,Transferable Skills,2.B.1.b,Coordination,Adjusting actions in relation to others' actions.,4,4.12,35,0.03117,domain_quota,,O*NET 31.0 (Aug 2026)
R19,IT Project Manager,15-1299.09,Transferable Skills,2.B.5.a,Time Management,Managing one's own time and the time of others.,4,3.88,36,0.03117,domain_quota,,O*NET 31.0 (Aug 2026)
R19,IT Project Manager,15-1299.09,Transferable Skills,2.B.5.d,Management of Personnel Resources,"Motivating, developing, and directing people as they work, identifying the best people for the job.",3.88,4,44,0.030235,domain_quota,,O*NET 31.0 (Aug 2026)
R20,IT / IS Manager,11-3021.00,Work Activities,4.A.3.b.1,Working with Computers,"Using computers and computer systems (including hardware and software) to program, write software, set up functions, enter data, or process information.",4.9,6.1,1,0.039938,domain_quota,,O*NET 31.0 (Aug 2026)
R20,IT / IS Manager,11-3021.00,Knowledge,2.C.3.a,Computers and Electronics,"Knowledge of circuit boards, processors, chips, electronic equipment, and computer hardware and software, including applications and programming.",4.77,6.13,2,0.038878,domain_quota,,O*NET 31.0 (Aug 2026)
R20,IT / IS Manager,11-3021.00,Work Activities,4.A.2.b.1,Making Decisions and Solving Problems,Analyzing information and evaluating results to choose the best solution and solve problems.,4.51,5.16,3,0.036759,domain_quota,,O*NET 31.0 (Aug 2026)
R20,IT / IS Manager,11-3021.00,Work Activities,4.A.1.a.1,Getting Information,"Observing, receiving, and otherwise obtaining information from all relevant sources.",4.43,5.09,4,0.036107,domain_quota,,O*NET 31.0 (Aug 2026)
R20,IT / IS Manager,11-3021.00,Work Activities,4.A.4.a.2,"Communicating with Supervisors, Peers, or Subordinates","Providing information to supervisors, co-workers, and subordinates by telephone, in written form, e-mail, or in person.",4.36,5.25,5,0.035537,top_rank,,O*NET 31.0 (Aug 2026)
R20,IT / IS Manager,11-3021.00,Work Activities,4.A.1.b.1,"Identifying Objects, Actions, and Events","Identifying information by categorizing, estimating, recognizing differences or similarities, and detecting changes in circumstances or events.",4.31,5.14,6,0.035129,top_rank,,O*NET 31.0 (Aug 2026)
R20,IT / IS Manager,11-3021.00,Work Activities,4.A.2.b.6,"Organizing, Planning, and Prioritizing Work","Developing specific goals and plans to prioritize, organize, and accomplish your work.",4.31,6,7,0.035129,top_rank,,O*NET 31.0 (Aug 2026)
R20,IT / IS Manager,11-3021.00,Work Activities,4.A.2.a.4,Analyzing Data or Information,"Identifying the underlying principles, reasons, or facts of information by breaking down information or data into separate parts.",4.25,4.94,8,0.03464,top_rank,,O*NET 31.0 (Aug 2026)
R20,IT / IS Manager,11-3021.00,Essential Skills,2.A.2.a,Critical Thinking,"Using logic and reasoning to identify the strengths and weaknesses of alternative solutions, conclusions, or approaches to problems.",4.12,4,9,0.033581,domain_quota,,O*NET 31.0 (Aug 2026)
R20,IT / IS Manager,11-3021.00,Work Activities,4.A.4.b.2,Developing and Building Teams,"Encouraging and building mutual trust, respect, and cooperation among team members.",4.12,4.8,10,0.033581,top_rank,,O*NET 31.0 (Aug 2026)
R20,IT / IS Manager,11-3021.00,Knowledge,2.C.1.e,Customer and Personal Service,"Knowledge of principles and processes for providing customer and personal services. This includes customer needs assessment, meeting quality standards for services, and evaluation of customer satisfaction.",4.05,4.72,11,0.03301,domain_quota,,O*NET 31.0 (Aug 2026)
R20,IT / IS Manager,11-3021.00,Abilities,1.A.1.a.1,Oral Comprehension,The ability to listen to and understand information and ideas presented through spoken words and sentences.,4,4.5,12,0.032602,domain_quota,,O*NET 31.0 (Aug 2026)
R20,IT / IS Manager,11-3021.00,Abilities,1.A.1.a.2,Written Comprehension,The ability to read and understand information and ideas presented in writing.,4,4.38,13,0.032602,domain_quota,,O*NET 31.0 (Aug 2026)
R20,IT / IS Manager,11-3021.00,Abilities,1.A.1.a.3,Oral Expression,The ability to communicate information and ideas in speaking so others will understand.,4,4.38,14,0.032602,domain_quota,,O*NET 31.0 (Aug 2026)
R20,IT / IS Manager,11-3021.00,Abilities,1.A.1.b.3,Problem Sensitivity,"The ability to tell when something is wrong or is likely to go wrong. It does not involve solving the problem, only recognizing that there is a problem.",4,4,15,0.032602,top_rank,,O*NET 31.0 (Aug 2026)
R20,IT / IS Manager,11-3021.00,Abilities,1.A.1.b.4,Deductive Reasoning,The ability to apply general rules to specific problems to produce answers that make sense.,4,4,16,0.032602,top_rank,,O*NET 31.0 (Aug 2026)
R20,IT / IS Manager,11-3021.00,Abilities,1.A.1.b.5,Inductive Reasoning,The ability to combine pieces of information to form general rules or conclusions (includes finding a relationship among seemingly unrelated events).,4,4,17,0.032602,top_rank,,O*NET 31.0 (Aug 2026)
R20,IT / IS Manager,11-3021.00,Essential Skills,2.A.1.a,Reading Comprehension,Understanding written sentences and paragraphs in work-related documents.,4,4,18,0.032602,domain_quota,,O*NET 31.0 (Aug 2026)
R20,IT / IS Manager,11-3021.00,Essential Skills,2.A.1.b,Active Listening,"Giving full attention to what other people are saying, taking time to understand the points being made, asking questions as appropriate, and not interrupting at inappropriate times.",4,4,19,0.032602,domain_quota,,O*NET 31.0 (Aug 2026)
R20,IT / IS Manager,11-3021.00,Work Activities,4.A.2.b.4,Developing Objectives and Strategies,Establishing long-range objectives and specifying the strategies and actions to achieve them.,3.99,4.63,20,0.032521,top_rank,,O*NET 31.0 (Aug 2026)
R20,IT / IS Manager,11-3021.00,Work Activities,4.A.4.b.4,"Guiding, Directing, and Motivating Subordinates","Providing guidance and direction to subordinates, including setting performance standards and monitoring performance.",3.98,5.01,21,0.032439,top_rank,,O*NET 31.0 (Aug 2026)
R20,IT / IS Manager,11-3021.00,Work Activities,4.A.2.a.2,Processing Information,"Compiling, coding, categorizing, calculating, tabulating, auditing, or verifying information or data.",3.94,5.21,22,0.032113,top_rank,,O*NET 31.0 (Aug 2026)
R20,IT / IS Manager,11-3021.00,Work Activities,4.A.4.a.4,Establishing and Maintaining Interpersonal Relationships,"Developing constructive and cooperative working relationships with others, and maintaining them over time.",3.9,5.06,23,0.031787,top_rank,,O*NET 31.0 (Aug 2026)
R20,IT / IS Manager,11-3021.00,Work Activities,4.A.4.b.1,Coordinating the Work and Activities of Others,Getting members of a group to work together to accomplish tasks.,3.9,5.16,24,0.031787,top_rank,,O*NET 31.0 (Aug 2026)
R20,IT / IS Manager,11-3021.00,Work Activities,4.A.2.b.3,Updating and Using Relevant Knowledge,Keeping up-to-date technically and applying new knowledge to your job.,3.89,5.35,25,0.031706,top_rank,,O*NET 31.0 (Aug 2026)
R20,IT / IS Manager,11-3021.00,Essential Skills,2.A.1.d,Speaking,Talking to others to convey information effectively.,3.88,3.88,26,0.031624,top_rank,,O*NET 31.0 (Aug 2026)
R20,IT / IS Manager,11-3021.00,Transferable Skills,2.B.4.e,Judgment and Decision Making,Considering the relative costs and benefits of potential actions to choose the most appropriate one.,3.88,3.75,28,0.031624,domain_quota,,O*NET 31.0 (Aug 2026)
R20,IT / IS Manager,11-3021.00,Transferable Skills,2.B.1.b,Coordination,Adjusting actions in relation to others' actions.,3.75,3.88,36,0.030565,domain_quota,,O*NET 31.0 (Aug 2026)
R20,IT / IS Manager,11-3021.00,Transferable Skills,2.B.2.i,Complex Problem Solving,Identifying complex problems and reviewing related information to develop and evaluate options and implement solutions.,3.75,3.88,37,0.030565,domain_quota,,O*NET 31.0 (Aug 2026)
R20,IT / IS Manager,11-3021.00,Knowledge,2.C.1.a,Administration and Management,"Knowledge of business and management principles involved in strategic planning, resource allocation, human resources modeling, leadership technique, production methods, and coordination of people and resources.",3.7,4.31,40,0.030157,domain_quota,,O*NET 31.0 (Aug 2026)
