item_id,item_type,role_id,role_name_th,target_role,soc_code,track,mapping_type,priority_rank,title,provider,provider_type,platform,source_url,credential_type,level,difficulty_1_5,delivery_mode,language,learning_outcomes_th,skills_taught,tools_technologies,produces_portfolio_artifact,competency_ids,competency_ids_l1,competency_names,n_competencies,n_competencies_l1,domains_covered,weight_covered,weight_covered_l1,expected_readiness_gain_pct,expected_readiness_gain_core_pct,estimated_hours,cost_category,cost_amount_usd,exam_code,validity_years,prerequisites,phase,recommendation_mode,global_recognition_tier,verification_status,verification_date,verified_by,researcher_notes,corpus_version,snapshot_version,batch
CRT-R01-01,certification,R01,วิศวกรซอฟต์แวร์ / นักพัฒนาซอฟต์แวร์,Software Engineer (Backend/Full-stack),15-1252.00,software,exact,1,AWS Certified Developer – Associate,Amazon Web Services,vendor_or_body,AWS Certification,https://aws.amazon.com/certification/certified-developer-associate/,vendor_cert,Intermediate,2,proctored exam,English,"ยืนยันความสามารถพัฒนา ทดสอบ และ deploy แอปพลิเคชันบน AWS รวมถึงการใช้ SDK, CI/CD และ security best practice",AWS SDK|Serverless development|CI/CD on AWS|IAM|DynamoDB|CloudFormation,AWS Lambda|API Gateway|DynamoDB|CodePipeline|CloudWatch,no,REQ-R01-2.A.1.a|REQ-R01-2.A.2.a|REQ-R01-2.A.2.b|REQ-R01-2.B.2.i|REQ-R01-2.B.3.e|REQ-R01-2.B.4.g|REQ-R01-2.C.3.a|REQ-R01-4.A.1.a.1|REQ-R01-4.A.1.b.1|REQ-R01-4.A.2.a.3|REQ-R01-4.A.2.b.1|REQ-R01-4.A.2.b.3|REQ-R01-4.A.2.b.5|REQ-R01-4.A.2.b.6|REQ-R01-4.A.3.b.1,REQ-R01-2.B.3.e|REQ-R01-2.B.4.g|REQ-R01-2.C.3.a|REQ-R01-4.A.2.a.3|REQ-R01-4.A.2.b.1|REQ-R01-4.A.3.b.1,"Active Learning|Complex Problem Solving|Computers and Electronics|Critical Thinking|Evaluating Information to Determine Compliance with Standards|Getting Information|Identifying Objects, Actions, and Events|Making Decisions and Solving Problems|Organizing, Planning, and Prioritizing Work|Programming|Reading Comprehension|Scheduling Work and Activities|Systems Analysis|Updating and Using Relevant Knowledge|Working with Computers",15,6,Essential Skills|Knowledge|Transferable Skills|Work Activities,0.509391,0.218609,50.94,21.86,120,exam-fee-required,150,DVA-C02,3,ประสบการณ์พัฒนาบน AWS ประมาณ 1 ปี,advanced_or_cert_prep,certification_only|both,3,verified,2026-08-31,ผู้วิจัย (ตรวจด้วยการดึงหน้าเว็บ 31 ส.ค. 2026),,CORPUS-IS68076026-v1.5R-01OCT26,ONET31.0-IS68076026-v1.0,v0.9_core
CRT-R01-02,certification,R01,วิศวกรซอฟต์แวร์ / นักพัฒนาซอฟต์แวร์,Software Engineer (Backend/Full-stack),15-1252.00,software,exact,2,AWS Certified Solutions Architect – Associate,Amazon Web Services,vendor_or_body,AWS Certification,https://aws.amazon.com/certification/certified-solutions-architect-associate/,vendor_cert,Intermediate,2,proctored exam,English,ยืนยันความสามารถออกแบบสถาปัตยกรรมที่ปลอดภัย ทนทาน มีประสิทธิภาพ และคุ้มค่าบน AWS,Cloud architecture|High availability design|Cost optimization|AWS networking|Security design,Amazon EC2|Amazon S3|Amazon VPC|Amazon RDS|AWS IAM,no,REQ-R01-2.A.1.a|REQ-R01-2.A.2.a|REQ-R01-2.A.2.b|REQ-R01-2.B.2.i|REQ-R01-2.B.3.b|REQ-R01-2.B.4.e|REQ-R01-2.B.4.g|REQ-R01-2.B.4.h|REQ-R01-2.C.3.a|REQ-R01-2.C.4.a|REQ-R01-4.A.1.a.1|REQ-R01-4.A.1.b.1|REQ-R01-4.A.2.b.1|REQ-R01-4.A.2.b.2|REQ-R01-4.A.2.b.3|REQ-R01-4.A.2.b.6|REQ-R01-4.A.3.b.1,REQ-R01-2.B.3.b|REQ-R01-2.B.4.e|REQ-R01-2.B.4.g|REQ-R01-2.B.4.h|REQ-R01-2.C.3.a|REQ-R01-4.A.2.b.1,"Active Learning|Complex Problem Solving|Computers and Electronics|Critical Thinking|Getting Information|Identifying Objects, Actions, and Events|Judgment and Decision Making|Making Decisions and Solving Problems|Mathematics|Organizing, Planning, and Prioritizing Work|Reading Comprehension|Systems Analysis|Systems Evaluation|Technology Design|Thinking Creatively|Updating and Using Relevant Knowledge|Working with Computers",17,6,Essential Skills|Knowledge|Transferable Skills|Work Activities,0.570432,0.199738,57.04,19.97,120,exam-fee-required,150,SAA-C03,3,ประสบการณ์ใช้งาน AWS,advanced_or_cert_prep,certification_only|both,3,verified,2026-08-31,ผู้วิจัย (ตรวจด้วยการดึงหน้าเว็บ 31 ส.ค. 2026),,CORPUS-IS68076026-v1.5R-01OCT26,ONET31.0-IS68076026-v1.0,v0.9_core
CRT-R01-03,certification,R01,วิศวกรซอฟต์แวร์ / นักพัฒนาซอฟต์แวร์,Software Engineer (Backend/Full-stack),15-1252.00,software,exact,3,Microsoft Certified: Azure AI Cloud Developer Associate,Microsoft,vendor_or_body,Microsoft Learn,https://learn.microsoft.com/en-us/credentials/certifications/azure-ai-cloud-developer-associate/,vendor_cert,Intermediate,2,proctored exam,English,ออกแบบและพัฒนาโซลูชัน AI บนคลาวด์ของ Azure เชื่อมต่อบริการ AI เข้ากับแอปพลิเคชัน และดูแลความปลอดภัยของโซลูชัน,Azure AI services|Cloud application development|API integration|Prompt engineering|Solution security,Azure AI Foundry|Azure Functions|Azure App Service,no,REQ-R01-2.A.1.a|REQ-R01-2.A.2.a|REQ-R01-2.A.2.b|REQ-R01-2.B.2.i|REQ-R01-2.B.3.b|REQ-R01-2.B.3.e|REQ-R01-2.B.4.g|REQ-R01-2.B.4.h|REQ-R01-2.C.1.e|REQ-R01-2.C.3.a|REQ-R01-4.A.1.a.1|REQ-R01-4.A.1.b.1|REQ-R01-4.A.2.a.3|REQ-R01-4.A.2.b.1|REQ-R01-4.A.2.b.2|REQ-R01-4.A.2.b.3|REQ-R01-4.A.2.b.6|REQ-R01-4.A.3.b.1,REQ-R01-2.B.3.e|REQ-R01-2.B.4.g|REQ-R01-2.C.3.a|REQ-R01-4.A.2.a.3|REQ-R01-4.A.3.b.1,"Active Learning|Complex Problem Solving|Computers and Electronics|Critical Thinking|Customer and Personal Service|Evaluating Information to Determine Compliance with Standards|Getting Information|Identifying Objects, Actions, and Events|Making Decisions and Solving Problems|Organizing, Planning, and Prioritizing Work|Programming|Reading Comprehension|Systems Analysis|Systems Evaluation|Technology Design|Thinking Creatively|Updating and Using Relevant Knowledge|Working with Computers",18,5,Essential Skills|Knowledge|Transferable Skills|Work Activities,0.607912,0.180870,60.79,18.09,110,exam-fee-required,165,AI-200,1,ประสบการณ์พัฒนาบน Azure,advanced_or_cert_prep,certification_only|both,3,verified,2026-08-31,ผู้วิจัย (ตรวจด้วยการดึงหน้าเว็บ 31 ส.ค. 2026),"[REPLACE 2026-08-31] แทนที่ ""Microsoft Certified: Azure Developer Associate"" ซึ่งผู้ให้บริการยกเลิกแล้ว · แทน AZ-204 ที่ Microsoft ยกเลิก · Microsoft ระบุ AI-200 เป็นเส้นทางต่อเนื่องของนักพัฒนา Azure · คง competency mapping เดิมไว้เพราะเป็นรายการทดแทนในสายสมรรถนะเดียวกัน ต้องทบทวน mapping อีกครั้งก่อนตรึง",CORPUS-IS68076026-v1.5R-01OCT26,ONET31.0-IS68076026-v1.0,v0.9_core
CRT-R01-04,certification,R01,วิศวกรซอฟต์แวร์ / นักพัฒนาซอฟต์แวร์,Software Engineer (Backend/Full-stack),15-1252.00,software,exact,4,Oracle Certified Professional: Java SE 21 Developer,Oracle,vendor_or_body,Oracle University,https://education.oracle.com/oracle-certification-path/pFamily_48,vendor_cert,Advanced,3,proctored exam,English,"ยืนยันความเชี่ยวชาญภาษา Java ระดับมืออาชีพ ทั้ง generics, concurrency, module system และ functional programming",Java SE|Concurrency|Streams API|Generics|Exception handling|Java modules,Java 21|Maven|IntelliJ IDEA,no,REQ-R01-2.A.1.a|REQ-R01-2.A.2.a|REQ-R01-2.A.2.b|REQ-R01-2.B.2.i|REQ-R01-2.B.3.e|REQ-R01-2.B.4.g|REQ-R01-2.B.4.h|REQ-R01-2.C.3.a|REQ-R01-4.A.1.a.1|REQ-R01-4.A.1.b.1|REQ-R01-4.A.2.b.1|REQ-R01-4.A.2.b.3|REQ-R01-4.A.2.b.6|REQ-R01-4.A.3.b.1,REQ-R01-2.A.2.a|REQ-R01-2.B.2.i|REQ-R01-2.B.3.e|REQ-R01-2.C.3.a,"Active Learning|Complex Problem Solving|Computers and Electronics|Critical Thinking|Getting Information|Identifying Objects, Actions, and Events|Making Decisions and Solving Problems|Organizing, Planning, and Prioritizing Work|Programming|Reading Comprehension|Systems Analysis|Systems Evaluation|Updating and Using Relevant Knowledge|Working with Computers",14,4,Essential Skills|Knowledge|Transferable Skills|Work Activities,0.475651,0.139217,47.57,13.92,120,exam-fee-required,245,1Z0-830,ไม่หมดอายุ,เขียน Java ได้คล่อง,advanced_or_cert_prep,certification_only|both,3,pending_verification,,,[FETCH_ERROR] ตอบ 403 ระบบกันบอท ต้องตรวจซ้ำด้วยมือ,CORPUS-IS68076026-v1.5R-01OCT26,ONET31.0-IS68076026-v1.0,v0.9_core
CRT-R01-05,certification,R01,วิศวกรซอฟต์แวร์ / นักพัฒนาซอฟต์แวร์,Software Engineer (Backend/Full-stack),15-1252.00,software,exact,5,Certified Kubernetes Application Developer (CKAD),Cloud Native Computing Foundation,vendor_or_body,Linux Foundation Training,https://training.linuxfoundation.org/certification/certified-kubernetes-application-developer-ckad/,vendor_neutral_cert,Intermediate,2,hands-on proctored lab exam,English,สอบภาคปฏิบัติบนคลัสเตอร์จริง ยืนยันว่าออกแบบ สร้าง และ deploy แอปพลิเคชันบน Kubernetes ได้,Kubernetes workloads|ConfigMaps and Secrets|Observability|Pod design|Service networking,Kubernetes|kubectl|Helm,no,REQ-R01-2.A.1.a|REQ-R01-2.A.2.a|REQ-R01-2.A.2.b|REQ-R01-2.B.2.i|REQ-R01-2.B.3.b|REQ-R01-2.B.3.e|REQ-R01-2.B.4.g|REQ-R01-2.C.3.a|REQ-R01-4.A.1.a.1|REQ-R01-4.A.1.a.2|REQ-R01-4.A.1.b.1|REQ-R01-4.A.2.b.1|REQ-R01-4.A.2.b.2|REQ-R01-4.A.2.b.3|REQ-R01-4.A.2.b.6|REQ-R01-4.A.3.b.1,REQ-R01-2.B.3.e|REQ-R01-2.B.4.g|REQ-R01-2.C.3.a|REQ-R01-4.A.1.a.2|REQ-R01-4.A.3.b.1,"Active Learning|Complex Problem Solving|Computers and Electronics|Critical Thinking|Getting Information|Identifying Objects, Actions, and Events|Making Decisions and Solving Problems|Monitoring Processes, Materials, or Surroundings|Organizing, Planning, and Prioritizing Work|Programming|Reading Comprehension|Systems Analysis|Technology Design|Thinking Creatively|Updating and Using Relevant Knowledge|Working with Computers",16,5,Essential Skills|Knowledge|Transferable Skills|Work Activities,0.545477,0.178783,54.55,17.88,100,exam-fee-required,445,CKAD,2,ใช้ container และ Kubernetes พื้นฐานได้,advanced_or_cert_prep,certification_only|both,3,verified,2026-08-31,ผู้วิจัย (ตรวจด้วยการดึงหน้าเว็บ 31 ส.ค. 2026),,CORPUS-IS68076026-v1.5R-01OCT26,ONET31.0-IS68076026-v1.0,v0.9_core
CRT-R01-06,certification,R01,วิศวกรซอฟต์แวร์ / นักพัฒนาซอฟต์แวร์,Software Engineer (Backend/Full-stack),15-1252.00,software,exact,6,GitHub Foundations,GitHub,vendor_or_body,GitHub Certifications,https://learn.github.com/certifications,vendor_cert,Beginner,1,proctored exam,English,ยืนยันความเข้าใจพื้นฐาน Git และ GitHub การทำงานร่วมกัน โครงสร้าง repository และ GitHub Actions เบื้องต้น,Git|GitHub collaboration|Pull requests|GitHub Actions basics|Repository management,Git|GitHub|GitHub Actions,no,REQ-R01-2.A.1.a|REQ-R01-2.A.1.b|REQ-R01-2.A.2.b|REQ-R01-2.C.3.a|REQ-R01-4.A.1.a.1|REQ-R01-4.A.2.b.3|REQ-R01-4.A.2.b.6|REQ-R01-4.A.3.b.1|REQ-R01-4.A.3.b.6|REQ-R01-4.A.4.a.1|REQ-R01-4.A.4.a.2|REQ-R01-4.A.4.a.4,REQ-R01-4.A.2.b.6|REQ-R01-4.A.3.b.1|REQ-R01-4.A.3.b.6|REQ-R01-4.A.4.a.2|REQ-R01-4.A.4.a.4,"Active Learning|Active Listening|Communicating with Supervisors, Peers, or Subordinates|Computers and Electronics|Documenting/Recording Information|Establishing and Maintaining Interpersonal Relationships|Getting Information|Interpreting the Meaning of Information for Others|Organizing, Planning, and Prioritizing Work|Reading Comprehension|Updating and Using Relevant Knowledge|Working with Computers",12,5,Essential Skills|Knowledge|Work Activities,0.409565,0.175827,40.96,17.58,25,exam-fee-required,99,GitHub Foundations,3,ไม่มี,foundation,certification_only|both,2,verified,2026-08-31,ผู้วิจัย (ตรวจด้วยการดึงหน้าเว็บ 31 ส.ค. 2026),แก้ URL ตามการเปลี่ยนเส้นทางที่ยืนยันแล้วเมื่อ 2026-08-31,CORPUS-IS68076026-v1.5R-01OCT26,ONET31.0-IS68076026-v1.0,v0.9_core
CRT-R01-07,certification,R01,วิศวกรซอฟต์แวร์ / นักพัฒนาซอฟต์แวร์,Software Engineer (Backend/Full-stack),15-1252.00,software,exact,7,Google Cloud Professional Cloud Developer,Google Cloud,vendor_or_body,Google Cloud Certification,https://cloud.google.com/learn/certification/cloud-developer,vendor_cert,Advanced,3,proctored exam,English,ยืนยันความสามารถสร้างแอปพลิเคชัน scalable และ available บน Google Cloud พร้อมการทำ observability,Google Cloud application development|Cloud Run|Observability|Managed services integration,Cloud Run|GKE|Cloud Build|Cloud Logging,no,REQ-R01-2.A.1.a|REQ-R01-2.A.2.a|REQ-R01-2.A.2.b|REQ-R01-2.B.2.i|REQ-R01-2.B.3.e|REQ-R01-2.B.4.g|REQ-R01-2.B.4.h|REQ-R01-2.C.3.a|REQ-R01-4.A.1.a.1|REQ-R01-4.A.1.a.2|REQ-R01-4.A.1.b.1|REQ-R01-4.A.2.a.2|REQ-R01-4.A.2.a.4|REQ-R01-4.A.2.b.1|REQ-R01-4.A.2.b.3|REQ-R01-4.A.2.b.6|REQ-R01-4.A.3.b.1,REQ-R01-2.B.3.e|REQ-R01-2.B.4.g|REQ-R01-2.C.3.a|REQ-R01-4.A.1.a.2|REQ-R01-4.A.3.b.1,"Active Learning|Analyzing Data or Information|Complex Problem Solving|Computers and Electronics|Critical Thinking|Getting Information|Identifying Objects, Actions, and Events|Making Decisions and Solving Problems|Monitoring Processes, Materials, or Surroundings|Organizing, Planning, and Prioritizing Work|Processing Information|Programming|Reading Comprehension|Systems Analysis|Systems Evaluation|Updating and Using Relevant Knowledge|Working with Computers",17,5,Essential Skills|Knowledge|Transferable Skills|Work Activities,0.582434,0.178783,58.24,17.88,120,exam-fee-required,200,PCD,2,ประสบการณ์พัฒนาบน GCP 1-3 ปี,advanced_or_cert_prep,certification_only|both,3,verified,2026-08-31,ผู้วิจัย (ตรวจด้วยการดึงหน้าเว็บ 31 ส.ค. 2026),,CORPUS-IS68076026-v1.5R-01OCT26,ONET31.0-IS68076026-v1.0,v0.9_core
CRT-R01-08,certification,R01,วิศวกรซอฟต์แวร์ / นักพัฒนาซอฟต์แวร์,Software Engineer (Backend/Full-stack),15-1252.00,software,exact,8,PCPP1 – Certified Professional in Python Programming 1,Python Institute,vendor_or_body,OpenEDG Python Institute,https://pythoninstitute.org/pcpp1,vendor_neutral_cert,Advanced,3,proctored exam,English,ยืนยันความสามารถ Python ระดับมืออาชีพ ทั้ง OOP ขั้นสูง GUI การประมวลผลไฟล์ และการสื่อสารผ่านเครือข่าย,Advanced Python OOP|GUI programming|File processing|Network programming|Design patterns in Python,Python|tkinter|SQLite,no,REQ-R01-2.A.1.a|REQ-R01-2.A.1.b|REQ-R01-2.A.2.a|REQ-R01-2.A.2.b|REQ-R01-2.B.2.i|REQ-R01-2.B.3.b|REQ-R01-2.B.3.e|REQ-R01-2.C.3.a|REQ-R01-4.A.1.a.1|REQ-R01-4.A.1.b.1|REQ-R01-4.A.2.a.2|REQ-R01-4.A.2.a.4|REQ-R01-4.A.2.b.1|REQ-R01-4.A.2.b.2|REQ-R01-4.A.2.b.3|REQ-R01-4.A.3.b.1|REQ-R01-4.A.4.a.1|REQ-R01-4.A.4.a.2|REQ-R01-4.A.4.a.4,REQ-R01-2.B.2.i|REQ-R01-2.B.3.e|REQ-R01-2.C.3.a|REQ-R01-4.A.2.b.2,"Active Learning|Active Listening|Analyzing Data or Information|Communicating with Supervisors, Peers, or Subordinates|Complex Problem Solving|Computers and Electronics|Critical Thinking|Establishing and Maintaining Interpersonal Relationships|Getting Information|Identifying Objects, Actions, and Events|Interpreting the Meaning of Information for Others|Making Decisions and Solving Problems|Processing Information|Programming|Reading Comprehension|Technology Design|Thinking Creatively|Updating and Using Relevant Knowledge|Working with Computers",19,4,Essential Skills|Knowledge|Transferable Skills|Work Activities,0.650521,0.143130,65.05,14.31,90,exam-fee-required,195,PCPP-32-10x,ไม่หมดอายุ,PCAP หรือประสบการณ์ Python ระดับกลาง,advanced_or_cert_prep,certification_only|both,2,verified,2026-08-31,ผู้วิจัย (ตรวจด้วยการดึงหน้าเว็บ 31 ส.ค. 2026),,CORPUS-IS68076026-v1.5R-01OCT26,ONET31.0-IS68076026-v1.0,v0.9_core
CRT-R01-09,certification,R01,วิศวกรซอฟต์แวร์ / นักพัฒนาซอฟต์แวร์,Software Engineer (Backend/Full-stack),15-1252.00,software,exact,9,Certified Secure Software Lifecycle Professional (CSSLP),ISC2,vendor_or_body,ISC2,https://www.isc2.org/certifications/csslp,vendor_neutral_cert,Professional,4,proctored exam,English,ยืนยันความสามารถฝังความมั่นคงปลอดภัยเข้าไปในทุกช่วงของวงจรการพัฒนาซอฟต์แวร์ ตั้งแต่ requirement ถึง disposal,Secure SDLC|Threat modeling|Secure coding|Software security testing|Supply chain security,OWASP tools|SAST/DAST tooling,no,REQ-R01-2.A.1.a|REQ-R01-2.A.2.a|REQ-R01-2.A.2.b|REQ-R01-2.B.2.i|REQ-R01-2.B.3.b|REQ-R01-2.B.4.g|REQ-R01-2.B.4.h|REQ-R01-2.C.3.a|REQ-R01-4.A.1.a.1|REQ-R01-4.A.1.b.1|REQ-R01-4.A.2.a.3|REQ-R01-4.A.2.b.1|REQ-R01-4.A.2.b.2|REQ-R01-4.A.2.b.3|REQ-R01-4.A.2.b.6|REQ-R01-4.A.3.b.1|REQ-R01-4.A.3.b.6,REQ-R01-2.A.1.a|REQ-R01-2.A.2.a|REQ-R01-2.B.4.g|REQ-R01-4.A.2.a.3|REQ-R01-4.A.3.b.6,"Active Learning|Complex Problem Solving|Computers and Electronics|Critical Thinking|Documenting/Recording Information|Evaluating Information to Determine Compliance with Standards|Getting Information|Identifying Objects, Actions, and Events|Making Decisions and Solving Problems|Organizing, Planning, and Prioritizing Work|Reading Comprehension|Systems Analysis|Systems Evaluation|Technology Design|Thinking Creatively|Updating and Using Relevant Knowledge|Working with Computers",17,5,Essential Skills|Knowledge|Transferable Skills|Work Activities,0.575042,0.161740,57.50,16.17,120,exam-fee-required,599,CSSLP,3,ประสบการณ์วิชาชีพ 4 ปีในสาขา SDLC,advanced_or_cert_prep,certification_only|both,3,verified,2026-08-31,ผู้วิจัย (ตรวจด้วยการดึงหน้าเว็บ 31 ส.ค. 2026),,CORPUS-IS68076026-v1.5R-01OCT26,ONET31.0-IS68076026-v1.0,v0.9_core
CRT-R01-10,certification,R01,วิศวกรซอฟต์แวร์ / นักพัฒนาซอฟต์แวร์,Software Engineer (Backend/Full-stack),15-1252.00,software,exact,10,Professional Scrum Developer I (PSD I),Scrum.org,vendor_or_body,Scrum.org,https://www.scrum.org/assessments/professional-scrum-developer-i-assessment,vendor_neutral_cert,Intermediate,2,online proctored assessment,English,ยืนยันความเข้าใจการพัฒนาซอฟต์แวร์ในทีม Scrum ทั้งการทำงานร่วมกัน คุณภาพของงาน และแนวปฏิบัติทางวิศวกรรม,Scrum framework|Agile engineering practices|Test-driven development|Continuous integration|Team collaboration,Scrum|Jira|CI tools,no,REQ-R01-2.A.1.a|REQ-R01-2.A.1.b|REQ-R01-2.A.2.a|REQ-R01-2.A.2.b|REQ-R01-2.B.2.i|REQ-R01-2.B.4.g|REQ-R01-2.B.4.h|REQ-R01-2.C.3.a|REQ-R01-4.A.1.a.1|REQ-R01-4.A.1.b.1|REQ-R01-4.A.2.a.3|REQ-R01-4.A.2.b.1|REQ-R01-4.A.2.b.3|REQ-R01-4.A.2.b.6|REQ-R01-4.A.3.b.1|REQ-R01-4.A.4.a.1|REQ-R01-4.A.4.a.2|REQ-R01-4.A.4.a.4,REQ-R01-2.A.1.b|REQ-R01-4.A.2.b.6|REQ-R01-4.A.4.a.2|REQ-R01-4.A.4.a.4,"Active Learning|Active Listening|Communicating with Supervisors, Peers, or Subordinates|Complex Problem Solving|Computers and Electronics|Critical Thinking|Establishing and Maintaining Interpersonal Relationships|Evaluating Information to Determine Compliance with Standards|Getting Information|Identifying Objects, Actions, and Events|Interpreting the Meaning of Information for Others|Making Decisions and Solving Problems|Organizing, Planning, and Prioritizing Work|Reading Comprehension|Systems Analysis|Systems Evaluation|Updating and Using Relevant Knowledge|Working with Computers",18,4,Essential Skills|Knowledge|Transferable Skills|Work Activities,0.603477,0.132261,60.35,13.23,30,exam-fee-required,200,PSD I,ไม่หมดอายุ,ไม่มี,core_gap_closure,certification_only|both,2,pending_verification,,,[FETCH_ERROR] ดึงหน้าไม่ได้ อาจมีระบบกันบอท ต้องตรวจซ้ำด้วยมือ,CORPUS-IS68076026-v1.5R-01OCT26,ONET31.0-IS68076026-v1.0,v0.9_core
CRT-R01-11,certification,R01,วิศวกรซอฟต์แวร์ / นักพัฒนาซอฟต์แวร์,Software Engineer (Backend/Full-stack),15-1252.00,software,exact,11,ITIL 4 Foundation,PeopleCert (AXELOS),vendor_or_body,PeopleCert,https://www.peoplecert.org/browse-certifications/it-governance-and-service-management/ITIL-1/itil-4-foundation-2565,vendor_neutral_cert,Beginner,1,proctored exam,English,กรอบการบริหารบริการไอทีที่องค์กรไทยใช้เป็นมาตรฐาน ช่วยให้ PM เข้าใจงานปฏิบัติการหลังส่งมอบโครงการ,IT service management|Service value system|ITIL practices|Continual improvement,ITIL framework|ServiceNow,no,REQ-R01-2.C.1.e|REQ-R01-4.A.2.a.3|REQ-R01-4.A.2.b.4,REQ-R01-2.C.1.e|REQ-R01-4.A.2.a.3|REQ-R01-4.A.2.b.4,Customer and Personal Service|Developing Objectives and Strategies|Evaluating Information to Determine Compliance with Standards,3,3,Knowledge|Work Activities,0.097914,0.097914,9.79,9.79,30,exam-fee-required,450,ITIL 4 Foundation,3,ไม่มี,core_gap_closure,certification_only|both,3,verified,2026-08-31,ผู้วิจัย (ตรวจด้วยการดึงหน้าเว็บ 31 ส.ค. 2026),DEC-16 ขยายข้ามบทบาทจาก CRT-R19-09 · คงชื่อ ผู้ให้บริการ URL ชั่วโมง และค่าใช้จ่ายเดิมทุกค่า · ต้องทบทวน mapping ก่อน FREEZE,CORPUS-IS68076026-v1.5R-01OCT26,ONET31.0-IS68076026-v1.0,v1.3_crossrole
CRS-R01-01,course,R01,วิศวกรซอฟต์แวร์ / นักพัฒนาซอฟต์แวร์,Software Engineer (Backend/Full-stack),15-1252.00,software,exact,1,Meta Back-End Developer Professional Certificate,Meta,mooc_platform,Coursera,https://www.coursera.org/professional-certificates/meta-back-end-developer,professional_certificate,Beginner,1,self-paced online,English,สร้าง REST API ด้วย Python/Django ต่อฐานข้อมูล จัดการ authentication และ deploy ได้จริง จบด้วย capstone ที่ใช้เป็นผลงานในเรซูเมได้,Python|Django|REST API design|SQL|Git|API security|Unit testing,Python|Django|MySQL|Git|Postman,yes,REQ-R01-2.A.1.a|REQ-R01-2.A.2.a|REQ-R01-2.A.2.b|REQ-R01-2.B.2.i|REQ-R01-2.B.3.b|REQ-R01-2.B.3.e|REQ-R01-2.B.4.g|REQ-R01-2.C.3.a|REQ-R01-4.A.1.a.1|REQ-R01-4.A.1.b.1|REQ-R01-4.A.2.a.2|REQ-R01-4.A.2.a.3|REQ-R01-4.A.2.a.4|REQ-R01-4.A.2.b.1|REQ-R01-4.A.2.b.2|REQ-R01-4.A.2.b.3|REQ-R01-4.A.2.b.6|REQ-R01-4.A.3.b.1,REQ-R01-2.A.1.a|REQ-R01-2.B.3.e|REQ-R01-2.B.4.g|REQ-R01-2.C.3.a|REQ-R01-4.A.2.a.2|REQ-R01-4.A.2.b.1|REQ-R01-4.A.2.b.2|REQ-R01-4.A.3.b.1,"Active Learning|Analyzing Data or Information|Complex Problem Solving|Computers and Electronics|Critical Thinking|Evaluating Information to Determine Compliance with Standards|Getting Information|Identifying Objects, Actions, and Events|Making Decisions and Solving Problems|Organizing, Planning, and Prioritizing Work|Processing Information|Programming|Reading Comprehension|Systems Analysis|Technology Design|Thinking Creatively|Updating and Using Relevant Knowledge|Working with Computers",18,8,Essential Skills|Knowledge|Transferable Skills|Work Activities,0.622173,0.290522,62.22,29.05,180,paid,245,,,พื้นฐานการเขียนโปรแกรมเบื้องต้น,core_gap_closure,course_only|both,3,verified,2026-08-31,ผู้วิจัย (ตรวจด้วยการดึงหน้าเว็บ 31 ส.ค. 2026),,CORPUS-IS68076026-v1.5R-01OCT26,ONET31.0-IS68076026-v1.0,v0.9_core
CRS-R01-02,course,R01,วิศวกรซอฟต์แวร์ / นักพัฒนาซอฟต์แวร์,Software Engineer (Backend/Full-stack),15-1252.00,software,exact,2,IBM Full Stack Software Developer Professional Certificate,IBM,mooc_platform,Coursera,https://www.coursera.org/professional-certificates/ibm-full-stack-cloud-developer,professional_certificate,Beginner,1,self-paced online,English,พัฒนาแอปพลิเคชันครบทั้ง front-end และ back-end บนคลาวด์ ใช้ container และ CI/CD ได้ พร้อมพอร์ตโฟลิโอหลายโครงงาน,JavaScript|Node.js|React|Docker|Kubernetes|CI/CD|Cloud native development|NoSQL,Node.js|React|Docker|Kubernetes|IBM Cloud|GitHub Actions,yes,REQ-R01-2.A.1.a|REQ-R01-2.A.2.a|REQ-R01-2.A.2.b|REQ-R01-2.B.2.i|REQ-R01-2.B.3.e|REQ-R01-2.B.4.g|REQ-R01-2.C.3.a|REQ-R01-4.A.1.a.1|REQ-R01-4.A.1.b.1|REQ-R01-4.A.2.a.2|REQ-R01-4.A.2.a.4|REQ-R01-4.A.2.b.1|REQ-R01-4.A.2.b.2|REQ-R01-4.A.2.b.3|REQ-R01-4.A.2.b.6|REQ-R01-4.A.3.b.1,REQ-R01-2.B.2.i|REQ-R01-2.B.3.e|REQ-R01-2.B.4.g|REQ-R01-2.C.3.a|REQ-R01-4.A.2.b.1|REQ-R01-4.A.2.b.2|REQ-R01-4.A.2.b.3|REQ-R01-4.A.3.b.1,"Active Learning|Analyzing Data or Information|Complex Problem Solving|Computers and Electronics|Critical Thinking|Getting Information|Identifying Objects, Actions, and Events|Making Decisions and Solving Problems|Organizing, Planning, and Prioritizing Work|Processing Information|Programming|Reading Comprehension|Systems Analysis|Thinking Creatively|Updating and Using Relevant Knowledge|Working with Computers",16,8,Essential Skills|Knowledge|Transferable Skills|Work Activities,0.558521,0.287043,55.85,28.70,160,paid,245,,,ไม่มี,core_gap_closure,course_only|both,3,verified,2026-08-31,ผู้วิจัย (ตรวจด้วยการดึงหน้าเว็บ 31 ส.ค. 2026),,CORPUS-IS68076026-v1.5R-01OCT26,ONET31.0-IS68076026-v1.0,v0.9_core
CRS-R01-03,course,R01,วิศวกรซอฟต์แวร์ / นักพัฒนาซอฟต์แวร์,Software Engineer (Backend/Full-stack),15-1252.00,software,exact,3,Google IT Automation with Python Professional Certificate,Google,mooc_platform,Coursera,https://www.coursera.org/professional-certificates/google-it-automation,professional_certificate,Beginner,1,self-paced online,English,เขียนสคริปต์ Python อัตโนมัติงานระบบ ใช้ Git บริหารเวอร์ชัน แก้ปัญหาเชิงระบบและ debug อย่างมีระเบียบวิธี,Python|Bash|Git|Automation|Debugging|Configuration management|Regular expressions,Python|Git|GitHub|Linux|Puppet,yes,REQ-R01-2.A.1.a|REQ-R01-2.A.2.a|REQ-R01-2.A.2.b|REQ-R01-2.B.2.i|REQ-R01-2.B.3.e|REQ-R01-2.B.4.g|REQ-R01-2.B.4.h|REQ-R01-2.C.3.a|REQ-R01-4.A.1.a.1|REQ-R01-4.A.1.b.1|REQ-R01-4.A.2.a.2|REQ-R01-4.A.2.b.1|REQ-R01-4.A.2.b.3|REQ-R01-4.A.2.b.6|REQ-R01-4.A.3.b.1,REQ-R01-2.B.2.i|REQ-R01-2.B.3.e|REQ-R01-2.C.3.a|REQ-R01-4.A.2.a.2|REQ-R01-4.A.2.b.1|REQ-R01-4.A.3.b.1,"Active Learning|Complex Problem Solving|Computers and Electronics|Critical Thinking|Getting Information|Identifying Objects, Actions, and Events|Making Decisions and Solving Problems|Organizing, Planning, and Prioritizing Work|Processing Information|Programming|Reading Comprehension|Systems Analysis|Systems Evaluation|Updating and Using Relevant Knowledge|Working with Computers",15,6,Essential Skills|Knowledge|Transferable Skills|Work Activities,0.513738,0.221391,51.37,22.14,150,paid,245,,,ไม่มี,foundation,course_only|both,3,verified,2026-08-31,ผู้วิจัย (ตรวจด้วยการดึงหน้าเว็บ 31 ส.ค. 2026),,CORPUS-IS68076026-v1.5R-01OCT26,ONET31.0-IS68076026-v1.0,v0.9_core
CRS-R01-04,course,R01,วิศวกรซอฟต์แวร์ / นักพัฒนาซอฟต์แวร์,Software Engineer (Backend/Full-stack),15-1252.00,software,exact,4,Data Structures and Algorithms Specialization,University of California San Diego,mooc_platform,Coursera,https://www.coursera.org/specializations/data-structures-algorithms,specialization,Intermediate,2,self-paced online,English,ออกแบบและวิเคราะห์ความซับซ้อนของอัลกอริทึม เลือกโครงสร้างข้อมูลให้เหมาะกับปัญหา เตรียมพร้อมสัมภาษณ์เชิงเทคนิค,Algorithm design|Complexity analysis|Data structures|Graph algorithms|Dynamic programming,Python|C++|Java,no,REQ-R01-2.A.1.a|REQ-R01-2.A.2.a|REQ-R01-2.A.2.b|REQ-R01-2.B.2.i|REQ-R01-2.B.3.b|REQ-R01-2.B.3.e|REQ-R01-2.B.4.g|REQ-R01-2.B.4.h|REQ-R01-2.C.3.a|REQ-R01-2.C.4.a|REQ-R01-4.A.1.a.1|REQ-R01-4.A.1.b.1|REQ-R01-4.A.2.a.2|REQ-R01-4.A.2.a.4|REQ-R01-4.A.2.b.1|REQ-R01-4.A.2.b.2|REQ-R01-4.A.2.b.3|REQ-R01-4.A.2.b.6|REQ-R01-4.A.3.b.1,REQ-R01-2.A.2.a|REQ-R01-2.B.2.i|REQ-R01-2.B.3.e|REQ-R01-2.C.4.a|REQ-R01-4.A.2.a.2|REQ-R01-4.A.2.a.4,"Active Learning|Analyzing Data or Information|Complex Problem Solving|Computers and Electronics|Critical Thinking|Getting Information|Identifying Objects, Actions, and Events|Making Decisions and Solving Problems|Mathematics|Organizing, Planning, and Prioritizing Work|Processing Information|Programming|Reading Comprehension|Systems Analysis|Systems Evaluation|Technology Design|Thinking Creatively|Updating and Using Relevant Knowledge|Working with Computers",19,6,Essential Skills|Knowledge|Transferable Skills|Work Activities,0.648346,0.203565,64.83,20.36,150,paid,245,,,เขียนโปรแกรมได้อย่างน้อย 1 ภาษา,advanced_or_cert_prep,course_only|both,3,verified,2026-08-31,ผู้วิจัย (ตรวจด้วยการดึงหน้าเว็บ 31 ส.ค. 2026),,CORPUS-IS68076026-v1.5R-01OCT26,ONET31.0-IS68076026-v1.0,v0.9_core
CRS-R01-05,course,R01,วิศวกรซอฟต์แวร์ / นักพัฒนาซอฟต์แวร์,Software Engineer (Backend/Full-stack),15-1252.00,software,exact,5,Software Design and Architecture Specialization,University of Alberta,mooc_platform,Coursera,https://www.coursera.org/specializations/software-design-architecture,specialization,Intermediate,2,self-paced online,English,ใช้ design pattern และหลัก SOLID ออกแบบสถาปัตยกรรมระบบ เขียนเอกสาร UML และประเมินทางเลือกเชิงสถาปัตยกรรม,Object-oriented design|Design patterns|UML|Software architecture|Refactoring|SOLID principles,Java|UML|IntelliJ IDEA,no,REQ-R01-2.A.1.a|REQ-R01-2.A.2.a|REQ-R01-2.A.2.b|REQ-R01-2.B.2.i|REQ-R01-2.B.3.b|REQ-R01-2.B.4.g|REQ-R01-2.B.4.h|REQ-R01-2.C.3.a|REQ-R01-4.A.1.a.1|REQ-R01-4.A.1.b.1|REQ-R01-4.A.2.a.3|REQ-R01-4.A.2.b.1|REQ-R01-4.A.2.b.2|REQ-R01-4.A.2.b.3|REQ-R01-4.A.2.b.6|REQ-R01-4.A.3.b.1|REQ-R01-4.A.3.b.6,REQ-R01-2.A.2.a|REQ-R01-2.B.3.b|REQ-R01-2.B.4.g|REQ-R01-2.B.4.h|REQ-R01-4.A.2.b.2|REQ-R01-4.A.3.b.6,"Active Learning|Complex Problem Solving|Computers and Electronics|Critical Thinking|Documenting/Recording Information|Evaluating Information to Determine Compliance with Standards|Getting Information|Identifying Objects, Actions, and Events|Making Decisions and Solving Problems|Organizing, Planning, and Prioritizing Work|Reading Comprehension|Systems Analysis|Systems Evaluation|Technology Design|Thinking Creatively|Updating and Using Relevant Knowledge|Working with Computers",17,6,Essential Skills|Knowledge|Transferable Skills|Work Activities,0.575042,0.193478,57.50,19.35,120,paid,245,,,พื้นฐาน OOP,advanced_or_cert_prep,course_only|both,3,verified,2026-08-31,ผู้วิจัย (ตรวจด้วยการดึงหน้าเว็บ 31 ส.ค. 2026),,CORPUS-IS68076026-v1.5R-01OCT26,ONET31.0-IS68076026-v1.0,v0.9_core
CRS-R01-06,course,R01,วิศวกรซอฟต์แวร์ / นักพัฒนาซอฟต์แวร์,Software Engineer (Backend/Full-stack),15-1252.00,software,exact,6,Meta Database Engineer Professional Certificate,Meta,mooc_platform,Coursera,https://www.coursera.org/professional-certificates/meta-database-engineer,professional_certificate,Beginner,1,self-paced online,English,ออกแบบสคีมา เขียน SQL ขั้นสูง ปรับปรุงประสิทธิภาพคิวรี และเชื่อมฐานข้อมูลเข้ากับแอปพลิเคชัน,SQL|Database design|Normalization|Query optimization|Stored procedures|Python DB API,MySQL|Python|Tableau,yes,REQ-R01-2.A.1.a|REQ-R01-2.A.2.a|REQ-R01-2.A.2.b|REQ-R01-2.B.2.i|REQ-R01-2.B.3.b|REQ-R01-2.B.3.e|REQ-R01-2.B.4.g|REQ-R01-2.C.3.a|REQ-R01-2.C.4.a|REQ-R01-4.A.1.a.1|REQ-R01-4.A.1.b.1|REQ-R01-4.A.2.a.2|REQ-R01-4.A.2.a.4|REQ-R01-4.A.2.b.1|REQ-R01-4.A.2.b.2|REQ-R01-4.A.2.b.3|REQ-R01-4.A.2.b.6|REQ-R01-4.A.3.b.1,REQ-R01-2.B.3.e|REQ-R01-2.B.4.g|REQ-R01-2.C.3.a|REQ-R01-4.A.2.a.2|REQ-R01-4.A.2.a.4|REQ-R01-4.A.3.b.1,"Active Learning|Analyzing Data or Information|Complex Problem Solving|Computers and Electronics|Critical Thinking|Getting Information|Identifying Objects, Actions, and Events|Making Decisions and Solving Problems|Mathematics|Organizing, Planning, and Prioritizing Work|Processing Information|Programming|Reading Comprehension|Systems Analysis|Technology Design|Thinking Creatively|Updating and Using Relevant Knowledge|Working with Computers",18,6,Essential Skills|Knowledge|Transferable Skills|Work Activities,0.618955,0.221218,61.90,22.12,140,paid,245,,,ไม่มี,core_gap_closure,course_only|both,3,verified,2026-08-31,ผู้วิจัย (ตรวจด้วยการดึงหน้าเว็บ 31 ส.ค. 2026),,CORPUS-IS68076026-v1.5R-01OCT26,ONET31.0-IS68076026-v1.0,v0.9_core
CRS-R01-07,course,R01,วิศวกรซอฟต์แวร์ / นักพัฒนาซอฟต์แวร์,Software Engineer (Backend/Full-stack),15-1252.00,software,exact,7,"Introduction to Containers w/ Docker, Kubernetes & OpenShift",IBM,mooc_platform,Coursera,https://www.coursera.org/learn/ibm-containers-docker-kubernetes-openshift,single_course,Beginner,1,self-paced online,English,สร้าง image ด้วย Docker deploy บน Kubernetes และเข้าใจแนวคิด container orchestration สำหรับงาน backend สมัยใหม่,Containerization|Docker|Kubernetes|YAML manifests|Container registry,Docker|Kubernetes|OpenShift|Podman,no,REQ-R01-2.A.1.a|REQ-R01-2.A.2.b|REQ-R01-2.B.4.g|REQ-R01-2.C.3.a|REQ-R01-4.A.1.a.1|REQ-R01-4.A.2.b.3|REQ-R01-4.A.2.b.5|REQ-R01-4.A.3.b.1,REQ-R01-2.B.4.g|REQ-R01-2.C.3.a|REQ-R01-4.A.3.b.1,Active Learning|Computers and Electronics|Getting Information|Reading Comprehension|Scheduling Work and Activities|Systems Analysis|Updating and Using Relevant Knowledge|Working with Computers,8,3,Essential Skills|Knowledge|Transferable Skills|Work Activities,0.272348,0.111826,27.23,11.18,20,paid,49,,,พื้นฐาน Linux command line,core_gap_closure,course_only|both,3,verified,2026-08-31,ผู้วิจัย (ตรวจด้วยการดึงหน้าเว็บ 31 ส.ค. 2026),,CORPUS-IS68076026-v1.5R-01OCT26,ONET31.0-IS68076026-v1.0,v0.9_core
CRS-R01-08,course,R01,วิศวกรซอฟต์แวร์ / นักพัฒนาซอฟต์แวร์,Software Engineer (Backend/Full-stack),15-1252.00,software,exact,8,CS50's Introduction to Computer Science,Harvard University (HarvardX),mooc_platform,edX,https://www.edx.org/course/introduction-computer-science-harvardx-cs50x,single_course,Beginner,1,self-paced online,English,ปูพื้นฐานวิทยาการคอมพิวเตอร์ตั้งแต่ C ถึง Python และ SQL เข้าใจหน่วยความจำ อัลกอริทึม และการแก้ปัญหาเชิงคำนวณ,C programming|Python|Algorithms|Memory management|SQL|Web basics,C|Python|SQL|Flask,yes,REQ-R01-2.A.1.a|REQ-R01-2.A.2.a|REQ-R01-2.A.2.b|REQ-R01-2.B.2.i|REQ-R01-2.B.3.e|REQ-R01-2.C.3.a|REQ-R01-2.C.4.a|REQ-R01-4.A.1.a.1|REQ-R01-4.A.1.b.1|REQ-R01-4.A.2.a.2|REQ-R01-4.A.2.a.4|REQ-R01-4.A.2.b.1|REQ-R01-4.A.2.b.3|REQ-R01-4.A.2.b.6|REQ-R01-4.A.3.b.1,REQ-R01-2.A.2.a|REQ-R01-2.A.2.b|REQ-R01-2.B.2.i|REQ-R01-2.B.3.e|REQ-R01-2.C.3.a|REQ-R01-2.C.4.a,"Active Learning|Analyzing Data or Information|Complex Problem Solving|Computers and Electronics|Critical Thinking|Getting Information|Identifying Objects, Actions, and Events|Making Decisions and Solving Problems|Mathematics|Organizing, Planning, and Prioritizing Work|Processing Information|Programming|Reading Comprehension|Updating and Using Relevant Knowledge|Working with Computers",15,6,Essential Skills|Knowledge|Transferable Skills|Work Activities,0.521477,0.200695,52.15,20.07,100,free,0,,,ไม่มี,foundation,course_only|both,3,verified,2026-08-31,ผู้วิจัย (ตรวจด้วยการดึงหน้าเว็บ 31 ส.ค. 2026),,CORPUS-IS68076026-v1.5R-01OCT26,ONET31.0-IS68076026-v1.0,v0.9_core
CRS-R01-09,course,R01,วิศวกรซอฟต์แวร์ / นักพัฒนาซอฟต์แวร์,Software Engineer (Backend/Full-stack),15-1252.00,software,exact,9,Introduction to Kubernetes (LFS158),The Linux Foundation,vendor_or_body,Linux Foundation Training,https://training.linuxfoundation.org/training/introduction-to-kubernetes/,single_course,Beginner,1,self-paced online,English,เข้าใจสถาปัตยกรรม Kubernetes ตั้งแต่ pod ถึง service และใช้ kubectl จัดการ workload ได้ด้วยตนเอง,Kubernetes architecture|kubectl|Pods and services|Deployments|Cluster networking,Kubernetes|kubectl|minikube,no,REQ-R01-2.A.1.a|REQ-R01-2.A.2.b|REQ-R01-2.B.3.b|REQ-R01-2.B.4.g|REQ-R01-2.B.4.h|REQ-R01-2.C.3.a|REQ-R01-4.A.1.a.1|REQ-R01-4.A.2.b.2|REQ-R01-4.A.2.b.3|REQ-R01-4.A.3.b.1,REQ-R01-2.B.4.g|REQ-R01-2.C.3.a|REQ-R01-4.A.3.b.1,Active Learning|Computers and Electronics|Getting Information|Reading Comprehension|Systems Analysis|Systems Evaluation|Technology Design|Thinking Creatively|Updating and Using Relevant Knowledge|Working with Computers,10,3,Essential Skills|Knowledge|Transferable Skills|Work Activities,0.339912,0.111826,33.99,11.18,25,free,0,,,พื้นฐาน container,core_gap_closure,course_only|both,3,verified,2026-08-31,ผู้วิจัย (ตรวจด้วยการดึงหน้าเว็บ 31 ส.ค. 2026),,CORPUS-IS68076026-v1.5R-01OCT26,ONET31.0-IS68076026-v1.0,v0.9_core
CRS-R01-10,course,R01,วิศวกรซอฟต์แวร์ / นักพัฒนาซอฟต์แวร์,Software Engineer (Backend/Full-stack),15-1252.00,software,exact,10,Version Control with Git,Atlassian,mooc_platform,Coursera,https://www.coursera.org/learn/version-control-with-git,single_course,Beginner,1,self-paced online,English,ใช้ Git ทำงานร่วมกับทีม แตก branch ทำ code review และแก้ conflict ตามแนวปฏิบัติของทีมพัฒนาจริง,Git|Branching strategy|Code review|Merge conflict resolution|Collaborative workflow,Git|Bitbucket|GitHub,no,REQ-R01-2.A.1.a|REQ-R01-2.A.1.b|REQ-R01-2.A.2.b|REQ-R01-2.B.4.e|REQ-R01-2.B.4.g|REQ-R01-2.B.4.h|REQ-R01-2.C.3.a|REQ-R01-4.A.1.a.1|REQ-R01-4.A.2.b.3|REQ-R01-4.A.2.b.4|REQ-R01-4.A.2.b.6|REQ-R01-4.A.3.b.1|REQ-R01-4.A.3.b.6|REQ-R01-4.A.4.a.1|REQ-R01-4.A.4.a.2|REQ-R01-4.A.4.a.4,REQ-R01-4.A.2.b.6|REQ-R01-4.A.3.b.1|REQ-R01-4.A.3.b.6|REQ-R01-4.A.4.a.2|REQ-R01-4.A.4.a.4,"Active Learning|Active Listening|Communicating with Supervisors, Peers, or Subordinates|Computers and Electronics|Developing Objectives and Strategies|Documenting/Recording Information|Establishing and Maintaining Interpersonal Relationships|Getting Information|Interpreting the Meaning of Information for Others|Judgment and Decision Making|Organizing, Planning, and Prioritizing Work|Reading Comprehension|Systems Analysis|Systems Evaluation|Updating and Using Relevant Knowledge|Working with Computers",16,5,Essential Skills|Knowledge|Transferable Skills|Work Activities,0.533565,0.175827,53.36,17.58,15,paid,49,,,ไม่มี,foundation,course_only|both,3,verified,2026-08-31,ผู้วิจัย (ตรวจด้วยการดึงหน้าเว็บ 31 ส.ค. 2026),,CORPUS-IS68076026-v1.5R-01OCT26,ONET31.0-IS68076026-v1.0,v0.9_core
CRS-R01-11,course,R01,วิศวกรซอฟต์แวร์ / นักพัฒนาซอฟต์แวร์,Software Engineer (Backend/Full-stack),15-1252.00,software,exact,11,Improving Communication Skills,University of Pennsylvania (Wharton),mooc_platform,Coursera,https://www.coursera.org/learn/wharton-communication-skills,single_course,Beginner,1,self-paced online,English,สื่อสารเชิงวิชาชีพอย่างมีประสิทธิผล ฟังอย่างตั้งใจ ตีความสารของผู้อื่น สร้างความไว้วางใจ และสื่อสารกับผู้มีส่วนได้เสียทั้งในและนอกองค์กร,Active listening|Professional communication|Stakeholder communication|Building trust|Persuasion,,no,REQ-R01-2.A.1.b|REQ-R01-4.A.4.a.1|REQ-R01-4.A.4.a.2|REQ-R01-4.A.4.a.4,REQ-R01-2.A.1.b|REQ-R01-4.A.4.a.1|REQ-R01-4.A.4.a.2|REQ-R01-4.A.4.a.4,"Active Listening|Communicating with Supervisors, Peers, or Subordinates|Establishing and Maintaining Interpersonal Relationships|Interpreting the Meaning of Information for Others",4,4,Essential Skills|Work Activities,0.128348,0.128348,12.83,12.83,10,low-cost,49,,,,core_gap_closure,course_only|both,2,verified,2026-08-31,ผู้วิจัย (ตรวจด้วยการดึงหน้าเว็บ 31 ส.ค. 2026),DEC-16 ขยายข้ามบทบาทจาก CRS-R07-11 · คงชื่อ ผู้ให้บริการ URL ชั่วโมง และค่าใช้จ่ายเดิมทุกค่า · ต้องทบทวน mapping ก่อน FREEZE,CORPUS-IS68076026-v1.5R-01OCT26,ONET31.0-IS68076026-v1.0,v1.3_crossrole
CRT-R02-01,certification,R02,นักพัฒนาเว็บ / Frontend,Web Developer,15-1254.00,software,exact,1,Microsoft Certified: Azure AI Cloud Developer Associate,Microsoft,vendor_or_body,Microsoft Learn,https://learn.microsoft.com/en-us/credentials/certifications/azure-ai-cloud-developer-associate/,vendor_cert,Intermediate,2,proctored exam,English,ออกแบบและพัฒนาโซลูชัน AI บนคลาวด์ของ Azure เชื่อมต่อบริการ AI เข้ากับแอปพลิเคชัน และดูแลความปลอดภัยของโซลูชัน,Azure AI services|Cloud application development|API integration|Prompt engineering|Solution security,Azure AI Foundry|Azure Functions|Azure App Service,no,REQ-R02-2.A.1.a|REQ-R02-2.A.2.a|REQ-R02-2.A.2.b|REQ-R02-2.B.2.i|REQ-R02-2.B.3.e|REQ-R02-2.C.3.a|REQ-R02-2.C.7.a|REQ-R02-4.A.1.a.1|REQ-R02-4.A.1.b.1|REQ-R02-4.A.1.b.3|REQ-R02-4.A.2.b.1|REQ-R02-4.A.2.b.3|REQ-R02-4.A.2.b.6|REQ-R02-4.A.3.b.1,REQ-R02-2.B.3.e|REQ-R02-2.C.3.a|REQ-R02-4.A.3.b.1,"Active Learning|Complex Problem Solving|Computers and Electronics|Critical Thinking|English Language|Estimating the Quantifiable Characteristics of Products, Events, or Information|Getting Information|Identifying Objects, Actions, and Events|Making Decisions and Solving Problems|Organizing, Planning, and Prioritizing Work|Programming|Reading Comprehension|Updating and Using Relevant Knowledge|Working with Computers",14,3,Essential Skills|Knowledge|Transferable Skills|Work Activities,0.493623,0.119348,49.36,11.93,110,exam-fee-required,165,AI-200,1,ประสบการณ์พัฒนาบน Azure,advanced_or_cert_prep,certification_only|both,3,verified,2026-08-31,ผู้วิจัย (ตรวจด้วยการดึงหน้าเว็บ 31 ส.ค. 2026),"[REPLACE 2026-08-31] แทนที่ ""Microsoft Certified: Azure Developer Associate"" ซึ่งผู้ให้บริการยกเลิกแล้ว · แทน AZ-204 ที่ Microsoft ยกเลิก · Microsoft ระบุ AI-200 เป็นเส้นทางต่อเนื่องของนักพัฒนา Azure · คง competency mapping เดิมไว้เพราะเป็นรายการทดแทนในสายสมรรถนะเดียวกัน ต้องทบทวน mapping อีกครั้งก่อนตรึง",CORPUS-IS68076026-v1.5R-01OCT26,ONET31.0-IS68076026-v1.0,v0.9_core
CRT-R02-02,certification,R02,นักพัฒนาเว็บ / Frontend,Web Developer,15-1254.00,software,exact,2,AWS Certified Developer – Associate,Amazon Web Services,vendor_or_body,AWS Certification,https://aws.amazon.com/certification/certified-developer-associate/,vendor_cert,Intermediate,2,proctored exam,English,ยืนยันความสามารถพัฒนาและ deploy เว็บแอปพลิเคชันบน AWS ด้วย SDK และบริการ serverless,AWS SDK|Serverless|API Gateway|S3 static hosting|CI/CD,AWS Lambda|API Gateway|Amplify|CloudFront,no,REQ-R02-2.A.1.a|REQ-R02-2.A.2.a|REQ-R02-2.A.2.b|REQ-R02-2.B.2.i|REQ-R02-2.B.3.e|REQ-R02-2.C.3.a|REQ-R02-2.C.7.a|REQ-R02-4.A.1.a.1|REQ-R02-4.A.1.b.1|REQ-R02-4.A.2.b.1|REQ-R02-4.A.2.b.3|REQ-R02-4.A.2.b.6|REQ-R02-4.A.3.b.1,REQ-R02-2.B.3.e|REQ-R02-2.C.3.a|REQ-R02-4.A.3.b.1,"Active Learning|Complex Problem Solving|Computers and Electronics|Critical Thinking|English Language|Getting Information|Identifying Objects, Actions, and Events|Making Decisions and Solving Problems|Organizing, Planning, and Prioritizing Work|Programming|Reading Comprehension|Updating and Using Relevant Knowledge|Working with Computers",13,3,Essential Skills|Knowledge|Transferable Skills|Work Activities,0.463920,0.119348,46.39,11.93,120,exam-fee-required,150,DVA-C02,3,ประสบการณ์พัฒนาบน AWS,advanced_or_cert_prep,certification_only|both,3,verified,2026-08-31,ผู้วิจัย (ตรวจด้วยการดึงหน้าเว็บ 31 ส.ค. 2026),,CORPUS-IS68076026-v1.5R-01OCT26,ONET31.0-IS68076026-v1.0,v0.9_core
CRT-R02-03,certification,R02,นักพัฒนาเว็บ / Frontend,Web Developer,15-1254.00,software,exact,3,Certified Kubernetes Application Developer (CKAD),Linux Foundation,vendor_or_body,Linux Foundation Training,https://training.linuxfoundation.org/certification/certified-kubernetes-application-developer-ckad/,vendor_neutral_cert,Intermediate,2,hands-on proctored exam,English,ออกแบบ สร้าง และ deploy แอปพลิเคชันบน Kubernetes จัดการ configuration การเชื่อมต่อบริการ และการสังเกตการณ์,Kubernetes deployment|Container design|Service networking|Observability|Configuration management,Kubernetes|Docker|kubectl|Helm,no,REQ-R02-2.A.1.a|REQ-R02-2.A.2.a|REQ-R02-2.A.2.b|REQ-R02-2.B.2.i|REQ-R02-2.B.3.a|REQ-R02-2.B.3.e|REQ-R02-2.C.3.a|REQ-R02-2.C.7.a|REQ-R02-4.A.1.a.1|REQ-R02-4.A.1.b.1|REQ-R02-4.A.2.b.1|REQ-R02-4.A.2.b.3|REQ-R02-4.A.3.b.1,REQ-R02-2.B.2.i|REQ-R02-2.B.3.e|REQ-R02-2.C.3.a|REQ-R02-4.A.3.b.1,"Active Learning|Complex Problem Solving|Computers and Electronics|Critical Thinking|English Language|Getting Information|Identifying Objects, Actions, and Events|Making Decisions and Solving Problems|Operations Analysis|Programming|Reading Comprehension|Updating and Using Relevant Knowledge|Working with Computers",13,4,Essential Skills|Knowledge|Transferable Skills|Work Activities,0.461334,0.151638,46.13,15.16,80,exam-fee-required,445,CKAD,2,พื้นฐานคอนเทนเนอร์และบรรทัดคำสั่ง,advanced_or_cert_prep,certification_only|both,3,verified,2026-08-31,ผู้วิจัย (ตรวจด้วยการดึงหน้าเว็บ 31 ส.ค. 2026),"[REPLACE 2026-08-31] แทนที่ ""OpenJS Node.js Application Developer (JSNAD)"" ซึ่งผู้ให้บริการยกเลิกแล้ว · แทน JSNAD ที่ Linux Foundation ยกเลิก · ยังเป็นใบรับรองสายพัฒนาฝั่งเซิร์ฟเวอร์ของผู้ให้บริการเดียวกัน · คง competency mapping เดิมไว้เพราะเป็นรายการทดแทนในสายสมรรถนะเดียวกัน ต้องทบทวน mapping อีกครั้งก่อนตรึง",CORPUS-IS68076026-v1.5R-01OCT26,ONET31.0-IS68076026-v1.0,v0.9_core
CRT-R02-04,certification,R02,นักพัฒนาเว็บ / Frontend,Web Developer,15-1254.00,software,exact,4,Certified Secure Software Lifecycle Professional (CSSLP),ISC2,vendor_or_body,ISC2,https://www.isc2.org/certifications/csslp,vendor_neutral_cert,Advanced,3,hands-on proctored exam,English,ฝังความปลอดภัยเข้าไปในทุกขั้นของวงจรพัฒนาซอฟต์แวร์ ตั้งแต่การเก็บความต้องการจนถึงการดูแลหลังส่งมอบ,Secure SDLC|Threat modelling|Secure coding|Security testing|Software deployment security,OWASP tools|SAST/DAST,no,REQ-R02-2.A.1.a|REQ-R02-2.A.2.a|REQ-R02-2.A.2.b|REQ-R02-2.B.2.i|REQ-R02-2.B.3.e|REQ-R02-2.C.3.a|REQ-R02-2.C.7.a|REQ-R02-4.A.1.a.1|REQ-R02-4.A.1.b.1|REQ-R02-4.A.2.a.3|REQ-R02-4.A.2.b.1|REQ-R02-4.A.2.b.3|REQ-R02-4.A.3.b.1,REQ-R02-2.B.3.e|REQ-R02-4.A.2.a.3,"Active Learning|Complex Problem Solving|Computers and Electronics|Critical Thinking|English Language|Evaluating Information to Determine Compliance with Standards|Getting Information|Identifying Objects, Actions, and Events|Making Decisions and Solving Problems|Programming|Reading Comprehension|Updating and Using Relevant Knowledge|Working with Computers",13,2,Essential Skills|Knowledge|Transferable Skills|Work Activities,0.458747,0.066453,45.87,6.65,120,exam-fee-required,599,CSSLP,3,ประสบการณ์พัฒนาซอฟต์แวร์ 4 ปี,advanced_or_cert_prep,certification_only|both,3,verified,2026-08-31,ผู้วิจัย (ตรวจด้วยการดึงหน้าเว็บ 31 ส.ค. 2026),"[REPLACE 2026-08-31] แทนที่ ""OpenJS Node.js Services Developer (JSNSD)"" ซึ่งผู้ให้บริการยกเลิกแล้ว · แทน JSNSD ที่ยกเลิก · ครอบคลุมการพัฒนาบริการฝั่งเซิร์ฟเวอร์อย่างปลอดภัยซึ่งเป็นแกนเดิมของ JSNSD · คง competency mapping เดิมไว้เพราะเป็นรายการทดแทนในสายสมรรถนะเดียวกัน ต้องทบทวน mapping อีกครั้งก่อนตรึง",CORPUS-IS68076026-v1.5R-01OCT26,ONET31.0-IS68076026-v1.0,v0.9_core
CRT-R02-05,certification,R02,นักพัฒนาเว็บ / Frontend,Web Developer,15-1254.00,software,exact,5,IAAP Web Accessibility Specialist (WAS),International Association of Accessibility Professionals,vendor_or_body,IAAP,https://www.accessibilityassociation.org/s/wascertification,vendor_neutral_cert,Professional,4,proctored exam,English,ยืนยันความสามารถประเมินและแก้ไขปัญหาการเข้าถึงของเว็บตาม WCAG ในระดับมืออาชีพ,WCAG conformance|Accessibility audit|ARIA|Remediation|Assistive technology testing,axe|WAVE|JAWS|NVDA,no,REQ-R02-2.A.1.a|REQ-R02-2.A.2.a|REQ-R02-2.A.2.b|REQ-R02-2.B.2.i|REQ-R02-2.C.3.a|REQ-R02-2.C.7.a|REQ-R02-4.A.1.a.1|REQ-R02-4.A.1.b.1|REQ-R02-4.A.2.a.2|REQ-R02-4.A.2.a.3|REQ-R02-4.A.2.a.4|REQ-R02-4.A.2.b.1|REQ-R02-4.A.2.b.3|REQ-R02-4.A.2.b.6|REQ-R02-4.A.3.b.1|REQ-R02-4.A.3.b.6,REQ-R02-2.A.1.a|REQ-R02-2.A.2.a|REQ-R02-4.A.2.a.3|REQ-R02-4.A.3.b.6,"Active Learning|Analyzing Data or Information|Complex Problem Solving|Computers and Electronics|Critical Thinking|Documenting/Recording Information|English Language|Evaluating Information to Determine Compliance with Standards|Getting Information|Identifying Objects, Actions, and Events|Making Decisions and Solving Problems|Organizing, Planning, and Prioritizing Work|Processing Information|Reading Comprehension|Updating and Using Relevant Knowledge|Working with Computers",16,4,Essential Skills|Knowledge|Transferable Skills|Work Activities,0.556151,0.126305,55.62,12.63,100,exam-fee-required,545,WAS,3,ประสบการณ์ web development,advanced_or_cert_prep,certification_only|both,2,pending_verification,,,[UNCLEAR] ดึงได้แต่ไม่พบชื่อใบรับรองในหน้า ต้องตรวจด้วยตา,CORPUS-IS68076026-v1.5R-01OCT26,ONET31.0-IS68076026-v1.0,v0.9_core
CRT-R02-06,certification,R02,นักพัฒนาเว็บ / Frontend,Web Developer,15-1254.00,software,exact,6,Google Cloud Professional Cloud Developer,Google Cloud,vendor_or_body,Google Cloud Certification,https://cloud.google.com/learn/certification/cloud-developer,vendor_cert,Advanced,3,proctored exam,English,ยืนยันความสามารถสร้างและ deploy เว็บแอปพลิเคชันที่ scalable บน Google Cloud,Cloud Run|Firebase|Cloud application design|Observability,Cloud Run|Firebase|Cloud Build,no,REQ-R02-2.A.1.a|REQ-R02-2.A.2.a|REQ-R02-2.A.2.b|REQ-R02-2.B.2.i|REQ-R02-2.B.3.e|REQ-R02-2.C.3.a|REQ-R02-2.C.7.a|REQ-R02-4.A.1.a.1|REQ-R02-4.A.1.b.1|REQ-R02-4.A.2.b.1|REQ-R02-4.A.2.b.2|REQ-R02-4.A.2.b.3|REQ-R02-4.A.2.b.6|REQ-R02-4.A.3.b.1,REQ-R02-2.B.3.e|REQ-R02-2.C.3.a|REQ-R02-4.A.3.b.1,"Active Learning|Complex Problem Solving|Computers and Electronics|Critical Thinking|English Language|Getting Information|Identifying Objects, Actions, and Events|Making Decisions and Solving Problems|Organizing, Planning, and Prioritizing Work|Programming|Reading Comprehension|Thinking Creatively|Updating and Using Relevant Knowledge|Working with Computers",14,3,Essential Skills|Knowledge|Transferable Skills|Work Activities,0.502989,0.119348,50.30,11.93,120,exam-fee-required,200,PCD,2,ประสบการณ์ GCP,advanced_or_cert_prep,certification_only|both,3,verified,2026-08-31,ผู้วิจัย (ตรวจด้วยการดึงหน้าเว็บ 31 ส.ค. 2026),,CORPUS-IS68076026-v1.5R-01OCT26,ONET31.0-IS68076026-v1.0,v0.9_core
CRT-R02-07,certification,R02,นักพัฒนาเว็บ / Frontend,Web Developer,15-1254.00,software,exact,7,GitHub Foundations,GitHub,vendor_or_body,GitHub Certifications,https://learn.github.com/certifications,vendor_cert,Beginner,1,proctored exam,English,ยืนยันทักษะการใช้ Git และ GitHub ในการทำงานร่วมกันแบบทีม,Git|GitHub|Pull requests|Issues|Actions basics,Git|GitHub,no,REQ-R02-2.A.1.a|REQ-R02-2.A.1.b|REQ-R02-2.A.1.d|REQ-R02-2.A.2.b|REQ-R02-2.C.3.a|REQ-R02-2.C.7.a|REQ-R02-4.A.1.a.1|REQ-R02-4.A.2.b.3|REQ-R02-4.A.3.b.1|REQ-R02-4.A.3.b.6|REQ-R02-4.A.4.a.1|REQ-R02-4.A.4.a.2|REQ-R02-4.A.4.a.4|REQ-R02-4.A.4.b.6,REQ-R02-4.A.3.b.1|REQ-R02-4.A.3.b.6|REQ-R02-4.A.4.a.2|REQ-R02-4.A.4.a.4,"Active Learning|Active Listening|Communicating with Supervisors, Peers, or Subordinates|Computers and Electronics|Documenting/Recording Information|English Language|Establishing and Maintaining Interpersonal Relationships|Getting Information|Interpreting the Meaning of Information for Others|Providing Consultation and Advice to Others|Reading Comprehension|Speaking|Updating and Using Relevant Knowledge|Working with Computers",14,4,Essential Skills|Knowledge|Work Activities,0.472215,0.140577,47.22,14.06,25,exam-fee-required,99,GitHub Foundations,3,ไม่มี,foundation,certification_only|both,2,verified,2026-08-31,ผู้วิจัย (ตรวจด้วยการดึงหน้าเว็บ 31 ส.ค. 2026),แก้ URL ตามการเปลี่ยนเส้นทางที่ยืนยันแล้วเมื่อ 2026-08-31,CORPUS-IS68076026-v1.5R-01OCT26,ONET31.0-IS68076026-v1.0,v0.9_core
CRT-R02-08,certification,R02,นักพัฒนาเว็บ / Frontend,Web Developer,15-1254.00,software,exact,8,W3Cx Front-End Web Developer Professional Certificate,World Wide Web Consortium (W3C),mooc_platform,edX,https://www.edx.org/certificates/professional-certificate/w3cx-front-end-web-developer,professional_certificate,Intermediate,2,online assessment,English,"ประกาศนียบัตรจากองค์กรผู้กำหนดมาตรฐานเว็บ ยืนยันความเข้าใจ HTML5, CSS และ JavaScript ตามมาตรฐานสากล",HTML5|CSS|JavaScript|Web standards|Progressive enhancement,HTML|CSS|JavaScript,yes,REQ-R02-2.A.1.a|REQ-R02-2.A.2.a|REQ-R02-2.A.2.b|REQ-R02-2.B.2.i|REQ-R02-2.B.3.e|REQ-R02-2.C.3.a|REQ-R02-2.C.7.a|REQ-R02-4.A.1.a.1|REQ-R02-4.A.1.b.1|REQ-R02-4.A.2.a.3|REQ-R02-4.A.2.b.1|REQ-R02-4.A.2.b.3|REQ-R02-4.A.2.b.6|REQ-R02-4.A.3.b.1,REQ-R02-2.B.3.e|REQ-R02-2.C.3.a|REQ-R02-4.A.2.a.3,"Active Learning|Complex Problem Solving|Computers and Electronics|Critical Thinking|English Language|Evaluating Information to Determine Compliance with Standards|Getting Information|Identifying Objects, Actions, and Events|Making Decisions and Solving Problems|Organizing, Planning, and Prioritizing Work|Programming|Reading Comprehension|Updating and Using Relevant Knowledge|Working with Computers",14,3,Essential Skills|Knowledge|Transferable Skills|Work Activities,0.493623,0.105522,49.36,10.55,180,paid,895,W3Cx FEWD,ไม่หมดอายุ,พื้นฐานการเขียนเว็บ,advanced_or_cert_prep,certification_only|both,3,verified,2026-08-31,ผู้วิจัย (ตรวจด้วยการดึงหน้าเว็บ 31 ส.ค. 2026),,CORPUS-IS68076026-v1.5R-01OCT26,ONET31.0-IS68076026-v1.0,v0.9_core
CRT-R02-09,certification,R02,นักพัฒนาเว็บ / Frontend,Web Developer,15-1254.00,software,exact,9,CIW Advanced HTML5 and CSS3 Specialist,Certification Partners (CIW),vendor_or_body,CIW,https://www.ciwcertified.com/ciw-certifications/web-and-mobile-design-series/advanced-html5-and-css3-specialist,vendor_neutral_cert,Intermediate,2,proctored exam,English,ยืนยันความสามารถใช้ HTML5 API และ CSS3 ขั้นสูงในการสร้างเว็บที่รองรับหลายอุปกรณ์,HTML5 APIs|CSS3|Responsive design|Cross-browser compatibility,HTML5|CSS3|JavaScript,no,REQ-R02-2.A.1.a|REQ-R02-2.A.2.a|REQ-R02-2.A.2.b|REQ-R02-2.B.2.i|REQ-R02-2.B.3.e|REQ-R02-2.C.3.a|REQ-R02-2.C.7.a|REQ-R02-4.A.1.a.1|REQ-R02-4.A.1.b.1|REQ-R02-4.A.2.a.3|REQ-R02-4.A.2.b.1|REQ-R02-4.A.2.b.2|REQ-R02-4.A.2.b.3|REQ-R02-4.A.3.b.1,REQ-R02-2.B.3.e|REQ-R02-2.C.3.a|REQ-R02-4.A.2.a.3,"Active Learning|Complex Problem Solving|Computers and Electronics|Critical Thinking|English Language|Evaluating Information to Determine Compliance with Standards|Getting Information|Identifying Objects, Actions, and Events|Making Decisions and Solving Problems|Programming|Reading Comprehension|Thinking Creatively|Updating and Using Relevant Knowledge|Working with Computers",14,3,Essential Skills|Knowledge|Transferable Skills|Work Activities,0.497816,0.105522,49.78,10.55,60,exam-fee-required,175,1D0-720,ไม่หมดอายุ,พื้นฐาน HTML/CSS,advanced_or_cert_prep,certification_only|both,2,verified,2026-08-31,ผู้วิจัย (ตรวจด้วยการดึงหน้าเว็บ 31 ส.ค. 2026),,CORPUS-IS68076026-v1.5R-01OCT26,ONET31.0-IS68076026-v1.0,v0.9_core
CRT-R02-10,certification,R02,นักพัฒนาเว็บ / Frontend,Web Developer,15-1254.00,software,exact,10,MongoDB Associate Developer,MongoDB,vendor_or_body,MongoDB University,https://learn.mongodb.com/pages/mongodb-associate-developer-exam,vendor_cert,Intermediate,2,proctored exam,English,"ยืนยันความสามารถออกแบบและใช้งาน MongoDB ในแอปพลิเคชัน ทั้ง CRUD, indexing และ aggregation",MongoDB|Document modeling|Aggregation pipeline|Indexing|Drivers,MongoDB|MongoDB Atlas|Node.js driver,no,REQ-R02-2.A.1.a|REQ-R02-2.A.2.a|REQ-R02-2.A.2.b|REQ-R02-2.B.2.i|REQ-R02-2.B.3.e|REQ-R02-2.C.3.a|REQ-R02-2.C.7.a|REQ-R02-4.A.1.a.1|REQ-R02-4.A.1.b.1|REQ-R02-4.A.2.a.2|REQ-R02-4.A.2.a.4|REQ-R02-4.A.2.b.1|REQ-R02-4.A.2.b.2|REQ-R02-4.A.2.b.3|REQ-R02-4.A.2.b.5|REQ-R02-4.A.3.b.1,REQ-R02-2.B.3.e|REQ-R02-2.C.3.a|REQ-R02-4.A.2.a.2|REQ-R02-4.A.2.a.4,"Active Learning|Analyzing Data or Information|Complex Problem Solving|Computers and Electronics|Critical Thinking|English Language|Getting Information|Identifying Objects, Actions, and Events|Making Decisions and Solving Problems|Processing Information|Programming|Reading Comprehension|Scheduling Work and Activities|Thinking Creatively|Updating and Using Relevant Knowledge|Working with Computers",16,4,Essential Skills|Knowledge|Transferable Skills|Work Activities,0.567391,0.144234,56.74,14.42,60,exam-fee-required,150,C100DEV,3,พื้นฐานฐานข้อมูล,advanced_or_cert_prep,certification_only|both,2,pending_verification,,,[UNCLEAR] ดึงได้แต่ยืนยันสถานะไม่ชัด ต้องตรวจด้วยตา,CORPUS-IS68076026-v1.5R-01OCT26,ONET31.0-IS68076026-v1.0,v0.9_core
CRS-R02-01,course,R02,นักพัฒนาเว็บ / Frontend,Web Developer,15-1254.00,software,exact,1,Meta Front-End Developer Professional Certificate,Meta,mooc_platform,Coursera,https://www.coursera.org/professional-certificates/meta-front-end-developer,professional_certificate,Beginner,1,self-paced online,English,สร้างเว็บแอปพลิเคชันด้วย React ตั้งแต่ HTML/CSS พื้นฐานจนถึง state management และ testing พร้อม capstone,HTML5|CSS3|JavaScript|React|Responsive design|UI testing|Version control,React|JavaScript|Git|Figma|Jest,yes,REQ-R02-2.A.1.a|REQ-R02-2.A.2.a|REQ-R02-2.A.2.b|REQ-R02-2.B.2.i|REQ-R02-2.B.3.e|REQ-R02-2.C.3.a|REQ-R02-2.C.7.a|REQ-R02-4.A.1.a.1|REQ-R02-4.A.1.b.1|REQ-R02-4.A.1.b.3|REQ-R02-4.A.2.a.3|REQ-R02-4.A.2.b.1|REQ-R02-4.A.2.b.2|REQ-R02-4.A.2.b.3|REQ-R02-4.A.2.b.6|REQ-R02-4.A.3.b.1,REQ-R02-2.A.1.a|REQ-R02-2.B.3.e|REQ-R02-2.C.3.a|REQ-R02-4.A.2.b.2|REQ-R02-4.A.3.b.1,"Active Learning|Complex Problem Solving|Computers and Electronics|Critical Thinking|English Language|Estimating the Quantifiable Characteristics of Products, Events, or Information|Evaluating Information to Determine Compliance with Standards|Getting Information|Identifying Objects, Actions, and Events|Making Decisions and Solving Problems|Organizing, Planning, and Prioritizing Work|Programming|Reading Comprehension|Thinking Creatively|Updating and Using Relevant Knowledge|Working with Computers",16,5,Essential Skills|Knowledge|Transferable Skills|Work Activities,0.562395,0.190707,56.24,19.07,160,paid,245,,,ไม่มี,core_gap_closure,course_only|both,3,verified,2026-08-31,ผู้วิจัย (ตรวจด้วยการดึงหน้าเว็บ 31 ส.ค. 2026),,CORPUS-IS68076026-v1.5R-01OCT26,ONET31.0-IS68076026-v1.0,v0.9_core
CRS-R02-02,course,R02,นักพัฒนาเว็บ / Frontend,Web Developer,15-1254.00,software,exact,2,Meta Full-Stack Engineer Professional Certificate,Meta,mooc_platform,Coursera,https://www.coursera.org/professional-certificates/meta-full-stack-developer,professional_certificate,Intermediate,2,self-paced online,English,เชื่อม front-end กับ back-end ครบวงจร ออกแบบ API ต่อฐานข้อมูล และ deploy ระบบที่ทำงานได้จริง,React|Node.js|API integration|Database design|Deployment|Full-stack architecture,React|Node.js|Express|MongoDB|Git,yes,REQ-R02-2.A.1.a|REQ-R02-2.A.2.a|REQ-R02-2.A.2.b|REQ-R02-2.B.2.i|REQ-R02-2.B.3.a|REQ-R02-2.B.3.e|REQ-R02-2.C.3.a|REQ-R02-2.C.7.a|REQ-R02-4.A.1.a.1|REQ-R02-4.A.1.b.1|REQ-R02-4.A.2.a.2|REQ-R02-4.A.2.a.4|REQ-R02-4.A.2.b.1|REQ-R02-4.A.2.b.2|REQ-R02-4.A.2.b.3|REQ-R02-4.A.2.b.6|REQ-R02-4.A.3.b.1,REQ-R02-2.B.2.i|REQ-R02-2.B.3.a|REQ-R02-2.B.3.e|REQ-R02-2.C.3.a|REQ-R02-4.A.2.b.2|REQ-R02-4.A.3.b.1,"Active Learning|Analyzing Data or Information|Complex Problem Solving|Computers and Electronics|Critical Thinking|English Language|Getting Information|Identifying Objects, Actions, and Events|Making Decisions and Solving Problems|Operations Analysis|Organizing, Planning, and Prioritizing Work|Processing Information|Programming|Reading Comprehension|Thinking Creatively|Updating and Using Relevant Knowledge|Working with Computers",17,6,Essential Skills|Knowledge|Transferable Skills|Work Activities,0.603694,0.222997,60.37,22.30,200,paid,245,,,พื้นฐาน JavaScript,core_gap_closure,course_only|both,3,verified,2026-08-31,ผู้วิจัย (ตรวจด้วยการดึงหน้าเว็บ 31 ส.ค. 2026),,CORPUS-IS68076026-v1.5R-01OCT26,ONET31.0-IS68076026-v1.0,v0.9_core
CRS-R02-03,course,R02,นักพัฒนาเว็บ / Frontend,Web Developer,15-1254.00,software,exact,3,IBM Front-End Developer Professional Certificate,IBM,mooc_platform,Coursera,https://www.coursera.org/professional-certificates/ibm-frontend-developer,professional_certificate,Beginner,1,self-paced online,English,พัฒนาส่วนติดต่อผู้ใช้ด้วย React ใช้ Git และเครื่องมือสมัยใหม่ พร้อมโครงงานสำหรับพอร์ตโฟลิโอ,HTML|CSS|JavaScript|React|Bootstrap|Web accessibility|Git,React|Bootstrap|Git|VS Code,yes,REQ-R02-2.A.1.a|REQ-R02-2.A.2.a|REQ-R02-2.A.2.b|REQ-R02-2.B.2.i|REQ-R02-2.B.3.e|REQ-R02-2.C.3.a|REQ-R02-2.C.7.a|REQ-R02-4.A.1.a.1|REQ-R02-4.A.1.b.1|REQ-R02-4.A.2.b.1|REQ-R02-4.A.2.b.2|REQ-R02-4.A.2.b.3|REQ-R02-4.A.2.b.6|REQ-R02-4.A.3.b.1,REQ-R02-2.B.3.e|REQ-R02-2.C.3.a|REQ-R02-4.A.2.b.2|REQ-R02-4.A.3.b.1,"Active Learning|Complex Problem Solving|Computers and Electronics|Critical Thinking|English Language|Getting Information|Identifying Objects, Actions, and Events|Making Decisions and Solving Problems|Organizing, Planning, and Prioritizing Work|Programming|Reading Comprehension|Thinking Creatively|Updating and Using Relevant Knowledge|Working with Computers",14,4,Essential Skills|Knowledge|Transferable Skills|Work Activities,0.502989,0.158417,50.30,15.84,150,paid,245,,,ไม่มี,foundation,course_only|both,3,verified,2026-08-31,ผู้วิจัย (ตรวจด้วยการดึงหน้าเว็บ 31 ส.ค. 2026),,CORPUS-IS68076026-v1.5R-01OCT26,ONET31.0-IS68076026-v1.0,v0.9_core
CRS-R02-04,course,R02,นักพัฒนาเว็บ / Frontend,Web Developer,15-1254.00,software,exact,4,"HTML, CSS, and Javascript for Web Developers",Johns Hopkins University,mooc_platform,Coursera,https://www.coursera.org/learn/html-css-javascript-for-web-developers,single_course,Beginner,1,self-paced online,English,เข้าใจโครงสร้างหน้าเว็บและการตอบสนองแบบ responsive พร้อมเขียน JavaScript ติดต่อ API เบื้องต้น,HTML5|CSS3|Responsive layout|JavaScript fundamentals|Ajax,HTML|CSS|JavaScript|Bootstrap,yes,REQ-R02-2.A.1.a|REQ-R02-2.A.2.a|REQ-R02-2.A.2.b|REQ-R02-2.B.2.i|REQ-R02-2.B.3.e|REQ-R02-2.C.3.a|REQ-R02-2.C.7.a|REQ-R02-4.A.1.a.1|REQ-R02-4.A.1.b.1|REQ-R02-4.A.2.b.1|REQ-R02-4.A.2.b.2|REQ-R02-4.A.2.b.3|REQ-R02-4.A.3.b.1,REQ-R02-2.A.1.a|REQ-R02-2.B.3.e|REQ-R02-2.C.3.a|REQ-R02-4.A.2.b.2,"Active Learning|Complex Problem Solving|Computers and Electronics|Critical Thinking|English Language|Getting Information|Identifying Objects, Actions, and Events|Making Decisions and Solving Problems|Programming|Reading Comprehension|Thinking Creatively|Updating and Using Relevant Knowledge|Working with Computers",13,4,Essential Skills|Knowledge|Transferable Skills|Work Activities,0.468113,0.147178,46.81,14.72,40,paid,49,,,ไม่มี,foundation,course_only|both,3,verified,2026-08-31,ผู้วิจัย (ตรวจด้วยการดึงหน้าเว็บ 31 ส.ค. 2026),,CORPUS-IS68076026-v1.5R-01OCT26,ONET31.0-IS68076026-v1.0,v0.9_core
CRS-R02-05,course,R02,นักพัฒนาเว็บ / Frontend,Web Developer,15-1254.00,software,exact,5,Web Design for Everybody: Basics of Web Development & Coding Specialization,University of Michigan,mooc_platform,Coursera,https://www.coursera.org/specializations/web-design,specialization,Beginner,1,self-paced online,English,"ออกแบบและพัฒนาเว็บที่เข้าถึงได้ตามมาตรฐาน W3C ครอบคลุมทั้ง markup, style, การโต้ตอบ และ accessibility",HTML5|CSS3|JavaScript|Responsive design|Web accessibility|Web standards,HTML|CSS|JavaScript,yes,REQ-R02-2.A.1.a|REQ-R02-2.A.2.a|REQ-R02-2.A.2.b|REQ-R02-2.B.2.i|REQ-R02-2.B.3.e|REQ-R02-2.C.3.a|REQ-R02-2.C.7.a|REQ-R02-4.A.1.a.1|REQ-R02-4.A.1.b.1|REQ-R02-4.A.2.a.3|REQ-R02-4.A.2.b.1|REQ-R02-4.A.2.b.2|REQ-R02-4.A.2.b.3|REQ-R02-4.A.2.b.6|REQ-R02-4.A.3.b.1,REQ-R02-2.B.3.e|REQ-R02-2.C.3.a|REQ-R02-4.A.2.a.3|REQ-R02-4.A.2.b.2,"Active Learning|Complex Problem Solving|Computers and Electronics|Critical Thinking|English Language|Evaluating Information to Determine Compliance with Standards|Getting Information|Identifying Objects, Actions, and Events|Making Decisions and Solving Problems|Organizing, Planning, and Prioritizing Work|Programming|Reading Comprehension|Thinking Creatively|Updating and Using Relevant Knowledge|Working with Computers",15,4,Essential Skills|Knowledge|Transferable Skills|Work Activities,0.532692,0.144591,53.27,14.46,100,paid,245,,,ไม่มี,foundation,course_only|both,3,verified,2026-08-31,ผู้วิจัย (ตรวจด้วยการดึงหน้าเว็บ 31 ส.ค. 2026),,CORPUS-IS68076026-v1.5R-01OCT26,ONET31.0-IS68076026-v1.0,v0.9_core
CRS-R02-06,course,R02,นักพัฒนาเว็บ / Frontend,Web Developer,15-1254.00,software,exact,6,Advanced React,Meta,mooc_platform,Coursera,https://www.coursera.org/learn/advanced-react,single_course,Intermediate,2,self-paced online,English,ใช้ hooks ขั้นสูง จัดการ state ที่ซับซ้อน เพิ่มประสิทธิภาพการ render และเขียน test สำหรับคอมโพเนนต์,React hooks|Component testing|State management|Performance optimization|Context API,React|Jest|React Testing Library,no,REQ-R02-2.A.1.a|REQ-R02-2.A.2.a|REQ-R02-2.A.2.b|REQ-R02-2.B.2.i|REQ-R02-2.B.3.e|REQ-R02-2.C.3.a|REQ-R02-2.C.4.a|REQ-R02-2.C.7.a|REQ-R02-4.A.1.a.1|REQ-R02-4.A.1.b.1|REQ-R02-4.A.1.b.3|REQ-R02-4.A.2.a.3|REQ-R02-4.A.2.b.1|REQ-R02-4.A.2.b.3|REQ-R02-4.A.3.b.1,REQ-R02-2.B.2.i|REQ-R02-2.B.3.e|REQ-R02-2.C.3.a,"Active Learning|Complex Problem Solving|Computers and Electronics|Critical Thinking|English Language|Estimating the Quantifiable Characteristics of Products, Events, or Information|Evaluating Information to Determine Compliance with Standards|Getting Information|Identifying Objects, Actions, and Events|Making Decisions and Solving Problems|Mathematics|Programming|Reading Comprehension|Updating and Using Relevant Knowledge|Working with Computers",15,3,Essential Skills|Knowledge|Transferable Skills|Work Activities,0.518331,0.108109,51.83,10.81,25,paid,49,,,ใช้ React พื้นฐานได้,advanced_or_cert_prep,course_only|both,3,verified,2026-08-31,ผู้วิจัย (ตรวจด้วยการดึงหน้าเว็บ 31 ส.ค. 2026),,CORPUS-IS68076026-v1.5R-01OCT26,ONET31.0-IS68076026-v1.0,v0.9_core
CRS-R02-07,course,R02,นักพัฒนาเว็บ / Frontend,Web Developer,15-1254.00,software,exact,7,Responsive Website Development and Design Specialization,University of London,mooc_platform,Coursera,https://www.coursera.org/specializations/website-development,specialization,Intermediate,2,self-paced online,English,ออกแบบเว็บที่ปรับตามอุปกรณ์ ทดสอบกับผู้ใช้จริง และประเมินคุณภาพประสบการณ์ผู้ใช้บนหลายหน้าจอ,Responsive design|Mobile-first design|Usability testing|JavaScript|Web performance,HTML|CSS|JavaScript|Chrome DevTools,yes,REQ-R02-2.A.1.a|REQ-R02-2.A.2.a|REQ-R02-2.A.2.b|REQ-R02-2.B.2.i|REQ-R02-2.C.3.a|REQ-R02-2.C.7.a|REQ-R02-4.A.1.a.1|REQ-R02-4.A.1.b.1|REQ-R02-4.A.2.a.3|REQ-R02-4.A.2.a.4|REQ-R02-4.A.2.b.1|REQ-R02-4.A.2.b.2|REQ-R02-4.A.2.b.3|REQ-R02-4.A.2.b.6|REQ-R02-4.A.3.b.1,REQ-R02-2.C.3.a|REQ-R02-4.A.2.a.3|REQ-R02-4.A.2.a.4|REQ-R02-4.A.2.b.2,"Active Learning|Analyzing Data or Information|Complex Problem Solving|Computers and Electronics|Critical Thinking|English Language|Evaluating Information to Determine Compliance with Standards|Getting Information|Identifying Objects, Actions, and Events|Making Decisions and Solving Problems|Organizing, Planning, and Prioritizing Work|Reading Comprehension|Thinking Creatively|Updating and Using Relevant Knowledge|Working with Computers",15,4,Essential Skills|Knowledge|Transferable Skills|Work Activities,0.527518,0.139417,52.75,13.94,110,paid,245,,,พื้นฐาน HTML/CSS,core_gap_closure,course_only|both,2,pending_verification,,,[WRONG_CONTENT] หน้าปลายทางไม่ตรงกับรายการที่บันทึกไว้ ต้องตรวจ,CORPUS-IS68076026-v1.5R-01OCT26,ONET31.0-IS68076026-v1.0,v0.9_core
CRS-R02-08,course,R02,นักพัฒนาเว็บ / Frontend,Web Developer,15-1254.00,software,exact,8,Responsive Web Design Certification,freeCodeCamp,mooc_platform,freeCodeCamp,https://www.freecodecamp.org/learn/2022/responsive-web-design/,single_course,Beginner,1,self-paced online,English,ฝึกเขียน HTML/CSS ผ่านโครงงาน 5 ชิ้นที่ตรวจอัตโนมัติ ได้ผลงานจริงลงพอร์ตโฟลิโอโดยไม่มีค่าใช้จ่าย,HTML5|CSS3|Flexbox|CSS Grid|Accessibility|Responsive design,HTML|CSS|CodePen,yes,REQ-R02-2.A.1.a|REQ-R02-2.A.2.a|REQ-R02-2.A.2.b|REQ-R02-2.B.2.i|REQ-R02-2.B.3.e|REQ-R02-2.C.3.a|REQ-R02-2.C.7.a|REQ-R02-4.A.1.a.1|REQ-R02-4.A.1.b.1|REQ-R02-4.A.2.b.1|REQ-R02-4.A.2.b.2|REQ-R02-4.A.2.b.3|REQ-R02-4.A.2.b.6|REQ-R02-4.A.3.b.1,REQ-R02-2.B.3.e|REQ-R02-2.C.3.a|REQ-R02-4.A.2.b.2,"Active Learning|Complex Problem Solving|Computers and Electronics|Critical Thinking|English Language|Getting Information|Identifying Objects, Actions, and Events|Making Decisions and Solving Problems|Organizing, Planning, and Prioritizing Work|Programming|Reading Comprehension|Thinking Creatively|Updating and Using Relevant Knowledge|Working with Computers",14,3,Essential Skills|Knowledge|Transferable Skills|Work Activities,0.502989,0.114888,50.30,11.49,300,free,0,,,ไม่มี,foundation,course_only|both,2,verified,2026-08-31,ผู้วิจัย (ตรวจด้วยการดึงหน้าเว็บ 31 ส.ค. 2026),,CORPUS-IS68076026-v1.5R-01OCT26,ONET31.0-IS68076026-v1.0,v0.9_core
CRS-R02-09,course,R02,นักพัฒนาเว็บ / Frontend,Web Developer,15-1254.00,software,exact,9,JavaScript Algorithms and Data Structures Certification,freeCodeCamp,mooc_platform,freeCodeCamp,https://www.freecodecamp.org/learn/javascript-algorithms-and-data-structures/,single_course,Intermediate,2,self-paced online,English,เขียน JavaScript เชิงอัลกอริทึม จัดการข้อมูลเชิงฟังก์ชัน และแก้โจทย์เชิงตรรกะได้อย่างเป็นระบบ,JavaScript|Algorithms|Data structures|Functional programming|ES6,JavaScript|Node.js,yes,REQ-R02-2.A.1.a|REQ-R02-2.A.2.a|REQ-R02-2.A.2.b|REQ-R02-2.B.2.i|REQ-R02-2.B.3.a|REQ-R02-2.B.3.e|REQ-R02-2.C.3.a|REQ-R02-2.C.4.a|REQ-R02-2.C.7.a|REQ-R02-4.A.1.a.1|REQ-R02-4.A.1.b.1|REQ-R02-4.A.2.a.2|REQ-R02-4.A.2.a.4|REQ-R02-4.A.2.b.1|REQ-R02-4.A.2.b.3|REQ-R02-4.A.2.b.6|REQ-R02-4.A.3.b.1,REQ-R02-2.A.2.a|REQ-R02-2.B.2.i|REQ-R02-2.B.3.e|REQ-R02-2.C.4.a,"Active Learning|Analyzing Data or Information|Complex Problem Solving|Computers and Electronics|Critical Thinking|English Language|Getting Information|Identifying Objects, Actions, and Events|Making Decisions and Solving Problems|Mathematics|Operations Analysis|Organizing, Planning, and Prioritizing Work|Processing Information|Programming|Reading Comprehension|Updating and Using Relevant Knowledge|Working with Computers",17,4,Essential Skills|Knowledge|Transferable Skills|Work Activities,0.594506,0.132370,59.45,13.24,300,free,0,,,พื้นฐาน JavaScript,core_gap_closure,course_only|both,2,verified,2026-08-31,ผู้วิจัย (ตรวจด้วยการดึงหน้าเว็บ 31 ส.ค. 2026),,CORPUS-IS68076026-v1.5R-01OCT26,ONET31.0-IS68076026-v1.0,v0.9_core
CRS-R02-10,course,R02,นักพัฒนาเว็บ / Frontend,Web Developer,15-1254.00,software,exact,10,Web Accessibility by Google,Google,mooc_platform,Udacity,https://www.udacity.com/course/web-accessibility--ud891,single_course,Intermediate,2,self-paced online,English,ตรวจและแก้ปัญหาการเข้าถึงเว็บตาม WCAG ใช้ ARIA และทดสอบด้วย screen reader ได้ด้วยตนเอง,WCAG|ARIA|Semantic HTML|Screen reader testing|Keyboard navigation,Lighthouse|axe DevTools|NVDA,no,REQ-R02-2.A.1.a|REQ-R02-2.A.2.a|REQ-R02-2.A.2.b|REQ-R02-2.B.2.i|REQ-R02-2.C.3.a|REQ-R02-2.C.7.a|REQ-R02-4.A.1.a.1|REQ-R02-4.A.1.b.1|REQ-R02-4.A.2.a.3|REQ-R02-4.A.2.b.1|REQ-R02-4.A.2.b.3|REQ-R02-4.A.3.b.1,REQ-R02-2.A.1.a|REQ-R02-2.C.3.a|REQ-R02-4.A.2.a.3,"Active Learning|Complex Problem Solving|Computers and Electronics|Critical Thinking|English Language|Evaluating Information to Determine Compliance with Standards|Getting Information|Identifying Objects, Actions, and Events|Making Decisions and Solving Problems|Reading Comprehension|Updating and Using Relevant Knowledge|Working with Computers",12,3,Essential Skills|Knowledge|Transferable Skills|Work Activities,0.421997,0.101062,42.20,10.11,30,free,0,,,พื้นฐาน HTML,core_gap_closure,course_only|both,2,verified,2026-08-31,ผู้วิจัย (ตรวจด้วยการดึงหน้าเว็บ 31 ส.ค. 2026),,CORPUS-IS68076026-v1.5R-01OCT26,ONET31.0-IS68076026-v1.0,v0.9_core
CRS-R02-11,course,R02,นักพัฒนาเว็บ / Frontend,Web Developer,15-1254.00,software,exact,11,Foundations of Project Management,Google,mooc_platform,Coursera,https://www.coursera.org/learn/project-management-foundations,single_course,Beginner,1,self-paced online,English,กำหนดวัตถุประสงค์และกลยุทธ์ของโครงการ ตัดสินใจบนข้อมูลที่มี ประสานงานระหว่างทีม และประเมินทางเลือกอย่างเป็นระบบ,Project scoping|Objective setting|Decision making|Coordination|Stakeholder alignment,,no,REQ-R02-2.B.4.e|REQ-R02-4.A.2.b.2|REQ-R02-4.A.2.b.4,REQ-R02-2.B.4.e|REQ-R02-4.A.2.b.2|REQ-R02-4.A.2.b.4,Developing Objectives and Strategies|Judgment and Decision Making|Thinking Creatively,3,3,Transferable Skills|Work Activities,0.098921,0.098921,9.89,9.89,26,low-cost,49,,,,core_gap_closure,course_only|both,2,verified,2026-08-31,ผู้วิจัย (ตรวจด้วยการดึงหน้าเว็บ 31 ส.ค. 2026),ปิดช่องว่างกลุ่มการวางเป้าหมายและการตัดสินใจตาม DEC-09 · ยืนยันการมีอยู่ของแหล่งข้อมูลด้วยการค้นเว็บเมื่อ 2026-08-31,CORPUS-IS68076026-v1.5R-01OCT26,ONET31.0-IS68076026-v1.0,v1.0_gap_closure
CRS-R02-12,course,R02,นักพัฒนาเว็บ / Frontend,Web Developer,15-1254.00,software,exact,12,Improving Communication Skills,University of Pennsylvania (Wharton),mooc_platform,Coursera,https://www.coursera.org/learn/wharton-communication-skills,single_course,Beginner,1,self-paced online,English,สื่อสารเชิงวิชาชีพอย่างมีประสิทธิผล ฟังอย่างตั้งใจ ตีความสารของผู้อื่น สร้างความไว้วางใจ และสื่อสารกับผู้มีส่วนได้เสียทั้งในและนอกองค์กร,Active listening|Professional communication|Stakeholder communication|Building trust|Persuasion,,no,REQ-R02-2.A.1.b|REQ-R02-2.A.1.d|REQ-R02-4.A.4.a.1|REQ-R02-4.A.4.a.2|REQ-R02-4.A.4.a.4|REQ-R02-4.A.4.b.6,REQ-R02-2.A.1.b|REQ-R02-2.A.1.d|REQ-R02-4.A.4.a.1|REQ-R02-4.A.4.a.2|REQ-R02-4.A.4.a.4|REQ-R02-4.A.4.b.6,"Active Listening|Communicating with Supervisors, Peers, or Subordinates|Establishing and Maintaining Interpersonal Relationships|Interpreting the Meaning of Information for Others|Providing Consultation and Advice to Others|Speaking",6,6,Essential Skills|Work Activities,0.185442,0.185442,18.54,18.54,10,low-cost,49,,,,core_gap_closure,course_only|both,2,verified,2026-08-31,ผู้วิจัย (ตรวจด้วยการดึงหน้าเว็บ 31 ส.ค. 2026),DEC-16 ขยายข้ามบทบาทจาก CRS-R07-11 · คงชื่อ ผู้ให้บริการ URL ชั่วโมง และค่าใช้จ่ายเดิมทุกค่า · ต้องทบทวน mapping ก่อน FREEZE,CORPUS-IS68076026-v1.5R-01OCT26,ONET31.0-IS68076026-v1.0,v1.3_crossrole
CRS-R02-13,course,R02,นักพัฒนาเว็บ / Frontend,Web Developer,15-1254.00,software,exact,13,Google IT Automation with Python Professional Certificate,Google,mooc_platform,Coursera,https://www.coursera.org/professional-certificates/google-it-automation,professional_certificate,Beginner,1,self-paced online,English,เขียนสคริปต์ Python อัตโนมัติงานระบบ ใช้ Git บริหารเวอร์ชัน แก้ปัญหาเชิงระบบและ debug อย่างมีระเบียบวิธี,Python|Bash|Git|Automation|Debugging|Configuration management|Regular expressions,Python|Git|GitHub|Linux|Puppet,yes,REQ-R02-2.B.2.i|REQ-R02-2.B.3.e|REQ-R02-2.C.3.a|REQ-R02-4.A.2.a.2|REQ-R02-4.A.2.b.1|REQ-R02-4.A.2.b.6|REQ-R02-4.A.3.b.1,REQ-R02-2.B.2.i|REQ-R02-2.B.3.e|REQ-R02-2.C.3.a|REQ-R02-4.A.2.a.2|REQ-R02-4.A.2.b.1|REQ-R02-4.A.2.b.6|REQ-R02-4.A.3.b.1,"Complex Problem Solving|Computers and Electronics|Making Decisions and Solving Problems|Organizing, Planning, and Prioritizing Work|Processing Information|Programming|Working with Computers",7,7,Knowledge|Transferable Skills|Work Activities,0.261262,0.261262,26.13,26.13,150,paid,245,,,ไม่มี,foundation,course_only|both,3,verified,2026-08-31,ผู้วิจัย (ตรวจด้วยการดึงหน้าเว็บ 31 ส.ค. 2026),DEC-16 ขยายข้ามบทบาทจาก CRS-R01-03 · คงชื่อ ผู้ให้บริการ URL ชั่วโมง และค่าใช้จ่ายเดิมทุกค่า · ต้องทบทวน mapping ก่อน FREEZE,CORPUS-IS68076026-v1.5R-01OCT26,ONET31.0-IS68076026-v1.0,v1.3_crossrole
CRS-R02-14,course,R02,นักพัฒนาเว็บ / Frontend,Web Developer,15-1254.00,software,exact,14,Site Reliability Engineering: Measuring and Managing Reliability,Google Cloud,mooc_platform,Coursera,https://www.coursera.org/learn/site-reliability-engineering-slos,single_course,Intermediate,2,self-paced online,English,กำหนด SLI/SLO/error budget ซึ่งเป็นแนวคิดแกนกลางที่แยก SRE ออกจากงานดูแลระบบแบบเดิม,SLI/SLO design|Error budgets|Reliability measurement|Incident response|Toil reduction,Prometheus|Grafana|Cloud Monitoring,no,REQ-R02-4.A.2.a.4|REQ-R02-4.A.2.b.4,REQ-R02-4.A.2.a.4|REQ-R02-4.A.2.b.4,Analyzing Data or Information|Developing Objectives and Strategies,2,2,Work Activities,0.061279,0.061279,6.13,6.13,15,paid,49,,,พื้นฐานการดูแลระบบ,core_gap_closure,course_only|both,3,verified,2026-08-31,ผู้วิจัย (ตรวจด้วยการดึงหน้าเว็บ 31 ส.ค. 2026),DEC-16 ขยายข้ามบทบาทจาก CRS-R17-02 · คงชื่อ ผู้ให้บริการ URL ชั่วโมง และค่าใช้จ่ายเดิมทุกค่า · ต้องทบทวน mapping ก่อน FREEZE,CORPUS-IS68076026-v1.5R-01OCT26,ONET31.0-IS68076026-v1.0,v1.3_crossrole
CRT-R03-01,certification,R03,นักพัฒนาแอปพลิเคชัน / โมบายล์,Application / Mobile Developer,15-1251.00,software,proxy,1,Oracle Certified Professional: Java SE 21 Developer,Oracle,vendor_or_body,Oracle University,https://education.oracle.com/oracle-certification-path/pFamily_48,vendor_cert,Advanced,3,proctored exam,English,ยืนยันความเชี่ยวชาญ Java ระดับมืออาชีพ ซึ่งเป็นภาษาหลักของงาน enterprise application ในไทย,Java SE|Concurrency|Collections|Streams|Modules,Java 21|Maven,no,REQ-R03-2.A.1.a|REQ-R03-2.A.2.a|REQ-R03-2.B.2.i|REQ-R03-2.B.3.e|REQ-R03-2.C.3.a|REQ-R03-2.C.7.a|REQ-R03-4.A.1.a.1|REQ-R03-4.A.1.b.1|REQ-R03-4.A.2.b.1|REQ-R03-4.A.2.b.3|REQ-R03-4.A.2.b.6|REQ-R03-4.A.3.b.1,REQ-R03-2.A.2.a|REQ-R03-2.B.2.i|REQ-R03-2.B.3.e|REQ-R03-2.C.3.a,"Complex Problem Solving|Computers and Electronics|Critical Thinking|English Language|Getting Information|Identifying Objects, Actions, and Events|Making Decisions and Solving Problems|Organizing, Planning, and Prioritizing Work|Programming|Reading Comprehension|Updating and Using Relevant Knowledge|Working with Computers",12,4,Essential Skills|Knowledge|Transferable Skills|Work Activities,0.424647,0.146013,42.46,14.60,120,exam-fee-required,245,1Z0-830,ไม่หมดอายุ,เขียน Java ได้คล่อง,advanced_or_cert_prep,certification_only|both,3,pending_verification,,,[FETCH_ERROR] ตอบ 403 ระบบกันบอท ต้องตรวจซ้ำด้วยมือ,CORPUS-IS68076026-v1.5R-01OCT26,ONET31.0-IS68076026-v1.0,v0.9_core
CRT-R03-02,certification,R03,นักพัฒนาแอปพลิเคชัน / โมบายล์,Application / Mobile Developer,15-1251.00,software,proxy,2,Microsoft Certified: Azure AI Cloud Developer Associate,Microsoft,vendor_or_body,Microsoft Learn,https://learn.microsoft.com/en-us/credentials/certifications/azure-ai-cloud-developer-associate/,vendor_cert,Intermediate,2,proctored exam,English,ออกแบบและพัฒนาโซลูชัน AI บนคลาวด์ของ Azure เชื่อมต่อบริการ AI เข้ากับแอปพลิเคชัน และดูแลความปลอดภัยของโซลูชัน,Azure AI services|Cloud application development|API integration|Prompt engineering|Solution security,Azure AI Foundry|Azure Functions|Azure App Service,no,REQ-R03-2.A.1.a|REQ-R03-2.A.2.a|REQ-R03-2.B.2.i|REQ-R03-2.B.3.e|REQ-R03-2.B.4.g|REQ-R03-2.C.3.a|REQ-R03-2.C.7.a|REQ-R03-4.A.1.a.1|REQ-R03-4.A.1.b.1|REQ-R03-4.A.2.b.1|REQ-R03-4.A.2.b.3|REQ-R03-4.A.2.b.6|REQ-R03-4.A.3.b.1,REQ-R03-2.B.3.e|REQ-R03-2.B.4.g|REQ-R03-2.C.3.a|REQ-R03-4.A.3.b.1,"Complex Problem Solving|Computers and Electronics|Critical Thinking|English Language|Getting Information|Identifying Objects, Actions, and Events|Making Decisions and Solving Problems|Organizing, Planning, and Prioritizing Work|Programming|Reading Comprehension|Systems Analysis|Updating and Using Relevant Knowledge|Working with Computers",13,4,Essential Skills|Knowledge|Transferable Skills|Work Activities,0.453474,0.153091,45.35,15.31,110,exam-fee-required,165,AI-200,1,ประสบการณ์พัฒนาบน Azure,advanced_or_cert_prep,certification_only|both,3,verified,2026-08-31,ผู้วิจัย (ตรวจด้วยการดึงหน้าเว็บ 31 ส.ค. 2026),"[REPLACE 2026-08-31] แทนที่ ""Microsoft Certified: Azure Developer Associate"" ซึ่งผู้ให้บริการยกเลิกแล้ว · แทน AZ-204 ที่ Microsoft ยกเลิก · Microsoft ระบุ AI-200 เป็นเส้นทางต่อเนื่องของนักพัฒนา Azure · คง competency mapping เดิมไว้เพราะเป็นรายการทดแทนในสายสมรรถนะเดียวกัน ต้องทบทวน mapping อีกครั้งก่อนตรึง",CORPUS-IS68076026-v1.5R-01OCT26,ONET31.0-IS68076026-v1.0,v0.9_core
CRT-R03-03,certification,R03,นักพัฒนาแอปพลิเคชัน / โมบายล์,Application / Mobile Developer,15-1251.00,software,proxy,3,AWS Certified Developer – Associate,Amazon Web Services,vendor_or_body,AWS Certification,https://aws.amazon.com/certification/certified-developer-associate/,vendor_cert,Intermediate,2,proctored exam,English,ยืนยันความสามารถพัฒนา backend สำหรับแอปพลิเคชันบน AWS พร้อมการใช้ Amplify และ serverless,AWS SDK|Serverless|Amplify|Cognito|CI/CD,AWS Lambda|Amplify|Cognito,no,REQ-R03-2.A.1.a|REQ-R03-2.A.2.a|REQ-R03-2.B.2.i|REQ-R03-2.B.3.e|REQ-R03-2.B.4.g|REQ-R03-2.C.3.a|REQ-R03-2.C.7.a|REQ-R03-4.A.1.a.1|REQ-R03-4.A.1.b.1|REQ-R03-4.A.2.b.1|REQ-R03-4.A.2.b.3|REQ-R03-4.A.2.b.6|REQ-R03-4.A.3.b.1,REQ-R03-2.B.3.e|REQ-R03-2.B.4.g|REQ-R03-2.C.3.a|REQ-R03-4.A.3.b.1,"Complex Problem Solving|Computers and Electronics|Critical Thinking|English Language|Getting Information|Identifying Objects, Actions, and Events|Making Decisions and Solving Problems|Organizing, Planning, and Prioritizing Work|Programming|Reading Comprehension|Systems Analysis|Updating and Using Relevant Knowledge|Working with Computers",13,4,Essential Skills|Knowledge|Transferable Skills|Work Activities,0.453474,0.153091,45.35,15.31,120,exam-fee-required,150,DVA-C02,3,ประสบการณ์ AWS,advanced_or_cert_prep,certification_only|both,3,verified,2026-08-31,ผู้วิจัย (ตรวจด้วยการดึงหน้าเว็บ 31 ส.ค. 2026),,CORPUS-IS68076026-v1.5R-01OCT26,ONET31.0-IS68076026-v1.0,v0.9_core
CRT-R03-04,certification,R03,นักพัฒนาแอปพลิเคชัน / โมบายล์,Application / Mobile Developer,15-1251.00,software,proxy,4,App Development with Swift Certified User,Apple / Certiport,vendor_or_body,Certiport,https://certiport.pearsonvue.com/Certifications/Apple/App-Dev-With-Swift/Overview.aspx,vendor_cert,Beginner,1,proctored exam,English,ใบรับรองระดับเริ่มต้นของ Apple ยืนยันความเข้าใจ Swift และการพัฒนาแอป iOS พื้นฐาน,Swift fundamentals|Xcode|iOS app structure|Debugging,Xcode|Swift,no,REQ-R03-2.A.1.a|REQ-R03-2.B.3.e|REQ-R03-2.C.3.a|REQ-R03-2.C.7.a|REQ-R03-4.A.1.a.1|REQ-R03-4.A.2.b.3|REQ-R03-4.A.3.b.1,REQ-R03-2.B.3.e|REQ-R03-2.C.3.a,Computers and Electronics|English Language|Getting Information|Programming|Reading Comprehension|Updating and Using Relevant Knowledge|Working with Computers,7,2,Essential Skills|Knowledge|Transferable Skills|Work Activities,0.256119,0.082047,25.61,8.20,60,exam-fee-required,130,Swift Certified User,ไม่หมดอายุ,ไม่มี,foundation,certification_only|both,2,verified,2026-08-31,ผู้วิจัย (ตรวจด้วยการดึงหน้าเว็บ 31 ส.ค. 2026),[FIX 2026-08-31] แก้ URL ตามหน้าปลายทางที่ยืนยันแล้ว,CORPUS-IS68076026-v1.5R-01OCT26,ONET31.0-IS68076026-v1.0,v0.9_core
CRT-R03-05,certification,R03,นักพัฒนาแอปพลิเคชัน / โมบายล์,Application / Mobile Developer,15-1251.00,software,proxy,5,App Development with Swift Associate,Apple / Certiport,vendor_or_body,Certiport,https://certiport.pearsonvue.com/Certifications/Apple/App-Dev-With-Swift/Overview.aspx,vendor_cert,Intermediate,2,proctored exam,English,ใบรับรองระดับกลางของ Apple ยืนยันความสามารถพัฒนาแอป iOS ที่ทำงานได้จริงด้วย Swift,Swift|UIKit/SwiftUI|Data persistence|Networking|App architecture,Xcode|Swift|SwiftUI,no,REQ-R03-2.A.1.a|REQ-R03-2.A.2.a|REQ-R03-2.B.2.i|REQ-R03-2.B.3.e|REQ-R03-2.B.4.g|REQ-R03-2.C.3.a|REQ-R03-2.C.3.b|REQ-R03-2.C.7.a|REQ-R03-4.A.1.a.1|REQ-R03-4.A.1.b.1|REQ-R03-4.A.2.a.2|REQ-R03-4.A.2.a.4|REQ-R03-4.A.2.b.1|REQ-R03-4.A.2.b.2|REQ-R03-4.A.2.b.3|REQ-R03-4.A.3.b.1,REQ-R03-2.B.2.i|REQ-R03-2.B.3.e|REQ-R03-2.C.3.a|REQ-R03-4.A.2.b.2,"Analyzing Data or Information|Complex Problem Solving|Computers and Electronics|Critical Thinking|Engineering and Technology|English Language|Getting Information|Identifying Objects, Actions, and Events|Making Decisions and Solving Problems|Processing Information|Programming|Reading Comprehension|Systems Analysis|Thinking Creatively|Updating and Using Relevant Knowledge|Working with Computers",16,4,Essential Skills|Knowledge|Transferable Skills|Work Activities,0.567248,0.151130,56.72,15.11,90,exam-fee-required,150,Swift Associate,ไม่หมดอายุ,Swift Certified User หรือเทียบเท่า,advanced_or_cert_prep,certification_only|both,2,verified,2026-08-31,ผู้วิจัย (ตรวจด้วยการดึงหน้าเว็บ 31 ส.ค. 2026),[FIX 2026-08-31] แก้ URL ตามหน้าปลายทางที่ยืนยันแล้ว,CORPUS-IS68076026-v1.5R-01OCT26,ONET31.0-IS68076026-v1.0,v0.9_core
CRT-R03-06,certification,R03,นักพัฒนาแอปพลิเคชัน / โมบายล์,Application / Mobile Developer,15-1251.00,software,proxy,6,Meta Android Developer Professional Certificate (credential),Meta,mooc_platform,Coursera,https://www.coursera.org/professional-certificates/meta-android-developer,professional_certificate,Intermediate,2,portfolio + graded assessment,English,ประกาศนียบัตรที่นายจ้างทั่วโลกรู้จัก ใช้ยืนยันความสามารถพัฒนาแอป Android ระดับเริ่มทำงาน,Kotlin|Jetpack Compose|Android SDK|Version control,Android Studio|Kotlin,yes,REQ-R03-2.A.1.a|REQ-R03-2.A.2.a|REQ-R03-2.B.2.i|REQ-R03-2.B.3.e|REQ-R03-2.C.3.a|REQ-R03-2.C.7.a|REQ-R03-4.A.1.a.1|REQ-R03-4.A.1.b.1|REQ-R03-4.A.2.b.1|REQ-R03-4.A.2.b.2|REQ-R03-4.A.2.b.3|REQ-R03-4.A.2.b.6|REQ-R03-4.A.3.b.1,REQ-R03-2.B.3.e|REQ-R03-2.C.3.a|REQ-R03-4.A.2.b.2,"Complex Problem Solving|Computers and Electronics|Critical Thinking|English Language|Getting Information|Identifying Objects, Actions, and Events|Making Decisions and Solving Problems|Organizing, Planning, and Prioritizing Work|Programming|Reading Comprehension|Thinking Creatively|Updating and Using Relevant Knowledge|Working with Computers",13,3,Essential Skills|Knowledge|Transferable Skills|Work Activities,0.461747,0.119147,46.17,11.91,180,paid,245,Meta Android,ไม่หมดอายุ,ไม่มี,advanced_or_cert_prep,certification_only|both,3,verified,2026-08-31,ผู้วิจัย (ตรวจด้วยการดึงหน้าเว็บ 31 ส.ค. 2026),,CORPUS-IS68076026-v1.5R-01OCT26,ONET31.0-IS68076026-v1.0,v0.9_core
CRT-R03-07,certification,R03,นักพัฒนาแอปพลิเคชัน / โมบายล์,Application / Mobile Developer,15-1251.00,software,proxy,7,Microsoft Certified: Power Platform Developer Associate,Microsoft,vendor_or_body,Microsoft Learn,https://learn.microsoft.com/en-us/credentials/certifications/power-platform-developer-associate/,vendor_cert,Intermediate,2,proctored exam,English,ยืนยันความสามารถพัฒนาแอปพลิเคชันธุรกิจแบบ low-code ซึ่งเป็นความต้องการที่เติบโตสูงในองค์กรไทย,Power Apps|Dataverse|Power Automate|Custom connectors|Plug-in development,Power Apps|Power Automate|Dataverse|C#,no,REQ-R03-2.A.1.a|REQ-R03-2.A.2.a|REQ-R03-2.B.2.i|REQ-R03-2.B.3.e|REQ-R03-2.B.4.g|REQ-R03-2.C.3.a|REQ-R03-2.C.7.a|REQ-R03-4.A.1.a.1|REQ-R03-4.A.1.b.1|REQ-R03-4.A.2.a.2|REQ-R03-4.A.2.a.4|REQ-R03-4.A.2.b.1|REQ-R03-4.A.2.b.3|REQ-R03-4.A.2.b.6|REQ-R03-4.A.3.b.1,REQ-R03-2.B.3.e|REQ-R03-2.B.4.g|REQ-R03-2.C.3.a,"Analyzing Data or Information|Complex Problem Solving|Computers and Electronics|Critical Thinking|English Language|Getting Information|Identifying Objects, Actions, and Events|Making Decisions and Solving Problems|Organizing, Planning, and Prioritizing Work|Processing Information|Programming|Reading Comprehension|Systems Analysis|Updating and Using Relevant Knowledge|Working with Computers",15,3,Essential Skills|Knowledge|Transferable Skills|Work Activities,0.531171,0.110874,53.12,11.09,100,exam-fee-required,165,PL-400,1,พื้นฐานการพัฒนา,advanced_or_cert_prep,certification_only|both,2,verified,2026-08-31,ผู้วิจัย (ตรวจด้วยการดึงหน้าเว็บ 31 ส.ค. 2026),,CORPUS-IS68076026-v1.5R-01OCT26,ONET31.0-IS68076026-v1.0,v0.9_core
CRT-R03-08,certification,R03,นักพัฒนาแอปพลิเคชัน / โมบายล์,Application / Mobile Developer,15-1251.00,software,proxy,8,PCPP1 – Certified Professional in Python Programming 1,Python Institute,vendor_or_body,OpenEDG Python Institute,https://pythoninstitute.org/pcpp1,vendor_neutral_cert,Advanced,3,proctored exam,English,ยืนยันความสามารถ Python ระดับมืออาชีพสำหรับงานพัฒนาแอปพลิเคชันฝั่งเซิร์ฟเวอร์,Advanced Python|OOP|GUI|File processing|Network programming,Python,no,REQ-R03-2.A.1.a|REQ-R03-2.A.2.a|REQ-R03-2.B.2.i|REQ-R03-2.B.3.e|REQ-R03-2.C.3.a|REQ-R03-2.C.7.a|REQ-R03-4.A.1.a.1|REQ-R03-4.A.1.b.1|REQ-R03-4.A.2.b.1|REQ-R03-4.A.2.b.3|REQ-R03-4.A.3.b.1,REQ-R03-2.B.2.i|REQ-R03-2.B.3.e|REQ-R03-2.C.3.a,"Complex Problem Solving|Computers and Electronics|Critical Thinking|English Language|Getting Information|Identifying Objects, Actions, and Events|Making Decisions and Solving Problems|Programming|Reading Comprehension|Updating and Using Relevant Knowledge|Working with Computers",11,3,Essential Skills|Knowledge|Transferable Skills|Work Activities,0.394029,0.114030,39.40,11.40,90,exam-fee-required,195,PCPP-32-10x,ไม่หมดอายุ,PCAP หรือเทียบเท่า,advanced_or_cert_prep,certification_only|both,2,verified,2026-08-31,ผู้วิจัย (ตรวจด้วยการดึงหน้าเว็บ 31 ส.ค. 2026),,CORPUS-IS68076026-v1.5R-01OCT26,ONET31.0-IS68076026-v1.0,v0.9_core
CRT-R03-09,certification,R03,นักพัฒนาแอปพลิเคชัน / โมบายล์,Application / Mobile Developer,15-1251.00,software,proxy,9,Professional Scrum Developer I (PSD I),Scrum.org,vendor_or_body,Scrum.org,https://www.scrum.org/assessments/professional-scrum-developer-i-assessment,vendor_neutral_cert,Intermediate,2,online proctored assessment,English,ยืนยันความเข้าใจการทำงานพัฒนาแอปในทีม Agile ซึ่งเป็นรูปแบบการทำงานหลักของทีมพัฒนาแอปในองค์กร,Scrum|Agile engineering|TDD|CI|Team collaboration,Scrum|Jira,no,REQ-R03-2.A.1.a|REQ-R03-2.A.1.b|REQ-R03-2.A.2.a|REQ-R03-2.B.2.i|REQ-R03-2.C.3.a|REQ-R03-2.C.7.a|REQ-R03-4.A.1.a.1|REQ-R03-4.A.1.b.1|REQ-R03-4.A.2.b.1|REQ-R03-4.A.2.b.3|REQ-R03-4.A.2.b.6|REQ-R03-4.A.3.b.1|REQ-R03-4.A.4.a.1|REQ-R03-4.A.4.a.2|REQ-R03-4.A.4.a.4|REQ-R03-4.A.4.b.2|REQ-R03-4.A.4.b.6,REQ-R03-4.A.2.b.6|REQ-R03-4.A.4.a.2|REQ-R03-4.A.4.a.4,"Active Listening|Communicating with Supervisors, Peers, or Subordinates|Complex Problem Solving|Computers and Electronics|Critical Thinking|Developing and Building Teams|English Language|Establishing and Maintaining Interpersonal Relationships|Getting Information|Identifying Objects, Actions, and Events|Interpreting the Meaning of Information for Others|Making Decisions and Solving Problems|Organizing, Planning, and Prioritizing Work|Providing Consultation and Advice to Others|Reading Comprehension|Updating and Using Relevant Knowledge|Working with Computers",17,3,Essential Skills|Knowledge|Transferable Skills|Work Activities,0.570233,0.095266,57.02,9.53,30,exam-fee-required,200,PSD I,ไม่หมดอายุ,ไม่มี,core_gap_closure,certification_only|both,2,pending_verification,,,[FETCH_ERROR] ดึงหน้าไม่ได้ อาจมีระบบกันบอท ต้องตรวจซ้ำด้วยมือ,CORPUS-IS68076026-v1.5R-01OCT26,ONET31.0-IS68076026-v1.0,v0.9_core
CRT-R03-10,certification,R03,นักพัฒนาแอปพลิเคชัน / โมบายล์,Application / Mobile Developer,15-1251.00,software,proxy,10,Certified Secure Software Lifecycle Professional (CSSLP),ISC2,vendor_or_body,ISC2,https://www.isc2.org/certifications/csslp,vendor_neutral_cert,Professional,4,proctored exam,English,ยืนยันความสามารถออกแบบและพัฒนาแอปพลิเคชันอย่างปลอดภัยตลอดวงจรชีวิตการพัฒนา,Secure SDLC|Threat modeling|Secure coding|Mobile app security,OWASP MASVS|SAST tools,no,REQ-R03-2.A.1.a|REQ-R03-2.A.2.a|REQ-R03-2.B.2.i|REQ-R03-2.B.3.m|REQ-R03-2.B.4.g|REQ-R03-2.C.3.a|REQ-R03-2.C.3.b|REQ-R03-2.C.7.a|REQ-R03-4.A.1.a.1|REQ-R03-4.A.1.b.1|REQ-R03-4.A.2.a.3|REQ-R03-4.A.2.b.1|REQ-R03-4.A.2.b.2|REQ-R03-4.A.2.b.3|REQ-R03-4.A.2.b.6|REQ-R03-4.A.3.b.1|REQ-R03-4.A.3.b.6,REQ-R03-2.A.2.a|REQ-R03-2.B.3.m|REQ-R03-2.B.4.g|REQ-R03-4.A.2.a.3|REQ-R03-4.A.3.b.6,"Complex Problem Solving|Computers and Electronics|Critical Thinking|Documenting/Recording Information|Engineering and Technology|English Language|Evaluating Information to Determine Compliance with Standards|Getting Information|Identifying Objects, Actions, and Events|Making Decisions and Solving Problems|Organizing, Planning, and Prioritizing Work|Quality Control Analysis|Reading Comprehension|Systems Analysis|Thinking Creatively|Updating and Using Relevant Knowledge|Working with Computers",17,5,Essential Skills|Knowledge|Transferable Skills|Work Activities,0.572365,0.153518,57.24,15.35,120,exam-fee-required,599,CSSLP,3,ประสบการณ์ 4 ปี,advanced_or_cert_prep,certification_only|both,3,verified,2026-08-31,ผู้วิจัย (ตรวจด้วยการดึงหน้าเว็บ 31 ส.ค. 2026),,CORPUS-IS68076026-v1.5R-01OCT26,ONET31.0-IS68076026-v1.0,v0.9_core
CRS-R03-01,course,R03,นักพัฒนาแอปพลิเคชัน / โมบายล์,Application / Mobile Developer,15-1251.00,software,proxy,1,Meta Android Developer Professional Certificate,Meta,mooc_platform,Coursera,https://www.coursera.org/professional-certificates/meta-android-developer,professional_certificate,Beginner,1,self-paced online,English,พัฒนาแอป Android ด้วย Kotlin และ Jetpack Compose ตั้งแต่ UI จนถึงการเชื่อม API และ publish,Kotlin|Jetpack Compose|Android SDK|Mobile UI|REST integration|App publishing,Android Studio|Kotlin|Jetpack Compose|Firebase,yes,REQ-R03-2.A.1.a|REQ-R03-2.A.2.a|REQ-R03-2.B.2.i|REQ-R03-2.B.3.e|REQ-R03-2.B.4.g|REQ-R03-2.C.3.a|REQ-R03-2.C.7.a|REQ-R03-4.A.1.a.1|REQ-R03-4.A.1.b.1|REQ-R03-4.A.2.b.1|REQ-R03-4.A.2.b.2|REQ-R03-4.A.2.b.3|REQ-R03-4.A.2.b.6|REQ-R03-4.A.3.b.1,REQ-R03-2.B.3.e|REQ-R03-2.C.3.a|REQ-R03-4.A.2.b.2|REQ-R03-4.A.3.b.1,"Complex Problem Solving|Computers and Electronics|Critical Thinking|English Language|Getting Information|Identifying Objects, Actions, and Events|Making Decisions and Solving Problems|Organizing, Planning, and Prioritizing Work|Programming|Reading Comprehension|Systems Analysis|Thinking Creatively|Updating and Using Relevant Knowledge|Working with Computers",14,4,Essential Skills|Knowledge|Transferable Skills|Work Activities,0.490574,0.161364,49.06,16.14,180,paid,245,,,พื้นฐานการเขียนโปรแกรม,core_gap_closure,course_only|both,3,verified,2026-08-31,ผู้วิจัย (ตรวจด้วยการดึงหน้าเว็บ 31 ส.ค. 2026),,CORPUS-IS68076026-v1.5R-01OCT26,ONET31.0-IS68076026-v1.0,v0.9_core
CRS-R03-02,course,R03,นักพัฒนาแอปพลิเคชัน / โมบายล์,Application / Mobile Developer,15-1251.00,software,proxy,2,Meta iOS Developer Professional Certificate,Meta,mooc_platform,Coursera,https://www.coursera.org/professional-certificates/meta-ios-developer,professional_certificate,Beginner,1,self-paced online,English,พัฒนาแอป iOS ด้วย Swift และ SwiftUI ตั้งแต่การออกแบบหน้าจอจนถึงการส่งขึ้น App Store,Swift|SwiftUI|iOS SDK|Mobile UI|Networking|App Store deployment,Xcode|Swift|SwiftUI,yes,REQ-R03-2.A.1.a|REQ-R03-2.A.2.a|REQ-R03-2.B.2.i|REQ-R03-2.B.3.e|REQ-R03-2.C.3.a|REQ-R03-2.C.3.b|REQ-R03-2.C.7.a|REQ-R03-4.A.1.a.1|REQ-R03-4.A.1.b.1|REQ-R03-4.A.2.b.1|REQ-R03-4.A.2.b.2|REQ-R03-4.A.2.b.3|REQ-R03-4.A.2.b.6|REQ-R03-4.A.3.b.1,REQ-R03-2.B.3.e|REQ-R03-2.C.3.a|REQ-R03-4.A.2.b.2|REQ-R03-4.A.3.b.1,"Complex Problem Solving|Computers and Electronics|Critical Thinking|Engineering and Technology|English Language|Getting Information|Identifying Objects, Actions, and Events|Making Decisions and Solving Problems|Organizing, Planning, and Prioritizing Work|Programming|Reading Comprehension|Thinking Creatively|Updating and Using Relevant Knowledge|Working with Computers",14,4,Essential Skills|Knowledge|Transferable Skills|Work Activities,0.491342,0.161364,49.13,16.14,180,paid,245,,,พื้นฐานการเขียนโปรแกรม,core_gap_closure,course_only|both,3,verified,2026-08-31,ผู้วิจัย (ตรวจด้วยการดึงหน้าเว็บ 31 ส.ค. 2026),,CORPUS-IS68076026-v1.5R-01OCT26,ONET31.0-IS68076026-v1.0,v0.9_core
CRS-R03-03,course,R03,นักพัฒนาแอปพลิเคชัน / โมบายล์,Application / Mobile Developer,15-1251.00,software,proxy,3,Android App Development Specialization,Vanderbilt University,mooc_platform,Coursera,https://www.coursera.org/specializations/android-app-development,specialization,Intermediate,2,self-paced online,English,เข้าใจสถาปัตยกรรมแอป Android เชิงลึก การทำ concurrency และการออกแบบให้ทดสอบได้,Java for Android|Android architecture|Concurrency|Testing|Design patterns,Android Studio|Java|JUnit,no,REQ-R03-2.A.1.a|REQ-R03-2.A.2.a|REQ-R03-2.B.2.i|REQ-R03-2.B.3.e|REQ-R03-2.B.3.m|REQ-R03-2.B.4.g|REQ-R03-2.C.3.a|REQ-R03-2.C.3.b|REQ-R03-2.C.7.a|REQ-R03-4.A.1.a.1|REQ-R03-4.A.1.b.1|REQ-R03-4.A.2.a.3|REQ-R03-4.A.2.b.1|REQ-R03-4.A.2.b.2|REQ-R03-4.A.2.b.3|REQ-R03-4.A.2.b.6|REQ-R03-4.A.3.b.1,REQ-R03-2.B.2.i|REQ-R03-2.B.3.e|REQ-R03-2.B.3.m|REQ-R03-2.B.4.g|REQ-R03-2.C.3.a,"Complex Problem Solving|Computers and Electronics|Critical Thinking|Engineering and Technology|English Language|Evaluating Information to Determine Compliance with Standards|Getting Information|Identifying Objects, Actions, and Events|Making Decisions and Solving Problems|Organizing, Planning, and Prioritizing Work|Programming|Quality Control Analysis|Reading Comprehension|Systems Analysis|Thinking Creatively|Updating and Using Relevant Knowledge|Working with Computers",17,5,Essential Skills|Knowledge|Transferable Skills|Work Activities,0.580297,0.172708,58.03,17.27,140,paid,245,,,พื้นฐาน Java,advanced_or_cert_prep,course_only|both,2,verified,2026-08-31,ผู้วิจัย (ตรวจด้วยการดึงหน้าเว็บ 31 ส.ค. 2026),,CORPUS-IS68076026-v1.5R-01OCT26,ONET31.0-IS68076026-v1.0,v0.9_core
CRS-R03-04,course,R03,นักพัฒนาแอปพลิเคชัน / โมบายล์,Application / Mobile Developer,15-1251.00,software,proxy,4,iOS App Development with Swift Specialization,University of Toronto,mooc_platform,Coursera,https://www.coursera.org/specializations/app-development,specialization,Intermediate,2,self-paced online,English,ออกแบบและพัฒนาแอป iOS อย่างเป็นระบบ พร้อมหลักการออกแบบส่วนติดต่อผู้ใช้ของ Apple,Swift|iOS design patterns|UIKit|Data persistence|Human Interface Guidelines,Xcode|Swift|Core Data,yes,REQ-R03-2.A.1.a|REQ-R03-2.A.2.a|REQ-R03-2.B.2.i|REQ-R03-2.B.3.e|REQ-R03-2.B.4.g|REQ-R03-2.C.3.a|REQ-R03-2.C.3.b|REQ-R03-2.C.7.a|REQ-R03-4.A.1.a.1|REQ-R03-4.A.1.b.1|REQ-R03-4.A.2.a.2|REQ-R03-4.A.2.a.4|REQ-R03-4.A.2.b.1|REQ-R03-4.A.2.b.2|REQ-R03-4.A.2.b.3|REQ-R03-4.A.2.b.6|REQ-R03-4.A.3.b.1,REQ-R03-2.B.3.e|REQ-R03-2.C.3.a|REQ-R03-4.A.2.b.2,"Analyzing Data or Information|Complex Problem Solving|Computers and Electronics|Critical Thinking|Engineering and Technology|English Language|Getting Information|Identifying Objects, Actions, and Events|Making Decisions and Solving Problems|Organizing, Planning, and Prioritizing Work|Processing Information|Programming|Reading Comprehension|Systems Analysis|Thinking Creatively|Updating and Using Relevant Knowledge|Working with Computers",17,3,Essential Skills|Knowledge|Transferable Skills|Work Activities,0.597866,0.119147,59.79,11.91,120,paid,245,,,พื้นฐานการเขียนโปรแกรม,core_gap_closure,course_only|both,2,verified,2026-08-31,ผู้วิจัย (ตรวจด้วยการดึงหน้าเว็บ 31 ส.ค. 2026),,CORPUS-IS68076026-v1.5R-01OCT26,ONET31.0-IS68076026-v1.0,v0.9_core
CRS-R03-05,course,R03,นักพัฒนาแอปพลิเคชัน / โมบายล์,Application / Mobile Developer,15-1251.00,software,proxy,5,Android Basics with Compose,Google,vendor_or_body,Google Developers,https://developer.android.com/courses/android-basics-compose/course,single_course,Beginner,1,self-paced online,English,หลักสูตรทางการของ Google สอนสร้างแอป Android สมัยใหม่ด้วย Compose ตั้งแต่เริ่มต้นโดยไม่มีค่าใช้จ่าย,Kotlin|Jetpack Compose|Android fundamentals|State management|Navigation,Android Studio|Kotlin,yes,REQ-R03-2.A.1.a|REQ-R03-2.A.2.a|REQ-R03-2.B.2.i|REQ-R03-2.B.3.e|REQ-R03-2.C.3.a|REQ-R03-2.C.7.a|REQ-R03-4.A.1.a.1|REQ-R03-4.A.1.b.1|REQ-R03-4.A.1.b.3|REQ-R03-4.A.2.b.1|REQ-R03-4.A.2.b.2|REQ-R03-4.A.2.b.3|REQ-R03-4.A.2.b.6|REQ-R03-4.A.3.b.1,REQ-R03-2.B.3.e|REQ-R03-2.C.3.a|REQ-R03-4.A.2.b.2,"Complex Problem Solving|Computers and Electronics|Critical Thinking|English Language|Estimating the Quantifiable Characteristics of Products, Events, or Information|Getting Information|Identifying Objects, Actions, and Events|Making Decisions and Solving Problems|Organizing, Planning, and Prioritizing Work|Programming|Reading Comprehension|Thinking Creatively|Updating and Using Relevant Knowledge|Working with Computers",14,3,Essential Skills|Knowledge|Transferable Skills|Work Activities,0.494839,0.119147,49.48,11.91,100,free,0,,,ไม่มี,foundation,course_only|both,3,verified,2026-08-31,ผู้วิจัย (ตรวจด้วยการดึงหน้าเว็บ 31 ส.ค. 2026),,CORPUS-IS68076026-v1.5R-01OCT26,ONET31.0-IS68076026-v1.0,v0.9_core
CRS-R03-06,course,R03,นักพัฒนาแอปพลิเคชัน / โมบายล์,Application / Mobile Developer,15-1251.00,software,proxy,6,Flutter Development Bootcamp / Build Native Mobile Apps with Flutter,Google,mooc_platform,Udacity,https://www.udacity.com/course/build-native-mobile-apps-with-flutter--ud905,single_course,Intermediate,2,self-paced online,English,สร้างแอปข้ามแพลตฟอร์มด้วย Flutter/Dart ชุดเดียว deploy ได้ทั้ง Android และ iOS,Dart|Flutter|Cross-platform development|Widget composition|State management,Flutter|Dart|Android Studio,yes,REQ-R03-2.A.1.a|REQ-R03-2.A.2.a|REQ-R03-2.B.2.i|REQ-R03-2.B.3.e|REQ-R03-2.C.3.a|REQ-R03-2.C.7.a|REQ-R03-4.A.1.a.1|REQ-R03-4.A.1.b.1|REQ-R03-4.A.1.b.3|REQ-R03-4.A.2.b.1|REQ-R03-4.A.2.b.2|REQ-R03-4.A.2.b.3|REQ-R03-4.A.3.b.1,REQ-R03-2.B.2.i|REQ-R03-2.B.3.e|REQ-R03-2.C.3.a|REQ-R03-4.A.2.b.2,"Complex Problem Solving|Computers and Electronics|Critical Thinking|English Language|Estimating the Quantifiable Characteristics of Products, Events, or Information|Getting Information|Identifying Objects, Actions, and Events|Making Decisions and Solving Problems|Programming|Reading Comprehension|Thinking Creatively|Updating and Using Relevant Knowledge|Working with Computers",13,4,Essential Skills|Knowledge|Transferable Skills|Work Activities,0.464221,0.151130,46.42,15.11,60,free,0,,,พื้นฐานการเขียนโปรแกรม,core_gap_closure,course_only|both,2,pending_verification,,,[WRONG_CONTENT] หน้าปลายทางไม่ใช่หลักสูตร Flutter ตามที่บันทึกไว้ ต้องตรวจ,CORPUS-IS68076026-v1.5R-01OCT26,ONET31.0-IS68076026-v1.0,v0.9_core
CRS-R03-07,course,R03,นักพัฒนาแอปพลิเคชัน / โมบายล์,Application / Mobile Developer,15-1251.00,software,proxy,7,Java Programming and Software Engineering Fundamentals Specialization,Duke University,mooc_platform,Coursera,https://www.coursera.org/specializations/java-programming,specialization,Beginner,1,self-paced online,English,ปูพื้นฐาน Java และหลักวิศวกรรมซอฟต์แวร์ ตั้งแต่การออกแบบอัลกอริทึมจนถึงการเขียนโปรแกรมขนาดใหญ่,Java|Algorithm design|Software engineering fundamentals|Problem decomposition|Testing,Java|BlueJ|Eclipse,yes,REQ-R03-2.A.1.a|REQ-R03-2.A.2.a|REQ-R03-2.B.2.i|REQ-R03-2.B.3.e|REQ-R03-2.B.3.m|REQ-R03-2.C.3.a|REQ-R03-2.C.3.b|REQ-R03-2.C.4.a|REQ-R03-2.C.7.a|REQ-R03-4.A.1.a.1|REQ-R03-4.A.1.b.1|REQ-R03-4.A.2.a.3|REQ-R03-4.A.2.b.1|REQ-R03-4.A.2.b.2|REQ-R03-4.A.2.b.3|REQ-R03-4.A.2.b.6|REQ-R03-4.A.3.b.1,REQ-R03-2.A.2.a|REQ-R03-2.B.2.i|REQ-R03-2.B.3.e|REQ-R03-2.C.3.a|REQ-R03-2.C.4.a,"Complex Problem Solving|Computers and Electronics|Critical Thinking|Engineering and Technology|English Language|Evaluating Information to Determine Compliance with Standards|Getting Information|Identifying Objects, Actions, and Events|Making Decisions and Solving Problems|Mathematics|Organizing, Planning, and Prioritizing Work|Programming|Quality Control Analysis|Reading Comprehension|Thinking Creatively|Updating and Using Relevant Knowledge|Working with Computers",17,5,Essential Skills|Knowledge|Transferable Skills|Work Activities,0.581577,0.176120,58.16,17.61,140,paid,245,,,ไม่มี,foundation,course_only|both,3,verified,2026-08-31,ผู้วิจัย (ตรวจด้วยการดึงหน้าเว็บ 31 ส.ค. 2026),,CORPUS-IS68076026-v1.5R-01OCT26,ONET31.0-IS68076026-v1.0,v0.9_core
CRS-R03-08,course,R03,นักพัฒนาแอปพลิเคชัน / โมบายล์,Application / Mobile Developer,15-1251.00,software,proxy,8,Object Oriented Programming in Java Specialization,University of California San Diego / Duke University,mooc_platform,Coursera,https://www.coursera.org/specializations/object-oriented-programming,specialization,Intermediate,2,self-paced online,English,เขียนโปรแกรมเชิงวัตถุอย่างมีโครงสร้าง จัดการโครงสร้างข้อมูลและออกแบบคลาสให้บำรุงรักษาได้,Java OOP|Inheritance|Interfaces|Data structures|Software design,Java|IntelliJ IDEA,no,REQ-R03-2.A.1.a|REQ-R03-2.A.2.a|REQ-R03-2.B.2.i|REQ-R03-2.B.3.e|REQ-R03-2.C.3.a|REQ-R03-2.C.3.b|REQ-R03-2.C.7.a|REQ-R03-4.A.1.a.1|REQ-R03-4.A.1.b.1|REQ-R03-4.A.2.a.2|REQ-R03-4.A.2.a.4|REQ-R03-4.A.2.b.1|REQ-R03-4.A.2.b.2|REQ-R03-4.A.2.b.3|REQ-R03-4.A.2.b.6|REQ-R03-4.A.3.b.1,REQ-R03-2.A.2.a|REQ-R03-2.B.2.i|REQ-R03-2.B.3.e,"Analyzing Data or Information|Complex Problem Solving|Computers and Electronics|Critical Thinking|Engineering and Technology|English Language|Getting Information|Identifying Objects, Actions, and Events|Making Decisions and Solving Problems|Organizing, Planning, and Prioritizing Work|Processing Information|Programming|Reading Comprehension|Thinking Creatively|Updating and Using Relevant Knowledge|Working with Computers",16,3,Essential Skills|Knowledge|Transferable Skills|Work Activities,0.569039,0.104478,56.90,10.45,120,paid,245,,,พื้นฐาน Java,core_gap_closure,course_only|both,2,verified,2026-08-31,ผู้วิจัย (ตรวจด้วยการดึงหน้าเว็บ 31 ส.ค. 2026),,CORPUS-IS68076026-v1.5R-01OCT26,ONET31.0-IS68076026-v1.0,v0.9_core
CRS-R03-09,course,R03,นักพัฒนาแอปพลิเคชัน / โมบายล์,Application / Mobile Developer,15-1251.00,software,proxy,9,Kotlin for Java Developers,JetBrains,mooc_platform,Coursera,https://www.coursera.org/learn/kotlin-for-java-developers,single_course,Intermediate,2,self-paced online,English,"เปลี่ยนจาก Java มาใช้ Kotlin ได้อย่างมั่นใจ ทั้ง null safety, extension function และ coroutines",Kotlin|Null safety|Coroutines|Functional programming|Java interoperability,Kotlin|IntelliJ IDEA,no,REQ-R03-2.A.1.a|REQ-R03-2.A.2.a|REQ-R03-2.B.2.i|REQ-R03-2.B.3.e|REQ-R03-2.C.3.a|REQ-R03-2.C.7.a|REQ-R03-4.A.1.a.1|REQ-R03-4.A.1.b.1|REQ-R03-4.A.2.b.1|REQ-R03-4.A.2.b.3|REQ-R03-4.A.3.b.1,REQ-R03-2.B.3.e|REQ-R03-2.C.3.a,"Complex Problem Solving|Computers and Electronics|Critical Thinking|English Language|Getting Information|Identifying Objects, Actions, and Events|Making Decisions and Solving Problems|Programming|Reading Comprehension|Updating and Using Relevant Knowledge|Working with Computers",11,2,Essential Skills|Knowledge|Transferable Skills|Work Activities,0.394029,0.082047,39.40,8.20,30,paid,49,,,พื้นฐาน Java,core_gap_closure,course_only|both,3,verified,2026-08-31,ผู้วิจัย (ตรวจด้วยการดึงหน้าเว็บ 31 ส.ค. 2026),,CORPUS-IS68076026-v1.5R-01OCT26,ONET31.0-IS68076026-v1.0,v0.9_core
CRS-R03-10,course,R03,นักพัฒนาแอปพลิเคชัน / โมบายล์,Application / Mobile Developer,15-1251.00,software,proxy,10,Serverless Mobile Backends with Firebase,Google Cloud,vendor_or_body,Google Cloud Skills Boost,https://www.skills.google/,single_course,Intermediate,2,self-paced online,English,ต่อแอปมือถือเข้ากับ backend แบบ serverless ทั้ง authentication ฐานข้อมูลเรียลไทม์ และการแจ้งเตือน,Firebase|Authentication|Realtime database|Cloud Functions|Push notifications,Firebase|Cloud Firestore|Cloud Functions,no,REQ-R03-2.A.1.a|REQ-R03-2.A.2.a|REQ-R03-2.B.2.i|REQ-R03-2.B.3.e|REQ-R03-2.B.4.g|REQ-R03-2.C.3.a|REQ-R03-2.C.7.a|REQ-R03-4.A.1.a.1|REQ-R03-4.A.1.b.1|REQ-R03-4.A.2.a.2|REQ-R03-4.A.2.a.4|REQ-R03-4.A.2.b.1|REQ-R03-4.A.2.b.3|REQ-R03-4.A.3.b.1,REQ-R03-2.B.3.e|REQ-R03-2.B.4.g|REQ-R03-2.C.3.a|REQ-R03-4.A.3.b.1,"Analyzing Data or Information|Complex Problem Solving|Computers and Electronics|Critical Thinking|English Language|Getting Information|Identifying Objects, Actions, and Events|Making Decisions and Solving Problems|Processing Information|Programming|Reading Comprehension|Systems Analysis|Updating and Using Relevant Knowledge|Working with Computers",14,4,Essential Skills|Knowledge|Transferable Skills|Work Activities,0.500553,0.153091,50.06,15.31,20,low-cost,29,,,พัฒนาแอปมือถือได้,advanced_or_cert_prep,course_only|both,2,verified,2026-08-31,ผู้วิจัย (ตรวจด้วยการดึงหน้าเว็บ 31 ส.ค. 2026),แก้ URL ตามการเปลี่ยนเส้นทางที่ยืนยันแล้วเมื่อ 2026-08-31,CORPUS-IS68076026-v1.5R-01OCT26,ONET31.0-IS68076026-v1.0,v0.9_core
CRS-R03-11,course,R03,นักพัฒนาแอปพลิเคชัน / โมบายล์,Application / Mobile Developer,15-1251.00,software,proxy,11,Foundations of Project Management,Google,mooc_platform,Coursera,https://www.coursera.org/learn/project-management-foundations,single_course,Beginner,1,self-paced online,English,กำหนดวัตถุประสงค์และกลยุทธ์ของโครงการ ตัดสินใจบนข้อมูลที่มี ประสานงานระหว่างทีม และประเมินทางเลือกอย่างเป็นระบบ,Project scoping|Objective setting|Decision making|Coordination|Stakeholder alignment,,no,REQ-R03-4.A.2.b.2|REQ-R03-4.A.2.b.4,REQ-R03-4.A.2.b.2|REQ-R03-4.A.2.b.4,Developing Objectives and Strategies|Thinking Creatively,2,2,Work Activities,0.067804,0.067804,6.78,6.78,26,low-cost,49,,,,core_gap_closure,course_only|both,2,verified,2026-08-31,ผู้วิจัย (ตรวจด้วยการดึงหน้าเว็บ 31 ส.ค. 2026),ปิดช่องว่างกลุ่มการวางเป้าหมายและการตัดสินใจตาม DEC-09 · ยืนยันการมีอยู่ของแหล่งข้อมูลด้วยการค้นเว็บเมื่อ 2026-08-31,CORPUS-IS68076026-v1.5R-01OCT26,ONET31.0-IS68076026-v1.0,v1.0_gap_closure
CRS-R03-12,course,R03,นักพัฒนาแอปพลิเคชัน / โมบายล์,Application / Mobile Developer,15-1251.00,software,proxy,12,Site Reliability Engineering: Measuring and Managing Reliability,Google Cloud,mooc_platform,Coursera,https://www.coursera.org/learn/site-reliability-engineering-slos,single_course,Intermediate,2,self-paced online,English,กำหนดตัวชี้วัดระดับบริการ เฝ้าระวังสถานะระบบอย่างต่อเนื่อง ตรวจสอบความผิดปกติของโครงสร้างพื้นฐาน และจัดการเหตุขัดข้อง,SLI/SLO design|Error budgets|Reliability measurement|Incident response|Toil reduction,Prometheus|Grafana|Cloud Monitoring,no,REQ-R03-4.A.1.a.2,REQ-R03-4.A.1.a.2,"Monitoring Processes, Materials, or Surroundings",1,1,Work Activities,0.029424,0.029424,2.94,2.94,15,paid,49,,,พื้นฐานการดูแลระบบ,core_gap_closure,course_only|both,3,verified,2026-08-31,ผู้วิจัย (ตรวจด้วยการดึงหน้าเว็บ 31 ส.ค. 2026),ปิดช่องว่างกลุ่มการเฝ้าระวังและตรวจสอบระบบตาม DEC-09 · ยืนยันการมีอยู่ของแหล่งข้อมูลด้วยการค้นเว็บเมื่อ 2026-08-31,CORPUS-IS68076026-v1.5R-01OCT26,ONET31.0-IS68076026-v1.0,v1.0_gap_closure
CRS-R03-13,course,R03,นักพัฒนาแอปพลิเคชัน / โมบายล์,Application / Mobile Developer,15-1251.00,software,proxy,13,Improving Communication Skills,University of Pennsylvania (Wharton),mooc_platform,Coursera,https://www.coursera.org/learn/wharton-communication-skills,single_course,Beginner,1,self-paced online,English,สื่อสารเชิงวิชาชีพอย่างมีประสิทธิผล ฟังอย่างตั้งใจ ตีความสารของผู้อื่น สร้างความไว้วางใจ และสื่อสารกับผู้มีส่วนได้เสียทั้งในและนอกองค์กร,Active listening|Professional communication|Stakeholder communication|Building trust|Persuasion,,no,REQ-R03-2.A.1.b|REQ-R03-4.A.4.a.1|REQ-R03-4.A.4.a.2|REQ-R03-4.A.4.a.4|REQ-R03-4.A.4.b.6,REQ-R03-2.A.1.b|REQ-R03-4.A.4.a.1|REQ-R03-4.A.4.a.2|REQ-R03-4.A.4.a.4|REQ-R03-4.A.4.b.6,"Active Listening|Communicating with Supervisors, Peers, or Subordinates|Establishing and Maintaining Interpersonal Relationships|Interpreting the Meaning of Information for Others|Providing Consultation and Advice to Others",5,5,Essential Skills|Work Activities,0.155821,0.155821,15.58,15.58,10,low-cost,49,,,,core_gap_closure,course_only|both,2,verified,2026-08-31,ผู้วิจัย (ตรวจด้วยการดึงหน้าเว็บ 31 ส.ค. 2026),DEC-16 ขยายข้ามบทบาทจาก CRS-R07-11 · คงชื่อ ผู้ให้บริการ URL ชั่วโมง และค่าใช้จ่ายเดิมทุกค่า · ต้องทบทวน mapping ก่อน FREEZE,CORPUS-IS68076026-v1.5R-01OCT26,ONET31.0-IS68076026-v1.0,v1.3_crossrole
CRS-R03-14,course,R03,นักพัฒนาแอปพลิเคชัน / โมบายล์,Application / Mobile Developer,15-1251.00,software,proxy,14,Google IT Automation with Python Professional Certificate,Google,mooc_platform,Coursera,https://www.coursera.org/professional-certificates/google-it-automation,professional_certificate,Beginner,1,self-paced online,English,เขียนสคริปต์ Python อัตโนมัติงานระบบ ใช้ Git บริหารเวอร์ชัน แก้ปัญหาเชิงระบบและ debug อย่างมีระเบียบวิธี,Python|Bash|Git|Automation|Debugging|Configuration management|Regular expressions,Python|Git|GitHub|Linux|Puppet,yes,REQ-R03-2.B.2.i|REQ-R03-2.B.3.e|REQ-R03-2.C.3.a|REQ-R03-4.A.2.a.2|REQ-R03-4.A.2.b.1|REQ-R03-4.A.2.b.6|REQ-R03-4.A.3.b.1,REQ-R03-2.B.2.i|REQ-R03-2.B.3.e|REQ-R03-2.C.3.a|REQ-R03-4.A.2.a.2|REQ-R03-4.A.2.b.1|REQ-R03-4.A.2.b.6|REQ-R03-4.A.3.b.1,"Complex Problem Solving|Computers and Electronics|Making Decisions and Solving Problems|Organizing, Planning, and Prioritizing Work|Processing Information|Programming|Working with Computers",7,7,Knowledge|Transferable Skills|Work Activities,0.263965,0.263965,26.40,26.40,150,paid,245,,,ไม่มี,foundation,course_only|both,3,verified,2026-08-31,ผู้วิจัย (ตรวจด้วยการดึงหน้าเว็บ 31 ส.ค. 2026),DEC-16 ขยายข้ามบทบาทจาก CRS-R01-03 · คงชื่อ ผู้ให้บริการ URL ชั่วโมง และค่าใช้จ่ายเดิมทุกค่า · ต้องทบทวน mapping ก่อน FREEZE,CORPUS-IS68076026-v1.5R-01OCT26,ONET31.0-IS68076026-v1.0,v1.3_crossrole
CRS-R03-15,course,R03,นักพัฒนาแอปพลิเคชัน / โมบายล์,Application / Mobile Developer,15-1251.00,software,proxy,15,Leading Teams,University of Michigan,mooc_platform,Coursera,https://www.coursera.org/learn/leading-teams,single_course,Intermediate,2,self-paced online,English,สร้างและพัฒนาทีม มอบหมายงานตามความถนัด สอนงานเพื่อนร่วมทีม และประเมินผลการทำงานของทีม,Team building|Coaching|Delegation|Team performance,,no,REQ-R03-4.A.4.b.2,REQ-R03-4.A.4.b.2,Developing and Building Teams,1,1,Work Activities,0.030277,0.030277,3.03,3.03,15,low-cost,49,,,,core_gap_closure,course_only|both,2,verified,2026-08-31,ผู้วิจัย (ตรวจด้วยการดึงหน้าเว็บ 31 ส.ค. 2026),DEC-16 ขยายข้ามบทบาทจาก CRS-R12-13 · คงชื่อ ผู้ให้บริการ URL ชั่วโมง และค่าใช้จ่ายเดิมทุกค่า · ต้องทบทวน mapping ก่อน FREEZE,CORPUS-IS68076026-v1.5R-01OCT26,ONET31.0-IS68076026-v1.0,v1.3_crossrole
CRS-R03-16,course,R03,นักพัฒนาแอปพลิเคชัน / โมบายล์,Application / Mobile Developer,15-1251.00,software,proxy,16,Introduction to Kubernetes (LFS158),The Linux Foundation,vendor_or_body,Linux Foundation Training,https://training.linuxfoundation.org/training/introduction-to-kubernetes/,single_course,Beginner,1,self-paced online,English,เข้าใจสถาปัตยกรรม Kubernetes ตั้งแต่ pod ถึง service และใช้ kubectl จัดการ workload ได้ด้วยตนเอง,Kubernetes architecture|kubectl|Pods and services|Deployments|Cluster networking,Kubernetes|kubectl|minikube,no,REQ-R03-2.B.4.g|REQ-R03-2.C.3.a|REQ-R03-2.C.3.b|REQ-R03-4.A.3.b.1,REQ-R03-2.B.4.g|REQ-R03-2.C.3.a|REQ-R03-2.C.3.b|REQ-R03-4.A.3.b.1,Computers and Electronics|Engineering and Technology|Systems Analysis|Working with Computers,4,4,Knowledge|Transferable Skills|Work Activities,0.142174,0.142174,14.22,14.22,25,free,0,,,พื้นฐาน container,core_gap_closure,course_only|both,3,verified,2026-08-31,ผู้วิจัย (ตรวจด้วยการดึงหน้าเว็บ 31 ส.ค. 2026),DEC-16 ขยายข้ามบทบาทจาก CRS-R01-09 · คงชื่อ ผู้ให้บริการ URL ชั่วโมง และค่าใช้จ่ายเดิมทุกค่า · ต้องทบทวน mapping ก่อน FREEZE,CORPUS-IS68076026-v1.5R-01OCT26,ONET31.0-IS68076026-v1.0,v1.3_crossrole
CRS-R03-17,course,R03,นักพัฒนาแอปพลิเคชัน / โมบายล์,Application / Mobile Developer,15-1251.00,software,proxy,17,Meta Database Engineer Professional Certificate,Meta,mooc_platform,Coursera,https://www.coursera.org/professional-certificates/meta-database-engineer,professional_certificate,Beginner,1,self-paced online,English,ออกแบบสคีมา เขียน SQL ขั้นสูง ปรับปรุงประสิทธิภาพคิวรี และเชื่อมฐานข้อมูลเข้ากับแอปพลิเคชัน,SQL|Database design|Normalization|Query optimization|Stored procedures|Python DB API,MySQL|Python|Tableau,yes,REQ-R03-2.B.3.e|REQ-R03-2.B.4.g|REQ-R03-2.C.3.a|REQ-R03-4.A.2.a.2|REQ-R03-4.A.2.a.4|REQ-R03-4.A.3.b.1,REQ-R03-2.B.3.e|REQ-R03-2.B.4.g|REQ-R03-2.C.3.a|REQ-R03-4.A.2.a.2|REQ-R03-4.A.2.a.4|REQ-R03-4.A.3.b.1,Analyzing Data or Information|Computers and Electronics|Processing Information|Programming|Systems Analysis|Working with Computers,6,6,Knowledge|Transferable Skills|Work Activities,0.230788,0.230788,23.08,23.08,140,paid,245,,,ไม่มี,core_gap_closure,course_only|both,3,verified,2026-08-31,ผู้วิจัย (ตรวจด้วยการดึงหน้าเว็บ 31 ส.ค. 2026),DEC-16 ขยายข้ามบทบาทจาก CRS-R01-06 · คงชื่อ ผู้ให้บริการ URL ชั่วโมง และค่าใช้จ่ายเดิมทุกค่า · ต้องทบทวน mapping ก่อน FREEZE,CORPUS-IS68076026-v1.5R-01OCT26,ONET31.0-IS68076026-v1.0,v1.3_crossrole
CRT-R04-01,certification,R04,วิศวกรทดสอบ / QA Automation,QA & Test Automation Engineer,15-1253.00,software,exact,1,ISTQB Certified Tester Foundation Level (CTFL v4.0),ISTQB / TTA (Thailand Testing Board),vendor_or_body,ISTQB,https://www.istqb.org/certifications/certified-tester-foundation-level,vendor_neutral_cert,Beginner,1,proctored exam,English,ใบรับรองมาตรฐานสากลที่นายจ้างยอมรับมากที่สุดสำหรับสาย QA ครอบคลุมศัพท์ กระบวนการ และเทคนิคทดสอบ,Testing fundamentals|Test design techniques|Test management|Static testing|Tool support,ISTQB syllabus,no,REQ-R04-2.A.1.a|REQ-R04-2.A.2.a|REQ-R04-2.B.3.m|REQ-R04-2.C.3.a|REQ-R04-2.C.7.a|REQ-R04-4.A.1.a.1|REQ-R04-4.A.2.a.1|REQ-R04-4.A.2.a.3|REQ-R04-4.A.2.b.2|REQ-R04-4.A.2.b.3|REQ-R04-4.A.3.b.1|REQ-R04-4.A.3.b.6,REQ-R04-2.A.1.a|REQ-R04-2.A.2.a|REQ-R04-2.B.3.m|REQ-R04-2.C.7.a|REQ-R04-4.A.2.a.3|REQ-R04-4.A.3.b.6,"Computers and Electronics|Critical Thinking|Documenting/Recording Information|English Language|Evaluating Information to Determine Compliance with Standards|Getting Information|Judging the Qualities of Objects, Services, or People|Quality Control Analysis|Reading Comprehension|Thinking Creatively|Updating and Using Relevant Knowledge|Working with Computers",12,6,Essential Skills|Knowledge|Transferable Skills|Work Activities,0.417391,0.198860,41.74,19.89,60,exam-fee-required,250,CTFL v4.0,ไม่หมดอายุ,ไม่มี,core_gap_closure,certification_only|both,3,verified,2026-08-31,ผู้วิจัย (ตรวจด้วยการดึงหน้าเว็บ 31 ส.ค. 2026),,CORPUS-IS68076026-v1.5R-01OCT26,ONET31.0-IS68076026-v1.0,v0.9_core
CRT-R04-02,certification,R04,วิศวกรทดสอบ / QA Automation,QA & Test Automation Engineer,15-1253.00,software,exact,2,ISTQB Certified Tester Advanced Level – Test Automation Engineer (CT-TAE),ISTQB,vendor_or_body,ISTQB,https://www.istqb.org/certifications/test-automation-engineer,vendor_neutral_cert,Advanced,3,proctored exam,English,ยืนยันความสามารถออกแบบสถาปัตยกรรม test automation และประเมินความคุ้มค่าของการลงทุนในระบบอัตโนมัติ,Test automation architecture|Automation strategy|ROI analysis|Reporting|Maintenance,Selenium|CI tools,no,REQ-R04-2.A.1.a|REQ-R04-2.A.1.c|REQ-R04-2.A.2.a|REQ-R04-2.B.2.i|REQ-R04-2.B.3.m|REQ-R04-2.C.3.a|REQ-R04-2.C.7.a|REQ-R04-4.A.1.a.1|REQ-R04-4.A.1.b.1|REQ-R04-4.A.2.a.1|REQ-R04-4.A.2.a.2|REQ-R04-4.A.2.a.3|REQ-R04-4.A.2.a.4|REQ-R04-4.A.2.b.1|REQ-R04-4.A.2.b.2|REQ-R04-4.A.2.b.3|REQ-R04-4.A.3.b.1|REQ-R04-4.A.3.b.6,REQ-R04-2.B.3.m|REQ-R04-4.A.2.a.4,"Analyzing Data or Information|Complex Problem Solving|Computers and Electronics|Critical Thinking|Documenting/Recording Information|English Language|Evaluating Information to Determine Compliance with Standards|Getting Information|Identifying Objects, Actions, and Events|Judging the Qualities of Objects, Services, or People|Making Decisions and Solving Problems|Processing Information|Quality Control Analysis|Reading Comprehension|Thinking Creatively|Updating and Using Relevant Knowledge|Working with Computers|Writing",18,2,Essential Skills|Knowledge|Transferable Skills|Work Activities,0.620423,0.065066,62.04,6.51,80,exam-fee-required,350,CT-TAE,ไม่หมดอายุ,CTFL,advanced_or_cert_prep,certification_only|both,3,verified,2026-08-31,ผู้วิจัย (ตรวจด้วยการดึงหน้าเว็บ 31 ส.ค. 2026),,CORPUS-IS68076026-v1.5R-01OCT26,ONET31.0-IS68076026-v1.0,v0.9_core
CRT-R04-03,certification,R04,วิศวกรทดสอบ / QA Automation,QA & Test Automation Engineer,15-1253.00,software,exact,3,ISTQB Certified Tester Foundation Level – Agile Tester,ISTQB,vendor_or_body,ISTQB,https://www.istqb.org/certifications/agile-tester,vendor_neutral_cert,Intermediate,2,proctored exam,English,ยืนยันความสามารถทดสอบในทีม Agile ทั้งการทำ acceptance criteria และการทดสอบเชิงสำรวจ,Agile testing|Acceptance test-driven development|Exploratory testing|Team collaboration,Scrum|Jira,no,REQ-R04-2.A.1.a|REQ-R04-2.A.1.b|REQ-R04-2.A.1.d|REQ-R04-2.A.2.a|REQ-R04-2.B.2.i|REQ-R04-2.B.3.m|REQ-R04-2.C.3.a|REQ-R04-2.C.7.a|REQ-R04-4.A.1.a.1|REQ-R04-4.A.1.b.1|REQ-R04-4.A.2.a.1|REQ-R04-4.A.2.a.3|REQ-R04-4.A.2.b.1|REQ-R04-4.A.2.b.3|REQ-R04-4.A.2.b.6|REQ-R04-4.A.3.b.1|REQ-R04-4.A.4.a.1|REQ-R04-4.A.4.a.2|REQ-R04-4.A.4.a.4|REQ-R04-4.A.4.b.1|REQ-R04-4.A.4.b.2,REQ-R04-2.A.1.b|REQ-R04-2.B.3.m|REQ-R04-4.A.2.b.6|REQ-R04-4.A.4.a.2|REQ-R04-4.A.4.a.4,"Active Listening|Communicating with Supervisors, Peers, or Subordinates|Complex Problem Solving|Computers and Electronics|Coordinating the Work and Activities of Others|Critical Thinking|Developing and Building Teams|English Language|Establishing and Maintaining Interpersonal Relationships|Evaluating Information to Determine Compliance with Standards|Getting Information|Identifying Objects, Actions, and Events|Interpreting the Meaning of Information for Others|Judging the Qualities of Objects, Services, or People|Making Decisions and Solving Problems|Organizing, Planning, and Prioritizing Work|Quality Control Analysis|Reading Comprehension|Speaking|Updating and Using Relevant Knowledge|Working with Computers",21,5,Essential Skills|Knowledge|Transferable Skills|Work Activities,0.707632,0.168541,70.76,16.85,40,exam-fee-required,200,CTFL-AT,ไม่หมดอายุ,CTFL,core_gap_closure,certification_only|both,3,verified,2026-08-31,ผู้วิจัย (ตรวจด้วยการดึงหน้าเว็บ 31 ส.ค. 2026),,CORPUS-IS68076026-v1.5R-01OCT26,ONET31.0-IS68076026-v1.0,v0.9_core
CRT-R04-04,certification,R04,วิศวกรทดสอบ / QA Automation,QA & Test Automation Engineer,15-1253.00,software,exact,4,ISTQB Certified Tester – Performance Testing (CT-PT),ISTQB,vendor_or_body,ISTQB,https://www.istqb.org/certifications/performance-testing,vendor_neutral_cert,Advanced,3,proctored exam,English,ยืนยันความสามารถวางแผน ดำเนินการ และวิเคราะห์การทดสอบสมรรถนะของระบบ,Performance test planning|Load modeling|Metrics analysis|Tooling,JMeter|Gatling,no,REQ-R04-2.A.1.a|REQ-R04-2.A.2.a|REQ-R04-2.B.2.i|REQ-R04-2.B.3.m|REQ-R04-2.C.3.a|REQ-R04-2.C.7.a|REQ-R04-4.A.1.a.1|REQ-R04-4.A.1.a.2|REQ-R04-4.A.1.b.1|REQ-R04-4.A.2.a.1|REQ-R04-4.A.2.a.2|REQ-R04-4.A.2.a.3|REQ-R04-4.A.2.a.4|REQ-R04-4.A.2.b.1|REQ-R04-4.A.2.b.2|REQ-R04-4.A.2.b.3|REQ-R04-4.A.3.b.1,REQ-R04-2.B.3.m|REQ-R04-4.A.1.a.2|REQ-R04-4.A.2.a.2|REQ-R04-4.A.2.a.4,"Analyzing Data or Information|Complex Problem Solving|Computers and Electronics|Critical Thinking|English Language|Evaluating Information to Determine Compliance with Standards|Getting Information|Identifying Objects, Actions, and Events|Judging the Qualities of Objects, Services, or People|Making Decisions and Solving Problems|Monitoring Processes, Materials, or Surroundings|Processing Information|Quality Control Analysis|Reading Comprehension|Thinking Creatively|Updating and Using Relevant Knowledge|Working with Computers",17,4,Essential Skills|Knowledge|Transferable Skills|Work Activities,0.583717,0.132176,58.37,13.22,50,exam-fee-required,250,CT-PT,ไม่หมดอายุ,CTFL,advanced_or_cert_prep,certification_only|both,2,pending_verification,,,[FETCH_ERROR] เซิร์ฟเวอร์ตอบ 500 ต้องตรวจซ้ำด้วยมือ,CORPUS-IS68076026-v1.5R-01OCT26,ONET31.0-IS68076026-v1.0,v0.9_core
CRT-R04-05,certification,R04,วิศวกรทดสอบ / QA Automation,QA & Test Automation Engineer,15-1253.00,software,exact,5,ASQ Certified Software Quality Engineer (CSQE),American Society for Quality,vendor_or_body,ASQ,https://asq.org/cert/software-quality-engineer,vendor_neutral_cert,Professional,4,proctored exam,English,ใบรับรองระดับวิชาชีพด้านคุณภาพซอฟต์แวร์ ครอบคลุมการวัด กระบวนการ และการตรวจสอบเชิงคุณภาพ,Software quality management|Process improvement|Metrics|Audit|Verification and validation,Statistical tools,no,REQ-R04-2.A.1.a|REQ-R04-2.A.2.a|REQ-R04-2.B.2.i|REQ-R04-2.B.3.m|REQ-R04-2.C.3.a|REQ-R04-2.C.4.a|REQ-R04-2.C.7.a|REQ-R04-4.A.1.a.1|REQ-R04-4.A.1.b.1|REQ-R04-4.A.2.a.1|REQ-R04-4.A.2.a.2|REQ-R04-4.A.2.a.3|REQ-R04-4.A.2.a.4|REQ-R04-4.A.2.b.1|REQ-R04-4.A.2.b.3|REQ-R04-4.A.2.b.6|REQ-R04-4.A.3.b.1|REQ-R04-4.A.3.b.6,REQ-R04-2.B.3.m|REQ-R04-4.A.2.a.3|REQ-R04-4.A.2.a.4|REQ-R04-4.A.3.b.6,"Analyzing Data or Information|Complex Problem Solving|Computers and Electronics|Critical Thinking|Documenting/Recording Information|English Language|Evaluating Information to Determine Compliance with Standards|Getting Information|Identifying Objects, Actions, and Events|Judging the Qualities of Objects, Services, or People|Making Decisions and Solving Problems|Mathematics|Organizing, Planning, and Prioritizing Work|Processing Information|Quality Control Analysis|Reading Comprehension|Updating and Using Relevant Knowledge|Working with Computers",18,4,Essential Skills|Knowledge|Transferable Skills|Work Activities,0.618549,0.135753,61.85,13.58,120,exam-fee-required,533,CSQE,3,ประสบการณ์วิชาชีพ 8 ปี (ลดได้ตามวุฒิ),advanced_or_cert_prep,certification_only|both,3,verified,2026-08-31,ผู้วิจัย (ตรวจด้วยการดึงหน้าเว็บ 31 ส.ค. 2026),,CORPUS-IS68076026-v1.5R-01OCT26,ONET31.0-IS68076026-v1.0,v0.9_core
CRT-R04-06,certification,R04,วิศวกรทดสอบ / QA Automation,QA & Test Automation Engineer,15-1253.00,software,exact,6,Microsoft Certified: DevOps Engineer Expert,Microsoft,vendor_or_body,Microsoft Learn,https://learn.microsoft.com/en-us/credentials/certifications/devops-engineer/,vendor_cert,Advanced,3,proctored exam,English,ยืนยันความสามารถวางระบบ CI/CD พร้อมการทดสอบอัตโนมัติและการควบคุมคุณภาพในทุกขั้นตอน,CI/CD design|Test integration|Release management|Infrastructure as code|Monitoring,Azure DevOps|GitHub Actions|Terraform,no,REQ-R04-2.A.1.a|REQ-R04-2.A.2.a|REQ-R04-2.A.2.d|REQ-R04-2.B.2.i|REQ-R04-2.B.3.m|REQ-R04-2.C.3.a|REQ-R04-2.C.7.a|REQ-R04-4.A.1.a.1|REQ-R04-4.A.1.a.2|REQ-R04-4.A.1.b.1|REQ-R04-4.A.2.a.1|REQ-R04-4.A.2.a.3|REQ-R04-4.A.2.b.1|REQ-R04-4.A.2.b.2|REQ-R04-4.A.2.b.3|REQ-R04-4.A.2.b.6|REQ-R04-4.A.3.b.1,REQ-R04-4.A.1.a.2|REQ-R04-4.A.2.a.3|REQ-R04-4.A.2.b.6|REQ-R04-4.A.3.b.1,"Complex Problem Solving|Computers and Electronics|Critical Thinking|English Language|Evaluating Information to Determine Compliance with Standards|Getting Information|Identifying Objects, Actions, and Events|Judging the Qualities of Objects, Services, or People|Making Decisions and Solving Problems|Monitoring|Monitoring Processes, Materials, or Surroundings|Organizing, Planning, and Prioritizing Work|Quality Control Analysis|Reading Comprehension|Thinking Creatively|Updating and Using Relevant Knowledge|Working with Computers",17,4,Essential Skills|Knowledge|Transferable Skills|Work Activities,0.575797,0.142821,57.58,14.28,140,exam-fee-required,165,AZ-400,1,AZ-104 หรือ AZ-204,advanced_or_cert_prep,certification_only|both,3,verified,2026-08-31,ผู้วิจัย (ตรวจด้วยการดึงหน้าเว็บ 31 ส.ค. 2026),,CORPUS-IS68076026-v1.5R-01OCT26,ONET31.0-IS68076026-v1.0,v0.9_core
CRT-R04-07,certification,R04,วิศวกรทดสอบ / QA Automation,QA & Test Automation Engineer,15-1253.00,software,exact,7,AWS Certified Developer – Associate,Amazon Web Services,vendor_or_body,AWS Certification,https://aws.amazon.com/certification/certified-developer-associate/,vendor_cert,Intermediate,2,proctored exam,English,ยืนยันความเข้าใจการพัฒนาและ deploy บน AWS ซึ่งจำเป็นต่อการทดสอบระบบที่ทำงานบนคลาวด์,AWS SDK|CI/CD on AWS|Serverless testing|CloudWatch,AWS CodeBuild|CloudWatch|Lambda,no,REQ-R04-2.A.1.a|REQ-R04-2.A.2.a|REQ-R04-2.B.2.i|REQ-R04-2.B.3.e|REQ-R04-2.B.3.m|REQ-R04-2.C.3.a|REQ-R04-2.C.7.a|REQ-R04-4.A.1.a.1|REQ-R04-4.A.1.a.2|REQ-R04-4.A.1.b.1|REQ-R04-4.A.2.a.1|REQ-R04-4.A.2.a.3|REQ-R04-4.A.2.b.1|REQ-R04-4.A.2.b.3|REQ-R04-4.A.2.b.6|REQ-R04-4.A.3.b.1,REQ-R04-2.B.3.e|REQ-R04-2.C.3.a|REQ-R04-4.A.1.a.2,"Complex Problem Solving|Computers and Electronics|Critical Thinking|English Language|Evaluating Information to Determine Compliance with Standards|Getting Information|Identifying Objects, Actions, and Events|Judging the Qualities of Objects, Services, or People|Making Decisions and Solving Problems|Monitoring Processes, Materials, or Surroundings|Organizing, Planning, and Prioritizing Work|Programming|Quality Control Analysis|Reading Comprehension|Updating and Using Relevant Knowledge|Working with Computers",16,3,Essential Skills|Knowledge|Transferable Skills|Work Activities,0.543009,0.098195,54.30,9.82,120,exam-fee-required,150,DVA-C02,3,ประสบการณ์ AWS,advanced_or_cert_prep,certification_only|both,3,verified,2026-08-31,ผู้วิจัย (ตรวจด้วยการดึงหน้าเว็บ 31 ส.ค. 2026),,CORPUS-IS68076026-v1.5R-01OCT26,ONET31.0-IS68076026-v1.0,v0.9_core
CRT-R04-08,certification,R04,วิศวกรทดสอบ / QA Automation,QA & Test Automation Engineer,15-1253.00,software,exact,8,A4Q Selenium Tester Foundation,Alliance for Qualification (A4Q),vendor_or_body,A4Q,https://isqi.org/en/certification/a4q-selenium-tester-foundation,vendor_neutral_cert,Intermediate,2,proctored exam,English,ใบรับรองเฉพาะทางสำหรับ Selenium ยืนยันความสามารถสร้างและดูแล UI automation framework,Selenium WebDriver|Test framework|Locators|Waits|Page Object Model,Selenium|Java,no,REQ-R04-2.A.1.a|REQ-R04-2.A.2.a|REQ-R04-2.B.2.i|REQ-R04-2.B.3.e|REQ-R04-2.B.3.m|REQ-R04-2.C.3.a|REQ-R04-2.C.7.a|REQ-R04-4.A.1.a.1|REQ-R04-4.A.1.b.1|REQ-R04-4.A.2.a.1|REQ-R04-4.A.2.a.3|REQ-R04-4.A.2.b.1|REQ-R04-4.A.2.b.3|REQ-R04-4.A.3.b.1,REQ-R04-2.B.3.e|REQ-R04-2.B.3.m|REQ-R04-4.A.3.b.1,"Complex Problem Solving|Computers and Electronics|Critical Thinking|English Language|Evaluating Information to Determine Compliance with Standards|Getting Information|Identifying Objects, Actions, and Events|Judging the Qualities of Objects, Services, or People|Making Decisions and Solving Problems|Programming|Quality Control Analysis|Reading Comprehension|Updating and Using Relevant Knowledge|Working with Computers",14,3,Essential Skills|Knowledge|Transferable Skills|Work Activities,0.478369,0.101687,47.84,10.17,40,exam-fee-required,200,A4Q Selenium,ไม่หมดอายุ,พื้นฐานการเขียนโปรแกรมและ CTFL,advanced_or_cert_prep,certification_only|both,2,pending_verification,,,[FETCH_ERROR] robots.txt อ่านไม่ได้ ต้องตรวจซ้ำด้วยมือ,CORPUS-IS68076026-v1.5R-01OCT26,ONET31.0-IS68076026-v1.0,v0.9_core
CRT-R04-09,certification,R04,วิศวกรทดสอบ / QA Automation,QA & Test Automation Engineer,15-1253.00,software,exact,9,Tricentis Automation Specialist Level 1,Tricentis,vendor_or_body,Tricentis Academy,https://academy.tricentis.com/,vendor_cert,Intermediate,2,online exam,English,ใบรับรองเครื่องมือทดสอบระดับองค์กร เหมาะกับผู้ทำงานในองค์กรที่ใช้ SAP หรือระบบ enterprise,Model-based test automation|Tosca|Test case design|Data-driven testing,Tricentis Tosca,no,REQ-R04-2.A.1.a|REQ-R04-2.A.2.a|REQ-R04-2.B.2.i|REQ-R04-2.B.3.e|REQ-R04-2.B.3.m|REQ-R04-2.C.3.a|REQ-R04-2.C.7.a|REQ-R04-4.A.1.a.1|REQ-R04-4.A.1.b.1|REQ-R04-4.A.2.a.1|REQ-R04-4.A.2.a.2|REQ-R04-4.A.2.a.3|REQ-R04-4.A.2.a.4|REQ-R04-4.A.2.b.1|REQ-R04-4.A.2.b.2|REQ-R04-4.A.2.b.3|REQ-R04-4.A.3.b.1,REQ-R04-2.B.3.e|REQ-R04-2.B.3.m|REQ-R04-4.A.2.a.3|REQ-R04-4.A.3.b.1,"Analyzing Data or Information|Complex Problem Solving|Computers and Electronics|Critical Thinking|English Language|Evaluating Information to Determine Compliance with Standards|Getting Information|Identifying Objects, Actions, and Events|Judging the Qualities of Objects, Services, or People|Making Decisions and Solving Problems|Processing Information|Programming|Quality Control Analysis|Reading Comprehension|Thinking Creatively|Updating and Using Relevant Knowledge|Working with Computers",17,4,Essential Skills|Knowledge|Transferable Skills|Work Activities,0.584739,0.137797,58.47,13.78,30,free,0,AS1,2,ไม่มี,advanced_or_cert_prep,certification_only|both,2,pending_verification,,,[UNCLEAR] ดึงได้แต่ไม่พบชื่อหลักสูตร ต้องตรวจด้วยตา,CORPUS-IS68076026-v1.5R-01OCT26,ONET31.0-IS68076026-v1.0,v0.9_core
CRT-R04-10,certification,R04,วิศวกรทดสอบ / QA Automation,QA & Test Automation Engineer,15-1253.00,software,exact,10,Professional Scrum Developer I (PSD I),Scrum.org,vendor_or_body,Scrum.org,https://www.scrum.org/assessments/professional-scrum-developer-i-assessment,vendor_neutral_cert,Intermediate,2,online proctored assessment,English,ยืนยันความเข้าใจแนวปฏิบัติวิศวกรรมและการทำงานร่วมกันในทีม Scrum สำหรับผู้ทำงานสาย QA,Scrum|Definition of Done|CI|Collaborative quality practices,Scrum|Jira,no,REQ-R04-2.A.1.a|REQ-R04-2.A.1.b|REQ-R04-2.A.1.d|REQ-R04-2.A.2.a|REQ-R04-2.B.2.i|REQ-R04-2.B.3.m|REQ-R04-2.C.3.a|REQ-R04-2.C.7.a|REQ-R04-4.A.1.a.1|REQ-R04-4.A.1.b.1|REQ-R04-4.A.2.a.1|REQ-R04-4.A.2.a.3|REQ-R04-4.A.2.b.1|REQ-R04-4.A.2.b.3|REQ-R04-4.A.2.b.6|REQ-R04-4.A.3.b.1|REQ-R04-4.A.4.a.1|REQ-R04-4.A.4.a.2|REQ-R04-4.A.4.a.4|REQ-R04-4.A.4.b.1|REQ-R04-4.A.4.b.2,REQ-R04-2.B.3.m|REQ-R04-4.A.2.b.6|REQ-R04-4.A.4.a.2|REQ-R04-4.A.4.a.4,"Active Listening|Communicating with Supervisors, Peers, or Subordinates|Complex Problem Solving|Computers and Electronics|Coordinating the Work and Activities of Others|Critical Thinking|Developing and Building Teams|English Language|Establishing and Maintaining Interpersonal Relationships|Evaluating Information to Determine Compliance with Standards|Getting Information|Identifying Objects, Actions, and Events|Interpreting the Meaning of Information for Others|Judging the Qualities of Objects, Services, or People|Making Decisions and Solving Problems|Organizing, Planning, and Prioritizing Work|Quality Control Analysis|Reading Comprehension|Speaking|Updating and Using Relevant Knowledge|Working with Computers",21,4,Essential Skills|Knowledge|Transferable Skills|Work Activities,0.707632,0.135497,70.76,13.55,30,exam-fee-required,200,PSD I,ไม่หมดอายุ,ไม่มี,core_gap_closure,certification_only|both,2,pending_verification,,,[FETCH_ERROR] ดึงหน้าไม่ได้ อาจมีระบบกันบอท ต้องตรวจซ้ำด้วยมือ,CORPUS-IS68076026-v1.5R-01OCT26,ONET31.0-IS68076026-v1.0,v0.9_core
CRS-R04-01,course,R04,วิศวกรทดสอบ / QA Automation,QA & Test Automation Engineer,15-1253.00,software,exact,1,Software Testing and Automation Specialization,University of Minnesota,mooc_platform,Coursera,https://www.coursera.org/specializations/software-testing-automation,specialization,Intermediate,2,self-paced online,English,ออกแบบชุดทดสอบอย่างเป็นระบบ ใช้เกณฑ์ความครอบคลุม และสร้าง test automation ที่บำรุงรักษาได้,Test design techniques|Coverage criteria|Unit testing|Integration testing|Test automation,JUnit|Selenium|Java|Python,yes,REQ-R04-2.A.1.a|REQ-R04-2.A.2.a|REQ-R04-2.B.2.i|REQ-R04-2.B.3.e|REQ-R04-2.B.3.m|REQ-R04-2.C.3.a|REQ-R04-2.C.7.a|REQ-R04-4.A.1.a.1|REQ-R04-4.A.1.a.2|REQ-R04-4.A.1.b.1|REQ-R04-4.A.2.a.1|REQ-R04-4.A.2.a.3|REQ-R04-4.A.2.b.1|REQ-R04-4.A.2.b.2|REQ-R04-4.A.2.b.3|REQ-R04-4.A.2.b.6|REQ-R04-4.A.3.b.1,REQ-R04-2.A.2.a|REQ-R04-2.B.3.e|REQ-R04-2.B.3.m|REQ-R04-4.A.1.a.2|REQ-R04-4.A.1.b.1|REQ-R04-4.A.2.a.3,"Complex Problem Solving|Computers and Electronics|Critical Thinking|English Language|Evaluating Information to Determine Compliance with Standards|Getting Information|Identifying Objects, Actions, and Events|Judging the Qualities of Objects, Services, or People|Making Decisions and Solving Problems|Monitoring Processes, Materials, or Surroundings|Organizing, Planning, and Prioritizing Work|Programming|Quality Control Analysis|Reading Comprehension|Thinking Creatively|Updating and Using Relevant Knowledge|Working with Computers",17,6,Essential Skills|Knowledge|Transferable Skills|Work Activities,0.575797,0.194517,57.58,19.45,120,paid,245,,,พื้นฐานการเขียนโปรแกรม,core_gap_closure,course_only|both,3,verified,2026-08-31,ผู้วิจัย (ตรวจด้วยการดึงหน้าเว็บ 31 ส.ค. 2026),,CORPUS-IS68076026-v1.5R-01OCT26,ONET31.0-IS68076026-v1.0,v0.9_core
CRS-R04-02,course,R04,วิศวกรทดสอบ / QA Automation,QA & Test Automation Engineer,15-1253.00,software,exact,2,Introduction to Software Testing,University of Minnesota,mooc_platform,Coursera,https://www.coursera.org/learn/introduction-software-testing,single_course,Beginner,1,self-paced online,English,เข้าใจหลักการทดสอบซอฟต์แวร์ ประเภทของข้อบกพร่อง และการเขียน test case ที่ตรวจสอบย้อนกลับได้,Test case design|Defect taxonomy|Black-box testing|White-box testing|Bug reporting,JUnit|Jira,no,REQ-R04-2.A.1.a|REQ-R04-2.A.1.c|REQ-R04-2.A.2.a|REQ-R04-2.B.3.m|REQ-R04-2.C.3.a|REQ-R04-2.C.7.a|REQ-R04-4.A.1.a.1|REQ-R04-4.A.2.a.1|REQ-R04-4.A.2.a.2|REQ-R04-4.A.2.a.3|REQ-R04-4.A.2.a.4|REQ-R04-4.A.2.b.2|REQ-R04-4.A.2.b.3|REQ-R04-4.A.3.b.1|REQ-R04-4.A.3.b.6,REQ-R04-2.A.1.a|REQ-R04-2.A.2.a|REQ-R04-2.B.3.m|REQ-R04-4.A.2.a.1|REQ-R04-4.A.2.a.3|REQ-R04-4.A.3.b.6,"Analyzing Data or Information|Computers and Electronics|Critical Thinking|Documenting/Recording Information|English Language|Evaluating Information to Determine Compliance with Standards|Getting Information|Judging the Qualities of Objects, Services, or People|Processing Information|Quality Control Analysis|Reading Comprehension|Thinking Creatively|Updating and Using Relevant Knowledge|Working with Computers|Writing",15,6,Essential Skills|Knowledge|Transferable Skills|Work Activities,0.522910,0.195965,52.29,19.60,30,paid,49,,,ไม่มี,foundation,course_only|both,3,verified,2026-08-31,ผู้วิจัย (ตรวจด้วยการดึงหน้าเว็บ 31 ส.ค. 2026),,CORPUS-IS68076026-v1.5R-01OCT26,ONET31.0-IS68076026-v1.0,v0.9_core
CRS-R04-03,course,R04,วิศวกรทดสอบ / QA Automation,QA & Test Automation Engineer,15-1253.00,software,exact,3,Google IT Automation with Python Professional Certificate,Google,mooc_platform,Coursera,https://www.coursera.org/professional-certificates/google-it-automation,professional_certificate,Beginner,1,self-paced online,English,เขียน Python อัตโนมัติงานซ้ำ ๆ ซึ่งเป็นทักษะแกนกลางของ test automation engineer,Python|Automation scripting|Git|Debugging|Troubleshooting,Python|Git|Linux,yes,REQ-R04-2.A.1.a|REQ-R04-2.A.2.a|REQ-R04-2.B.2.i|REQ-R04-2.B.3.e|REQ-R04-2.B.3.m|REQ-R04-2.C.3.a|REQ-R04-2.C.7.a|REQ-R04-4.A.1.a.1|REQ-R04-4.A.1.b.1|REQ-R04-4.A.2.a.1|REQ-R04-4.A.2.a.3|REQ-R04-4.A.2.b.1|REQ-R04-4.A.2.b.3|REQ-R04-4.A.2.b.6|REQ-R04-4.A.3.b.1,REQ-R04-2.B.2.i|REQ-R04-2.B.3.e|REQ-R04-4.A.2.b.1|REQ-R04-4.A.3.b.1,"Complex Problem Solving|Computers and Electronics|Critical Thinking|English Language|Evaluating Information to Determine Compliance with Standards|Getting Information|Identifying Objects, Actions, and Events|Judging the Qualities of Objects, Services, or People|Making Decisions and Solving Problems|Organizing, Planning, and Prioritizing Work|Programming|Quality Control Analysis|Reading Comprehension|Updating and Using Relevant Knowledge|Working with Computers",15,4,Essential Skills|Knowledge|Transferable Skills|Work Activities,0.513201,0.134475,51.32,13.45,150,paid,245,,,ไม่มี,foundation,course_only|both,3,verified,2026-08-31,ผู้วิจัย (ตรวจด้วยการดึงหน้าเว็บ 31 ส.ค. 2026),,CORPUS-IS68076026-v1.5R-01OCT26,ONET31.0-IS68076026-v1.0,v0.9_core
CRS-R04-04,course,R04,วิศวกรทดสอบ / QA Automation,QA & Test Automation Engineer,15-1253.00,software,exact,4,IBM DevOps and Software Engineering Professional Certificate,IBM,mooc_platform,Coursera,https://www.coursera.org/professional-certificates/devops-and-software-engineering,professional_certificate,Intermediate,2,self-paced online,English,เชื่อมการทดสอบเข้ากับ CI/CD pipeline ทำให้ระบบทดสอบอัตโนมัติทุกครั้งที่โค้ดเปลี่ยน,CI/CD|Test automation in pipelines|Docker|Kubernetes|Agile practices,Jenkins|Docker|Kubernetes|GitHub Actions,yes,REQ-R04-2.A.1.a|REQ-R04-2.A.2.a|REQ-R04-2.B.2.i|REQ-R04-2.B.3.e|REQ-R04-2.B.3.m|REQ-R04-2.C.3.a|REQ-R04-2.C.7.a|REQ-R04-4.A.1.a.1|REQ-R04-4.A.1.a.2|REQ-R04-4.A.1.b.1|REQ-R04-4.A.2.a.1|REQ-R04-4.A.2.a.3|REQ-R04-4.A.2.b.1|REQ-R04-4.A.2.b.3|REQ-R04-4.A.2.b.6|REQ-R04-4.A.3.b.1,REQ-R04-2.B.3.e|REQ-R04-4.A.1.a.2|REQ-R04-4.A.2.a.3|REQ-R04-4.A.3.b.1,"Complex Problem Solving|Computers and Electronics|Critical Thinking|English Language|Evaluating Information to Determine Compliance with Standards|Getting Information|Identifying Objects, Actions, and Events|Judging the Qualities of Objects, Services, or People|Making Decisions and Solving Problems|Monitoring Processes, Materials, or Surroundings|Organizing, Planning, and Prioritizing Work|Programming|Quality Control Analysis|Reading Comprehension|Updating and Using Relevant Knowledge|Working with Computers",16,4,Essential Skills|Knowledge|Transferable Skills|Work Activities,0.543009,0.138819,54.30,13.88,180,paid,245,,,พื้นฐานการเขียนโปรแกรม,core_gap_closure,course_only|both,3,verified,2026-08-31,ผู้วิจัย (ตรวจด้วยการดึงหน้าเว็บ 31 ส.ค. 2026),,CORPUS-IS68076026-v1.5R-01OCT26,ONET31.0-IS68076026-v1.0,v0.9_core
CRS-R04-05,course,R04,วิศวกรทดสอบ / QA Automation,QA & Test Automation Engineer,15-1253.00,software,exact,5,Automated Software Testing Professional Certificate,Delft University of Technology (DelftX),mooc_platform,edX,https://www.edx.org/certificates/professional-certificate/delftx-automated-software-testing,professional_certificate,Advanced,3,self-paced online,English,"เรียนการทดสอบอัตโนมัติเชิงวิชาการ ทั้ง unit testing, design by contract, property-based testing และ mutation testing",Unit testing|Mocking|Design by contract|Property-based testing|Mutation testing|Code coverage,JUnit|Mockito|PIT|Java,no,REQ-R04-2.A.1.a|REQ-R04-2.A.2.a|REQ-R04-2.B.2.i|REQ-R04-2.B.3.e|REQ-R04-2.B.3.m|REQ-R04-2.C.3.a|REQ-R04-2.C.7.a|REQ-R04-4.A.1.a.1|REQ-R04-4.A.1.b.1|REQ-R04-4.A.2.a.1|REQ-R04-4.A.2.a.3|REQ-R04-4.A.2.a.4|REQ-R04-4.A.2.b.1|REQ-R04-4.A.2.b.2|REQ-R04-4.A.2.b.3|REQ-R04-4.A.2.b.6|REQ-R04-4.A.3.b.1,REQ-R04-2.A.2.a|REQ-R04-2.B.3.e|REQ-R04-2.B.3.m|REQ-R04-4.A.2.a.3|REQ-R04-4.A.2.a.4,"Analyzing Data or Information|Complex Problem Solving|Computers and Electronics|Critical Thinking|English Language|Evaluating Information to Determine Compliance with Standards|Getting Information|Identifying Objects, Actions, and Events|Judging the Qualities of Objects, Services, or People|Making Decisions and Solving Problems|Organizing, Planning, and Prioritizing Work|Programming|Quality Control Analysis|Reading Comprehension|Thinking Creatively|Updating and Using Relevant Knowledge|Working with Computers",17,5,Essential Skills|Knowledge|Transferable Skills|Work Activities,0.582269,0.165050,58.23,16.50,120,paid,597,,,เขียน Java ได้,advanced_or_cert_prep,course_only|both,3,verified,2026-08-31,ผู้วิจัย (ตรวจด้วยการดึงหน้าเว็บ 31 ส.ค. 2026),,CORPUS-IS68076026-v1.5R-01OCT26,ONET31.0-IS68076026-v1.0,v0.9_core
CRS-R04-06,course,R04,วิศวกรทดสอบ / QA Automation,QA & Test Automation Engineer,15-1253.00,software,exact,6,Test Automation University – Selenium WebDriver with Java Path,Applitools,vendor_or_body,Test Automation University,https://testautomationu.applitools.com/,single_course,Intermediate,2,self-paced online,English,ฝึกเขียน UI automation ด้วย Selenium WebDriver ตั้งแต่ locator strategy จนถึง Page Object Model,Selenium WebDriver|Page Object Model|TestNG|Locator strategies|Test framework design,Selenium|Java|TestNG|Maven,yes,REQ-R04-2.A.1.a|REQ-R04-2.A.2.a|REQ-R04-2.B.2.i|REQ-R04-2.B.3.e|REQ-R04-2.B.3.m|REQ-R04-2.C.3.a|REQ-R04-2.C.7.a|REQ-R04-4.A.1.a.1|REQ-R04-4.A.1.b.1|REQ-R04-4.A.2.a.1|REQ-R04-4.A.2.a.3|REQ-R04-4.A.2.b.1|REQ-R04-4.A.2.b.2|REQ-R04-4.A.2.b.3|REQ-R04-4.A.3.b.1,REQ-R04-2.B.3.e|REQ-R04-2.B.3.m|REQ-R04-4.A.1.b.1|REQ-R04-4.A.3.b.1,"Complex Problem Solving|Computers and Electronics|Critical Thinking|English Language|Evaluating Information to Determine Compliance with Standards|Getting Information|Identifying Objects, Actions, and Events|Judging the Qualities of Objects, Services, or People|Making Decisions and Solving Problems|Programming|Quality Control Analysis|Reading Comprehension|Thinking Creatively|Updating and Using Relevant Knowledge|Working with Computers",15,4,Essential Skills|Knowledge|Transferable Skills|Work Activities,0.511157,0.137626,51.12,13.76,40,free,0,,,พื้นฐาน Java,core_gap_closure,course_only|both,2,verified,2026-08-31,ผู้วิจัย (ตรวจด้วยการดึงหน้าเว็บ 31 ส.ค. 2026),,CORPUS-IS68076026-v1.5R-01OCT26,ONET31.0-IS68076026-v1.0,v0.9_core
CRS-R04-07,course,R04,วิศวกรทดสอบ / QA Automation,QA & Test Automation Engineer,15-1253.00,software,exact,7,Test Automation University – Modern Web Testing (Playwright & Cypress),Applitools,vendor_or_body,Test Automation University,https://testautomationu.applitools.com/,single_course,Intermediate,2,self-paced online,English,ใช้เครื่องมือทดสอบเว็บยุคใหม่ที่เร็วและเสถียรกว่า ลด flaky test และทำ visual testing ได้,Playwright|Cypress|End-to-end testing|Visual testing|Flaky test mitigation,Playwright|Cypress|JavaScript,yes,REQ-R04-2.A.1.a|REQ-R04-2.A.2.a|REQ-R04-2.B.2.i|REQ-R04-2.B.3.e|REQ-R04-2.B.3.m|REQ-R04-2.C.3.a|REQ-R04-2.C.7.a|REQ-R04-4.A.1.a.1|REQ-R04-4.A.1.a.2|REQ-R04-4.A.1.b.1|REQ-R04-4.A.2.a.1|REQ-R04-4.A.2.a.3|REQ-R04-4.A.2.b.1|REQ-R04-4.A.2.b.3|REQ-R04-4.A.3.b.1,REQ-R04-2.B.3.e|REQ-R04-2.B.3.m|REQ-R04-4.A.1.a.2|REQ-R04-4.A.3.b.1,"Complex Problem Solving|Computers and Electronics|Critical Thinking|English Language|Evaluating Information to Determine Compliance with Standards|Getting Information|Identifying Objects, Actions, and Events|Judging the Qualities of Objects, Services, or People|Making Decisions and Solving Problems|Monitoring Processes, Materials, or Surroundings|Programming|Quality Control Analysis|Reading Comprehension|Updating and Using Relevant Knowledge|Working with Computers",15,4,Essential Skills|Knowledge|Transferable Skills|Work Activities,0.508177,0.131495,50.82,13.15,30,free,0,,,พื้นฐาน JavaScript,core_gap_closure,course_only|both,2,verified,2026-08-31,ผู้วิจัย (ตรวจด้วยการดึงหน้าเว็บ 31 ส.ค. 2026),,CORPUS-IS68076026-v1.5R-01OCT26,ONET31.0-IS68076026-v1.0,v0.9_core
CRS-R04-08,course,R04,วิศวกรทดสอบ / QA Automation,QA & Test Automation Engineer,15-1253.00,software,exact,8,Postman API Fundamentals Student Expert,Postman,vendor_or_body,Postman Academy,https://academy.postman.com/,single_course,Beginner,1,self-paced online,English,ทดสอบ API อย่างเป็นระบบด้วย Postman เขียน test script และสร้าง collection ที่รันอัตโนมัติได้,API testing|Postman collections|Test scripting|Environment variables|Newman CLI,Postman|Newman|JavaScript,yes,REQ-R04-2.A.1.a|REQ-R04-2.A.2.a|REQ-R04-2.B.2.i|REQ-R04-2.B.3.e|REQ-R04-2.B.3.m|REQ-R04-2.C.3.a|REQ-R04-2.C.7.a|REQ-R04-4.A.1.a.1|REQ-R04-4.A.1.b.1|REQ-R04-4.A.2.a.1|REQ-R04-4.A.2.a.3|REQ-R04-4.A.2.b.1|REQ-R04-4.A.2.b.3|REQ-R04-4.A.3.b.1,REQ-R04-2.B.3.e|REQ-R04-2.B.3.m|REQ-R04-4.A.2.a.3|REQ-R04-4.A.3.b.1,"Complex Problem Solving|Computers and Electronics|Critical Thinking|English Language|Evaluating Information to Determine Compliance with Standards|Getting Information|Identifying Objects, Actions, and Events|Judging the Qualities of Objects, Services, or People|Making Decisions and Solving Problems|Programming|Quality Control Analysis|Reading Comprehension|Updating and Using Relevant Knowledge|Working with Computers",14,4,Essential Skills|Knowledge|Transferable Skills|Work Activities,0.478369,0.137797,47.84,13.78,15,free,0,,,ไม่มี,foundation,course_only|both,2,verified,2026-08-31,ผู้วิจัย (ตรวจด้วยการดึงหน้าเว็บ 31 ส.ค. 2026),,CORPUS-IS68076026-v1.5R-01OCT26,ONET31.0-IS68076026-v1.0,v0.9_core
CRS-R04-09,course,R04,วิศวกรทดสอบ / QA Automation,QA & Test Automation Engineer,15-1253.00,software,exact,9,Performance Testing with Apache JMeter,BlazeMeter (Perforce),vendor_or_body,BlazeMeter University,https://www.blazemeter.com/university,single_course,Intermediate,2,self-paced online,English,ออกแบบและรันการทดสอบสมรรถนะ วิเคราะห์ผล และระบุคอขวดของระบบก่อนขึ้น production,Performance testing|Load testing|JMeter scripting|Result analysis|Bottleneck identification,Apache JMeter|BlazeMeter|Grafana,no,REQ-R04-2.A.1.a|REQ-R04-2.A.2.a|REQ-R04-2.B.2.i|REQ-R04-2.B.3.m|REQ-R04-2.C.3.a|REQ-R04-2.C.7.a|REQ-R04-4.A.1.a.1|REQ-R04-4.A.1.a.2|REQ-R04-4.A.1.b.1|REQ-R04-4.A.2.a.1|REQ-R04-4.A.2.a.2|REQ-R04-4.A.2.a.3|REQ-R04-4.A.2.a.4|REQ-R04-4.A.2.b.1|REQ-R04-4.A.2.b.2|REQ-R04-4.A.2.b.3|REQ-R04-4.A.3.b.1,REQ-R04-2.B.3.m|REQ-R04-4.A.1.a.2|REQ-R04-4.A.2.a.2|REQ-R04-4.A.2.a.4,"Analyzing Data or Information|Complex Problem Solving|Computers and Electronics|Critical Thinking|English Language|Evaluating Information to Determine Compliance with Standards|Getting Information|Identifying Objects, Actions, and Events|Judging the Qualities of Objects, Services, or People|Making Decisions and Solving Problems|Monitoring Processes, Materials, or Surroundings|Processing Information|Quality Control Analysis|Reading Comprehension|Thinking Creatively|Updating and Using Relevant Knowledge|Working with Computers",17,4,Essential Skills|Knowledge|Transferable Skills|Work Activities,0.583717,0.132176,58.37,13.22,20,free,0,,,เข้าใจ HTTP,advanced_or_cert_prep,course_only|both,2,verified,2026-08-31,ผู้วิจัย (ตรวจด้วยการดึงหน้าเว็บ 31 ส.ค. 2026),,CORPUS-IS68076026-v1.5R-01OCT26,ONET31.0-IS68076026-v1.0,v0.9_core
CRS-R04-10,course,R04,วิศวกรทดสอบ / QA Automation,QA & Test Automation Engineer,15-1253.00,software,exact,10,Agile with Atlassian Jira,Atlassian,mooc_platform,Coursera,https://www.coursera.org/learn/agile-atlassian-jira,single_course,Beginner,1,self-paced online,English,บริหารข้อบกพร่องและงานทดสอบด้วย Jira ตามกระบวนการ Agile ซึ่งเป็นเครื่องมือหลักของทีม QA,Jira|Agile workflow|Defect tracking|Backlog management|Reporting,Jira|Confluence,no,REQ-R04-2.A.1.a|REQ-R04-2.A.1.b|REQ-R04-2.A.1.c|REQ-R04-2.A.1.d|REQ-R04-2.A.2.d|REQ-R04-2.C.3.a|REQ-R04-2.C.7.a|REQ-R04-4.A.1.a.1|REQ-R04-4.A.1.a.2|REQ-R04-4.A.2.a.2|REQ-R04-4.A.2.a.4|REQ-R04-4.A.2.b.3|REQ-R04-4.A.2.b.6|REQ-R04-4.A.3.b.1|REQ-R04-4.A.3.b.6|REQ-R04-4.A.4.a.1|REQ-R04-4.A.4.a.2|REQ-R04-4.A.4.a.4|REQ-R04-4.A.4.b.1|REQ-R04-4.A.4.b.2,REQ-R04-4.A.2.b.6|REQ-R04-4.A.3.b.6|REQ-R04-4.A.4.a.2|REQ-R04-4.A.4.a.4|REQ-R04-4.A.4.b.1,"Active Listening|Analyzing Data or Information|Communicating with Supervisors, Peers, or Subordinates|Computers and Electronics|Coordinating the Work and Activities of Others|Developing and Building Teams|Documenting/Recording Information|English Language|Establishing and Maintaining Interpersonal Relationships|Getting Information|Interpreting the Meaning of Information for Others|Monitoring|Monitoring Processes, Materials, or Surroundings|Organizing, Planning, and Prioritizing Work|Processing Information|Reading Comprehension|Speaking|Updating and Using Relevant Knowledge|Working with Computers|Writing",20,5,Essential Skills|Knowledge|Work Activities,0.683531,0.170925,68.35,17.09,15,paid,49,,,ไม่มี,foundation,course_only|both,3,verified,2026-08-31,ผู้วิจัย (ตรวจด้วยการดึงหน้าเว็บ 31 ส.ค. 2026),,CORPUS-IS68076026-v1.5R-01OCT26,ONET31.0-IS68076026-v1.0,v0.9_core
CRS-R04-11,course,R04,วิศวกรทดสอบ / QA Automation,QA & Test Automation Engineer,15-1253.00,software,exact,11,Improving Communication Skills,University of Pennsylvania (Wharton),mooc_platform,Coursera,https://www.coursera.org/learn/wharton-communication-skills,single_course,Beginner,1,self-paced online,English,สื่อสารเชิงวิชาชีพอย่างมีประสิทธิผล ฟังอย่างตั้งใจ ตีความสารของผู้อื่น สร้างความไว้วางใจ และสื่อสารกับผู้มีส่วนได้เสียทั้งในและนอกองค์กร,Active listening|Professional communication|Stakeholder communication|Building trust|Persuasion,,no,REQ-R04-2.A.1.b|REQ-R04-2.A.1.d|REQ-R04-4.A.4.a.1|REQ-R04-4.A.4.a.2|REQ-R04-4.A.4.a.4,REQ-R04-2.A.1.b|REQ-R04-2.A.1.d|REQ-R04-4.A.4.a.1|REQ-R04-4.A.4.a.2|REQ-R04-4.A.4.a.4,"Active Listening|Communicating with Supervisors, Peers, or Subordinates|Establishing and Maintaining Interpersonal Relationships|Interpreting the Meaning of Information for Others|Speaking",5,5,Essential Skills|Work Activities,0.166242,0.166242,16.62,16.62,10,low-cost,49,,,,core_gap_closure,course_only|both,2,verified,2026-08-31,ผู้วิจัย (ตรวจด้วยการดึงหน้าเว็บ 31 ส.ค. 2026),DEC-16 ขยายข้ามบทบาทจาก CRS-R07-11 · คงชื่อ ผู้ให้บริการ URL ชั่วโมง และค่าใช้จ่ายเดิมทุกค่า · ต้องทบทวน mapping ก่อน FREEZE,CORPUS-IS68076026-v1.5R-01OCT26,ONET31.0-IS68076026-v1.0,v1.3_crossrole
CRS-R04-12,course,R04,วิศวกรทดสอบ / QA Automation,QA & Test Automation Engineer,15-1253.00,software,exact,12,Introduction to Statistics,Stanford University,mooc_platform,Coursera,https://www.coursera.org/learn/stanford-statistics,single_course,Beginner,1,self-paced online,English,เข้าใจสถิติเชิงพรรณนาและเชิงอนุมาน การทดสอบสมมติฐาน การถดถอย และการตีความผลเชิงตัวเลข,Descriptive statistics|Hypothesis testing|Regression|Statistical reasoning,R,no,REQ-R04-2.C.4.a,REQ-R04-2.C.4.a,Mathematics,1,1,Knowledge,0.028019,0.028019,2.80,2.80,15,low-cost,49,,,,core_gap_closure,course_only|both,2,verified,2026-08-31,ผู้วิจัย (ตรวจด้วยการดึงหน้าเว็บ 31 ส.ค. 2026),DEC-16 ขยายข้ามบทบาทจาก CRS-R09-11 · คงชื่อ ผู้ให้บริการ URL ชั่วโมง และค่าใช้จ่ายเดิมทุกค่า · ต้องทบทวน mapping ก่อน FREEZE,CORPUS-IS68076026-v1.5R-01OCT26,ONET31.0-IS68076026-v1.0,v1.3_crossrole
CRS-R04-13,course,R04,วิศวกรทดสอบ / QA Automation,QA & Test Automation Engineer,15-1253.00,software,exact,13,Leading Teams,University of Michigan,mooc_platform,Coursera,https://www.coursera.org/learn/leading-teams,single_course,Intermediate,2,self-paced online,English,สร้างและพัฒนาทีม มอบหมายงานตามความถนัด สอนงานเพื่อนร่วมทีม และประเมินผลการทำงานของทีม,Team building|Coaching|Delegation|Team performance,,no,REQ-R04-4.A.4.b.2,REQ-R04-4.A.4.b.2,Developing and Building Teams,1,1,Work Activities,0.029382,0.029382,2.94,2.94,15,low-cost,49,,,,core_gap_closure,course_only|both,2,verified,2026-08-31,ผู้วิจัย (ตรวจด้วยการดึงหน้าเว็บ 31 ส.ค. 2026),DEC-16 ขยายข้ามบทบาทจาก CRS-R12-13 · คงชื่อ ผู้ให้บริการ URL ชั่วโมง และค่าใช้จ่ายเดิมทุกค่า · ต้องทบทวน mapping ก่อน FREEZE,CORPUS-IS68076026-v1.5R-01OCT26,ONET31.0-IS68076026-v1.0,v1.3_crossrole
CRS-R04-14,course,R04,วิศวกรทดสอบ / QA Automation,QA & Test Automation Engineer,15-1253.00,software,exact,14,Site Reliability Engineering: Measuring and Managing Reliability,Google Cloud,mooc_platform,Coursera,https://www.coursera.org/learn/site-reliability-engineering-slos,single_course,Intermediate,2,self-paced online,English,กำหนด SLI/SLO/error budget ซึ่งเป็นแนวคิดแกนกลางที่แยก SRE ออกจากงานดูแลระบบแบบเดิม,SLI/SLO design|Error budgets|Reliability measurement|Incident response|Toil reduction,Prometheus|Grafana|Cloud Monitoring,no,REQ-R04-2.A.2.d|REQ-R04-4.A.1.a.2|REQ-R04-4.A.2.a.4,REQ-R04-2.A.2.d|REQ-R04-4.A.1.a.2|REQ-R04-4.A.2.a.4,"Analyzing Data or Information|Monitoring|Monitoring Processes, Materials, or Surroundings",3,3,Essential Skills|Work Activities,0.096918,0.096918,9.69,9.69,15,paid,49,,,พื้นฐานการดูแลระบบ,core_gap_closure,course_only|both,3,verified,2026-08-31,ผู้วิจัย (ตรวจด้วยการดึงหน้าเว็บ 31 ส.ค. 2026),DEC-16 ขยายข้ามบทบาทจาก CRS-R17-02 · คงชื่อ ผู้ให้บริการ URL ชั่วโมง และค่าใช้จ่ายเดิมทุกค่า · ต้องทบทวน mapping ก่อน FREEZE,CORPUS-IS68076026-v1.5R-01OCT26,ONET31.0-IS68076026-v1.0,v1.3_crossrole
CRS-R04-15,course,R04,วิศวกรทดสอบ / QA Automation,QA & Test Automation Engineer,15-1253.00,software,exact,15,Google Technical Writing Courses (One and Two),Google,vendor_or_body,Google for Developers,https://developers.google.com/tech-writing,single_course,Beginner,1,self-paced online,English,เขียนเอกสารทางเทคนิคที่ถูกต้องและอ่านเข้าใจง่าย จัดโครงสร้างเอกสาร บันทึกขั้นตอนการทำงาน และทบทวนงานเขียนของผู้อื่น,Technical writing|Documentation structure|Editing|Recording procedures,,no,REQ-R04-2.A.1.c|REQ-R04-4.A.3.b.6,REQ-R04-2.A.1.c|REQ-R04-4.A.3.b.6,Documenting/Recording Information|Writing,2,2,Essential Skills|Work Activities,0.066514,0.066514,6.65,6.65,16,free,0,,,,core_gap_closure,course_only|both,2,verified,2026-08-31,ผู้วิจัย (ตรวจด้วยการดึงหน้าเว็บ 31 ส.ค. 2026),DEC-16 ขยายข้ามบทบาทจาก CRS-R06-12 · คงชื่อ ผู้ให้บริการ URL ชั่วโมง และค่าใช้จ่ายเดิมทุกค่า · ต้องทบทวน mapping ก่อน FREEZE,CORPUS-IS68076026-v1.5R-01OCT26,ONET31.0-IS68076026-v1.0,v1.3_crossrole
CRS-R04-16,course,R04,วิศวกรทดสอบ / QA Automation,QA & Test Automation Engineer,15-1253.00,software,exact,16,Foundations of Project Management,Google,mooc_platform,Coursera,https://www.coursera.org/learn/project-management-foundations,single_course,Beginner,1,self-paced online,English,กำหนดวัตถุประสงค์และกลยุทธ์ของโครงการ ตัดสินใจบนข้อมูลที่มี ประสานงานระหว่างทีม และประเมินทางเลือกอย่างเป็นระบบ,Project scoping|Objective setting|Decision making|Coordination|Stakeholder alignment,,no,REQ-R04-4.A.2.b.2,REQ-R04-4.A.2.b.2,Thinking Creatively,1,1,Work Activities,0.032788,0.032788,3.28,3.28,26,low-cost,49,,,,core_gap_closure,course_only|both,2,verified,2026-08-31,ผู้วิจัย (ตรวจด้วยการดึงหน้าเว็บ 31 ส.ค. 2026),DEC-16 ขยายข้ามบทบาทจาก CRS-R02-11 · คงชื่อ ผู้ให้บริการ URL ชั่วโมง และค่าใช้จ่ายเดิมทุกค่า · ต้องทบทวน mapping ก่อน FREEZE,CORPUS-IS68076026-v1.5R-01OCT26,ONET31.0-IS68076026-v1.0,v1.3_crossrole
CRT-R05-01,certification,R05,นักออกแบบ UX/UI,UX/UI & Digital Product Designer,15-1255.00,software,exact,1,NN/g UX Certification,Nielsen Norman Group,vendor_or_body,Nielsen Norman Group,https://www.nngroup.com/ux-certification/,vendor_neutral_cert,Professional,4,in-person or virtual courses + exams,English,ใบรับรอง UX ที่ได้รับการยอมรับสูงที่สุดในสายงาน ต้องเรียนและสอบผ่านหลายวิชาตามแนวทางที่เลือก,UX research|Interaction design|Information architecture|UX management|Usability evaluation,Research methods|Prototyping tools,no,REQ-R05-2.A.1.a|REQ-R05-2.A.1.b|REQ-R05-2.A.2.a|REQ-R05-2.A.2.b|REQ-R05-2.B.2.i|REQ-R05-2.C.1.e|REQ-R05-2.C.3.a|REQ-R05-2.C.7.a|REQ-R05-4.A.1.a.1|REQ-R05-4.A.1.b.1|REQ-R05-4.A.2.a.1|REQ-R05-4.A.2.a.3|REQ-R05-4.A.2.a.4|REQ-R05-4.A.2.b.1|REQ-R05-4.A.2.b.2|REQ-R05-4.A.2.b.3|REQ-R05-4.A.3.b.1|REQ-R05-4.A.4.a.1,REQ-R05-2.A.1.b|REQ-R05-2.A.2.a|REQ-R05-4.A.2.a.4|REQ-R05-4.A.4.a.1,"Active Learning|Active Listening|Analyzing Data or Information|Complex Problem Solving|Computers and Electronics|Critical Thinking|Customer and Personal Service|English Language|Evaluating Information to Determine Compliance with Standards|Getting Information|Identifying Objects, Actions, and Events|Interpreting the Meaning of Information for Others|Judging the Qualities of Objects, Services, or People|Making Decisions and Solving Problems|Reading Comprehension|Thinking Creatively|Updating and Using Relevant Knowledge|Working with Computers",18,4,Essential Skills|Knowledge|Transferable Skills|Work Activities,0.629512,0.134139,62.95,13.41,80,exam-fee-required,4000,NN/g UXC,ไม่หมดอายุ,ไม่มี (แนะนำมีประสบการณ์),advanced_or_cert_prep,certification_only|both,3,verified,2026-08-31,ผู้วิจัย (ตรวจด้วยการดึงหน้าเว็บ 31 ส.ค. 2026),,CORPUS-IS68076026-v1.5R-01OCT26,ONET31.0-IS68076026-v1.0,v0.9_core
CRT-R05-02,certification,R05,นักออกแบบ UX/UI,UX/UI & Digital Product Designer,15-1255.00,software,exact,2,IxDF UX Designer Certification,Interaction Design Foundation,vendor_or_body,IxDF,https://ixdf.org/courses,vendor_neutral_cert,Intermediate,2,course completion + assessment,English,ใบรับรองรายวิชาที่สะสมได้ ราคาเข้าถึงง่ายสำหรับนักศึกษา และเป็นที่รู้จักในวงการออกแบบสากล,UX process|Design research|Usability|Information architecture,Figma,yes,REQ-R05-2.A.1.a|REQ-R05-2.A.2.a|REQ-R05-2.A.2.b|REQ-R05-2.B.2.i|REQ-R05-2.C.1.e|REQ-R05-2.C.3.a|REQ-R05-2.C.7.a|REQ-R05-4.A.1.a.1|REQ-R05-4.A.1.b.1|REQ-R05-4.A.2.a.4|REQ-R05-4.A.2.b.1|REQ-R05-4.A.2.b.2|REQ-R05-4.A.2.b.3|REQ-R05-4.A.2.b.6|REQ-R05-4.A.3.b.1|REQ-R05-4.A.4.a.1,REQ-R05-2.A.1.a|REQ-R05-4.A.2.a.4|REQ-R05-4.A.4.a.1,"Active Learning|Analyzing Data or Information|Complex Problem Solving|Computers and Electronics|Critical Thinking|Customer and Personal Service|English Language|Getting Information|Identifying Objects, Actions, and Events|Interpreting the Meaning of Information for Others|Making Decisions and Solving Problems|Organizing, Planning, and Prioritizing Work|Reading Comprehension|Thinking Creatively|Updating and Using Relevant Knowledge|Working with Computers",16,3,Essential Skills|Knowledge|Transferable Skills|Work Activities,0.572939,0.106297,57.29,10.63,120,low-cost,192,IxDF Course Certificate,ไม่หมดอายุ,ไม่มี,core_gap_closure,certification_only|both,2,verified,2026-08-31,ผู้วิจัย (ตรวจด้วยการดึงหน้าเว็บ 31 ส.ค. 2026),แก้ URL ตามการเปลี่ยนเส้นทางที่ยืนยันแล้วเมื่อ 2026-08-31,CORPUS-IS68076026-v1.5R-01OCT26,ONET31.0-IS68076026-v1.0,v0.9_core
CRT-R05-03,certification,R05,นักออกแบบ UX/UI,UX/UI & Digital Product Designer,15-1255.00,software,exact,3,Google UX Design Professional Certificate (credential),Google,mooc_platform,Coursera,https://www.coursera.org/professional-certificates/google-ux-design,professional_certificate,Beginner,1,graded assessments + portfolio,English,ประกาศนียบัตรที่นายจ้างทั่วโลกรู้จัก พร้อมพอร์ตโฟลิโอที่ใช้สมัครงานระดับเริ่มต้นได้,UX process|Figma|Usability testing|Portfolio development,Figma|Adobe XD,yes,REQ-R05-2.A.1.a|REQ-R05-2.A.2.a|REQ-R05-2.A.2.b|REQ-R05-2.B.2.i|REQ-R05-2.C.1.e|REQ-R05-2.C.3.a|REQ-R05-2.C.7.a|REQ-R05-4.A.1.a.1|REQ-R05-4.A.1.b.1|REQ-R05-4.A.2.a.1|REQ-R05-4.A.2.a.3|REQ-R05-4.A.2.a.4|REQ-R05-4.A.2.b.1|REQ-R05-4.A.2.b.2|REQ-R05-4.A.2.b.3|REQ-R05-4.A.2.b.6|REQ-R05-4.A.3.b.1|REQ-R05-4.A.4.a.1,REQ-R05-4.A.2.a.4|REQ-R05-4.A.2.b.2|REQ-R05-4.A.4.a.1,"Active Learning|Analyzing Data or Information|Complex Problem Solving|Computers and Electronics|Critical Thinking|Customer and Personal Service|English Language|Evaluating Information to Determine Compliance with Standards|Getting Information|Identifying Objects, Actions, and Events|Interpreting the Meaning of Information for Others|Judging the Qualities of Objects, Services, or People|Making Decisions and Solving Problems|Organizing, Planning, and Prioritizing Work|Reading Comprehension|Thinking Creatively|Updating and Using Relevant Knowledge|Working with Computers",18,3,Essential Skills|Knowledge|Transferable Skills|Work Activities,0.634849,0.111456,63.48,11.15,200,paid,245,Google UX,ไม่หมดอายุ,ไม่มี,core_gap_closure,certification_only|both,3,verified,2026-08-31,ผู้วิจัย (ตรวจด้วยการดึงหน้าเว็บ 31 ส.ค. 2026),,CORPUS-IS68076026-v1.5R-01OCT26,ONET31.0-IS68076026-v1.0,v0.9_core
CRT-R05-04,certification,R05,นักออกแบบ UX/UI,UX/UI & Digital Product Designer,15-1255.00,software,exact,4,IAAP Certified Professional in Accessibility Core Competencies (CPACC),International Association of Accessibility Professionals,vendor_or_body,IAAP,https://www.accessibilityassociation.org/s/certified-professional,vendor_neutral_cert,Intermediate,2,proctored exam,English,ยืนยันความเข้าใจหลักการเข้าถึง กฎหมาย และมาตรฐานสากล ซึ่งเป็นข้อกำหนดของงานภาครัฐ,Accessibility principles|Disability models|Accessibility standards|Universal design|Law and policy,WCAG|Section 508,no,REQ-R05-2.A.1.a|REQ-R05-2.A.2.a|REQ-R05-2.A.2.b|REQ-R05-2.B.2.i|REQ-R05-2.C.3.a|REQ-R05-2.C.7.a|REQ-R05-4.A.1.a.1|REQ-R05-4.A.1.b.1|REQ-R05-4.A.2.a.1|REQ-R05-4.A.2.a.3|REQ-R05-4.A.2.b.1|REQ-R05-4.A.2.b.2|REQ-R05-4.A.2.b.3|REQ-R05-4.A.3.b.1|REQ-R05-4.A.3.b.6,REQ-R05-2.A.1.a|REQ-R05-4.A.2.a.3|REQ-R05-4.A.3.b.6,"Active Learning|Complex Problem Solving|Computers and Electronics|Critical Thinking|Documenting/Recording Information|English Language|Evaluating Information to Determine Compliance with Standards|Getting Information|Identifying Objects, Actions, and Events|Judging the Qualities of Objects, Services, or People|Making Decisions and Solving Problems|Reading Comprehension|Thinking Creatively|Updating and Using Relevant Knowledge|Working with Computers",15,3,Essential Skills|Knowledge|Transferable Skills|Work Activities,0.523126,0.092866,52.31,9.29,80,exam-fee-required,385,CPACC,3,ไม่มี,advanced_or_cert_prep,certification_only|both,2,pending_verification,,,[UNCLEAR] ดึงได้แต่ไม่พบชื่อใบรับรอง ต้องตรวจด้วยตา,CORPUS-IS68076026-v1.5R-01OCT26,ONET31.0-IS68076026-v1.0,v0.9_core
CRT-R05-05,certification,R05,นักออกแบบ UX/UI,UX/UI & Digital Product Designer,15-1255.00,software,exact,5,IAAP Web Accessibility Specialist (WAS),International Association of Accessibility Professionals,vendor_or_body,IAAP,https://www.accessibilityassociation.org/s/wascertification,vendor_neutral_cert,Professional,4,proctored exam,English,ยืนยันความสามารถตรวจสอบและแก้ไขปัญหาการเข้าถึงในระดับเทคนิค เหมาะกับ UX ที่ทำงานใกล้ชิดกับนักพัฒนา,WCAG audit|ARIA|Remediation|Assistive technology|Accessibility reporting,axe|WAVE|NVDA,no,REQ-R05-2.A.1.a|REQ-R05-2.A.1.c|REQ-R05-2.A.2.a|REQ-R05-2.A.2.b|REQ-R05-2.B.2.i|REQ-R05-2.C.3.a|REQ-R05-2.C.7.a|REQ-R05-4.A.1.a.1|REQ-R05-4.A.1.b.1|REQ-R05-4.A.2.a.1|REQ-R05-4.A.2.a.2|REQ-R05-4.A.2.a.3|REQ-R05-4.A.2.a.4|REQ-R05-4.A.2.b.1|REQ-R05-4.A.2.b.3|REQ-R05-4.A.2.b.6|REQ-R05-4.A.3.b.1|REQ-R05-4.A.3.b.6,REQ-R05-2.A.2.a|REQ-R05-4.A.2.a.3|REQ-R05-4.A.3.b.6,"Active Learning|Analyzing Data or Information|Complex Problem Solving|Computers and Electronics|Critical Thinking|Documenting/Recording Information|English Language|Evaluating Information to Determine Compliance with Standards|Getting Information|Identifying Objects, Actions, and Events|Judging the Qualities of Objects, Services, or People|Making Decisions and Solving Problems|Organizing, Planning, and Prioritizing Work|Processing Information|Reading Comprehension|Updating and Using Relevant Knowledge|Working with Computers|Writing",18,3,Essential Skills|Knowledge|Transferable Skills|Work Activities,0.622219,0.090642,62.22,9.06,100,exam-fee-required,545,WAS,3,ประสบการณ์ด้านเว็บ,advanced_or_cert_prep,certification_only|both,2,pending_verification,,,[UNCLEAR] ดึงได้แต่ไม่พบชื่อใบรับรองในหน้า ต้องตรวจด้วยตา,CORPUS-IS68076026-v1.5R-01OCT26,ONET31.0-IS68076026-v1.0,v0.9_core
CRT-R05-06,certification,R05,นักออกแบบ UX/UI,UX/UI & Digital Product Designer,15-1255.00,software,exact,6,HFI Certified Usability Analyst (CUA),Human Factors International,vendor_or_body,HFI,https://humanfactors.com/training/cua_exam.asp,vendor_neutral_cert,Professional,4,proctored exam after training,English,ใบรับรองด้าน usability ที่มีประวัติยาวนาน เน้นการประยุกต์หลักปัจจัยมนุษย์กับการออกแบบจริง,Usability engineering|Human factors|User-centered design process|Usability testing,Usability lab methods,no,REQ-R05-2.A.1.a|REQ-R05-2.A.1.b|REQ-R05-2.A.2.a|REQ-R05-2.A.2.b|REQ-R05-2.B.2.i|REQ-R05-2.C.1.e|REQ-R05-2.C.3.a|REQ-R05-2.C.7.a|REQ-R05-4.A.1.a.1|REQ-R05-4.A.1.b.1|REQ-R05-4.A.2.a.1|REQ-R05-4.A.2.a.2|REQ-R05-4.A.2.a.3|REQ-R05-4.A.2.a.4|REQ-R05-4.A.2.b.1|REQ-R05-4.A.2.b.2|REQ-R05-4.A.2.b.3|REQ-R05-4.A.2.b.6|REQ-R05-4.A.3.b.1,REQ-R05-2.A.1.b|REQ-R05-2.C.1.e|REQ-R05-4.A.2.a.3|REQ-R05-4.A.2.a.4,"Active Learning|Active Listening|Analyzing Data or Information|Complex Problem Solving|Computers and Electronics|Critical Thinking|Customer and Personal Service|English Language|Evaluating Information to Determine Compliance with Standards|Getting Information|Identifying Objects, Actions, and Events|Judging the Qualities of Objects, Services, or People|Making Decisions and Solving Problems|Organizing, Planning, and Prioritizing Work|Processing Information|Reading Comprehension|Thinking Creatively|Updating and Using Relevant Knowledge|Working with Computers",19,4,Essential Skills|Knowledge|Transferable Skills|Work Activities,0.666428,0.129514,66.64,12.95,100,exam-fee-required,3500,CUA,ไม่หมดอายุ,อบรมหลักสูตร HFI,advanced_or_cert_prep,certification_only|both,2,verified,2026-08-31,ผู้วิจัย (ตรวจด้วยการดึงหน้าเว็บ 31 ส.ค. 2026),[FIX 2026-08-31] แก้ URL ตามหน้าปลายทางที่ยืนยันแล้ว,CORPUS-IS68076026-v1.5R-01OCT26,ONET31.0-IS68076026-v1.0,v0.9_core
CRT-R05-07,certification,R05,นักออกแบบ UX/UI,UX/UI & Digital Product Designer,15-1255.00,software,exact,7,HFI Certified User Experience Analyst (CXA),Human Factors International,vendor_or_body,HFI,https://humanfactors.com/hfi-training/certification/cxa_exam.asp,vendor_neutral_cert,Professional,4,proctored exam after training,English,ใบรับรองระดับสูงกว่า CUA ครอบคลุมการออกแบบประสบการณ์ข้ามช่องทางและการวางกลยุทธ์ UX,UX strategy|Omnichannel design|Persuasion engineering|UX metrics,Journey mapping tools,no,REQ-R05-2.A.1.a|REQ-R05-2.A.2.a|REQ-R05-2.A.2.b|REQ-R05-2.B.2.i|REQ-R05-2.B.4.e|REQ-R05-2.C.3.a|REQ-R05-2.C.7.a|REQ-R05-4.A.1.a.1|REQ-R05-4.A.1.b.1|REQ-R05-4.A.2.a.2|REQ-R05-4.A.2.a.4|REQ-R05-4.A.2.b.1|REQ-R05-4.A.2.b.2|REQ-R05-4.A.2.b.3|REQ-R05-4.A.2.b.4|REQ-R05-4.A.2.b.6|REQ-R05-4.A.3.b.1|REQ-R05-4.A.4.a.1,REQ-R05-2.B.4.e|REQ-R05-4.A.2.a.4|REQ-R05-4.A.2.b.4|REQ-R05-4.A.4.a.1,"Active Learning|Analyzing Data or Information|Complex Problem Solving|Computers and Electronics|Critical Thinking|Developing Objectives and Strategies|English Language|Getting Information|Identifying Objects, Actions, and Events|Interpreting the Meaning of Information for Others|Judgment and Decision Making|Making Decisions and Solving Problems|Organizing, Planning, and Prioritizing Work|Processing Information|Reading Comprehension|Thinking Creatively|Updating and Using Relevant Knowledge|Working with Computers",18,4,Essential Skills|Knowledge|Transferable Skills|Work Activities,0.640276,0.134139,64.03,13.41,120,exam-fee-required,4500,CXA,ไม่หมดอายุ,CUA,advanced_or_cert_prep,certification_only|both,2,verified,2026-08-31,ผู้วิจัย (ตรวจด้วยการดึงหน้าเว็บ 31 ส.ค. 2026),[FIX 2026-08-31] แก้ URL ตามหน้าปลายทางที่ยืนยันแล้ว,CORPUS-IS68076026-v1.5R-01OCT26,ONET31.0-IS68076026-v1.0,v0.9_core
CRT-R05-08,certification,R05,นักออกแบบ UX/UI,UX/UI & Digital Product Designer,15-1255.00,software,exact,8,BCS Foundation Certificate in User Experience,"BCS, The Chartered Institute for IT",vendor_or_body,BCS,https://www.bcs.org/qualifications-and-certifications/certifications-for-professionals/user-experience-certifications/,vendor_neutral_cert,Beginner,1,proctored exam,English,ใบรับรองพื้นฐาน UX จากสถาบันวิชาชีพไอทีของสหราชอาณาจักร เป็นที่ยอมรับในองค์กรยุโรปและเอเชีย,UX fundamentals|User research basics|Information architecture|Usability evaluation,Wireframing tools,no,REQ-R05-2.A.1.a|REQ-R05-2.A.1.b|REQ-R05-2.A.2.b|REQ-R05-2.C.1.e|REQ-R05-2.C.3.a|REQ-R05-2.C.7.a|REQ-R05-4.A.1.a.1|REQ-R05-4.A.2.a.1|REQ-R05-4.A.2.a.3|REQ-R05-4.A.2.a.4|REQ-R05-4.A.2.b.2|REQ-R05-4.A.2.b.3|REQ-R05-4.A.3.b.1,REQ-R05-2.A.1.a|REQ-R05-2.A.1.b|REQ-R05-4.A.2.a.4,"Active Learning|Active Listening|Analyzing Data or Information|Computers and Electronics|Customer and Personal Service|English Language|Evaluating Information to Determine Compliance with Standards|Getting Information|Judging the Qualities of Objects, Services, or People|Reading Comprehension|Thinking Creatively|Updating and Using Relevant Knowledge|Working with Computers",13,3,Essential Skills|Knowledge|Work Activities,0.451342,0.099982,45.13,10.00,40,exam-fee-required,250,BCS UX Foundation,ไม่หมดอายุ,ไม่มี,foundation,certification_only|both,2,verified,2026-08-31,ผู้วิจัย (ตรวจด้วยการดึงหน้าเว็บ 31 ส.ค. 2026),,CORPUS-IS68076026-v1.5R-01OCT26,ONET31.0-IS68076026-v1.0,v0.9_core
CRT-R05-09,certification,R05,นักออกแบบ UX/UI,UX/UI & Digital Product Designer,15-1255.00,software,exact,9,Adobe Certified Professional in Visual Design,Adobe / Certiport,vendor_or_body,Certiport,https://certiport.pearsonvue.com/Certifications/Adobe/ACP/Adobe-Certified-Professional.aspx,vendor_cert,Beginner,1,proctored exam,English,ยืนยันทักษะการใช้เครื่องมือ Adobe ในงานออกแบบภาพ ซึ่งยังเป็นข้อกำหนดของงานออกแบบในไทยจำนวนมาก,Adobe Photoshop|Adobe Illustrator|Visual design principles|Asset production,Photoshop|Illustrator,no,REQ-R05-2.A.1.a|REQ-R05-2.A.2.b|REQ-R05-2.C.3.a|REQ-R05-2.C.7.a|REQ-R05-4.A.1.a.1|REQ-R05-4.A.2.b.2|REQ-R05-4.A.2.b.3|REQ-R05-4.A.3.b.1,REQ-R05-4.A.2.b.2|REQ-R05-4.A.3.b.1,Active Learning|Computers and Electronics|English Language|Getting Information|Reading Comprehension|Thinking Creatively|Updating and Using Relevant Knowledge|Working with Computers,8,2,Essential Skills|Knowledge|Work Activities,0.291051,0.082814,29.11,8.28,50,exam-fee-required,150,ACP Visual Design,ไม่หมดอายุ,ไม่มี,foundation,certification_only|both,2,verified,2026-08-31,ผู้วิจัย (ตรวจด้วยการดึงหน้าเว็บ 31 ส.ค. 2026),[FIX 2026-08-31] แก้ URL ตามหน้าปลายทางที่ยืนยันแล้ว,CORPUS-IS68076026-v1.5R-01OCT26,ONET31.0-IS68076026-v1.0,v0.9_core
CRT-R05-10,certification,R05,นักออกแบบ UX/UI,UX/UI & Digital Product Designer,15-1255.00,software,exact,10,Professional Scrum Product Owner I (PSPO I),Scrum.org,vendor_or_body,Scrum.org,https://www.scrum.org/assessments/professional-scrum-product-owner-i-assessment,vendor_neutral_cert,Intermediate,2,online proctored assessment,English,ยืนยันความเข้าใจการจัดลำดับคุณค่าของผลิตภัณฑ์ ช่วยให้นักออกแบบสื่อสารกับทีมพัฒนาและธุรกิจได้ดีขึ้น,Product backlog management|Value maximization|Stakeholder management|Agile product ownership,Scrum|Jira,no,REQ-R05-2.A.1.a|REQ-R05-2.A.1.b|REQ-R05-2.A.1.d|REQ-R05-2.A.2.a|REQ-R05-2.A.2.b|REQ-R05-2.B.2.i|REQ-R05-2.B.4.e|REQ-R05-2.C.1.e|REQ-R05-2.C.3.a|REQ-R05-2.C.7.a|REQ-R05-4.A.1.a.1|REQ-R05-4.A.1.b.1|REQ-R05-4.A.2.a.2|REQ-R05-4.A.2.a.4|REQ-R05-4.A.2.b.1|REQ-R05-4.A.2.b.2|REQ-R05-4.A.2.b.3|REQ-R05-4.A.2.b.4|REQ-R05-4.A.3.b.1|REQ-R05-4.A.4.a.1|REQ-R05-4.A.4.a.2|REQ-R05-4.A.4.a.3|REQ-R05-4.A.4.a.4,REQ-R05-2.B.4.e|REQ-R05-4.A.2.b.4|REQ-R05-4.A.4.a.1|REQ-R05-4.A.4.a.2|REQ-R05-4.A.4.a.4,"Active Learning|Active Listening|Analyzing Data or Information|Communicating with People Outside the Organization|Communicating with Supervisors, Peers, or Subordinates|Complex Problem Solving|Computers and Electronics|Critical Thinking|Customer and Personal Service|Developing Objectives and Strategies|English Language|Establishing and Maintaining Interpersonal Relationships|Getting Information|Identifying Objects, Actions, and Events|Interpreting the Meaning of Information for Others|Judgment and Decision Making|Making Decisions and Solving Problems|Processing Information|Reading Comprehension|Speaking|Thinking Creatively|Updating and Using Relevant Knowledge|Working with Computers",23,5,Essential Skills|Knowledge|Transferable Skills|Work Activities,0.785357,0.159313,78.54,15.93,30,exam-fee-required,200,PSPO I,ไม่หมดอายุ,ไม่มี,advanced_or_cert_prep,certification_only|both,3,pending_verification,,,[FETCH_ERROR] ดึงหน้าไม่ได้ อาจมีระบบกันบอท ต้องตรวจซ้ำด้วยมือ,CORPUS-IS68076026-v1.5R-01OCT26,ONET31.0-IS68076026-v1.0,v0.9_core
CRT-R05-11,certification,R05,นักออกแบบ UX/UI,UX/UI & Digital Product Designer,15-1255.00,software,exact,11,AWS Certified Solutions Architect – Associate,Amazon Web Services,vendor_or_body,AWS Certification,https://aws.amazon.com/certification/certified-solutions-architect-associate/,vendor_cert,Intermediate,2,proctored exam,English,ยืนยันความสามารถออกแบบสถาปัตยกรรมที่ปลอดภัย ทนทาน มีประสิทธิภาพ และคุ้มค่าบน AWS,Cloud architecture|High availability design|Cost optimization|AWS networking|Security design,Amazon EC2|Amazon S3|Amazon VPC|Amazon RDS|AWS IAM,no,REQ-R05-2.B.4.e|REQ-R05-2.C.3.a|REQ-R05-4.A.2.b.1,REQ-R05-2.B.4.e|REQ-R05-2.C.3.a|REQ-R05-4.A.2.b.1,Computers and Electronics|Judgment and Decision Making|Making Decisions and Solving Problems,3,3,Knowledge|Transferable Skills|Work Activities,0.106653,0.106653,10.67,10.67,120,exam-fee-required,150,SAA-C03,3,ประสบการณ์ใช้งาน AWS,advanced_or_cert_prep,certification_only|both,3,verified,2026-08-31,ผู้วิจัย (ตรวจด้วยการดึงหน้าเว็บ 31 ส.ค. 2026),DEC-16 ขยายข้ามบทบาทจาก CRT-R01-02 · คงชื่อ ผู้ให้บริการ URL ชั่วโมง และค่าใช้จ่ายเดิมทุกค่า · ต้องทบทวน mapping ก่อน FREEZE,CORPUS-IS68076026-v1.5R-01OCT26,ONET31.0-IS68076026-v1.0,v1.3_crossrole
CRS-R05-01,course,R05,นักออกแบบ UX/UI,UX/UI & Digital Product Designer,15-1255.00,software,exact,1,Google UX Design Professional Certificate,Google,mooc_platform,Coursera,https://www.coursera.org/professional-certificates/google-ux-design,professional_certificate,Beginner,1,self-paced online,English,ทำกระบวนการออกแบบครบวงจร ตั้งแต่วิจัยผู้ใช้ wireframe prototype จนถึง usability test ได้พอร์ตโฟลิโอ 3 ชิ้น,User research|Wireframing|Prototyping|Usability testing|Figma|Design thinking|Accessibility,Figma|Adobe XD|Miro,yes,REQ-R05-2.A.1.a|REQ-R05-2.A.1.b|REQ-R05-2.A.2.a|REQ-R05-2.A.2.b|REQ-R05-2.B.2.i|REQ-R05-2.C.1.e|REQ-R05-2.C.3.a|REQ-R05-2.C.7.a|REQ-R05-4.A.1.a.1|REQ-R05-4.A.1.b.1|REQ-R05-4.A.2.a.1|REQ-R05-4.A.2.a.3|REQ-R05-4.A.2.a.4|REQ-R05-4.A.2.b.1|REQ-R05-4.A.2.b.2|REQ-R05-4.A.2.b.3|REQ-R05-4.A.2.b.6|REQ-R05-4.A.3.b.1|REQ-R05-4.A.4.a.1,REQ-R05-2.A.1.a|REQ-R05-2.A.1.b|REQ-R05-2.C.1.e|REQ-R05-4.A.2.a.4|REQ-R05-4.A.2.b.2|REQ-R05-4.A.4.a.1,"Active Learning|Active Listening|Analyzing Data or Information|Complex Problem Solving|Computers and Electronics|Critical Thinking|Customer and Personal Service|English Language|Evaluating Information to Determine Compliance with Standards|Getting Information|Identifying Objects, Actions, and Events|Interpreting the Meaning of Information for Others|Judging the Qualities of Objects, Services, or People|Making Decisions and Solving Problems|Organizing, Planning, and Prioritizing Work|Reading Comprehension|Thinking Creatively|Updating and Using Relevant Knowledge|Working with Computers",19,6,Essential Skills|Knowledge|Transferable Skills|Work Activities,0.664915,0.206635,66.49,20.66,200,paid,245,,,ไม่มี,core_gap_closure,course_only|both,3,verified,2026-08-31,ผู้วิจัย (ตรวจด้วยการดึงหน้าเว็บ 31 ส.ค. 2026),,CORPUS-IS68076026-v1.5R-01OCT26,ONET31.0-IS68076026-v1.0,v0.9_core
CRS-R05-02,course,R05,นักออกแบบ UX/UI,UX/UI & Digital Product Designer,15-1255.00,software,exact,2,UI / UX Design Specialization,California Institute of the Arts,mooc_platform,Coursera,https://www.coursera.org/specializations/ui-ux-design,specialization,Beginner,1,self-paced online,English,เข้าใจหลักการออกแบบเชิงภาพและการออกแบบส่วนติดต่อ ตั้งแต่ visual hierarchy จนถึง design system,Visual design|Typography|Design systems|Interface design|Prototyping,Figma|Adobe Illustrator,yes,REQ-R05-2.A.1.a|REQ-R05-2.A.2.a|REQ-R05-2.A.2.b|REQ-R05-2.B.2.i|REQ-R05-2.C.3.a|REQ-R05-2.C.7.a|REQ-R05-4.A.1.a.1|REQ-R05-4.A.1.b.1|REQ-R05-4.A.2.a.1|REQ-R05-4.A.2.b.1|REQ-R05-4.A.2.b.2|REQ-R05-4.A.2.b.3|REQ-R05-4.A.2.b.6|REQ-R05-4.A.3.b.1,REQ-R05-2.C.3.a|REQ-R05-4.A.2.a.1|REQ-R05-4.A.2.b.2,"Active Learning|Complex Problem Solving|Computers and Electronics|Critical Thinking|English Language|Getting Information|Identifying Objects, Actions, and Events|Judging the Qualities of Objects, Services, or People|Making Decisions and Solving Problems|Organizing, Planning, and Prioritizing Work|Reading Comprehension|Thinking Creatively|Updating and Using Relevant Knowledge|Working with Computers",14,3,Essential Skills|Knowledge|Transferable Skills|Work Activities,0.499020,0.104518,49.90,10.45,100,paid,245,,,ไม่มี,foundation,course_only|both,3,verified,2026-08-31,ผู้วิจัย (ตรวจด้วยการดึงหน้าเว็บ 31 ส.ค. 2026),,CORPUS-IS68076026-v1.5R-01OCT26,ONET31.0-IS68076026-v1.0,v0.9_core
CRS-R05-03,course,R05,นักออกแบบ UX/UI,UX/UI & Digital Product Designer,15-1255.00,software,exact,3,Interaction Design Specialization,University of California San Diego,mooc_platform,Coursera,https://www.coursera.org/specializations/interaction-design,specialization,Intermediate,2,self-paced online,English,"ออกแบบปฏิสัมพันธ์บนพื้นฐานงานวิจัย HCI ทั้งการทำ needfinding, prototyping และการประเมินเชิงทดลอง",Human-computer interaction|Needfinding|Rapid prototyping|Heuristic evaluation|Design research,Figma|Prototyping tools,yes,REQ-R05-2.A.1.a|REQ-R05-2.A.1.b|REQ-R05-2.A.2.a|REQ-R05-2.A.2.b|REQ-R05-2.B.2.i|REQ-R05-2.C.3.a|REQ-R05-2.C.7.a|REQ-R05-4.A.1.a.1|REQ-R05-4.A.1.b.1|REQ-R05-4.A.2.a.1|REQ-R05-4.A.2.a.3|REQ-R05-4.A.2.a.4|REQ-R05-4.A.2.b.1|REQ-R05-4.A.2.b.2|REQ-R05-4.A.2.b.3|REQ-R05-4.A.2.b.6|REQ-R05-4.A.3.b.1|REQ-R05-4.A.4.a.1,REQ-R05-2.A.1.b|REQ-R05-2.A.2.a|REQ-R05-4.A.2.a.3|REQ-R05-4.A.2.a.4|REQ-R05-4.A.4.a.1,"Active Learning|Active Listening|Analyzing Data or Information|Complex Problem Solving|Computers and Electronics|Critical Thinking|English Language|Evaluating Information to Determine Compliance with Standards|Getting Information|Identifying Objects, Actions, and Events|Interpreting the Meaning of Information for Others|Judging the Qualities of Objects, Services, or People|Making Decisions and Solving Problems|Organizing, Planning, and Prioritizing Work|Reading Comprehension|Thinking Creatively|Updating and Using Relevant Knowledge|Working with Computers",18,5,Essential Skills|Knowledge|Transferable Skills|Work Activities,0.633159,0.165272,63.32,16.53,150,paid,245,,,พื้นฐานการออกแบบ,advanced_or_cert_prep,course_only|both,3,verified,2026-08-31,ผู้วิจัย (ตรวจด้วยการดึงหน้าเว็บ 31 ส.ค. 2026),,CORPUS-IS68076026-v1.5R-01OCT26,ONET31.0-IS68076026-v1.0,v0.9_core
CRS-R05-04,course,R05,นักออกแบบ UX/UI,UX/UI & Digital Product Designer,15-1255.00,software,exact,4,User Experience Research and Design Specialization,University of Michigan,mooc_platform,Coursera,https://www.coursera.org/specializations/michiganux,specialization,Intermediate,2,self-paced online,English,ทำวิจัยผู้ใช้อย่างมีระเบียบวิธี ทั้งเชิงคุณภาพและปริมาณ แล้วแปลงผลวิจัยเป็นข้อกำหนดการออกแบบ,UX research methods|Qualitative analysis|Survey design|Persona development|Design evaluation,Figma|Qualtrics|Miro,yes,REQ-R05-2.A.1.a|REQ-R05-2.A.1.b|REQ-R05-2.A.2.a|REQ-R05-2.A.2.b|REQ-R05-2.B.2.i|REQ-R05-2.C.1.e|REQ-R05-2.C.3.a|REQ-R05-2.C.7.a|REQ-R05-4.A.1.a.1|REQ-R05-4.A.1.b.1|REQ-R05-4.A.2.a.1|REQ-R05-4.A.2.a.2|REQ-R05-4.A.2.a.3|REQ-R05-4.A.2.a.4|REQ-R05-4.A.2.b.1|REQ-R05-4.A.2.b.2|REQ-R05-4.A.2.b.3|REQ-R05-4.A.2.b.6|REQ-R05-4.A.3.b.1|REQ-R05-4.A.3.b.6|REQ-R05-4.A.4.a.1,REQ-R05-2.A.1.b|REQ-R05-4.A.1.a.1|REQ-R05-4.A.2.a.2|REQ-R05-4.A.2.a.4|REQ-R05-4.A.3.b.6|REQ-R05-4.A.4.a.1,"Active Learning|Active Listening|Analyzing Data or Information|Complex Problem Solving|Computers and Electronics|Critical Thinking|Customer and Personal Service|Documenting/Recording Information|English Language|Evaluating Information to Determine Compliance with Standards|Getting Information|Identifying Objects, Actions, and Events|Interpreting the Meaning of Information for Others|Judging the Qualities of Objects, Services, or People|Making Decisions and Solving Problems|Organizing, Planning, and Prioritizing Work|Processing Information|Reading Comprehension|Thinking Creatively|Updating and Using Relevant Knowledge|Working with Computers",21,6,Essential Skills|Knowledge|Transferable Skills|Work Activities,0.731185,0.211795,73.12,21.18,140,paid,245,,,ไม่มี,core_gap_closure,course_only|both,3,verified,2026-08-31,ผู้วิจัย (ตรวจด้วยการดึงหน้าเว็บ 31 ส.ค. 2026),,CORPUS-IS68076026-v1.5R-01OCT26,ONET31.0-IS68076026-v1.0,v0.9_core
CRS-R05-05,course,R05,นักออกแบบ UX/UI,UX/UI & Digital Product Designer,15-1255.00,software,exact,5,Design Thinking for Innovation,University of Virginia,mooc_platform,Coursera,https://www.coursera.org/learn/uva-darden-design-thinking-innovation,single_course,Beginner,1,self-paced online,English,ใช้กรอบ design thinking ตั้งคำถามกับปัญหา สร้างทางเลือก และทดสอบสมมติฐานกับผู้ใช้จริง,Design thinking|Problem framing|Ideation|Hypothesis testing|Stakeholder empathy,Miro|Journey mapping,no,REQ-R05-2.A.1.a|REQ-R05-2.A.1.b|REQ-R05-2.A.1.d|REQ-R05-2.A.2.b|REQ-R05-2.B.2.i|REQ-R05-2.C.1.e|REQ-R05-2.C.3.a|REQ-R05-2.C.7.a|REQ-R05-4.A.1.a.1|REQ-R05-4.A.2.a.1|REQ-R05-4.A.2.a.3|REQ-R05-4.A.2.b.2|REQ-R05-4.A.2.b.3|REQ-R05-4.A.2.b.4|REQ-R05-4.A.3.b.1|REQ-R05-4.A.4.a.1|REQ-R05-4.A.4.a.2|REQ-R05-4.A.4.a.3|REQ-R05-4.A.4.a.4,REQ-R05-2.A.1.b|REQ-R05-2.B.2.i|REQ-R05-4.A.2.b.2|REQ-R05-4.A.2.b.4|REQ-R05-4.A.4.a.1,"Active Learning|Active Listening|Communicating with People Outside the Organization|Communicating with Supervisors, Peers, or Subordinates|Complex Problem Solving|Computers and Electronics|Customer and Personal Service|Developing Objectives and Strategies|English Language|Establishing and Maintaining Interpersonal Relationships|Evaluating Information to Determine Compliance with Standards|Getting Information|Interpreting the Meaning of Information for Others|Judging the Qualities of Objects, Services, or People|Reading Comprehension|Speaking|Thinking Creatively|Updating and Using Relevant Knowledge|Working with Computers",19,5,Essential Skills|Knowledge|Transferable Skills|Work Activities,0.629958,0.165095,63.00,16.51,15,paid,49,,,ไม่มี,foundation,course_only|both,3,verified,2026-08-31,ผู้วิจัย (ตรวจด้วยการดึงหน้าเว็บ 31 ส.ค. 2026),,CORPUS-IS68076026-v1.5R-01OCT26,ONET31.0-IS68076026-v1.0,v0.9_core
CRS-R05-06,course,R05,นักออกแบบ UX/UI,UX/UI & Digital Product Designer,15-1255.00,software,exact,6,Figma Learn – Design Fundamentals,Figma,vendor_or_body,Figma Learn,https://help.figma.com/hc/en-us/categories/360002042553,single_course,Beginner,1,self-paced online,English,"ใช้ Figma ซึ่งเป็นเครื่องมือมาตรฐานของอุตสาหกรรมได้คล่อง ทั้ง auto layout, component และ prototyping",Figma|Auto layout|Components and variants|Prototyping|Design handoff,Figma|FigJam,yes,REQ-R05-2.A.1.a|REQ-R05-2.A.2.a|REQ-R05-2.A.2.b|REQ-R05-2.B.2.i|REQ-R05-2.C.3.a|REQ-R05-2.C.7.a|REQ-R05-4.A.1.a.1|REQ-R05-4.A.1.b.1|REQ-R05-4.A.2.b.1|REQ-R05-4.A.2.b.2|REQ-R05-4.A.2.b.3|REQ-R05-4.A.3.b.1|REQ-R05-4.A.4.a.2,REQ-R05-4.A.2.b.2|REQ-R05-4.A.3.b.1|REQ-R05-4.A.4.a.2,"Active Learning|Communicating with Supervisors, Peers, or Subordinates|Complex Problem Solving|Computers and Electronics|Critical Thinking|English Language|Getting Information|Identifying Objects, Actions, and Events|Making Decisions and Solving Problems|Reading Comprehension|Thinking Creatively|Updating and Using Relevant Knowledge|Working with Computers",13,3,Essential Skills|Knowledge|Transferable Skills|Work Activities,0.466553,0.116527,46.66,11.65,20,free,0,,,ไม่มี,foundation,course_only|both,3,verified,2026-08-31,ผู้วิจัย (ตรวจด้วยการดึงหน้าเว็บ 31 ส.ค. 2026),,CORPUS-IS68076026-v1.5R-01OCT26,ONET31.0-IS68076026-v1.0,v0.9_core
CRS-R05-07,course,R05,นักออกแบบ UX/UI,UX/UI & Digital Product Designer,15-1255.00,software,exact,7,Interaction Design Foundation – UX Design Course Bundle,Interaction Design Foundation,vendor_or_body,IxDF,https://ixdf.org/courses,specialization,Intermediate,2,self-paced online,English,หลักสูตรจากสถาบันออกแบบที่ได้รับการยอมรับระดับสากล ครอบคลุม UX ตั้งแต่ทฤษฎีถึงการปฏิบัติ,UX design process|Information architecture|Interaction design|Accessibility|Design psychology,Figma|Sketch,yes,REQ-R05-2.A.1.a|REQ-R05-2.A.2.a|REQ-R05-2.A.2.b|REQ-R05-2.B.2.i|REQ-R05-2.C.3.a|REQ-R05-2.C.7.a|REQ-R05-4.A.1.a.1|REQ-R05-4.A.1.b.1|REQ-R05-4.A.2.a.2|REQ-R05-4.A.2.a.4|REQ-R05-4.A.2.b.1|REQ-R05-4.A.2.b.2|REQ-R05-4.A.2.b.3|REQ-R05-4.A.2.b.6|REQ-R05-4.A.3.b.1|REQ-R05-4.A.4.a.1,REQ-R05-2.A.1.a|REQ-R05-2.A.2.a|REQ-R05-4.A.2.a.4|REQ-R05-4.A.4.a.1,"Active Learning|Analyzing Data or Information|Complex Problem Solving|Computers and Electronics|Critical Thinking|English Language|Getting Information|Identifying Objects, Actions, and Events|Interpreting the Meaning of Information for Others|Making Decisions and Solving Problems|Organizing, Planning, and Prioritizing Work|Processing Information|Reading Comprehension|Thinking Creatively|Updating and Using Relevant Knowledge|Working with Computers",16,4,Essential Skills|Knowledge|Transferable Skills|Work Activities,0.579077,0.137430,57.91,13.74,120,low-cost,192,,,ไม่มี,core_gap_closure,course_only|both,2,verified,2026-08-31,ผู้วิจัย (ตรวจด้วยการดึงหน้าเว็บ 31 ส.ค. 2026),แก้ URL ตามการเปลี่ยนเส้นทางที่ยืนยันแล้วเมื่อ 2026-08-31,CORPUS-IS68076026-v1.5R-01OCT26,ONET31.0-IS68076026-v1.0,v0.9_core
CRS-R05-08,course,R05,นักออกแบบ UX/UI,UX/UI & Digital Product Designer,15-1255.00,software,exact,8,Web Accessibility by Google,Google,mooc_platform,Udacity,https://www.udacity.com/course/web-accessibility--ud891,single_course,Intermediate,2,self-paced online,English,ออกแบบให้ทุกคนใช้ได้จริงตามมาตรฐาน WCAG ซึ่งเป็นข้อกำหนดของภาครัฐและองค์กรขนาดใหญ่,WCAG|Inclusive design|ARIA|Screen reader testing|Color contrast,Lighthouse|axe DevTools,no,REQ-R05-2.A.1.a|REQ-R05-2.A.2.a|REQ-R05-2.A.2.b|REQ-R05-2.B.2.i|REQ-R05-2.C.3.a|REQ-R05-2.C.7.a|REQ-R05-4.A.1.a.1|REQ-R05-4.A.1.b.1|REQ-R05-4.A.2.a.1|REQ-R05-4.A.2.a.3|REQ-R05-4.A.2.b.1|REQ-R05-4.A.2.b.2|REQ-R05-4.A.2.b.3|REQ-R05-4.A.3.b.1,REQ-R05-2.A.1.a|REQ-R05-4.A.2.a.3,"Active Learning|Complex Problem Solving|Computers and Electronics|Critical Thinking|English Language|Evaluating Information to Determine Compliance with Standards|Getting Information|Identifying Objects, Actions, and Events|Judging the Qualities of Objects, Services, or People|Making Decisions and Solving Problems|Reading Comprehension|Thinking Creatively|Updating and Using Relevant Knowledge|Working with Computers",14,2,Essential Skills|Knowledge|Transferable Skills|Work Activities,0.494750,0.064490,49.48,6.45,30,free,0,,,พื้นฐานเว็บ,core_gap_closure,course_only|both,2,verified,2026-08-31,ผู้วิจัย (ตรวจด้วยการดึงหน้าเว็บ 31 ส.ค. 2026),,CORPUS-IS68076026-v1.5R-01OCT26,ONET31.0-IS68076026-v1.0,v0.9_core
CRS-R05-09,course,R05,นักออกแบบ UX/UI,UX/UI & Digital Product Designer,15-1255.00,software,exact,9,Meta Front-End Developer Professional Certificate,Meta,mooc_platform,Coursera,https://www.coursera.org/professional-certificates/meta-front-end-developer,professional_certificate,Beginner,1,self-paced online,English,ปิดช่องว่างด้านการเขียนโค้ดให้นักออกแบบ สื่อสารกับนักพัฒนาได้ และทำ prototype ที่ใช้งานได้จริง,HTML|CSS|JavaScript|React|Design-to-code handoff|Responsive design,React|Figma|Git,yes,REQ-R05-2.A.1.a|REQ-R05-2.A.1.b|REQ-R05-2.A.1.d|REQ-R05-2.A.2.a|REQ-R05-2.A.2.b|REQ-R05-2.B.2.i|REQ-R05-2.B.3.e|REQ-R05-2.C.3.a|REQ-R05-2.C.7.a|REQ-R05-4.A.1.a.1|REQ-R05-4.A.1.b.1|REQ-R05-4.A.2.b.1|REQ-R05-4.A.2.b.2|REQ-R05-4.A.2.b.3|REQ-R05-4.A.2.b.6|REQ-R05-4.A.3.b.1|REQ-R05-4.A.4.a.1|REQ-R05-4.A.4.a.2|REQ-R05-4.A.4.a.3|REQ-R05-4.A.4.a.4,REQ-R05-2.B.3.e|REQ-R05-2.C.3.a|REQ-R05-4.A.4.a.2,"Active Learning|Active Listening|Communicating with People Outside the Organization|Communicating with Supervisors, Peers, or Subordinates|Complex Problem Solving|Computers and Electronics|Critical Thinking|English Language|Establishing and Maintaining Interpersonal Relationships|Getting Information|Identifying Objects, Actions, and Events|Interpreting the Meaning of Information for Others|Making Decisions and Solving Problems|Organizing, Planning, and Prioritizing Work|Programming|Reading Comprehension|Speaking|Thinking Creatively|Updating and Using Relevant Knowledge|Working with Computers",20,3,Essential Skills|Knowledge|Transferable Skills|Work Activities,0.682261,0.097847,68.23,9.78,160,paid,245,,,ไม่มี,advanced_or_cert_prep,course_only|both,3,verified,2026-08-31,ผู้วิจัย (ตรวจด้วยการดึงหน้าเว็บ 31 ส.ค. 2026),,CORPUS-IS68076026-v1.5R-01OCT26,ONET31.0-IS68076026-v1.0,v0.9_core
CRS-R05-10,course,R05,นักออกแบบ UX/UI,UX/UI & Digital Product Designer,15-1255.00,software,exact,10,Digital Product Management Specialization,University of Virginia,mooc_platform,Coursera,https://www.coursera.org/specializations/uva-darden-digital-product-management,specialization,Intermediate,2,self-paced online,English,เชื่อมงานออกแบบกับเป้าหมายธุรกิจ กำหนดตัวชี้วัดผลิตภัณฑ์ และจัดลำดับความสำคัญของฟีเจอร์,Product management|Customer discovery|Prioritization|Product metrics|Agile product development,Jira|Analytics tools,no,REQ-R05-2.A.1.a|REQ-R05-2.A.2.a|REQ-R05-2.A.2.b|REQ-R05-2.B.2.i|REQ-R05-2.B.4.e|REQ-R05-2.C.1.e|REQ-R05-2.C.3.a|REQ-R05-2.C.7.a|REQ-R05-4.A.1.a.1|REQ-R05-4.A.1.b.1|REQ-R05-4.A.2.a.2|REQ-R05-4.A.2.a.4|REQ-R05-4.A.2.b.1|REQ-R05-4.A.2.b.2|REQ-R05-4.A.2.b.3|REQ-R05-4.A.2.b.4|REQ-R05-4.A.2.b.6|REQ-R05-4.A.3.b.1|REQ-R05-4.A.4.a.1,REQ-R05-2.B.4.e|REQ-R05-2.C.1.e|REQ-R05-4.A.2.a.4|REQ-R05-4.A.2.b.4|REQ-R05-4.A.2.b.6|REQ-R05-4.A.4.a.1,"Active Learning|Analyzing Data or Information|Complex Problem Solving|Computers and Electronics|Critical Thinking|Customer and Personal Service|Developing Objectives and Strategies|English Language|Getting Information|Identifying Objects, Actions, and Events|Interpreting the Meaning of Information for Others|Judgment and Decision Making|Making Decisions and Solving Problems|Organizing, Planning, and Prioritizing Work|Processing Information|Reading Comprehension|Thinking Creatively|Updating and Using Relevant Knowledge|Working with Computers",19,6,Essential Skills|Knowledge|Transferable Skills|Work Activities,0.672032,0.201298,67.20,20.13,90,paid,245,,,ไม่มี,advanced_or_cert_prep,course_only|both,3,verified,2026-08-31,ผู้วิจัย (ตรวจด้วยการดึงหน้าเว็บ 31 ส.ค. 2026),,CORPUS-IS68076026-v1.5R-01OCT26,ONET31.0-IS68076026-v1.0,v0.9_core
CRS-R05-11,course,R05,นักออกแบบ UX/UI,UX/UI & Digital Product Designer,15-1255.00,software,exact,11,Conduct UX Research and Test Early Concepts,Google,mooc_platform,Coursera,https://www.coursera.org/learn/conduct-ux-research,single_course,Beginner,1,self-paced online,English,วางแผนและดำเนินการวิจัยผู้ใช้ สังเกตพฤติกรรมระหว่างการทดสอบ เฝ้าติดตามสัญญาณปัญหาการใช้งาน และสรุปผลเป็นข้อเสนอแนะ,Usability testing|User research|Observation|Synthesis of findings,Figma|UsabilityHub,yes,REQ-R05-4.A.1.a.2,REQ-R05-4.A.1.a.2,"Monitoring Processes, Materials, or Surroundings",1,1,Work Activities,0.032290,0.032290,3.23,3.23,24,low-cost,49,,,,core_gap_closure,course_only|both,2,verified,2026-08-31,ผู้วิจัย (ตรวจด้วยการดึงหน้าเว็บ 31 ส.ค. 2026),ปิดช่องว่างการเฝ้าระวังในบริบทงานออกแบบตาม DEC-09 · ยืนยันการมีอยู่ของแหล่งข้อมูลด้วยการค้นเว็บเมื่อ 2026-08-31,CORPUS-IS68076026-v1.5R-01OCT26,ONET31.0-IS68076026-v1.0,v1.0_gap_closure
CRS-R05-12,course,R05,นักออกแบบ UX/UI,UX/UI & Digital Product Designer,15-1255.00,software,exact,12,Improving Communication Skills,University of Pennsylvania (Wharton),mooc_platform,Coursera,https://www.coursera.org/learn/wharton-communication-skills,single_course,Beginner,1,self-paced online,English,สื่อสารเชิงวิชาชีพอย่างมีประสิทธิผล ฟังอย่างตั้งใจ ตีความสารของผู้อื่น สร้างความไว้วางใจ และสื่อสารกับผู้มีส่วนได้เสียทั้งในและนอกองค์กร,Active listening|Professional communication|Stakeholder communication|Building trust|Persuasion,,no,REQ-R05-2.A.1.b|REQ-R05-2.A.1.d|REQ-R05-4.A.4.a.1|REQ-R05-4.A.4.a.2|REQ-R05-4.A.4.a.3|REQ-R05-4.A.4.a.4,REQ-R05-2.A.1.b|REQ-R05-2.A.1.d|REQ-R05-4.A.4.a.1|REQ-R05-4.A.4.a.2|REQ-R05-4.A.4.a.3|REQ-R05-4.A.4.a.4,"Active Listening|Communicating with People Outside the Organization|Communicating with Supervisors, Peers, or Subordinates|Establishing and Maintaining Interpersonal Relationships|Interpreting the Meaning of Information for Others|Speaking",6,6,Essential Skills|Work Activities,0.185109,0.185109,18.51,18.51,10,low-cost,49,,,,core_gap_closure,course_only|both,2,verified,2026-08-31,ผู้วิจัย (ตรวจด้วยการดึงหน้าเว็บ 31 ส.ค. 2026),DEC-16 ขยายข้ามบทบาทจาก CRS-R07-11 · คงชื่อ ผู้ให้บริการ URL ชั่วโมง และค่าใช้จ่ายเดิมทุกค่า · ต้องทบทวน mapping ก่อน FREEZE,CORPUS-IS68076026-v1.5R-01OCT26,ONET31.0-IS68076026-v1.0,v1.3_crossrole
CRS-R05-13,course,R05,นักออกแบบ UX/UI,UX/UI & Digital Product Designer,15-1255.00,software,exact,13,Google Technical Writing Courses (One and Two),Google,vendor_or_body,Google for Developers,https://developers.google.com/tech-writing,single_course,Beginner,1,self-paced online,English,เขียนเอกสารทางเทคนิคที่ถูกต้องและอ่านเข้าใจง่าย จัดโครงสร้างเอกสาร บันทึกขั้นตอนการทำงาน และทบทวนงานเขียนของผู้อื่น,Technical writing|Documentation structure|Editing|Recording procedures,,no,REQ-R05-2.A.1.c|REQ-R05-4.A.3.b.6,REQ-R05-2.A.1.c|REQ-R05-4.A.3.b.6,Documenting/Recording Information|Writing,2,2,Essential Skills|Work Activities,0.056129,0.056129,5.61,5.61,16,free,0,,,,core_gap_closure,course_only|both,2,verified,2026-08-31,ผู้วิจัย (ตรวจด้วยการดึงหน้าเว็บ 31 ส.ค. 2026),DEC-16 ขยายข้ามบทบาทจาก CRS-R06-12 · คงชื่อ ผู้ให้บริการ URL ชั่วโมง และค่าใช้จ่ายเดิมทุกค่า · ต้องทบทวน mapping ก่อน FREEZE,CORPUS-IS68076026-v1.5R-01OCT26,ONET31.0-IS68076026-v1.0,v1.3_crossrole
CRT-R06-01,certification,R06,นักวิทยาศาสตร์ข้อมูล,Data Scientist,15-2051.00,data,exact,1,Databricks Certified Machine Learning Professional,Databricks,vendor_or_body,Databricks,https://www.databricks.com/learn/certification/machine-learning-professional,vendor_cert,Advanced,3,proctored exam,English,สร้างและนำโมเดลขึ้นใช้งานจริงบน Lakehouse จัดการ feature store การติดตามการทดลอง และการเฝ้าระวังโมเดล,MLflow|Feature engineering at scale|Model deployment|Model monitoring|Lakehouse ML,Databricks|MLflow|Spark MLlib,no,REQ-R06-2.A.1.a|REQ-R06-2.A.1.e|REQ-R06-2.A.2.a|REQ-R06-2.A.2.b|REQ-R06-2.B.2.i|REQ-R06-2.B.3.e|REQ-R06-2.C.3.a|REQ-R06-2.C.7.a|REQ-R06-4.A.1.a.1|REQ-R06-4.A.1.b.1|REQ-R06-4.A.2.a.2|REQ-R06-4.A.2.a.4|REQ-R06-4.A.2.b.1|REQ-R06-4.A.2.b.2|REQ-R06-4.A.2.b.3|REQ-R06-4.A.2.b.6|REQ-R06-4.A.3.b.1,REQ-R06-2.A.1.e|REQ-R06-2.B.3.e|REQ-R06-4.A.2.a.4,"Active Learning|Analyzing Data or Information|Complex Problem Solving|Computers and Electronics|Critical Thinking|English Language|Getting Information|Identifying Objects, Actions, and Events|Making Decisions and Solving Problems|Mathematics|Organizing, Planning, and Prioritizing Work|Processing Information|Programming|Reading Comprehension|Thinking Creatively|Updating and Using Relevant Knowledge|Working with Computers",17,3,Essential Skills|Knowledge|Transferable Skills|Work Activities,0.594402,0.111273,59.44,11.13,90,exam-fee-required,200,Databricks ML Professional,2,ประสบการณ์งานแมชชีนเลิร์นนิงบน Databricks,advanced_or_cert_prep,certification_only|both,3,verified,2026-08-31,ผู้วิจัย (ตรวจด้วยการดึงหน้าเว็บ 31 ส.ค. 2026),"[REPLACE 2026-08-31] แทนที่ ""Microsoft Certified: Azure Data Scientist Associate"" ซึ่งผู้ให้บริการยกเลิกแล้ว · แทน DP-100 ที่ Microsoft ยกเลิก · เป็นใบรับรองระดับสูงสายวิทยาศาสตร์ข้อมูลที่ยังเปิดสอบ · คง competency mapping เดิมไว้เพราะเป็นรายการทดแทนในสายสมรรถนะเดียวกัน ต้องทบทวน mapping อีกครั้งก่อนตรึง",CORPUS-IS68076026-v1.5R-01OCT26,ONET31.0-IS68076026-v1.0,v0.9_core
CRT-R06-02,certification,R06,นักวิทยาศาสตร์ข้อมูล,Data Scientist,15-2051.00,data,exact,2,AWS Certified Machine Learning Engineer – Associate,Amazon Web Services,vendor_or_body,AWS Certification,https://aws.amazon.com/certification/certified-machine-learning-engineer-associate/,vendor_cert,Intermediate,2,proctored exam,English,ยืนยันความสามารถสร้าง deploy และดูแลโมเดล ML บน AWS ตามแนวปฏิบัติของงานจริง,SageMaker|Feature engineering|Model deployment|ML pipeline|Monitoring,Amazon SageMaker|AWS Glue|CloudWatch,no,REQ-R06-2.A.1.a|REQ-R06-2.A.2.a|REQ-R06-2.A.2.b|REQ-R06-2.A.2.d|REQ-R06-2.B.2.i|REQ-R06-2.B.3.e|REQ-R06-2.C.3.a|REQ-R06-2.C.7.a|REQ-R06-4.A.1.a.1|REQ-R06-4.A.1.b.1|REQ-R06-4.A.2.a.4|REQ-R06-4.A.2.b.1|REQ-R06-4.A.2.b.3|REQ-R06-4.A.2.b.6|REQ-R06-4.A.3.b.1,REQ-R06-2.B.3.e|REQ-R06-2.C.3.a|REQ-R06-4.A.2.a.4,"Active Learning|Analyzing Data or Information|Complex Problem Solving|Computers and Electronics|Critical Thinking|English Language|Getting Information|Identifying Objects, Actions, and Events|Making Decisions and Solving Problems|Monitoring|Organizing, Planning, and Prioritizing Work|Programming|Reading Comprehension|Updating and Using Relevant Knowledge|Working with Computers",15,3,Essential Skills|Knowledge|Transferable Skills|Work Activities,0.511376,0.110071,51.14,11.01,120,exam-fee-required,150,MLA-C01,3,ประสบการณ์ ML บน AWS 1 ปี,advanced_or_cert_prep,certification_only|both,3,verified,2026-08-31,ผู้วิจัย (ตรวจด้วยการดึงหน้าเว็บ 31 ส.ค. 2026),,CORPUS-IS68076026-v1.5R-01OCT26,ONET31.0-IS68076026-v1.0,v0.9_core
CRT-R06-03,certification,R06,นักวิทยาศาสตร์ข้อมูล,Data Scientist,15-2051.00,data,exact,3,AWS Certified Generative AI Developer – Professional,Amazon Web Services,vendor_or_body,AWS Certification,https://aws.amazon.com/certification/certified-generative-ai-developer-professional/,vendor_cert,Professional,4,proctored exam,English,ออกแบบและพัฒนาโซลูชัน generative AI บน AWS ตั้งแต่การเลือกโมเดล การทำ RAG ไปจนถึงการประเมินและกำกับดูแล,Generative AI solution design|RAG|Model evaluation|Responsible AI|Prompt engineering,Amazon Bedrock|Amazon SageMaker|LangChain,no,REQ-R06-2.A.1.a|REQ-R06-2.A.1.e|REQ-R06-2.A.2.a|REQ-R06-2.A.2.b|REQ-R06-2.B.2.i|REQ-R06-2.B.4.e|REQ-R06-2.C.3.a|REQ-R06-2.C.7.a|REQ-R06-4.A.1.a.1|REQ-R06-4.A.1.b.1|REQ-R06-4.A.1.b.3|REQ-R06-4.A.2.a.2|REQ-R06-4.A.2.a.4|REQ-R06-4.A.2.b.1|REQ-R06-4.A.2.b.2|REQ-R06-4.A.2.b.3|REQ-R06-4.A.2.b.6|REQ-R06-4.A.3.b.1,REQ-R06-2.A.1.e|REQ-R06-2.B.4.e|REQ-R06-4.A.2.a.4,"Active Learning|Analyzing Data or Information|Complex Problem Solving|Computers and Electronics|Critical Thinking|English Language|Estimating the Quantifiable Characteristics of Products, Events, or Information|Getting Information|Identifying Objects, Actions, and Events|Judgment and Decision Making|Making Decisions and Solving Problems|Mathematics|Organizing, Planning, and Prioritizing Work|Processing Information|Reading Comprehension|Thinking Creatively|Updating and Using Relevant Knowledge|Working with Computers",18,3,Essential Skills|Knowledge|Transferable Skills|Work Activities,0.618872,0.108096,61.89,10.81,150,exam-fee-required,300,AIP-C01,3,ประสบการณ์พัฒนาโซลูชัน AI บน AWS,advanced_or_cert_prep,certification_only|both,3,verified,2026-08-31,ผู้วิจัย (ตรวจด้วยการดึงหน้าเว็บ 31 ส.ค. 2026),"[REPLACE 2026-08-31] แทนที่ ""AWS Certified Machine Learning – Specialty"" ซึ่งผู้ให้บริการยกเลิกแล้ว · แทน AWS Certified Machine Learning Specialty ที่หมดอายุ 31 มี.ค. 2026 · AWS ประกาศชุดใบรับรอง AI ใหม่แทน · คง competency mapping เดิมไว้เพราะเป็นรายการทดแทนในสายสมรรถนะเดียวกัน ต้องทบทวน mapping อีกครั้งก่อนตรึง",CORPUS-IS68076026-v1.5R-01OCT26,ONET31.0-IS68076026-v1.0,v0.9_core
CRT-R06-04,certification,R06,นักวิทยาศาสตร์ข้อมูล,Data Scientist,15-2051.00,data,exact,4,Google Cloud Professional Machine Learning Engineer,Google Cloud,vendor_or_body,Google Cloud Certification,https://cloud.google.com/learn/certification/machine-learning-engineer,vendor_cert,Advanced,3,proctored exam,English,ยืนยันความสามารถออกแบบและทำให้ระบบ ML ทำงานได้จริงในระดับ production บน Google Cloud,Vertex AI|ML pipeline design|Model monitoring|Responsible AI|Feature store,Vertex AI|BigQuery ML|TensorFlow,no,REQ-R06-2.A.1.a|REQ-R06-2.A.2.a|REQ-R06-2.A.2.b|REQ-R06-2.A.2.d|REQ-R06-2.B.2.i|REQ-R06-2.B.3.e|REQ-R06-2.C.3.a|REQ-R06-2.C.7.a|REQ-R06-4.A.1.a.1|REQ-R06-4.A.1.b.1|REQ-R06-4.A.2.a.2|REQ-R06-4.A.2.a.4|REQ-R06-4.A.2.b.1|REQ-R06-4.A.2.b.2|REQ-R06-4.A.2.b.3|REQ-R06-4.A.2.b.6|REQ-R06-4.A.3.b.1,REQ-R06-2.B.3.e|REQ-R06-4.A.2.a.4,"Active Learning|Analyzing Data or Information|Complex Problem Solving|Computers and Electronics|Critical Thinking|English Language|Getting Information|Identifying Objects, Actions, and Events|Making Decisions and Solving Problems|Monitoring|Organizing, Planning, and Prioritizing Work|Processing Information|Programming|Reading Comprehension|Thinking Creatively|Updating and Using Relevant Knowledge|Working with Computers",17,2,Essential Skills|Knowledge|Transferable Skills|Work Activities,0.584700,0.073667,58.47,7.37,140,exam-fee-required,200,PMLE,2,ประสบการณ์ ML 3 ปี,advanced_or_cert_prep,certification_only|both,3,verified,2026-08-31,ผู้วิจัย (ตรวจด้วยการดึงหน้าเว็บ 31 ส.ค. 2026),,CORPUS-IS68076026-v1.5R-01OCT26,ONET31.0-IS68076026-v1.0,v0.9_core
CRT-R06-05,certification,R06,นักวิทยาศาสตร์ข้อมูล,Data Scientist,15-2051.00,data,exact,5,IAPP Artificial Intelligence Governance Professional (AIGP),IAPP,vendor_or_body,IAPP,https://iapp.org/certify/aigp/,vendor_neutral_cert,Professional,4,hands-on coding exam,English,กำกับดูแลระบบ AI ตลอดวงจรชีวิต ประเมินความเสี่ยง จัดทำนโยบาย และปฏิบัติตามกฎระเบียบด้าน AI,AI governance|AI risk assessment|Responsible AI policy|AI regulation compliance,,no,REQ-R06-2.A.1.a|REQ-R06-2.A.1.e|REQ-R06-2.A.2.a|REQ-R06-2.A.2.b|REQ-R06-2.B.2.i|REQ-R06-2.B.3.e|REQ-R06-2.C.3.a|REQ-R06-2.C.7.a|REQ-R06-4.A.1.a.1|REQ-R06-4.A.1.b.1|REQ-R06-4.A.1.b.3|REQ-R06-4.A.2.a.4|REQ-R06-4.A.2.b.1|REQ-R06-4.A.2.b.3|REQ-R06-4.A.3.b.1,REQ-R06-2.A.1.e|REQ-R06-2.B.3.e|REQ-R06-2.C.3.a|REQ-R06-4.A.2.a.4,"Active Learning|Analyzing Data or Information|Complex Problem Solving|Computers and Electronics|Critical Thinking|English Language|Estimating the Quantifiable Characteristics of Products, Events, or Information|Getting Information|Identifying Objects, Actions, and Events|Making Decisions and Solving Problems|Mathematics|Programming|Reading Comprehension|Updating and Using Relevant Knowledge|Working with Computers",15,4,Essential Skills|Knowledge|Transferable Skills|Work Activities,0.518331,0.147677,51.83,14.77,80,exam-fee-required,675,AIGP,1,ความเข้าใจพื้นฐานด้าน AI และการกำกับดูแลข้อมูล,advanced_or_cert_prep,certification_only|both,3,verified,2026-08-31,ผู้วิจัย (ตรวจด้วยการดึงหน้าเว็บ 31 ส.ค. 2026),"[REPLACE 2026-08-31] แทนที่ ""TensorFlow Developer Certificate"" ซึ่งผู้ให้บริการยกเลิกแล้ว · แทน TensorFlow Developer Certificate ที่ยุติโครงการ · เป็นใบรับรองใหม่ที่ตอบโจทย์งานวิทยาศาสตร์ข้อมูลยุคกำกับดูแล AI · คง competency mapping เดิมไว้เพราะเป็นรายการทดแทนในสายสมรรถนะเดียวกัน ต้องทบทวน mapping อีกครั้งก่อนตรึง",CORPUS-IS68076026-v1.5R-01OCT26,ONET31.0-IS68076026-v1.0,v0.9_core
CRT-R06-06,certification,R06,นักวิทยาศาสตร์ข้อมูล,Data Scientist,15-2051.00,data,exact,6,Databricks Certified Machine Learning Associate,Databricks,vendor_or_body,Databricks Academy,https://www.databricks.com/learn/certification/machine-learning-associate,vendor_cert,Intermediate,2,proctored exam,English,ยืนยันความสามารถใช้ Databricks ทำงาน ML บนข้อมูลขนาดใหญ่ ตั้งแต่ feature engineering ถึง MLflow,Databricks|MLflow|Feature engineering|Spark ML|Model lifecycle,Databricks|MLflow|Apache Spark,no,REQ-R06-2.A.1.a|REQ-R06-2.A.2.a|REQ-R06-2.A.2.b|REQ-R06-2.B.2.i|REQ-R06-2.B.3.e|REQ-R06-2.C.3.a|REQ-R06-2.C.7.a|REQ-R06-4.A.1.a.1|REQ-R06-4.A.1.b.1|REQ-R06-4.A.2.a.2|REQ-R06-4.A.2.a.4|REQ-R06-4.A.2.b.1|REQ-R06-4.A.2.b.3|REQ-R06-4.A.3.b.1,REQ-R06-2.B.3.e|REQ-R06-4.A.2.a.4|REQ-R06-4.A.3.b.1,"Active Learning|Analyzing Data or Information|Complex Problem Solving|Computers and Electronics|Critical Thinking|English Language|Getting Information|Identifying Objects, Actions, and Events|Making Decisions and Solving Problems|Processing Information|Programming|Reading Comprehension|Updating and Using Relevant Knowledge|Working with Computers",14,3,Essential Skills|Knowledge|Transferable Skills|Work Activities,0.493518,0.114450,49.35,11.45,60,exam-fee-required,200,ML Associate,2,พื้นฐาน Spark และ ML,advanced_or_cert_prep,certification_only|both,3,verified,2026-08-31,ผู้วิจัย (ตรวจด้วยการดึงหน้าเว็บ 31 ส.ค. 2026),,CORPUS-IS68076026-v1.5R-01OCT26,ONET31.0-IS68076026-v1.0,v0.9_core
CRT-R06-07,certification,R06,นักวิทยาศาสตร์ข้อมูล,Data Scientist,15-2051.00,data,exact,7,SAS Certified Data Scientist,SAS Institute,vendor_or_body,SAS Certification,https://www.sas.com/en_us/certification/credentials/advanced-analytics/data-scientist.html,vendor_cert,Professional,4,multiple proctored exams,English,ใบรับรองแบบผสมหลายวิชา ยืนยันความสามารถจัดการข้อมูลขนาดใหญ่และสร้างโมเดลด้วย SAS และ open source,SAS programming|Data manipulation|Advanced analytics|Machine learning|Model deployment,SAS Viya|Python|Hadoop,no,REQ-R06-2.A.1.a|REQ-R06-2.A.1.e|REQ-R06-2.A.2.a|REQ-R06-2.A.2.b|REQ-R06-2.B.2.i|REQ-R06-2.B.3.e|REQ-R06-2.C.3.a|REQ-R06-2.C.7.a|REQ-R06-4.A.1.a.1|REQ-R06-4.A.1.b.1|REQ-R06-4.A.2.a.2|REQ-R06-4.A.2.a.4|REQ-R06-4.A.2.b.1|REQ-R06-4.A.2.b.3|REQ-R06-4.A.2.b.6|REQ-R06-4.A.3.b.1,REQ-R06-2.A.1.e|REQ-R06-2.B.3.e|REQ-R06-4.A.2.a.2|REQ-R06-4.A.2.a.4,"Active Learning|Analyzing Data or Information|Complex Problem Solving|Computers and Electronics|Critical Thinking|English Language|Getting Information|Identifying Objects, Actions, and Events|Making Decisions and Solving Problems|Mathematics|Organizing, Planning, and Prioritizing Work|Processing Information|Programming|Reading Comprehension|Updating and Using Relevant Knowledge|Working with Computers",16,4,Essential Skills|Knowledge|Transferable Skills|Work Activities,0.561518,0.151713,56.15,15.17,200,exam-fee-required,900,SAS Data Scientist,ไม่หมดอายุ,หลายใบรับรองย่อยของ SAS,advanced_or_cert_prep,certification_only|both,2,verified,2026-08-31,ผู้วิจัย (ตรวจด้วยการดึงหน้าเว็บ 31 ส.ค. 2026),,CORPUS-IS68076026-v1.5R-01OCT26,ONET31.0-IS68076026-v1.0,v0.9_core
CRT-R06-08,certification,R06,นักวิทยาศาสตร์ข้อมูล,Data Scientist,15-2051.00,data,exact,8,INFORMS Certified Analytics Professional (CAP),INFORMS,vendor_or_body,INFORMS,https://www.certifiedanalytics.org/,vendor_neutral_cert,Professional,4,proctored exam,English,ใบรับรองที่เน้นกระบวนการวิเคราะห์ทั้งวงจร ตั้งแต่การนิยามปัญหาธุรกิจจนถึงการติดตามผลหลังนำไปใช้,Analytics lifecycle|Business problem framing|Methodology selection|Model deployment|Model lifecycle management,Vendor-neutral,no,REQ-R06-2.A.1.a|REQ-R06-2.A.2.a|REQ-R06-2.A.2.b|REQ-R06-2.A.2.d|REQ-R06-2.B.2.i|REQ-R06-2.B.4.e|REQ-R06-2.C.3.a|REQ-R06-2.C.7.a|REQ-R06-4.A.1.a.1|REQ-R06-4.A.1.b.1|REQ-R06-4.A.1.b.3|REQ-R06-4.A.2.a.2|REQ-R06-4.A.2.a.4|REQ-R06-4.A.2.b.1|REQ-R06-4.A.2.b.3|REQ-R06-4.A.2.b.4|REQ-R06-4.A.2.b.6|REQ-R06-4.A.3.b.1|REQ-R06-4.A.4.a.1|REQ-R06-4.A.4.b.6,REQ-R06-2.B.4.e|REQ-R06-4.A.2.a.4|REQ-R06-4.A.2.b.4|REQ-R06-4.A.4.a.1|REQ-R06-4.A.4.b.6,"Active Learning|Analyzing Data or Information|Complex Problem Solving|Computers and Electronics|Critical Thinking|Developing Objectives and Strategies|English Language|Estimating the Quantifiable Characteristics of Products, Events, or Information|Getting Information|Identifying Objects, Actions, and Events|Interpreting the Meaning of Information for Others|Judgment and Decision Making|Making Decisions and Solving Problems|Monitoring|Organizing, Planning, and Prioritizing Work|Processing Information|Providing Consultation and Advice to Others|Reading Comprehension|Updating and Using Relevant Knowledge|Working with Computers",20,5,Essential Skills|Knowledge|Transferable Skills|Work Activities,0.673221,0.167425,67.32,16.74,120,exam-fee-required,695,CAP,3,ปริญญาตรี + ประสบการณ์ 3-5 ปี,advanced_or_cert_prep,certification_only|both,3,verified,2026-08-31,ผู้วิจัย (ตรวจด้วยการดึงหน้าเว็บ 31 ส.ค. 2026),,CORPUS-IS68076026-v1.5R-01OCT26,ONET31.0-IS68076026-v1.0,v0.9_core
CRT-R06-09,certification,R06,นักวิทยาศาสตร์ข้อมูล,Data Scientist,15-2051.00,data,exact,9,IBM Data Science Professional Certificate (credential),IBM,mooc_platform,Coursera,https://www.coursera.org/professional-certificates/ibm-data-science,professional_certificate,Beginner,1,graded assessments + capstone,English,ประกาศนียบัตรพร้อม digital badge ที่นายจ้างตรวจสอบได้ ใช้เป็นหลักฐานเริ่มต้นของสายวิทยาการข้อมูล,Python|SQL|Machine learning|Data visualization|Capstone project,Python|Jupyter|scikit-learn,yes,REQ-R06-2.A.1.a|REQ-R06-2.A.1.e|REQ-R06-2.A.2.a|REQ-R06-2.A.2.b|REQ-R06-2.B.2.i|REQ-R06-2.B.3.e|REQ-R06-2.C.3.a|REQ-R06-2.C.7.a|REQ-R06-4.A.1.a.1|REQ-R06-4.A.1.b.1|REQ-R06-4.A.2.a.2|REQ-R06-4.A.2.a.4|REQ-R06-4.A.2.b.1|REQ-R06-4.A.2.b.3|REQ-R06-4.A.2.b.6|REQ-R06-4.A.3.b.1|REQ-R06-4.A.4.a.1,REQ-R06-2.A.1.e|REQ-R06-2.B.3.e|REQ-R06-4.A.2.a.4|REQ-R06-4.A.4.a.1,"Active Learning|Analyzing Data or Information|Complex Problem Solving|Computers and Electronics|Critical Thinking|English Language|Getting Information|Identifying Objects, Actions, and Events|Interpreting the Meaning of Information for Others|Making Decisions and Solving Problems|Mathematics|Organizing, Planning, and Prioritizing Work|Processing Information|Programming|Reading Comprehension|Updating and Using Relevant Knowledge|Working with Computers",17,4,Essential Skills|Knowledge|Transferable Skills|Work Activities,0.599983,0.149738,60.00,14.97,180,paid,245,IBM DS PC,ไม่หมดอายุ,ไม่มี,core_gap_closure,certification_only|both,3,verified,2026-08-31,ผู้วิจัย (ตรวจด้วยการดึงหน้าเว็บ 31 ส.ค. 2026),,CORPUS-IS68076026-v1.5R-01OCT26,ONET31.0-IS68076026-v1.0,v0.9_core
CRT-R06-10,certification,R06,นักวิทยาศาสตร์ข้อมูล,Data Scientist,15-2051.00,data,exact,10,NVIDIA-Certified Associate: Generative AI LLMs,NVIDIA,vendor_or_body,NVIDIA Deep Learning Institute,https://www.nvidia.com/en-us/learn/certification/,vendor_cert,Intermediate,2,proctored exam,English,ยืนยันความเข้าใจโมเดลภาษาขนาดใหญ่และการนำไปใช้ ซึ่งเป็นทักษะที่ตลาดต้องการสูงในปัจจุบัน,Large language models|Prompt engineering|Transformer architecture|LLM evaluation|RAG basics,PyTorch|NeMo|Hugging Face,no,REQ-R06-2.A.1.a|REQ-R06-2.A.2.a|REQ-R06-2.A.2.b|REQ-R06-2.B.2.i|REQ-R06-2.B.3.e|REQ-R06-2.C.3.a|REQ-R06-2.C.7.a|REQ-R06-4.A.1.a.1|REQ-R06-4.A.1.b.1|REQ-R06-4.A.2.a.4|REQ-R06-4.A.2.b.1|REQ-R06-4.A.2.b.2|REQ-R06-4.A.2.b.3|REQ-R06-4.A.3.b.1,REQ-R06-2.A.2.b|REQ-R06-2.B.3.e|REQ-R06-2.C.3.a|REQ-R06-4.A.2.a.4|REQ-R06-4.A.2.b.3,"Active Learning|Analyzing Data or Information|Complex Problem Solving|Computers and Electronics|Critical Thinking|English Language|Getting Information|Identifying Objects, Actions, and Events|Making Decisions and Solving Problems|Programming|Reading Comprehension|Thinking Creatively|Updating and Using Relevant Knowledge|Working with Computers",14,5,Essential Skills|Knowledge|Transferable Skills|Work Activities,0.485962,0.178329,48.60,17.83,60,exam-fee-required,135,NCA-GENL,2,พื้นฐาน deep learning,advanced_or_cert_prep,certification_only|both,2,verified,2026-08-31,ผู้วิจัย (ตรวจด้วยการดึงหน้าเว็บ 31 ส.ค. 2026),,CORPUS-IS68076026-v1.5R-01OCT26,ONET31.0-IS68076026-v1.0,v0.9_core
CRT-R06-11,certification,R06,นักวิทยาศาสตร์ข้อมูล,Data Scientist,15-2051.00,data,exact,11,AWS Certified Solutions Architect – Associate,Amazon Web Services,vendor_or_body,AWS Certification,https://aws.amazon.com/certification/certified-solutions-architect-associate/,vendor_cert,Intermediate,2,proctored exam,English,ยืนยันความสามารถออกแบบสถาปัตยกรรมที่ปลอดภัย ทนทาน มีประสิทธิภาพ และคุ้มค่าบน AWS,Cloud architecture|High availability design|Cost optimization|AWS networking|Security design,Amazon EC2|Amazon S3|Amazon VPC|Amazon RDS|AWS IAM,no,REQ-R06-2.B.4.e|REQ-R06-2.C.3.a|REQ-R06-4.A.2.b.1,REQ-R06-2.B.4.e|REQ-R06-2.C.3.a|REQ-R06-4.A.2.b.1,Computers and Electronics|Judgment and Decision Making|Making Decisions and Solving Problems,3,3,Knowledge|Transferable Skills|Work Activities,0.102601,0.102601,10.26,10.26,120,exam-fee-required,150,SAA-C03,3,ประสบการณ์ใช้งาน AWS,advanced_or_cert_prep,certification_only|both,3,verified,2026-08-31,ผู้วิจัย (ตรวจด้วยการดึงหน้าเว็บ 31 ส.ค. 2026),DEC-16 ขยายข้ามบทบาทจาก CRT-R01-02 · คงชื่อ ผู้ให้บริการ URL ชั่วโมง และค่าใช้จ่ายเดิมทุกค่า · ต้องทบทวน mapping ก่อน FREEZE,CORPUS-IS68076026-v1.5R-01OCT26,ONET31.0-IS68076026-v1.0,v1.3_crossrole
CRS-R06-01,course,R06,นักวิทยาศาสตร์ข้อมูล,Data Scientist,15-2051.00,data,exact,1,IBM Data Science Professional Certificate,IBM,mooc_platform,Coursera,https://www.coursera.org/professional-certificates/ibm-data-science,professional_certificate,Beginner,1,self-paced online,English,"ทำงานวิทยาการข้อมูลครบวงจร ตั้งแต่ Python, SQL, การทำความสะอาดข้อมูล จนถึงโมเดลและการนำเสนอผล",Python|SQL|Pandas|Data visualization|Machine learning basics|Jupyter|Data storytelling,Python|Jupyter|scikit-learn|Matplotlib|SQL,yes,REQ-R06-2.A.1.a|REQ-R06-2.A.1.b|REQ-R06-2.A.1.d|REQ-R06-2.A.1.e|REQ-R06-2.A.2.a|REQ-R06-2.A.2.b|REQ-R06-2.B.2.i|REQ-R06-2.B.3.e|REQ-R06-2.C.3.a|REQ-R06-2.C.7.a|REQ-R06-4.A.1.a.1|REQ-R06-4.A.1.b.1|REQ-R06-4.A.2.a.2|REQ-R06-4.A.2.a.4|REQ-R06-4.A.2.b.1|REQ-R06-4.A.2.b.3|REQ-R06-4.A.2.b.6|REQ-R06-4.A.3.b.1|REQ-R06-4.A.4.a.1|REQ-R06-4.A.4.a.2|REQ-R06-4.A.4.a.4|REQ-R06-4.A.4.b.6,REQ-R06-2.A.1.e|REQ-R06-2.B.3.e|REQ-R06-2.C.3.a|REQ-R06-4.A.2.a.2|REQ-R06-4.A.2.a.4|REQ-R06-4.A.3.b.1|REQ-R06-4.A.4.a.1,"Active Learning|Active Listening|Analyzing Data or Information|Communicating with Supervisors, Peers, or Subordinates|Complex Problem Solving|Computers and Electronics|Critical Thinking|English Language|Establishing and Maintaining Interpersonal Relationships|Getting Information|Identifying Objects, Actions, and Events|Interpreting the Meaning of Information for Others|Making Decisions and Solving Problems|Mathematics|Organizing, Planning, and Prioritizing Work|Processing Information|Programming|Providing Consultation and Advice to Others|Reading Comprehension|Speaking|Updating and Using Relevant Knowledge|Working with Computers",22,7,Essential Skills|Knowledge|Transferable Skills|Work Activities,0.752813,0.267365,75.28,26.74,180,paid,245,,,ไม่มี,core_gap_closure,course_only|both,3,verified,2026-08-31,ผู้วิจัย (ตรวจด้วยการดึงหน้าเว็บ 31 ส.ค. 2026),,CORPUS-IS68076026-v1.5R-01OCT26,ONET31.0-IS68076026-v1.0,v0.9_core
CRS-R06-02,course,R06,นักวิทยาศาสตร์ข้อมูล,Data Scientist,15-2051.00,data,exact,2,Machine Learning Specialization,DeepLearning.AI / Stanford University,mooc_platform,Coursera,https://www.coursera.org/specializations/machine-learning-introduction,specialization,Beginner,1,self-paced online,English,เข้าใจหลักการเรียนรู้ของเครื่องตั้งแต่ regression ถึง neural network พร้อมสัญชาตญาณทางคณิตศาสตร์,Supervised learning|Unsupervised learning|Regularization|Model evaluation|Neural networks,Python|NumPy|scikit-learn|TensorFlow,yes,REQ-R06-2.A.1.a|REQ-R06-2.A.1.e|REQ-R06-2.A.2.a|REQ-R06-2.A.2.b|REQ-R06-2.B.2.i|REQ-R06-2.B.3.e|REQ-R06-2.C.3.a|REQ-R06-2.C.7.a|REQ-R06-4.A.1.a.1|REQ-R06-4.A.1.b.1|REQ-R06-4.A.2.a.4|REQ-R06-4.A.2.b.1|REQ-R06-4.A.2.b.3|REQ-R06-4.A.2.b.6|REQ-R06-4.A.3.b.1,REQ-R06-2.A.1.e|REQ-R06-2.A.2.a|REQ-R06-2.A.2.b|REQ-R06-2.B.2.i|REQ-R06-2.B.3.e|REQ-R06-4.A.2.a.4,"Active Learning|Analyzing Data or Information|Complex Problem Solving|Computers and Electronics|Critical Thinking|English Language|Getting Information|Identifying Objects, Actions, and Events|Making Decisions and Solving Problems|Mathematics|Organizing, Planning, and Prioritizing Work|Programming|Reading Comprehension|Updating and Using Relevant Knowledge|Working with Computers",15,6,Essential Skills|Knowledge|Transferable Skills|Work Activities,0.521078,0.211041,52.11,21.10,100,paid,245,,,พื้นฐาน Python และพีชคณิตเชิงเส้น,core_gap_closure,course_only|both,3,verified,2026-08-31,ผู้วิจัย (ตรวจด้วยการดึงหน้าเว็บ 31 ส.ค. 2026),,CORPUS-IS68076026-v1.5R-01OCT26,ONET31.0-IS68076026-v1.0,v0.9_core
CRS-R06-03,course,R06,นักวิทยาศาสตร์ข้อมูล,Data Scientist,15-2051.00,data,exact,3,Deep Learning Specialization,DeepLearning.AI,mooc_platform,Coursera,https://www.coursera.org/specializations/deep-learning,specialization,Intermediate,2,self-paced online,English,"สร้างและปรับจูนโครงข่ายประสาทเทียมทั้ง CNN, RNN และ Transformer พร้อมกลยุทธ์การทำโครงการ ML",Neural networks|CNN|RNN|Transformers|Hyperparameter tuning|ML project strategy,Python|TensorFlow|Keras|NumPy,yes,REQ-R06-2.A.1.a|REQ-R06-2.A.1.e|REQ-R06-2.A.2.a|REQ-R06-2.A.2.b|REQ-R06-2.B.2.i|REQ-R06-2.B.3.e|REQ-R06-2.B.4.e|REQ-R06-2.C.3.a|REQ-R06-2.C.7.a|REQ-R06-4.A.1.a.1|REQ-R06-4.A.1.b.1|REQ-R06-4.A.2.a.4|REQ-R06-4.A.2.b.1|REQ-R06-4.A.2.b.3|REQ-R06-4.A.2.b.4|REQ-R06-4.A.2.b.6|REQ-R06-4.A.3.b.1,REQ-R06-2.A.1.e|REQ-R06-2.A.2.a|REQ-R06-2.B.2.i|REQ-R06-2.B.3.e|REQ-R06-4.A.2.a.4,"Active Learning|Analyzing Data or Information|Complex Problem Solving|Computers and Electronics|Critical Thinking|Developing Objectives and Strategies|English Language|Getting Information|Identifying Objects, Actions, and Events|Judgment and Decision Making|Making Decisions and Solving Problems|Mathematics|Organizing, Planning, and Prioritizing Work|Programming|Reading Comprehension|Updating and Using Relevant Knowledge|Working with Computers",17,5,Essential Skills|Knowledge|Transferable Skills|Work Activities,0.577659,0.179960,57.77,18.00,130,paid,245,,,Machine Learning Specialization หรือเทียบเท่า,advanced_or_cert_prep,course_only|both,3,verified,2026-08-31,ผู้วิจัย (ตรวจด้วยการดึงหน้าเว็บ 31 ส.ค. 2026),,CORPUS-IS68076026-v1.5R-01OCT26,ONET31.0-IS68076026-v1.0,v0.9_core
CRS-R06-04,course,R06,นักวิทยาศาสตร์ข้อมูล,Data Scientist,15-2051.00,data,exact,4,Kaggle Learn — Data Science Micro-courses,Kaggle (Google),vendor_or_body,Kaggle Learn,https://www.kaggle.com/learn,single_course,Beginner,1,self-paced online,English,"เรียนฟรีและลงมือทำกับชุดข้อมูลจริงทันที ครอบคลุม Python, Pandas, การทำ feature และการสร้างโมเดลเบื้องต้น",Python|Pandas|Feature engineering|Intro to machine learning|Data visualization|Model validation,Python|Pandas|scikit-learn|Kaggle Notebooks,yes,REQ-R06-2.A.1.a|REQ-R06-2.A.1.e|REQ-R06-2.A.2.a|REQ-R06-2.A.2.b|REQ-R06-2.B.2.i|REQ-R06-2.B.3.e|REQ-R06-2.C.3.a|REQ-R06-2.C.7.a|REQ-R06-4.A.1.a.1|REQ-R06-4.A.1.b.1|REQ-R06-4.A.2.a.2|REQ-R06-4.A.2.a.4|REQ-R06-4.A.2.b.1|REQ-R06-4.A.2.b.3|REQ-R06-4.A.3.b.1,REQ-R06-2.A.1.e|REQ-R06-2.B.3.e|REQ-R06-4.A.2.a.2|REQ-R06-4.A.2.a.4|REQ-R06-4.A.3.b.1,"Active Learning|Analyzing Data or Information|Complex Problem Solving|Computers and Electronics|Critical Thinking|English Language|Getting Information|Identifying Objects, Actions, and Events|Making Decisions and Solving Problems|Mathematics|Processing Information|Programming|Reading Comprehension|Updating and Using Relevant Knowledge|Working with Computers",15,5,Essential Skills|Knowledge|Transferable Skills|Work Activities,0.531124,0.192496,53.11,19.25,40,free,0,,,ไม่มี,foundation,course_only|both,2,verified,2026-08-31,ผู้วิจัย (ตรวจด้วยการดึงหน้าเว็บ 31 ส.ค. 2026),,CORPUS-IS68076026-v1.5R-01OCT26,ONET31.0-IS68076026-v1.0,v0.9_core
CRS-R06-05,course,R06,นักวิทยาศาสตร์ข้อมูล,Data Scientist,15-2051.00,data,exact,5,Mathematics for Machine Learning and Data Science Specialization,DeepLearning.AI,mooc_platform,Coursera,https://www.coursera.org/specializations/mathematics-for-machine-learning-and-data-science,specialization,Beginner,1,self-paced online,English,ปิดช่องว่างคณิตศาสตร์ที่จำเป็นต่อ ML ทั้งพีชคณิตเชิงเส้น แคลคูลัส ความน่าจะเป็น และสถิติ,Linear algebra|Calculus|Probability|Statistics|Optimization,Python|NumPy,no,REQ-R06-2.A.1.a|REQ-R06-2.A.1.e|REQ-R06-2.A.2.a|REQ-R06-2.A.2.b|REQ-R06-2.C.3.a|REQ-R06-2.C.7.a|REQ-R06-4.A.1.a.1|REQ-R06-4.A.2.a.2|REQ-R06-4.A.2.a.4|REQ-R06-4.A.2.b.3|REQ-R06-4.A.3.b.1,REQ-R06-2.A.1.e|REQ-R06-2.A.2.a|REQ-R06-2.A.2.b|REQ-R06-4.A.2.a.4,Active Learning|Analyzing Data or Information|Computers and Electronics|Critical Thinking|English Language|Getting Information|Mathematics|Processing Information|Reading Comprehension|Updating and Using Relevant Knowledge|Working with Computers,11,4,Essential Skills|Knowledge|Work Activities,0.397699,0.146647,39.77,14.66,90,paid,245,,,คณิตศาสตร์ระดับมัธยมปลาย,foundation,course_only|both,3,verified,2026-08-31,ผู้วิจัย (ตรวจด้วยการดึงหน้าเว็บ 31 ส.ค. 2026),,CORPUS-IS68076026-v1.5R-01OCT26,ONET31.0-IS68076026-v1.0,v0.9_core
CRS-R06-06,course,R06,นักวิทยาศาสตร์ข้อมูล,Data Scientist,15-2051.00,data,exact,6,Statistics with Python Specialization,University of Michigan,mooc_platform,Coursera,https://www.coursera.org/specializations/statistics-with-python,specialization,Intermediate,2,self-paced online,English,ทำการอนุมานเชิงสถิติอย่างถูกต้อง ตั้งแต่การออกแบบการสุ่มตัวอย่างจนถึงการทดสอบสมมติฐานและโมเดลถดถอย,Inferential statistics|Hypothesis testing|Regression modeling|Sampling design|Statsmodels,Python|statsmodels|Seaborn,no,REQ-R06-2.A.1.a|REQ-R06-2.A.1.e|REQ-R06-2.A.2.a|REQ-R06-2.A.2.b|REQ-R06-2.B.2.i|REQ-R06-2.C.3.a|REQ-R06-2.C.7.a|REQ-R06-4.A.1.a.1|REQ-R06-4.A.1.b.1|REQ-R06-4.A.1.b.3|REQ-R06-4.A.2.a.2|REQ-R06-4.A.2.a.4|REQ-R06-4.A.2.b.1|REQ-R06-4.A.2.b.2|REQ-R06-4.A.2.b.3|REQ-R06-4.A.2.b.6|REQ-R06-4.A.3.b.1,REQ-R06-2.A.1.e|REQ-R06-2.A.2.a|REQ-R06-4.A.1.b.3|REQ-R06-4.A.2.a.2|REQ-R06-4.A.2.a.4,"Active Learning|Analyzing Data or Information|Complex Problem Solving|Computers and Electronics|Critical Thinking|English Language|Estimating the Quantifiable Characteristics of Products, Events, or Information|Getting Information|Identifying Objects, Actions, and Events|Making Decisions and Solving Problems|Mathematics|Organizing, Planning, and Prioritizing Work|Processing Information|Reading Comprehension|Thinking Creatively|Updating and Using Relevant Knowledge|Working with Computers",17,5,Essential Skills|Knowledge|Transferable Skills|Work Activities,0.589852,0.183653,58.99,18.37,100,paid,245,,,พื้นฐาน Python,core_gap_closure,course_only|both,3,verified,2026-08-31,ผู้วิจัย (ตรวจด้วยการดึงหน้าเว็บ 31 ส.ค. 2026),,CORPUS-IS68076026-v1.5R-01OCT26,ONET31.0-IS68076026-v1.0,v0.9_core
CRS-R06-07,course,R06,นักวิทยาศาสตร์ข้อมูล,Data Scientist,15-2051.00,data,exact,7,Google Advanced Data Analytics Professional Certificate,Google,mooc_platform,Coursera,https://www.coursera.org/professional-certificates/google-advanced-data-analytics,professional_certificate,Intermediate,2,self-paced online,English,ยกระดับจากการวิเคราะห์เชิงพรรณนาไปสู่การสร้างโมเดลทำนาย พร้อมการสื่อสารผลกับผู้บริหาร,Python|Statistics|Regression|Machine learning|Data communication|Experimental design,Python|Jupyter|Tableau|scikit-learn,yes,REQ-R06-2.A.1.a|REQ-R06-2.A.1.b|REQ-R06-2.A.1.d|REQ-R06-2.A.1.e|REQ-R06-2.A.2.a|REQ-R06-2.A.2.b|REQ-R06-2.B.2.i|REQ-R06-2.B.3.e|REQ-R06-2.C.3.a|REQ-R06-2.C.7.a|REQ-R06-4.A.1.a.1|REQ-R06-4.A.1.b.1|REQ-R06-4.A.1.b.3|REQ-R06-4.A.2.a.2|REQ-R06-4.A.2.a.4|REQ-R06-4.A.2.b.1|REQ-R06-4.A.2.b.2|REQ-R06-4.A.2.b.3|REQ-R06-4.A.2.b.4|REQ-R06-4.A.2.b.6|REQ-R06-4.A.3.b.1|REQ-R06-4.A.4.a.1|REQ-R06-4.A.4.a.2|REQ-R06-4.A.4.a.4|REQ-R06-4.A.4.b.6,REQ-R06-2.A.1.e|REQ-R06-2.B.3.e|REQ-R06-4.A.2.a.2|REQ-R06-4.A.2.a.4|REQ-R06-4.A.2.b.4|REQ-R06-4.A.4.a.1,"Active Learning|Active Listening|Analyzing Data or Information|Communicating with Supervisors, Peers, or Subordinates|Complex Problem Solving|Computers and Electronics|Critical Thinking|Developing Objectives and Strategies|English Language|Establishing and Maintaining Interpersonal Relationships|Estimating the Quantifiable Characteristics of Products, Events, or Information|Getting Information|Identifying Objects, Actions, and Events|Interpreting the Meaning of Information for Others|Making Decisions and Solving Problems|Mathematics|Organizing, Planning, and Prioritizing Work|Processing Information|Programming|Providing Consultation and Advice to Others|Reading Comprehension|Speaking|Thinking Creatively|Updating and Using Relevant Knowledge|Working with Computers",25,6,Essential Skills|Knowledge|Transferable Skills|Work Activities,0.840905,0.217739,84.09,21.77,200,paid,245,,,พื้นฐานการวิเคราะห์ข้อมูล,core_gap_closure,course_only|both,3,verified,2026-08-31,ผู้วิจัย (ตรวจด้วยการดึงหน้าเว็บ 31 ส.ค. 2026),,CORPUS-IS68076026-v1.5R-01OCT26,ONET31.0-IS68076026-v1.0,v0.9_core
CRS-R06-08,course,R06,นักวิทยาศาสตร์ข้อมูล,Data Scientist,15-2051.00,data,exact,8,HarvardX Data Science Professional Certificate,Harvard University,mooc_platform,edX,https://www.edx.org/certificates/professional-certificate/harvardx-data-science,professional_certificate,Intermediate,2,self-paced online,English,เรียนวิทยาศาสตร์ข้อมูลครบวงจรด้วย R ตั้งแต่สถิติพื้นฐาน การสร้างภาพข้อมูล ความน่าจะเป็น จนถึงแมชชีนเลิร์นนิง,R programming|Statistical inference|Data visualization|Probability|Machine learning,R|RStudio|tidyverse,yes,REQ-R06-2.A.1.a|REQ-R06-2.A.1.e|REQ-R06-2.A.2.a|REQ-R06-2.A.2.b|REQ-R06-2.B.2.i|REQ-R06-2.C.3.a|REQ-R06-2.C.7.a|REQ-R06-4.A.1.a.1|REQ-R06-4.A.1.b.1|REQ-R06-4.A.2.a.2|REQ-R06-4.A.2.a.4|REQ-R06-4.A.2.b.1|REQ-R06-4.A.2.b.3|REQ-R06-4.A.2.b.6|REQ-R06-4.A.3.b.1,REQ-R06-2.A.1.e|REQ-R06-2.A.2.a|REQ-R06-2.A.2.b|REQ-R06-2.B.2.i|REQ-R06-4.A.2.a.2|REQ-R06-4.A.2.a.4,"Active Learning|Analyzing Data or Information|Complex Problem Solving|Computers and Electronics|Critical Thinking|English Language|Getting Information|Identifying Objects, Actions, and Events|Making Decisions and Solving Problems|Mathematics|Organizing, Planning, and Prioritizing Work|Processing Information|Reading Comprehension|Updating and Using Relevant Knowledge|Working with Computers",15,6,Essential Skills|Knowledge|Transferable Skills|Work Activities,0.529321,0.219284,52.93,21.93,280,paid,790,,,พื้นฐานคณิตศาสตร์ระดับมหาวิทยาลัย,advanced_or_cert_prep,course_only|both,3,verified,2026-08-31,ผู้วิจัย (ตรวจด้วยการดึงหน้าเว็บ 31 ส.ค. 2026),"[REPLACE 2026-08-31] แทนที่ ""Statistics and Data Science MicroMasters"" ซึ่งผู้ให้บริการยกเลิกแล้ว · แทน MITx Statistics and Data Science MicroMasters ที่ edX แจ้งว่าไม่เปิดรับแล้ว · คง competency mapping เดิมไว้เพราะเป็นรายการทดแทนในสายสมรรถนะเดียวกัน ต้องทบทวน mapping อีกครั้งก่อนตรึง",CORPUS-IS68076026-v1.5R-01OCT26,ONET31.0-IS68076026-v1.0,v0.9_core
CRS-R06-09,course,R06,นักวิทยาศาสตร์ข้อมูล,Data Scientist,15-2051.00,data,exact,9,Natural Language Processing Specialization,DeepLearning.AI,mooc_platform,Coursera,https://www.coursera.org/specializations/natural-language-processing,specialization,Advanced,3,self-paced online,English,สร้างระบบประมวลผลภาษาธรรมชาติตั้งแต่ classification จนถึง attention และ transformer,NLP|Word embeddings|Sequence models|Attention mechanism|Transformers,Python|TensorFlow|Hugging Face,yes,REQ-R06-2.A.1.a|REQ-R06-2.A.1.e|REQ-R06-2.A.2.a|REQ-R06-2.A.2.b|REQ-R06-2.B.2.i|REQ-R06-2.B.3.e|REQ-R06-2.C.3.a|REQ-R06-2.C.7.a|REQ-R06-4.A.1.a.1|REQ-R06-4.A.1.b.1|REQ-R06-4.A.2.a.4|REQ-R06-4.A.2.b.1|REQ-R06-4.A.2.b.3|REQ-R06-4.A.2.b.6|REQ-R06-4.A.3.b.1,REQ-R06-2.A.1.e|REQ-R06-2.B.2.i|REQ-R06-2.B.3.e|REQ-R06-4.A.2.a.4,"Active Learning|Analyzing Data or Information|Complex Problem Solving|Computers and Electronics|Critical Thinking|English Language|Getting Information|Identifying Objects, Actions, and Events|Making Decisions and Solving Problems|Mathematics|Organizing, Planning, and Prioritizing Work|Programming|Reading Comprehension|Updating and Using Relevant Knowledge|Working with Computers",15,4,Essential Skills|Knowledge|Transferable Skills|Work Activities,0.521078,0.143470,52.11,14.35,110,paid,245,,,Deep Learning Specialization,advanced_or_cert_prep,course_only|both,3,verified,2026-08-31,ผู้วิจัย (ตรวจด้วยการดึงหน้าเว็บ 31 ส.ค. 2026),,CORPUS-IS68076026-v1.5R-01OCT26,ONET31.0-IS68076026-v1.0,v0.9_core
CRS-R06-10,course,R06,นักวิทยาศาสตร์ข้อมูล,Data Scientist,15-2051.00,data,exact,10,Data Visualization with Tableau Specialization,University of California Davis,mooc_platform,Coursera,https://www.coursera.org/specializations/data-visualization,specialization,Beginner,1,self-paced online,English,แปลงผลวิเคราะห์เป็นภาพที่ผู้บริหารเข้าใจได้ ซึ่งเป็นช่องว่างที่พบบ่อยที่สุดของนักวิทยาศาสตร์ข้อมูล,Data visualization|Dashboard design|Visual analytics|Data storytelling|Tableau,Tableau,yes,REQ-R06-2.A.1.a|REQ-R06-2.A.1.b|REQ-R06-2.A.1.d|REQ-R06-2.A.2.a|REQ-R06-2.A.2.b|REQ-R06-2.B.2.i|REQ-R06-2.C.3.a|REQ-R06-2.C.7.a|REQ-R06-4.A.1.a.1|REQ-R06-4.A.1.b.1|REQ-R06-4.A.1.b.3|REQ-R06-4.A.2.a.2|REQ-R06-4.A.2.a.4|REQ-R06-4.A.2.b.1|REQ-R06-4.A.2.b.2|REQ-R06-4.A.2.b.3|REQ-R06-4.A.3.b.1|REQ-R06-4.A.3.b.6|REQ-R06-4.A.4.a.1|REQ-R06-4.A.4.a.2|REQ-R06-4.A.4.a.4|REQ-R06-4.A.4.b.6,REQ-R06-4.A.2.a.4|REQ-R06-4.A.2.b.2|REQ-R06-4.A.3.b.6|REQ-R06-4.A.4.a.1|REQ-R06-4.A.4.a.2,"Active Learning|Active Listening|Analyzing Data or Information|Communicating with Supervisors, Peers, or Subordinates|Complex Problem Solving|Computers and Electronics|Critical Thinking|Documenting/Recording Information|English Language|Establishing and Maintaining Interpersonal Relationships|Estimating the Quantifiable Characteristics of Products, Events, or Information|Getting Information|Identifying Objects, Actions, and Events|Interpreting the Meaning of Information for Others|Making Decisions and Solving Problems|Processing Information|Providing Consultation and Advice to Others|Reading Comprehension|Speaking|Thinking Creatively|Updating and Using Relevant Knowledge|Working with Computers",22,5,Essential Skills|Knowledge|Transferable Skills|Work Activities,0.746460,0.180476,74.65,18.05,80,paid,245,,,ไม่มี,core_gap_closure,course_only|both,3,verified,2026-08-31,ผู้วิจัย (ตรวจด้วยการดึงหน้าเว็บ 31 ส.ค. 2026),,CORPUS-IS68076026-v1.5R-01OCT26,ONET31.0-IS68076026-v1.0,v0.9_core
CRS-R06-11,course,R06,นักวิทยาศาสตร์ข้อมูล,Data Scientist,15-2051.00,data,exact,11,Mathematics for Machine Learning (Specialization),Imperial College London,mooc_platform,Coursera,https://www.coursera.org/specializations/mathematics-machine-learning,specialization,Intermediate,2,self-paced online,English,พีชคณิตเชิงเส้น แคลคูลัสหลายตัวแปร และการวิเคราะห์องค์ประกอบหลัก สำหรับงานเรียนรู้ของเครื่อง,Linear algebra|Multivariate calculus|PCA|Mathematical modelling,Python|NumPy,no,REQ-R06-2.C.4.a,REQ-R06-2.C.4.a,Mathematics,1,1,Knowledge,0.038808,0.038808,3.88,3.88,80,low-cost,147,,,,core_gap_closure,course_only|both,2,verified,2026-08-31,ผู้วิจัย (ตรวจด้วยการดึงหน้าเว็บ 31 ส.ค. 2026),ปิดช่องว่างด้านคณิตศาสตร์ของบทบาทสายข้อมูลตาม DEC-09 · ยืนยันการมีอยู่ของแหล่งข้อมูลด้วยการค้นเว็บเมื่อ 2026-08-31,CORPUS-IS68076026-v1.5R-01OCT26,ONET31.0-IS68076026-v1.0,v1.0_gap_closure
CRS-R06-12,course,R06,นักวิทยาศาสตร์ข้อมูล,Data Scientist,15-2051.00,data,exact,12,Google Technical Writing Courses (One and Two),Google,vendor_or_body,Google for Developers,https://developers.google.com/tech-writing,single_course,Beginner,1,self-paced online,English,เขียนเอกสารทางเทคนิคที่ถูกต้องและอ่านเข้าใจง่าย จัดโครงสร้างเอกสาร บันทึกขั้นตอนการทำงาน และทบทวนงานเขียนของผู้อื่น,Technical writing|Documentation structure|Editing|Recording procedures,,no,REQ-R06-2.A.1.c|REQ-R06-4.A.3.b.6,REQ-R06-2.A.1.c|REQ-R06-4.A.3.b.6,Documenting/Recording Information|Writing,2,2,Essential Skills|Work Activities,0.063364,0.063364,6.34,6.34,16,free,0,,,,core_gap_closure,course_only|both,2,verified,2026-08-31,ผู้วิจัย (ตรวจด้วยการดึงหน้าเว็บ 31 ส.ค. 2026),ปิดช่องว่างกลุ่มการเขียนและการจัดทำเอกสารตาม DEC-09 · ยืนยันการมีอยู่ของแหล่งข้อมูลด้วยการค้นเว็บเมื่อ 2026-08-31,CORPUS-IS68076026-v1.5R-01OCT26,ONET31.0-IS68076026-v1.0,v1.0_gap_closure
CRS-R06-13,course,R06,นักวิทยาศาสตร์ข้อมูล,Data Scientist,15-2051.00,data,exact,13,Kaggle Learn: Intro to Machine Learning,Kaggle,mooc_platform,Kaggle Learn,https://www.kaggle.com/learn/intro-to-machine-learning,single_course,Beginner,1,self-paced online,English,สร้างและประเมินโมเดลต้นไม้ตัดสินใจและป่าสุ่มด้วย scikit-learn พร้อมเข้าใจปัญหา overfitting,Model training|Model validation|Decision trees|Random forest,Python|scikit-learn|pandas,yes,REQ-R06-2.A.2.a|REQ-R06-2.B.3.e|REQ-R06-2.C.4.a|REQ-R06-4.A.2.a.2|REQ-R06-4.A.2.a.4|REQ-R06-4.A.3.b.1,REQ-R06-2.A.2.a|REQ-R06-2.B.3.e|REQ-R06-2.C.4.a|REQ-R06-4.A.2.a.2|REQ-R06-4.A.2.a.4|REQ-R06-4.A.3.b.1,Analyzing Data or Information|Critical Thinking|Mathematics|Processing Information|Programming|Working with Computers,6,6,Essential Skills|Knowledge|Transferable Skills|Work Activities,0.230188,0.230188,23.02,23.02,3,free,0,,,,foundation,course_only|both,2,verified,2026-08-31,ผู้วิจัย (ตรวจด้วยการดึงหน้าเว็บ 31 ส.ค. 2026),รายการสั้นตาม DEC-10 แก้ข้อจำกัดความจุการเรียนที่กรอบเวลา 6 เดือน · ยืนยันการมีอยู่ของแหล่งข้อมูลด้วยการค้นเว็บเมื่อ 2026-08-31,CORPUS-IS68076026-v1.5R-01OCT26,ONET31.0-IS68076026-v1.0,v1.0_short_item
CRS-R06-14,course,R06,นักวิทยาศาสตร์ข้อมูล,Data Scientist,15-2051.00,data,exact,14,Kaggle Learn: Pandas,Kaggle,mooc_platform,Kaggle Learn,https://www.kaggle.com/learn/pandas,single_course,Beginner,1,self-paced online,English,จัดการและแปลงข้อมูลตารางด้วย pandas ตั้งแต่การเลือกข้อมูล การจัดกลุ่ม ไปจนถึงการรวมตาราง,Data wrangling|Grouping and aggregation|Joins|Data cleaning,Python|pandas,yes,REQ-R06-2.B.3.e|REQ-R06-4.A.2.a.2|REQ-R06-4.A.2.a.4|REQ-R06-4.A.3.b.1,REQ-R06-2.B.3.e|REQ-R06-4.A.2.a.2|REQ-R06-4.A.2.a.4|REQ-R06-4.A.3.b.1,Analyzing Data or Information|Processing Information|Programming|Working with Computers,4,4,Transferable Skills|Work Activities,0.154890,0.154890,15.49,15.49,4,free,0,,,,foundation,course_only|both,2,verified,2026-08-31,ผู้วิจัย (ตรวจด้วยการดึงหน้าเว็บ 31 ส.ค. 2026),รายการสั้นตาม DEC-10 · ยืนยันการมีอยู่ของแหล่งข้อมูลด้วยการค้นเว็บเมื่อ 2026-08-31,CORPUS-IS68076026-v1.5R-01OCT26,ONET31.0-IS68076026-v1.0,v1.0_short_item
CRS-R06-15,course,R06,นักวิทยาศาสตร์ข้อมูล,Data Scientist,15-2051.00,data,exact,15,Kaggle Learn: Feature Engineering,Kaggle,mooc_platform,Kaggle Learn,https://www.kaggle.com/learn/feature-engineering,single_course,Intermediate,2,self-paced online,English,สร้างและคัดเลือกตัวแปรที่ทำให้โมเดลทำงานได้ดีขึ้น ด้วยการวัดข้อมูลร่วมและการจัดกลุ่ม,Feature creation|Mutual information|Target encoding|Clustering features,Python|scikit-learn|pandas,yes,REQ-R06-2.A.2.a|REQ-R06-2.B.3.e|REQ-R06-2.C.4.a|REQ-R06-4.A.2.a.2|REQ-R06-4.A.2.a.4,REQ-R06-2.A.2.a|REQ-R06-2.B.3.e|REQ-R06-2.C.4.a|REQ-R06-4.A.2.a.2|REQ-R06-4.A.2.a.4,Analyzing Data or Information|Critical Thinking|Mathematics|Processing Information|Programming,5,5,Essential Skills|Knowledge|Transferable Skills|Work Activities,0.189405,0.189405,18.94,18.94,5,free,0,,,,foundation,course_only|both,2,verified,2026-08-31,ผู้วิจัย (ตรวจด้วยการดึงหน้าเว็บ 31 ส.ค. 2026),รายการสั้นตาม DEC-10 · ยืนยันการมีอยู่ของแหล่งข้อมูลด้วยการค้นเว็บเมื่อ 2026-08-31,CORPUS-IS68076026-v1.5R-01OCT26,ONET31.0-IS68076026-v1.0,v1.0_short_item
CRS-R06-16,course,R06,นักวิทยาศาสตร์ข้อมูล,Data Scientist,15-2051.00,data,exact,16,Improving Communication Skills,University of Pennsylvania (Wharton),mooc_platform,Coursera,https://www.coursera.org/learn/wharton-communication-skills,single_course,Beginner,1,self-paced online,English,สื่อสารเชิงวิชาชีพอย่างมีประสิทธิผล ฟังอย่างตั้งใจ ตีความสารของผู้อื่น สร้างความไว้วางใจ และสื่อสารกับผู้มีส่วนได้เสียทั้งในและนอกองค์กร,Active listening|Professional communication|Stakeholder communication|Building trust|Persuasion,,no,REQ-R06-2.A.1.b|REQ-R06-2.A.1.d|REQ-R06-4.A.4.a.1|REQ-R06-4.A.4.a.2|REQ-R06-4.A.4.a.4|REQ-R06-4.A.4.b.6,REQ-R06-2.A.1.b|REQ-R06-2.A.1.d|REQ-R06-4.A.4.a.1|REQ-R06-4.A.4.a.2|REQ-R06-4.A.4.a.4|REQ-R06-4.A.4.b.6,"Active Listening|Communicating with Supervisors, Peers, or Subordinates|Establishing and Maintaining Interpersonal Relationships|Interpreting the Meaning of Information for Others|Providing Consultation and Advice to Others|Speaking",6,6,Essential Skills|Work Activities,0.191295,0.191295,19.13,19.13,10,low-cost,49,,,,core_gap_closure,course_only|both,2,verified,2026-08-31,ผู้วิจัย (ตรวจด้วยการดึงหน้าเว็บ 31 ส.ค. 2026),DEC-16 ขยายข้ามบทบาทจาก CRS-R07-11 · คงชื่อ ผู้ให้บริการ URL ชั่วโมง และค่าใช้จ่ายเดิมทุกค่า · ต้องทบทวน mapping ก่อน FREEZE,CORPUS-IS68076026-v1.5R-01OCT26,ONET31.0-IS68076026-v1.0,v1.3_crossrole
CRS-R06-17,course,R06,นักวิทยาศาสตร์ข้อมูล,Data Scientist,15-2051.00,data,exact,17,Site Reliability Engineering: Measuring and Managing Reliability,Google Cloud,mooc_platform,Coursera,https://www.coursera.org/learn/site-reliability-engineering-slos,single_course,Intermediate,2,self-paced online,English,กำหนด SLI/SLO/error budget ซึ่งเป็นแนวคิดแกนกลางที่แยก SRE ออกจากงานดูแลระบบแบบเดิม,SLI/SLO design|Error budgets|Reliability measurement|Incident response|Toil reduction,Prometheus|Grafana|Cloud Monitoring,no,REQ-R06-2.A.2.d|REQ-R06-4.A.2.a.4|REQ-R06-4.A.2.b.4,REQ-R06-2.A.2.d|REQ-R06-4.A.2.a.4|REQ-R06-4.A.2.b.4,Analyzing Data or Information|Developing Objectives and Strategies|Monitoring,3,3,Essential Skills|Work Activities,0.096935,0.096935,9.69,9.69,15,paid,49,,,พื้นฐานการดูแลระบบ,core_gap_closure,course_only|both,3,verified,2026-08-31,ผู้วิจัย (ตรวจด้วยการดึงหน้าเว็บ 31 ส.ค. 2026),DEC-16 ขยายข้ามบทบาทจาก CRS-R17-02 · คงชื่อ ผู้ให้บริการ URL ชั่วโมง และค่าใช้จ่ายเดิมทุกค่า · ต้องทบทวน mapping ก่อน FREEZE,CORPUS-IS68076026-v1.5R-01OCT26,ONET31.0-IS68076026-v1.0,v1.3_crossrole
CRS-R06-18,course,R06,นักวิทยาศาสตร์ข้อมูล,Data Scientist,15-2051.00,data,exact,18,SQL for Data Science,University of California Davis,mooc_platform,Coursera,https://www.coursera.org/learn/sql-for-data-science,single_course,Beginner,1,self-paced online,English,เขียน SQL ดึงและรวมข้อมูลจากหลายตารางได้อย่างมั่นใจ ซึ่งเป็นทักษะบังคับอันดับหนึ่งของสาย BI,SQL|Joins|Aggregation|Subqueries|Data profiling,SQL|SQLite,no,REQ-R06-2.B.3.e|REQ-R06-4.A.1.a.1|REQ-R06-4.A.2.a.2|REQ-R06-4.A.2.a.4,REQ-R06-2.B.3.e|REQ-R06-4.A.1.a.1|REQ-R06-4.A.2.a.2|REQ-R06-4.A.2.a.4,Analyzing Data or Information|Getting Information|Processing Information|Programming,4,4,Transferable Skills|Work Activities,0.151284,0.151284,15.13,15.13,25,paid,49,,,ไม่มี,foundation,course_only|both,3,verified,2026-08-31,ผู้วิจัย (ตรวจด้วยการดึงหน้าเว็บ 31 ส.ค. 2026),DEC-16 ขยายข้ามบทบาทจาก CRS-R09-07 · คงชื่อ ผู้ให้บริการ URL ชั่วโมง และค่าใช้จ่ายเดิมทุกค่า · ต้องทบทวน mapping ก่อน FREEZE,CORPUS-IS68076026-v1.5R-01OCT26,ONET31.0-IS68076026-v1.0,v1.3_crossrole
CRT-R07-01,certification,R07,วิศวกรแมชชีนเลิร์นนิง / AI,Machine Learning / AI Engineer,15-1221.00,data,proxy,1,Google Cloud Professional Machine Learning Engineer,Google Cloud,vendor_or_body,Google Cloud Certification,https://cloud.google.com/learn/certification/machine-learning-engineer,vendor_cert,Advanced,3,proctored exam,English,ใบรับรองอ้างอิงของสาย ML engineer ยืนยันการออกแบบระบบ ML ระดับ production,Vertex AI|ML system design|Monitoring|Responsible AI|Automation,Vertex AI|TensorFlow|Kubeflow,no,REQ-R07-2.A.1.a|REQ-R07-2.A.2.a|REQ-R07-2.B.2.i|REQ-R07-2.B.4.g|REQ-R07-2.B.4.h|REQ-R07-2.C.3.a|REQ-R07-2.C.3.b|REQ-R07-2.C.7.a|REQ-R07-4.A.1.a.1|REQ-R07-4.A.1.b.1|REQ-R07-4.A.2.a.3|REQ-R07-4.A.2.a.4|REQ-R07-4.A.2.b.1|REQ-R07-4.A.2.b.2|REQ-R07-4.A.2.b.3|REQ-R07-4.A.2.b.6|REQ-R07-4.A.3.b.1,REQ-R07-2.B.4.g|REQ-R07-2.B.4.h|REQ-R07-4.A.2.a.3|REQ-R07-4.A.2.a.4,"Analyzing Data or Information|Complex Problem Solving|Computers and Electronics|Critical Thinking|Engineering and Technology|English Language|Evaluating Information to Determine Compliance with Standards|Getting Information|Identifying Objects, Actions, and Events|Making Decisions and Solving Problems|Organizing, Planning, and Prioritizing Work|Reading Comprehension|Systems Analysis|Systems Evaluation|Thinking Creatively|Updating and Using Relevant Knowledge|Working with Computers",17,4,Essential Skills|Knowledge|Transferable Skills|Work Activities,0.576547,0.125711,57.65,12.57,140,exam-fee-required,200,PMLE,2,ประสบการณ์ ML 3 ปี,advanced_or_cert_prep,certification_only|both,3,verified,2026-08-31,ผู้วิจัย (ตรวจด้วยการดึงหน้าเว็บ 31 ส.ค. 2026),,CORPUS-IS68076026-v1.5R-01OCT26,ONET31.0-IS68076026-v1.0,v0.9_core
CRT-R07-02,certification,R07,วิศวกรแมชชีนเลิร์นนิง / AI,Machine Learning / AI Engineer,15-1221.00,data,proxy,2,AWS Certified Machine Learning Engineer – Associate,Amazon Web Services,vendor_or_body,AWS Certification,https://aws.amazon.com/certification/certified-machine-learning-engineer-associate/,vendor_cert,Intermediate,2,proctored exam,English,ยืนยันทักษะ ML engineering บน AWS ที่เน้นการทำงานจริงมากกว่าทฤษฎี,SageMaker|ML pipelines|Model deployment|Data preparation|Monitoring,SageMaker|AWS Glue|Step Functions,no,REQ-R07-2.A.1.a|REQ-R07-2.A.2.a|REQ-R07-2.B.2.i|REQ-R07-2.B.3.e|REQ-R07-2.B.4.g|REQ-R07-2.C.3.a|REQ-R07-2.C.7.a|REQ-R07-4.A.1.a.1|REQ-R07-4.A.1.b.1|REQ-R07-4.A.2.a.2|REQ-R07-4.A.2.a.4|REQ-R07-4.A.2.b.1|REQ-R07-4.A.2.b.3|REQ-R07-4.A.2.b.6|REQ-R07-4.A.3.b.1,REQ-R07-2.B.3.e|REQ-R07-2.B.4.g|REQ-R07-4.A.2.a.4,"Analyzing Data or Information|Complex Problem Solving|Computers and Electronics|Critical Thinking|English Language|Getting Information|Identifying Objects, Actions, and Events|Making Decisions and Solving Problems|Organizing, Planning, and Prioritizing Work|Processing Information|Programming|Reading Comprehension|Systems Analysis|Updating and Using Relevant Knowledge|Working with Computers",15,3,Essential Skills|Knowledge|Transferable Skills|Work Activities,0.513977,0.096945,51.40,9.69,120,exam-fee-required,150,MLA-C01,3,ประสบการณ์ 1 ปี,advanced_or_cert_prep,certification_only|both,3,verified,2026-08-31,ผู้วิจัย (ตรวจด้วยการดึงหน้าเว็บ 31 ส.ค. 2026),,CORPUS-IS68076026-v1.5R-01OCT26,ONET31.0-IS68076026-v1.0,v0.9_core
CRT-R07-03,certification,R07,วิศวกรแมชชีนเลิร์นนิง / AI,Machine Learning / AI Engineer,15-1221.00,data,proxy,3,AWS Certified Generative AI Developer – Professional,Amazon Web Services,vendor_or_body,AWS Certification,https://aws.amazon.com/certification/certified-generative-ai-developer-professional/,vendor_cert,Professional,4,proctored exam,English,ออกแบบและพัฒนาโซลูชัน generative AI บน AWS ตั้งแต่การเลือกโมเดล การทำ RAG ไปจนถึงการประเมินและกำกับดูแล,Generative AI solution design|RAG|Model evaluation|Responsible AI|Prompt engineering,Amazon Bedrock|Amazon SageMaker|LangChain,no,REQ-R07-2.A.1.a|REQ-R07-2.A.2.a|REQ-R07-2.B.2.i|REQ-R07-2.B.4.e|REQ-R07-2.B.4.g|REQ-R07-2.B.4.h|REQ-R07-2.C.3.a|REQ-R07-2.C.3.b|REQ-R07-2.C.4.a|REQ-R07-2.C.7.a|REQ-R07-4.A.1.a.1|REQ-R07-4.A.1.b.1|REQ-R07-4.A.1.b.3|REQ-R07-4.A.2.a.2|REQ-R07-4.A.2.a.4|REQ-R07-4.A.2.b.1|REQ-R07-4.A.2.b.2|REQ-R07-4.A.2.b.3|REQ-R07-4.A.2.b.6|REQ-R07-4.A.3.b.1,REQ-R07-2.B.4.e|REQ-R07-2.B.4.g|REQ-R07-2.B.4.h|REQ-R07-2.C.4.a|REQ-R07-4.A.2.a.4,"Analyzing Data or Information|Complex Problem Solving|Computers and Electronics|Critical Thinking|Engineering and Technology|English Language|Estimating the Quantifiable Characteristics of Products, Events, or Information|Getting Information|Identifying Objects, Actions, and Events|Judgment and Decision Making|Making Decisions and Solving Problems|Mathematics|Organizing, Planning, and Prioritizing Work|Processing Information|Reading Comprehension|Systems Analysis|Systems Evaluation|Thinking Creatively|Updating and Using Relevant Knowledge|Working with Computers",20,5,Essential Skills|Knowledge|Transferable Skills|Work Activities,0.682512,0.162441,68.25,16.24,150,exam-fee-required,300,AIP-C01,3,ประสบการณ์พัฒนาโซลูชัน AI บน AWS,advanced_or_cert_prep,certification_only|both,3,verified,2026-08-31,ผู้วิจัย (ตรวจด้วยการดึงหน้าเว็บ 31 ส.ค. 2026),"[REPLACE 2026-08-31] แทนที่ ""AWS Certified Machine Learning – Specialty"" ซึ่งผู้ให้บริการยกเลิกแล้ว · แทน AWS Certified Machine Learning Specialty ที่หมดอายุ 31 มี.ค. 2026 · AWS ประกาศชุดใบรับรอง AI ใหม่แทน · คง competency mapping เดิมไว้เพราะเป็นรายการทดแทนในสายสมรรถนะเดียวกัน ต้องทบทวน mapping อีกครั้งก่อนตรึง",CORPUS-IS68076026-v1.5R-01OCT26,ONET31.0-IS68076026-v1.0,v0.9_core
CRT-R07-04,certification,R07,วิศวกรแมชชีนเลิร์นนิง / AI,Machine Learning / AI Engineer,15-1221.00,data,proxy,4,Microsoft Certified: Azure AI Apps and Agents Developer Associate,Microsoft,vendor_or_body,Microsoft Learn,https://learn.microsoft.com/en-us/credentials/certifications/azure-ai-apps-and-agents-developer-associate/,vendor_cert,Intermediate,2,proctored exam,English,สร้างแอปพลิเคชันและเอเจนต์ AI บน Azure เชื่อมต่อโมเดลภาษาขนาดใหญ่ และจัดการวงจรชีวิตของเอเจนต์,AI agent development|LLM integration|Azure AI Foundry|Responsible AI,Azure AI Foundry|Azure OpenAI|Semantic Kernel,no,REQ-R07-2.A.1.a|REQ-R07-2.A.2.a|REQ-R07-2.B.2.i|REQ-R07-2.B.3.e|REQ-R07-2.B.4.g|REQ-R07-2.C.3.a|REQ-R07-2.C.7.a|REQ-R07-4.A.1.a.1|REQ-R07-4.A.1.b.1|REQ-R07-4.A.2.a.3|REQ-R07-4.A.2.a.4|REQ-R07-4.A.2.b.1|REQ-R07-4.A.2.b.3|REQ-R07-4.A.2.b.6|REQ-R07-4.A.3.b.1,REQ-R07-2.B.3.e|REQ-R07-2.B.4.g|REQ-R07-2.C.3.a|REQ-R07-4.A.2.a.3|REQ-R07-4.A.2.a.4,"Analyzing Data or Information|Complex Problem Solving|Computers and Electronics|Critical Thinking|English Language|Evaluating Information to Determine Compliance with Standards|Getting Information|Identifying Objects, Actions, and Events|Making Decisions and Solving Problems|Organizing, Planning, and Prioritizing Work|Programming|Reading Comprehension|Systems Analysis|Updating and Using Relevant Knowledge|Working with Computers",15,5,Essential Skills|Knowledge|Transferable Skills|Work Activities,0.507638,0.162847,50.76,16.28,110,exam-fee-required,165,AI-102 successor,1,ประสบการณ์พัฒนาโซลูชัน AI บน Azure,advanced_or_cert_prep,certification_only|both,3,verified,2026-08-31,ผู้วิจัย (ตรวจด้วยการดึงหน้าเว็บ 31 ส.ค. 2026),"[REPLACE 2026-08-31] แทนที่ ""Microsoft Certified: Azure AI Engineer Associate"" ซึ่งผู้ให้บริการยกเลิกแล้ว · แทน Azure AI Engineer Associate ที่ Microsoft ยกเลิก · คง competency mapping เดิมไว้เพราะเป็นรายการทดแทนในสายสมรรถนะเดียวกัน ต้องทบทวน mapping อีกครั้งก่อนตรึง",CORPUS-IS68076026-v1.5R-01OCT26,ONET31.0-IS68076026-v1.0,v0.9_core
CRT-R07-05,certification,R07,วิศวกรแมชชีนเลิร์นนิง / AI,Machine Learning / AI Engineer,15-1221.00,data,proxy,5,Microsoft Certified: Azure AI Cloud Developer Associate,Microsoft,vendor_or_body,Microsoft Learn,https://learn.microsoft.com/en-us/credentials/certifications/azure-ai-cloud-developer-associate/,vendor_cert,Intermediate,2,proctored exam,English,ออกแบบและพัฒนาโซลูชัน AI บนคลาวด์ของ Azure เชื่อมต่อบริการ AI เข้ากับแอปพลิเคชัน และดูแลความปลอดภัยของโซลูชัน,Azure AI services|Cloud application development|API integration|Prompt engineering|Solution security,Azure AI Foundry|Azure Functions|Azure App Service,no,REQ-R07-2.A.1.a|REQ-R07-2.A.2.a|REQ-R07-2.B.2.i|REQ-R07-2.B.3.e|REQ-R07-2.B.4.g|REQ-R07-2.C.3.a|REQ-R07-2.C.7.a|REQ-R07-4.A.1.a.1|REQ-R07-4.A.1.b.1|REQ-R07-4.A.2.a.2|REQ-R07-4.A.2.a.4|REQ-R07-4.A.2.b.1|REQ-R07-4.A.2.b.3|REQ-R07-4.A.2.b.6|REQ-R07-4.A.3.b.1,REQ-R07-2.B.3.e|REQ-R07-2.B.4.g|REQ-R07-4.A.2.a.4,"Analyzing Data or Information|Complex Problem Solving|Computers and Electronics|Critical Thinking|English Language|Getting Information|Identifying Objects, Actions, and Events|Making Decisions and Solving Problems|Organizing, Planning, and Prioritizing Work|Processing Information|Programming|Reading Comprehension|Systems Analysis|Updating and Using Relevant Knowledge|Working with Computers",15,3,Essential Skills|Knowledge|Transferable Skills|Work Activities,0.513977,0.096945,51.40,9.69,110,exam-fee-required,165,AI-200,1,ประสบการณ์พัฒนาบน Azure,advanced_or_cert_prep,certification_only|both,3,verified,2026-08-31,ผู้วิจัย (ตรวจด้วยการดึงหน้าเว็บ 31 ส.ค. 2026),"[REPLACE 2026-08-31] แทนที่ ""Microsoft Certified: Azure Data Scientist Associate"" ซึ่งผู้ให้บริการยกเลิกแล้ว · แทน AZ-204 ที่ Microsoft ยกเลิก · Microsoft ระบุ AI-200 เป็นเส้นทางต่อเนื่องของนักพัฒนา Azure · คง competency mapping เดิมไว้เพราะเป็นรายการทดแทนในสายสมรรถนะเดียวกัน ต้องทบทวน mapping อีกครั้งก่อนตรึง",CORPUS-IS68076026-v1.5R-01OCT26,ONET31.0-IS68076026-v1.0,v0.9_core
CRT-R07-06,certification,R07,วิศวกรแมชชีนเลิร์นนิง / AI,Machine Learning / AI Engineer,15-1221.00,data,proxy,6,Databricks Certified Machine Learning Associate,Databricks,vendor_or_body,Databricks,https://www.databricks.com/learn/certification/machine-learning-associate,vendor_cert,Intermediate,2,hands-on coding exam,English,ใช้ Databricks สร้างและประเมินโมเดลแมชชีนเลิร์นนิง ตั้งแต่การเตรียมข้อมูลจนถึงการติดตามการทดลอง,ML workflow on Databricks|MLflow tracking|Feature engineering|Model evaluation,Databricks|MLflow|scikit-learn,no,REQ-R07-2.A.1.a|REQ-R07-2.A.2.a|REQ-R07-2.B.2.i|REQ-R07-2.B.3.e|REQ-R07-2.C.3.a|REQ-R07-2.C.4.a|REQ-R07-2.C.7.a|REQ-R07-4.A.1.a.1|REQ-R07-4.A.1.b.1|REQ-R07-4.A.2.a.1|REQ-R07-4.A.2.a.3|REQ-R07-4.A.2.a.4|REQ-R07-4.A.2.b.1|REQ-R07-4.A.2.b.3|REQ-R07-4.A.3.b.1,REQ-R07-2.B.3.e|REQ-R07-2.C.4.a|REQ-R07-4.A.2.a.4,"Analyzing Data or Information|Complex Problem Solving|Computers and Electronics|Critical Thinking|English Language|Evaluating Information to Determine Compliance with Standards|Getting Information|Identifying Objects, Actions, and Events|Judging the Qualities of Objects, Services, or People|Making Decisions and Solving Problems|Mathematics|Programming|Reading Comprehension|Updating and Using Relevant Knowledge|Working with Computers",15,3,Essential Skills|Knowledge|Transferable Skills|Work Activities,0.509100,0.099464,50.91,9.95,60,exam-fee-required,200,Databricks ML Associate,2,พื้นฐาน Python และแมชชีนเลิร์นนิง,advanced_or_cert_prep,certification_only|both,3,verified,2026-08-31,ผู้วิจัย (ตรวจด้วยการดึงหน้าเว็บ 31 ส.ค. 2026),"[REPLACE 2026-08-31] แทนที่ ""TensorFlow Developer Certificate"" ซึ่งผู้ให้บริการยกเลิกแล้ว · แทน TensorFlow Developer Certificate ที่ยุติโครงการ · คง competency mapping เดิมไว้เพราะเป็นรายการทดแทนในสายสมรรถนะเดียวกัน ต้องทบทวน mapping อีกครั้งก่อนตรึง",CORPUS-IS68076026-v1.5R-01OCT26,ONET31.0-IS68076026-v1.0,v0.9_core
CRT-R07-07,certification,R07,วิศวกรแมชชีนเลิร์นนิง / AI,Machine Learning / AI Engineer,15-1221.00,data,proxy,7,Databricks Certified Machine Learning Professional,Databricks,vendor_or_body,Databricks Academy,https://www.databricks.com/learn/certification/machine-learning-professional,vendor_cert,Advanced,3,proctored exam,English,"ยืนยันความสามารถบริหารวงจรชีวิตโมเดลบน Databricks ทั้ง experiment tracking, deployment และ monitoring",MLflow|Model registry|Model serving|Drift monitoring|Feature store,Databricks|MLflow|Apache Spark,no,REQ-R07-2.A.1.a|REQ-R07-2.A.2.a|REQ-R07-2.B.2.i|REQ-R07-2.B.3.e|REQ-R07-2.B.4.g|REQ-R07-2.C.3.a|REQ-R07-2.C.7.a|REQ-R07-4.A.1.a.1|REQ-R07-4.A.1.b.1|REQ-R07-4.A.1.b.3|REQ-R07-4.A.2.a.2|REQ-R07-4.A.2.a.3|REQ-R07-4.A.2.a.4|REQ-R07-4.A.2.b.1|REQ-R07-4.A.2.b.3|REQ-R07-4.A.3.b.1,REQ-R07-2.B.3.e|REQ-R07-2.B.4.g|REQ-R07-4.A.2.a.3|REQ-R07-4.A.2.a.4,"Analyzing Data or Information|Complex Problem Solving|Computers and Electronics|Critical Thinking|English Language|Estimating the Quantifiable Characteristics of Products, Events, or Information|Evaluating Information to Determine Compliance with Standards|Getting Information|Identifying Objects, Actions, and Events|Making Decisions and Solving Problems|Processing Information|Programming|Reading Comprehension|Systems Analysis|Updating and Using Relevant Knowledge|Working with Computers",16,4,Essential Skills|Knowledge|Transferable Skills|Work Activities,0.547050,0.125711,54.71,12.57,90,exam-fee-required,200,ML Professional,2,ML Associate,advanced_or_cert_prep,certification_only|both,3,verified,2026-08-31,ผู้วิจัย (ตรวจด้วยการดึงหน้าเว็บ 31 ส.ค. 2026),,CORPUS-IS68076026-v1.5R-01OCT26,ONET31.0-IS68076026-v1.0,v0.9_core
CRT-R07-08,certification,R07,วิศวกรแมชชีนเลิร์นนิง / AI,Machine Learning / AI Engineer,15-1221.00,data,proxy,8,NVIDIA-Certified Associate: Generative AI LLMs,NVIDIA,vendor_or_body,NVIDIA Deep Learning Institute,https://www.nvidia.com/en-us/learn/certification/,vendor_cert,Intermediate,2,proctored exam,English,ใบรับรองเฉพาะทาง LLM จากผู้ผลิตฮาร์ดแวร์หลักของวงการ AI,LLM fundamentals|Transformer architecture|Prompt engineering|LLM deployment,PyTorch|NeMo|TensorRT-LLM,no,REQ-R07-2.A.1.a|REQ-R07-2.A.2.a|REQ-R07-2.B.2.i|REQ-R07-2.B.3.e|REQ-R07-2.B.4.g|REQ-R07-2.B.4.h|REQ-R07-2.C.3.a|REQ-R07-2.C.3.b|REQ-R07-2.C.7.a|REQ-R07-4.A.1.a.1|REQ-R07-4.A.1.b.1|REQ-R07-4.A.2.a.4|REQ-R07-4.A.2.b.1|REQ-R07-4.A.2.b.2|REQ-R07-4.A.2.b.3|REQ-R07-4.A.3.b.1,REQ-R07-2.B.3.e|REQ-R07-2.C.3.a|REQ-R07-2.C.3.b|REQ-R07-4.A.2.a.4,"Analyzing Data or Information|Complex Problem Solving|Computers and Electronics|Critical Thinking|Engineering and Technology|English Language|Getting Information|Identifying Objects, Actions, and Events|Making Decisions and Solving Problems|Programming|Reading Comprehension|Systems Analysis|Systems Evaluation|Thinking Creatively|Updating and Using Relevant Knowledge|Working with Computers",16,4,Essential Skills|Knowledge|Transferable Skills|Work Activities,0.547375,0.135706,54.74,13.57,60,exam-fee-required,135,NCA-GENL,2,พื้นฐาน deep learning,advanced_or_cert_prep,certification_only|both,2,verified,2026-08-31,ผู้วิจัย (ตรวจด้วยการดึงหน้าเว็บ 31 ส.ค. 2026),,CORPUS-IS68076026-v1.5R-01OCT26,ONET31.0-IS68076026-v1.0,v0.9_core
CRT-R07-09,certification,R07,วิศวกรแมชชีนเลิร์นนิง / AI,Machine Learning / AI Engineer,15-1221.00,data,proxy,9,Certified Kubernetes Application Developer (CKAD),Cloud Native Computing Foundation,vendor_or_body,Linux Foundation Training,https://training.linuxfoundation.org/certification/certified-kubernetes-application-developer-ckad/,vendor_neutral_cert,Intermediate,2,hands-on proctored lab exam,English,ปิดช่องว่างด้านการ deploy โมเดล ซึ่งเป็นทักษะที่ ML engineer ในอุตสาหกรรมขาดบ่อยที่สุด,Kubernetes|Containerized model serving|Resource management|Observability,Kubernetes|Docker|Helm,no,REQ-R07-2.A.1.a|REQ-R07-2.A.2.a|REQ-R07-2.B.2.i|REQ-R07-2.B.4.g|REQ-R07-2.C.3.a|REQ-R07-2.C.7.a|REQ-R07-4.A.1.a.1|REQ-R07-4.A.1.b.1|REQ-R07-4.A.1.b.3|REQ-R07-4.A.2.b.1|REQ-R07-4.A.2.b.3|REQ-R07-4.A.2.b.6|REQ-R07-4.A.3.b.1,REQ-R07-2.B.4.g|REQ-R07-2.C.3.a|REQ-R07-4.A.3.b.1,"Complex Problem Solving|Computers and Electronics|Critical Thinking|English Language|Estimating the Quantifiable Characteristics of Products, Events, or Information|Getting Information|Identifying Objects, Actions, and Events|Making Decisions and Solving Problems|Organizing, Planning, and Prioritizing Work|Reading Comprehension|Systems Analysis|Updating and Using Relevant Knowledge|Working with Computers",13,3,Essential Skills|Knowledge|Transferable Skills|Work Activities,0.446530,0.107996,44.65,10.80,100,exam-fee-required,445,CKAD,2,พื้นฐาน container,advanced_or_cert_prep,certification_only|both,3,verified,2026-08-31,ผู้วิจัย (ตรวจด้วยการดึงหน้าเว็บ 31 ส.ค. 2026),,CORPUS-IS68076026-v1.5R-01OCT26,ONET31.0-IS68076026-v1.0,v0.9_core
CRT-R07-10,certification,R07,วิศวกรแมชชีนเลิร์นนิง / AI,Machine Learning / AI Engineer,15-1221.00,data,proxy,10,IAPP Artificial Intelligence Governance Professional (AIGP),International Association of Privacy Professionals,vendor_or_body,IAPP,https://iapp.org/certify/aigp/,vendor_neutral_cert,Professional,4,proctored exam,English,ยืนยันความเข้าใจการกำกับดูแล AI อย่างรับผิดชอบ ซึ่งกำลังกลายเป็นข้อกำหนดขององค์กรและกฎหมาย,AI governance|AI risk management|Responsible AI|AI regulation|Model documentation,NIST AI RMF|ISO/IEC 42001,no,REQ-R07-2.A.1.a|REQ-R07-2.A.2.a|REQ-R07-2.B.2.i|REQ-R07-2.B.4.e|REQ-R07-2.C.3.a|REQ-R07-2.C.7.a|REQ-R07-4.A.1.a.1|REQ-R07-4.A.1.b.1|REQ-R07-4.A.1.b.3|REQ-R07-4.A.2.a.1|REQ-R07-4.A.2.a.3|REQ-R07-4.A.2.b.1|REQ-R07-4.A.2.b.3|REQ-R07-4.A.2.b.4|REQ-R07-4.A.3.b.1|REQ-R07-4.A.3.b.6,REQ-R07-2.A.1.a|REQ-R07-2.B.4.e|REQ-R07-4.A.2.a.3|REQ-R07-4.A.3.b.6,"Complex Problem Solving|Computers and Electronics|Critical Thinking|Developing Objectives and Strategies|Documenting/Recording Information|English Language|Estimating the Quantifiable Characteristics of Products, Events, or Information|Evaluating Information to Determine Compliance with Standards|Getting Information|Identifying Objects, Actions, and Events|Judging the Qualities of Objects, Services, or People|Judgment and Decision Making|Making Decisions and Solving Problems|Reading Comprehension|Updating and Using Relevant Knowledge|Working with Computers",16,4,Essential Skills|Knowledge|Transferable Skills|Work Activities,0.541929,0.127254,54.19,12.73,80,exam-fee-required,725,AIGP,2,ไม่มี,advanced_or_cert_prep,certification_only|both,2,verified,2026-08-31,ผู้วิจัย (ตรวจด้วยการดึงหน้าเว็บ 31 ส.ค. 2026),,CORPUS-IS68076026-v1.5R-01OCT26,ONET31.0-IS68076026-v1.0,v0.9_core
CRT-R07-11,certification,R07,วิศวกรแมชชีนเลิร์นนิง / AI,Machine Learning / AI Engineer,15-1221.00,data,proxy,11,AWS Certified Solutions Architect – Associate,Amazon Web Services,vendor_or_body,AWS Certification,https://aws.amazon.com/certification/certified-solutions-architect-associate/,vendor_cert,Intermediate,2,proctored exam,English,ยืนยันความสามารถออกแบบสถาปัตยกรรมที่ปลอดภัย ทนทาน มีประสิทธิภาพ และคุ้มค่าบน AWS,Cloud architecture|High availability design|Cost optimization|AWS networking|Security design,Amazon EC2|Amazon S3|Amazon VPC|Amazon RDS|AWS IAM,no,REQ-R07-2.B.4.e|REQ-R07-2.B.4.g|REQ-R07-2.B.4.h|REQ-R07-2.C.3.a|REQ-R07-4.A.2.b.1,REQ-R07-2.B.4.e|REQ-R07-2.B.4.g|REQ-R07-2.B.4.h|REQ-R07-2.C.3.a|REQ-R07-4.A.2.b.1,Computers and Electronics|Judgment and Decision Making|Making Decisions and Solving Problems|Systems Analysis|Systems Evaluation,5,5,Knowledge|Transferable Skills|Work Activities,0.167316,0.167316,16.73,16.73,120,exam-fee-required,150,SAA-C03,3,ประสบการณ์ใช้งาน AWS,advanced_or_cert_prep,certification_only|both,3,verified,2026-08-31,ผู้วิจัย (ตรวจด้วยการดึงหน้าเว็บ 31 ส.ค. 2026),DEC-16 ขยายข้ามบทบาทจาก CRT-R01-02 · คงชื่อ ผู้ให้บริการ URL ชั่วโมง และค่าใช้จ่ายเดิมทุกค่า · ต้องทบทวน mapping ก่อน FREEZE,CORPUS-IS68076026-v1.5R-01OCT26,ONET31.0-IS68076026-v1.0,v1.3_crossrole
CRS-R07-01,course,R07,วิศวกรแมชชีนเลิร์นนิง / AI,Machine Learning / AI Engineer,15-1221.00,data,proxy,1,Deep Learning Specialization,DeepLearning.AI,mooc_platform,Coursera,https://www.coursera.org/specializations/deep-learning,specialization,Intermediate,2,self-paced online,English,รากฐานของงาน ML engineer ครอบคลุมสถาปัตยกรรมโครงข่ายหลัก และกลยุทธ์การทำโครงการ ML ให้สำเร็จ,Neural networks|CNN|Sequence models|Hyperparameter tuning|ML strategy,TensorFlow|Keras|Python,yes,REQ-R07-2.A.1.a|REQ-R07-2.A.2.a|REQ-R07-2.B.2.i|REQ-R07-2.B.3.e|REQ-R07-2.B.4.e|REQ-R07-2.C.3.a|REQ-R07-2.C.3.b|REQ-R07-2.C.4.a|REQ-R07-2.C.7.a|REQ-R07-4.A.1.a.1|REQ-R07-4.A.1.b.1|REQ-R07-4.A.2.a.4|REQ-R07-4.A.2.b.1|REQ-R07-4.A.2.b.2|REQ-R07-4.A.2.b.3|REQ-R07-4.A.2.b.4|REQ-R07-4.A.2.b.6|REQ-R07-4.A.3.b.1,REQ-R07-2.A.2.a|REQ-R07-2.B.2.i|REQ-R07-2.B.3.e|REQ-R07-2.C.4.a|REQ-R07-4.A.2.a.4,"Analyzing Data or Information|Complex Problem Solving|Computers and Electronics|Critical Thinking|Developing Objectives and Strategies|Engineering and Technology|English Language|Getting Information|Identifying Objects, Actions, and Events|Judgment and Decision Making|Making Decisions and Solving Problems|Mathematics|Organizing, Planning, and Prioritizing Work|Programming|Reading Comprehension|Thinking Creatively|Updating and Using Relevant Knowledge|Working with Computers",18,5,Essential Skills|Knowledge|Transferable Skills|Work Activities,0.612952,0.164472,61.30,16.45,130,paid,245,,,พื้นฐาน Python และคณิตศาสตร์,core_gap_closure,course_only|both,3,verified,2026-08-31,ผู้วิจัย (ตรวจด้วยการดึงหน้าเว็บ 31 ส.ค. 2026),,CORPUS-IS68076026-v1.5R-01OCT26,ONET31.0-IS68076026-v1.0,v0.9_core
CRS-R07-02,course,R07,วิศวกรแมชชีนเลิร์นนิง / AI,Machine Learning / AI Engineer,15-1221.00,data,proxy,2,Machine Learning Engineering for Production (MLOps) Specialization,DeepLearning.AI,mooc_platform,Coursera,https://www.coursera.org/specializations/machine-learning-engineering-for-production-mlops,specialization,Advanced,3,self-paced online,English,"เปลี่ยนโมเดลในสมุดทดลองให้เป็นระบบที่ทำงานจริง ครอบคลุม data pipeline, deployment และการเฝ้าระวังโมเดล",MLOps|Data-centric AI|Model deployment|Model monitoring|Concept drift|Pipeline orchestration,TensorFlow Extended|Kubeflow|Docker|Python,yes,REQ-R07-2.A.1.a|REQ-R07-2.A.2.a|REQ-R07-2.B.2.i|REQ-R07-2.B.3.e|REQ-R07-2.B.4.g|REQ-R07-2.B.4.h|REQ-R07-2.C.3.a|REQ-R07-2.C.7.a|REQ-R07-4.A.1.a.1|REQ-R07-4.A.1.b.1|REQ-R07-4.A.2.a.2|REQ-R07-4.A.2.a.4|REQ-R07-4.A.2.b.1|REQ-R07-4.A.2.b.3|REQ-R07-4.A.2.b.4|REQ-R07-4.A.2.b.6|REQ-R07-4.A.3.b.1,REQ-R07-2.B.3.e|REQ-R07-2.B.4.g|REQ-R07-2.B.4.h|REQ-R07-4.A.2.a.4|REQ-R07-4.A.2.b.4,"Analyzing Data or Information|Complex Problem Solving|Computers and Electronics|Critical Thinking|Developing Objectives and Strategies|English Language|Getting Information|Identifying Objects, Actions, and Events|Making Decisions and Solving Problems|Organizing, Planning, and Prioritizing Work|Processing Information|Programming|Reading Comprehension|Systems Analysis|Systems Evaluation|Updating and Using Relevant Knowledge|Working with Computers",17,5,Essential Skills|Knowledge|Transferable Skills|Work Activities,0.573542,0.156510,57.35,15.65,110,paid,245,,,Deep Learning Specialization หรือประสบการณ์ ML,advanced_or_cert_prep,course_only|both,3,verified,2026-08-31,ผู้วิจัย (ตรวจด้วยการดึงหน้าเว็บ 31 ส.ค. 2026),,CORPUS-IS68076026-v1.5R-01OCT26,ONET31.0-IS68076026-v1.0,v0.9_core
CRS-R07-03,course,R07,วิศวกรแมชชีนเลิร์นนิง / AI,Machine Learning / AI Engineer,15-1221.00,data,proxy,3,IBM Generative AI Engineering Professional Certificate,IBM,mooc_platform,Coursera,https://www.coursera.org/professional-certificates/ibm-generative-ai-engineering,professional_certificate,Intermediate,2,self-paced online,English,"สร้างแอปพลิเคชันบนโมเดลภาษาขนาดใหญ่ ทั้ง prompt engineering, fine-tuning และสถาปัตยกรรม RAG",LLM application development|Prompt engineering|Fine-tuning|RAG|Vector databases|LangChain,Python|Hugging Face|LangChain|PyTorch,yes,REQ-R07-2.A.1.a|REQ-R07-2.A.2.a|REQ-R07-2.B.2.i|REQ-R07-2.B.3.e|REQ-R07-2.C.3.a|REQ-R07-2.C.3.b|REQ-R07-2.C.7.a|REQ-R07-4.A.1.a.1|REQ-R07-4.A.1.b.1|REQ-R07-4.A.2.a.2|REQ-R07-4.A.2.a.4|REQ-R07-4.A.2.b.1|REQ-R07-4.A.2.b.2|REQ-R07-4.A.2.b.3|REQ-R07-4.A.2.b.6|REQ-R07-4.A.3.b.1,REQ-R07-2.B.2.i|REQ-R07-2.B.3.e|REQ-R07-2.C.3.a|REQ-R07-4.A.2.a.4|REQ-R07-4.A.2.b.2,"Analyzing Data or Information|Complex Problem Solving|Computers and Electronics|Critical Thinking|Engineering and Technology|English Language|Getting Information|Identifying Objects, Actions, and Events|Making Decisions and Solving Problems|Organizing, Planning, and Prioritizing Work|Processing Information|Programming|Reading Comprehension|Thinking Creatively|Updating and Using Relevant Knowledge|Working with Computers",16,5,Essential Skills|Knowledge|Transferable Skills|Work Activities,0.552413,0.172923,55.24,17.29,200,paid,245,,,พื้นฐาน Python,core_gap_closure,course_only|both,3,verified,2026-08-31,ผู้วิจัย (ตรวจด้วยการดึงหน้าเว็บ 31 ส.ค. 2026),,CORPUS-IS68076026-v1.5R-01OCT26,ONET31.0-IS68076026-v1.0,v0.9_core
CRS-R07-04,course,R07,วิศวกรแมชชีนเลิร์นนิง / AI,Machine Learning / AI Engineer,15-1221.00,data,proxy,4,DeepLearning.AI TensorFlow Developer Professional Certificate,DeepLearning.AI,mooc_platform,Coursera,https://www.coursera.org/professional-certificates/tensorflow-in-practice,professional_certificate,Intermediate,2,self-paced online,English,ฝึกใช้ TensorFlow สร้างโมเดลจริงทั้งภาพ ข้อความ และอนุกรมเวลา และเตรียมสอบ TensorFlow Developer,TensorFlow|Computer vision|NLP|Time series|Model optimization,TensorFlow|Keras|Python,yes,REQ-R07-2.A.1.a|REQ-R07-2.A.2.a|REQ-R07-2.B.2.i|REQ-R07-2.B.3.e|REQ-R07-2.C.3.a|REQ-R07-2.C.4.a|REQ-R07-2.C.7.a|REQ-R07-4.A.1.a.1|REQ-R07-4.A.1.b.1|REQ-R07-4.A.2.a.4|REQ-R07-4.A.2.b.1|REQ-R07-4.A.2.b.3|REQ-R07-4.A.3.b.1,REQ-R07-2.B.3.e|REQ-R07-2.C.3.a|REQ-R07-2.C.4.a|REQ-R07-4.A.2.a.4,"Analyzing Data or Information|Complex Problem Solving|Computers and Electronics|Critical Thinking|English Language|Getting Information|Identifying Objects, Actions, and Events|Making Decisions and Solving Problems|Mathematics|Programming|Reading Comprehension|Updating and Using Relevant Knowledge|Working with Computers",13,4,Essential Skills|Knowledge|Transferable Skills|Work Activities,0.451568,0.136600,45.16,13.66,90,paid,245,,,พื้นฐาน Python,advanced_or_cert_prep,course_only|both,3,verified,2026-08-31,ผู้วิจัย (ตรวจด้วยการดึงหน้าเว็บ 31 ส.ค. 2026),,CORPUS-IS68076026-v1.5R-01OCT26,ONET31.0-IS68076026-v1.0,v0.9_core
CRS-R07-05,course,R07,วิศวกรแมชชีนเลิร์นนิง / AI,Machine Learning / AI Engineer,15-1221.00,data,proxy,5,Natural Language Processing Specialization,DeepLearning.AI,mooc_platform,Coursera,https://www.coursera.org/specializations/natural-language-processing,specialization,Advanced,3,self-paced online,English,เข้าใจกลไกเบื้องหลังโมเดลภาษาสมัยใหม่ ตั้งแต่ embedding จนถึง attention และ transformer,NLP|Embeddings|Attention|Transformers|Sequence-to-sequence models,TensorFlow|Hugging Face|Python,yes,REQ-R07-2.A.1.a|REQ-R07-2.A.2.a|REQ-R07-2.B.2.i|REQ-R07-2.B.3.e|REQ-R07-2.C.3.a|REQ-R07-2.C.4.a|REQ-R07-2.C.7.a|REQ-R07-4.A.1.a.1|REQ-R07-4.A.1.b.1|REQ-R07-4.A.2.a.4|REQ-R07-4.A.2.b.1|REQ-R07-4.A.2.b.3|REQ-R07-4.A.2.b.6|REQ-R07-4.A.3.b.1,REQ-R07-2.B.2.i|REQ-R07-2.B.3.e|REQ-R07-2.C.4.a|REQ-R07-4.A.2.a.4,"Analyzing Data or Information|Complex Problem Solving|Computers and Electronics|Critical Thinking|English Language|Getting Information|Identifying Objects, Actions, and Events|Making Decisions and Solving Problems|Mathematics|Organizing, Planning, and Prioritizing Work|Programming|Reading Comprehension|Updating and Using Relevant Knowledge|Working with Computers",14,4,Essential Skills|Knowledge|Transferable Skills|Work Activities,0.481391,0.131968,48.14,13.20,110,paid,245,,,Deep Learning Specialization,advanced_or_cert_prep,course_only|both,3,verified,2026-08-31,ผู้วิจัย (ตรวจด้วยการดึงหน้าเว็บ 31 ส.ค. 2026),,CORPUS-IS68076026-v1.5R-01OCT26,ONET31.0-IS68076026-v1.0,v0.9_core
CRS-R07-06,course,R07,วิศวกรแมชชีนเลิร์นนิง / AI,Machine Learning / AI Engineer,15-1221.00,data,proxy,6,IBM AI Engineering Professional Certificate,IBM,mooc_platform,Coursera,https://www.coursera.org/professional-certificates/ai-engineer,professional_certificate,Intermediate,2,self-paced online,English,"สร้างและ deploy โมเดล ML และ deep learning ด้วย Keras, PyTorch และ Apache Spark",Machine learning|Deep learning|PyTorch|Keras|Spark ML|Model deployment,PyTorch|Keras|Apache Spark|Python,yes,REQ-R07-2.A.1.a|REQ-R07-2.A.2.a|REQ-R07-2.B.2.i|REQ-R07-2.B.3.e|REQ-R07-2.B.4.g|REQ-R07-2.C.3.a|REQ-R07-2.C.4.a|REQ-R07-2.C.7.a|REQ-R07-4.A.1.a.1|REQ-R07-4.A.1.b.1|REQ-R07-4.A.2.a.4|REQ-R07-4.A.2.b.1|REQ-R07-4.A.2.b.3|REQ-R07-4.A.2.b.6|REQ-R07-4.A.3.b.1,REQ-R07-2.B.3.e|REQ-R07-2.B.4.g|REQ-R07-2.C.3.a|REQ-R07-2.C.4.a|REQ-R07-4.A.2.a.4,"Analyzing Data or Information|Complex Problem Solving|Computers and Electronics|Critical Thinking|English Language|Getting Information|Identifying Objects, Actions, and Events|Making Decisions and Solving Problems|Mathematics|Organizing, Planning, and Prioritizing Work|Programming|Reading Comprehension|Systems Analysis|Updating and Using Relevant Knowledge|Working with Computers",15,5,Essential Skills|Knowledge|Transferable Skills|Work Activities,0.511864,0.167073,51.19,16.71,160,paid,245,,,พื้นฐาน Python,core_gap_closure,course_only|both,3,verified,2026-08-31,ผู้วิจัย (ตรวจด้วยการดึงหน้าเว็บ 31 ส.ค. 2026),,CORPUS-IS68076026-v1.5R-01OCT26,ONET31.0-IS68076026-v1.0,v0.9_core
CRS-R07-07,course,R07,วิศวกรแมชชีนเลิร์นนิง / AI,Machine Learning / AI Engineer,15-1221.00,data,proxy,7,Mathematics for Machine Learning and Data Science Specialization,DeepLearning.AI,mooc_platform,Coursera,https://www.coursera.org/specializations/mathematics-for-machine-learning-and-data-science,specialization,Beginner,1,self-paced online,English,ปิดช่องว่างคณิตศาสตร์ซึ่งเป็นสมรรถนะที่มีน้ำหนักสูงในบทบาทนี้ (Mathematics IM = 4.06),Linear algebra|Calculus|Probability|Statistics|Gradient descent,Python|NumPy,no,REQ-R07-2.A.1.a|REQ-R07-2.A.2.a|REQ-R07-2.C.3.a|REQ-R07-2.C.4.a|REQ-R07-2.C.7.a|REQ-R07-4.A.1.a.1|REQ-R07-4.A.2.a.2|REQ-R07-4.A.2.a.4|REQ-R07-4.A.2.b.3|REQ-R07-4.A.3.b.1,REQ-R07-2.A.2.a|REQ-R07-2.C.4.a|REQ-R07-4.A.2.a.4,Analyzing Data or Information|Computers and Electronics|Critical Thinking|English Language|Getting Information|Mathematics|Processing Information|Reading Comprehension|Updating and Using Relevant Knowledge|Working with Computers,10,3,Essential Skills|Knowledge|Work Activities,0.351942,0.102551,35.19,10.26,90,paid,245,,,คณิตศาสตร์มัธยมปลาย,foundation,course_only|both,3,verified,2026-08-31,ผู้วิจัย (ตรวจด้วยการดึงหน้าเว็บ 31 ส.ค. 2026),,CORPUS-IS68076026-v1.5R-01OCT26,ONET31.0-IS68076026-v1.0,v0.9_core
CRS-R07-08,course,R07,วิศวกรแมชชีนเลิร์นนิง / AI,Machine Learning / AI Engineer,15-1221.00,data,proxy,8,Machine Learning Engineer Learning Path,Google Cloud,vendor_or_body,Google Cloud Skills Boost,https://www.skills.google/paths/17,specialization,Advanced,3,self-paced online,English,"ฝึกปฏิบัติบน Vertex AI ผ่านห้องแล็บจริง ครอบคลุม pipeline, feature store และ MLOps บน GCP",Vertex AI|ML pipelines|Feature engineering|MLOps on GCP|BigQuery ML,Vertex AI|BigQuery|Kubeflow,yes,REQ-R07-2.A.1.a|REQ-R07-2.A.2.a|REQ-R07-2.B.2.i|REQ-R07-2.B.3.e|REQ-R07-2.B.4.g|REQ-R07-2.C.3.a|REQ-R07-2.C.7.a|REQ-R07-4.A.1.a.1|REQ-R07-4.A.1.b.1|REQ-R07-4.A.2.a.2|REQ-R07-4.A.2.a.4|REQ-R07-4.A.2.b.1|REQ-R07-4.A.2.b.3|REQ-R07-4.A.3.b.1,REQ-R07-2.B.3.e|REQ-R07-2.B.4.g|REQ-R07-4.A.2.a.4|REQ-R07-4.A.3.b.1,"Analyzing Data or Information|Complex Problem Solving|Computers and Electronics|Critical Thinking|English Language|Getting Information|Identifying Objects, Actions, and Events|Making Decisions and Solving Problems|Processing Information|Programming|Reading Comprehension|Systems Analysis|Updating and Using Relevant Knowledge|Working with Computers",14,4,Essential Skills|Knowledge|Transferable Skills|Work Activities,0.484154,0.137332,48.42,13.73,80,low-cost,348,,,พื้นฐาน ML และ GCP,advanced_or_cert_prep,course_only|both,3,verified,2026-08-31,ผู้วิจัย (ตรวจด้วยการดึงหน้าเว็บ 31 ส.ค. 2026),แก้ URL ตามการเปลี่ยนเส้นทางที่ยืนยันแล้วเมื่อ 2026-08-31,CORPUS-IS68076026-v1.5R-01OCT26,ONET31.0-IS68076026-v1.0,v0.9_core
CRS-R07-09,course,R07,วิศวกรแมชชีนเลิร์นนิง / AI,Machine Learning / AI Engineer,15-1221.00,data,proxy,9,Practical Deep Learning for Coders,fast.ai,vendor_or_body,fast.ai,https://course.fast.ai/,single_course,Intermediate,2,self-paced online,English,เรียนแบบลงมือทำก่อนทฤษฎี สร้างโมเดลที่ใช้งานได้จริงเร็วที่สุด และเผยแพร่เป็นเว็บแอปได้,PyTorch|Transfer learning|Model deployment|Computer vision|Tabular models,PyTorch|fastai|Hugging Face Spaces,yes,REQ-R07-2.A.1.a|REQ-R07-2.A.2.a|REQ-R07-2.B.2.i|REQ-R07-2.B.3.e|REQ-R07-2.C.3.a|REQ-R07-2.C.7.a|REQ-R07-4.A.1.a.1|REQ-R07-4.A.1.b.1|REQ-R07-4.A.2.a.4|REQ-R07-4.A.2.b.1|REQ-R07-4.A.2.b.2|REQ-R07-4.A.2.b.3|REQ-R07-4.A.3.b.1,REQ-R07-2.B.2.i|REQ-R07-2.B.3.e|REQ-R07-4.A.2.a.4|REQ-R07-4.A.2.b.2,"Analyzing Data or Information|Complex Problem Solving|Computers and Electronics|Critical Thinking|English Language|Getting Information|Identifying Objects, Actions, and Events|Making Decisions and Solving Problems|Programming|Reading Comprehension|Thinking Creatively|Updating and Using Relevant Knowledge|Working with Computers",13,4,Essential Skills|Knowledge|Transferable Skills|Work Activities,0.455387,0.135787,45.54,13.58,80,free,0,,,เขียน Python ได้,core_gap_closure,course_only|both,3,verified,2026-08-31,ผู้วิจัย (ตรวจด้วยการดึงหน้าเว็บ 31 ส.ค. 2026),,CORPUS-IS68076026-v1.5R-01OCT26,ONET31.0-IS68076026-v1.0,v0.9_core
CRS-R07-10,course,R07,วิศวกรแมชชีนเลิร์นนิง / AI,Machine Learning / AI Engineer,15-1221.00,data,proxy,10,Generative AI with Large Language Models,DeepLearning.AI / Amazon Web Services,mooc_platform,Coursera,https://www.coursera.org/learn/generative-ai-with-llms,single_course,Intermediate,2,self-paced online,English,เข้าใจวงจรชีวิตของโครงการ generative AI ตั้งแต่การเลือกโมเดล การปรับแต่ง จนถึงการนำไปใช้,LLM lifecycle|Fine-tuning|RLHF|Prompt engineering|Model evaluation,PyTorch|Hugging Face|Amazon SageMaker,no,REQ-R07-2.A.1.a|REQ-R07-2.A.2.a|REQ-R07-2.B.2.i|REQ-R07-2.B.3.e|REQ-R07-2.B.4.e|REQ-R07-2.C.3.a|REQ-R07-2.C.7.a|REQ-R07-4.A.1.a.1|REQ-R07-4.A.1.b.1|REQ-R07-4.A.2.a.1|REQ-R07-4.A.2.a.3|REQ-R07-4.A.2.a.4|REQ-R07-4.A.2.b.1|REQ-R07-4.A.2.b.3|REQ-R07-4.A.3.b.1,REQ-R07-2.B.3.e|REQ-R07-2.B.4.e|REQ-R07-4.A.2.a.1|REQ-R07-4.A.2.a.4|REQ-R07-4.A.2.b.3,"Analyzing Data or Information|Complex Problem Solving|Computers and Electronics|Critical Thinking|English Language|Evaluating Information to Determine Compliance with Standards|Getting Information|Identifying Objects, Actions, and Events|Judging the Qualities of Objects, Services, or People|Judgment and Decision Making|Making Decisions and Solving Problems|Programming|Reading Comprehension|Updating and Using Relevant Knowledge|Working with Computers",15,5,Essential Skills|Knowledge|Transferable Skills|Work Activities,0.508612,0.164878,50.86,16.49,20,paid,49,,,พื้นฐาน Python และ ML,advanced_or_cert_prep,course_only|both,3,verified,2026-08-31,ผู้วิจัย (ตรวจด้วยการดึงหน้าเว็บ 31 ส.ค. 2026),,CORPUS-IS68076026-v1.5R-01OCT26,ONET31.0-IS68076026-v1.0,v0.9_core
CRS-R07-11,course,R07,วิศวกรแมชชีนเลิร์นนิง / AI,Machine Learning / AI Engineer,15-1221.00,data,proxy,11,Improving Communication Skills,University of Pennsylvania (Wharton),mooc_platform,Coursera,https://www.coursera.org/learn/wharton-communication-skills,single_course,Beginner,1,self-paced online,English,สื่อสารเชิงวิชาชีพอย่างมีประสิทธิผล ฟังอย่างตั้งใจ ตีความสารของผู้อื่น สร้างความไว้วางใจ และสื่อสารกับผู้มีส่วนได้เสียทั้งในและนอกองค์กร,Active listening|Professional communication|Stakeholder communication|Building trust|Persuasion,,no,REQ-R07-2.A.1.b|REQ-R07-4.A.4.a.1|REQ-R07-4.A.4.a.2|REQ-R07-4.A.4.a.3|REQ-R07-4.A.4.a.4,REQ-R07-2.A.1.b|REQ-R07-4.A.4.a.1|REQ-R07-4.A.4.a.2|REQ-R07-4.A.4.a.3|REQ-R07-4.A.4.a.4,"Active Listening|Communicating with People Outside the Organization|Communicating with Supervisors, Peers, or Subordinates|Establishing and Maintaining Interpersonal Relationships|Interpreting the Meaning of Information for Others",5,5,Essential Skills|Work Activities,0.164879,0.164879,16.49,16.49,10,low-cost,49,,,,core_gap_closure,course_only|both,2,verified,2026-08-31,ผู้วิจัย (ตรวจด้วยการดึงหน้าเว็บ 31 ส.ค. 2026),ปิดช่องว่างกลุ่มการสื่อสารตาม DEC-09 · ยืนยันการมีอยู่ของแหล่งข้อมูลด้วยการค้นเว็บเมื่อ 2026-08-31,CORPUS-IS68076026-v1.5R-01OCT26,ONET31.0-IS68076026-v1.0,v1.0_gap_closure
CRS-R07-12,course,R07,วิศวกรแมชชีนเลิร์นนิง / AI,Machine Learning / AI Engineer,15-1221.00,data,proxy,12,Kaggle Learn: Intro to Deep Learning,Kaggle,mooc_platform,Kaggle Learn,https://www.kaggle.com/learn/intro-to-deep-learning,single_course,Intermediate,2,self-paced online,English,สร้างโครงข่ายประสาทเทียมด้วย Keras เข้าใจ dropout batch normalization และการป้องกัน overfitting,Neural networks|Keras|Regularization|Model tuning,Python|TensorFlow|Keras,yes,REQ-R07-2.A.2.a|REQ-R07-2.B.3.e|REQ-R07-2.C.4.a|REQ-R07-4.A.2.a.4|REQ-R07-4.A.3.b.1,REQ-R07-2.A.2.a|REQ-R07-2.B.3.e|REQ-R07-2.C.4.a|REQ-R07-4.A.2.a.4|REQ-R07-4.A.3.b.1,Analyzing Data or Information|Critical Thinking|Mathematics|Programming|Working with Computers,5,5,Essential Skills|Knowledge|Transferable Skills|Work Activities,0.172355,0.172355,17.24,17.24,4,free,0,,,,foundation,course_only|both,2,verified,2026-08-31,ผู้วิจัย (ตรวจด้วยการดึงหน้าเว็บ 31 ส.ค. 2026),รายการสั้นตาม DEC-10 · ยืนยันการมีอยู่ของแหล่งข้อมูลด้วยการค้นเว็บเมื่อ 2026-08-31,CORPUS-IS68076026-v1.5R-01OCT26,ONET31.0-IS68076026-v1.0,v1.0_short_item
CRS-R07-13,course,R07,วิศวกรแมชชีนเลิร์นนิง / AI,Machine Learning / AI Engineer,15-1221.00,data,proxy,13,Kaggle Learn: Intermediate Machine Learning,Kaggle,mooc_platform,Kaggle Learn,https://www.kaggle.com/learn/intermediate-machine-learning,single_course,Intermediate,2,self-paced online,English,จัดการค่าสูญหายและตัวแปรเชิงหมวดหมู่ สร้าง pipeline ตรวจสอบไขว้ และใช้ gradient boosting,Pipelines|Cross-validation|XGBoost|Missing data handling,Python|scikit-learn|XGBoost,yes,REQ-R07-2.A.2.a|REQ-R07-2.B.3.e|REQ-R07-4.A.2.a.2|REQ-R07-4.A.2.a.4,REQ-R07-2.A.2.a|REQ-R07-2.B.3.e|REQ-R07-4.A.2.a.2|REQ-R07-4.A.2.a.4,Analyzing Data or Information|Critical Thinking|Processing Information|Programming,4,4,Essential Skills|Transferable Skills|Work Activities,0.134081,0.134081,13.41,13.41,4,free,0,,,,foundation,course_only|both,2,verified,2026-08-31,ผู้วิจัย (ตรวจด้วยการดึงหน้าเว็บ 31 ส.ค. 2026),รายการสั้นตาม DEC-10 · ยืนยันการมีอยู่ของแหล่งข้อมูลด้วยการค้นเว็บเมื่อ 2026-08-31,CORPUS-IS68076026-v1.5R-01OCT26,ONET31.0-IS68076026-v1.0,v1.0_short_item
CRS-R07-14,course,R07,วิศวกรแมชชีนเลิร์นนิง / AI,Machine Learning / AI Engineer,15-1221.00,data,proxy,14,ChatGPT Prompt Engineering for Developers,DeepLearning.AI,mooc_platform,DeepLearning.AI,https://www.deeplearning.ai/short-courses/chatgpt-prompt-engineering-for-developers,single_course,Beginner,1,self-paced online,English,ออกแบบคำสั่งสำหรับโมเดลภาษาขนาดใหญ่ สรุป แปลง และสกัดข้อมูล พร้อมสร้างแชตบอตอย่างง่าย,Prompt design|LLM application development|Iterative prompting,Python|OpenAI API,yes,REQ-R07-2.A.2.a|REQ-R07-2.B.3.e|REQ-R07-4.A.2.a.2|REQ-R07-4.A.3.b.1,REQ-R07-2.A.2.a|REQ-R07-2.B.3.e|REQ-R07-4.A.2.a.2|REQ-R07-4.A.3.b.1,Critical Thinking|Processing Information|Programming|Working with Computers,4,4,Essential Skills|Transferable Skills|Work Activities,0.137413,0.137413,13.74,13.74,2,free,0,,,,foundation,course_only|both,2,verified,2026-08-31,ผู้วิจัย (ตรวจด้วยการดึงหน้าเว็บ 31 ส.ค. 2026),รายการสั้นตาม DEC-10 · ยืนยันการมีอยู่ของแหล่งข้อมูลด้วยการค้นเว็บเมื่อ 2026-08-31,CORPUS-IS68076026-v1.5R-01OCT26,ONET31.0-IS68076026-v1.0,v1.0_short_item
CRS-R07-15,course,R07,วิศวกรแมชชีนเลิร์นนิง / AI,Machine Learning / AI Engineer,15-1221.00,data,proxy,15,SQL for Data Science,University of California Davis,mooc_platform,Coursera,https://www.coursera.org/learn/sql-for-data-science,single_course,Beginner,1,self-paced online,English,เขียน SQL ดึงและรวมข้อมูลจากหลายตารางได้อย่างมั่นใจ ซึ่งเป็นทักษะบังคับอันดับหนึ่งของสาย BI,SQL|Joins|Aggregation|Subqueries|Data profiling,SQL|SQLite,no,REQ-R07-2.B.3.e|REQ-R07-4.A.1.a.1|REQ-R07-4.A.2.a.2|REQ-R07-4.A.2.a.4,REQ-R07-2.B.3.e|REQ-R07-4.A.1.a.1|REQ-R07-4.A.2.a.2|REQ-R07-4.A.2.a.4,Analyzing Data or Information|Getting Information|Processing Information|Programming,4,4,Transferable Skills|Work Activities,0.139120,0.139120,13.91,13.91,25,paid,49,,,ไม่มี,foundation,course_only|both,3,verified,2026-08-31,ผู้วิจัย (ตรวจด้วยการดึงหน้าเว็บ 31 ส.ค. 2026),DEC-16 ขยายข้ามบทบาทจาก CRS-R09-07 · คงชื่อ ผู้ให้บริการ URL ชั่วโมง และค่าใช้จ่ายเดิมทุกค่า · ต้องทบทวน mapping ก่อน FREEZE,CORPUS-IS68076026-v1.5R-01OCT26,ONET31.0-IS68076026-v1.0,v1.3_crossrole
CRT-R08-01,certification,R08,วิศวกรข้อมูล,Data Engineer,15-1243.00,data,proxy,1,Google Cloud Professional Data Engineer,Google Cloud,vendor_or_body,Google Cloud Certification,https://cloud.google.com/learn/certification/data-engineer,vendor_cert,Advanced,3,proctored exam,English,ใบรับรองอ้างอิงของสายวิศวกรรมข้อมูลบนคลาวด์ ยืนยันการออกแบบระบบข้อมูลที่ปลอดภัยและขยายตัวได้,Data pipeline design|BigQuery|Streaming|Data governance|ML integration,BigQuery|Dataflow|Pub/Sub|Vertex AI,no,REQ-R08-2.A.1.a|REQ-R08-2.A.2.a|REQ-R08-2.B.2.i|REQ-R08-2.B.4.e|REQ-R08-2.B.4.g|REQ-R08-2.C.3.a|REQ-R08-2.C.3.b|REQ-R08-2.C.3.c|REQ-R08-4.A.1.a.1|REQ-R08-4.A.1.b.1|REQ-R08-4.A.2.a.2|REQ-R08-4.A.2.a.3|REQ-R08-4.A.2.a.4|REQ-R08-4.A.2.b.1|REQ-R08-4.A.2.b.2|REQ-R08-4.A.2.b.3|REQ-R08-4.A.2.b.4|REQ-R08-4.A.2.b.6|REQ-R08-4.A.3.b.1,REQ-R08-2.B.4.e|REQ-R08-2.B.4.g|REQ-R08-4.A.2.a.3|REQ-R08-4.A.2.a.4,"Analyzing Data or Information|Complex Problem Solving|Computers and Electronics|Critical Thinking|Design|Developing Objectives and Strategies|Engineering and Technology|Evaluating Information to Determine Compliance with Standards|Getting Information|Identifying Objects, Actions, and Events|Judgment and Decision Making|Making Decisions and Solving Problems|Organizing, Planning, and Prioritizing Work|Processing Information|Reading Comprehension|Systems Analysis|Thinking Creatively|Updating and Using Relevant Knowledge|Working with Computers",19,4,Essential Skills|Knowledge|Transferable Skills|Work Activities,0.658576,0.137576,65.86,13.76,140,exam-fee-required,200,PDE,2,ประสบการณ์ 3 ปี,advanced_or_cert_prep,certification_only|both,3,verified,2026-08-31,ผู้วิจัย (ตรวจด้วยการดึงหน้าเว็บ 31 ส.ค. 2026),,CORPUS-IS68076026-v1.5R-01OCT26,ONET31.0-IS68076026-v1.0,v0.9_core
CRT-R08-02,certification,R08,วิศวกรข้อมูล,Data Engineer,15-1243.00,data,proxy,2,AWS Certified Data Engineer – Associate,Amazon Web Services,vendor_or_body,AWS Certification,https://aws.amazon.com/certification/certified-data-engineer-associate/,vendor_cert,Intermediate,2,proctored exam,English,ยืนยันความสามารถสร้างและดูแล data pipeline บน AWS รวมถึงการจัดการคุณภาพและความปลอดภัยของข้อมูล,AWS Glue|Amazon Redshift|Data modeling|Pipeline orchestration|Data security,AWS Glue|Redshift|Kinesis|Athena,no,REQ-R08-2.A.1.a|REQ-R08-2.A.2.a|REQ-R08-2.B.2.i|REQ-R08-2.B.3.e|REQ-R08-2.B.4.g|REQ-R08-2.C.3.a|REQ-R08-2.C.3.b|REQ-R08-2.C.3.c|REQ-R08-4.A.1.a.1|REQ-R08-4.A.1.a.2|REQ-R08-4.A.1.b.1|REQ-R08-4.A.2.a.2|REQ-R08-4.A.2.a.3|REQ-R08-4.A.2.a.4|REQ-R08-4.A.2.b.1|REQ-R08-4.A.2.b.2|REQ-R08-4.A.2.b.3|REQ-R08-4.A.2.b.6|REQ-R08-4.A.3.b.1,REQ-R08-2.B.3.e|REQ-R08-2.B.4.g|REQ-R08-4.A.1.a.2|REQ-R08-4.A.2.a.2|REQ-R08-4.A.2.a.3,"Analyzing Data or Information|Complex Problem Solving|Computers and Electronics|Critical Thinking|Design|Engineering and Technology|Evaluating Information to Determine Compliance with Standards|Getting Information|Identifying Objects, Actions, and Events|Making Decisions and Solving Problems|Monitoring Processes, Materials, or Surroundings|Organizing, Planning, and Prioritizing Work|Processing Information|Programming|Reading Comprehension|Systems Analysis|Thinking Creatively|Updating and Using Relevant Knowledge|Working with Computers",19,5,Essential Skills|Knowledge|Transferable Skills|Work Activities,0.652187,0.161514,65.22,16.15,120,exam-fee-required,150,DEA-C01,3,ประสบการณ์ 1-2 ปี,advanced_or_cert_prep,certification_only|both,3,verified,2026-08-31,ผู้วิจัย (ตรวจด้วยการดึงหน้าเว็บ 31 ส.ค. 2026),,CORPUS-IS68076026-v1.5R-01OCT26,ONET31.0-IS68076026-v1.0,v0.9_core
CRT-R08-03,certification,R08,วิศวกรข้อมูล,Data Engineer,15-1243.00,data,proxy,3,Microsoft Certified: Fabric Data Engineer Associate,Microsoft,vendor_or_body,Microsoft Learn,https://learn.microsoft.com/en-us/credentials/certifications/fabric-data-engineer-associate/,vendor_cert,Intermediate,2,proctored exam,English,ใบรับรองรุ่นใหม่สำหรับแพลตฟอร์มข้อมูลรวมของ Microsoft ซึ่งกำลังแทนที่เส้นทาง DP-203 เดิม,Microsoft Fabric|Lakehouse|Data pipelines|Spark notebooks|Data governance,Microsoft Fabric|Synapse|Power BI,no,REQ-R08-2.A.1.a|REQ-R08-2.A.2.a|REQ-R08-2.B.2.i|REQ-R08-2.B.3.e|REQ-R08-2.B.4.e|REQ-R08-2.B.4.g|REQ-R08-2.C.3.a|REQ-R08-4.A.1.a.1|REQ-R08-4.A.1.b.1|REQ-R08-4.A.2.a.2|REQ-R08-4.A.2.a.3|REQ-R08-4.A.2.a.4|REQ-R08-4.A.2.b.1|REQ-R08-4.A.2.b.3|REQ-R08-4.A.2.b.4|REQ-R08-4.A.2.b.6|REQ-R08-4.A.3.b.1,REQ-R08-2.B.3.e|REQ-R08-2.B.4.g|REQ-R08-4.A.2.a.2|REQ-R08-4.A.2.a.3,"Analyzing Data or Information|Complex Problem Solving|Computers and Electronics|Critical Thinking|Developing Objectives and Strategies|Evaluating Information to Determine Compliance with Standards|Getting Information|Identifying Objects, Actions, and Events|Judgment and Decision Making|Making Decisions and Solving Problems|Organizing, Planning, and Prioritizing Work|Processing Information|Programming|Reading Comprehension|Systems Analysis|Updating and Using Relevant Knowledge|Working with Computers",17,4,Essential Skills|Knowledge|Transferable Skills|Work Activities,0.588893,0.131273,58.89,13.13,110,exam-fee-required,165,DP-700,1,พื้นฐาน SQL และ Python,advanced_or_cert_prep,certification_only|both,3,verified,2026-08-31,ผู้วิจัย (ตรวจด้วยการดึงหน้าเว็บ 31 ส.ค. 2026),,CORPUS-IS68076026-v1.5R-01OCT26,ONET31.0-IS68076026-v1.0,v0.9_core
CRT-R08-04,certification,R08,วิศวกรข้อมูล,Data Engineer,15-1243.00,data,proxy,4,Databricks Certified Data Engineer Associate,Databricks,vendor_or_body,Databricks Academy,https://www.databricks.com/learn/certification/data-engineer-associate,vendor_cert,Intermediate,2,proctored exam,English,ยืนยันความสามารถใช้ Databricks Lakehouse สร้าง ETL pipeline และจัดการ Delta Lake,Databricks|Delta Lake|ETL|Spark SQL|Data governance basics,Databricks|Delta Lake|Spark,no,REQ-R08-2.A.1.a|REQ-R08-2.A.2.a|REQ-R08-2.B.2.i|REQ-R08-2.B.3.e|REQ-R08-2.B.4.e|REQ-R08-2.B.4.g|REQ-R08-2.C.3.a|REQ-R08-4.A.1.a.1|REQ-R08-4.A.1.b.1|REQ-R08-4.A.2.a.2|REQ-R08-4.A.2.a.3|REQ-R08-4.A.2.a.4|REQ-R08-4.A.2.b.1|REQ-R08-4.A.2.b.3|REQ-R08-4.A.2.b.4|REQ-R08-4.A.3.b.1,REQ-R08-2.B.3.e|REQ-R08-2.B.4.g|REQ-R08-4.A.2.a.2|REQ-R08-4.A.3.b.1,"Analyzing Data or Information|Complex Problem Solving|Computers and Electronics|Critical Thinking|Developing Objectives and Strategies|Evaluating Information to Determine Compliance with Standards|Getting Information|Identifying Objects, Actions, and Events|Judgment and Decision Making|Making Decisions and Solving Problems|Processing Information|Programming|Reading Comprehension|Systems Analysis|Updating and Using Relevant Knowledge|Working with Computers",16,4,Essential Skills|Knowledge|Transferable Skills|Work Activities,0.557289,0.138599,55.73,13.86,60,exam-fee-required,200,DE Associate,2,ประสบการณ์ Databricks 6 เดือน,advanced_or_cert_prep,certification_only|both,3,verified,2026-08-31,ผู้วิจัย (ตรวจด้วยการดึงหน้าเว็บ 31 ส.ค. 2026),,CORPUS-IS68076026-v1.5R-01OCT26,ONET31.0-IS68076026-v1.0,v0.9_core
CRT-R08-05,certification,R08,วิศวกรข้อมูล,Data Engineer,15-1243.00,data,proxy,5,Databricks Certified Data Engineer Professional,Databricks,vendor_or_body,Databricks Academy,https://www.databricks.com/learn/certification/data-engineer-professional,vendor_cert,Advanced,3,proctored exam,English,ใบรับรองระดับสูงที่ยืนยันการออกแบบ pipeline ที่ทนต่อความผิดพลาดและปรับจูนประสิทธิภาพได้,Advanced Spark tuning|Streaming|Data modeling|Testing and deployment|Monitoring,Databricks|Structured Streaming|Delta Live Tables,no,REQ-R08-2.A.1.a|REQ-R08-2.A.2.a|REQ-R08-2.B.2.i|REQ-R08-2.B.3.e|REQ-R08-2.B.4.g|REQ-R08-2.C.3.a|REQ-R08-2.C.3.b|REQ-R08-2.C.3.c|REQ-R08-4.A.1.a.1|REQ-R08-4.A.1.a.2|REQ-R08-4.A.1.b.1|REQ-R08-4.A.2.a.2|REQ-R08-4.A.2.a.3|REQ-R08-4.A.2.a.4|REQ-R08-4.A.2.b.1|REQ-R08-4.A.2.b.2|REQ-R08-4.A.2.b.3|REQ-R08-4.A.3.b.1,REQ-R08-2.B.3.e|REQ-R08-2.B.4.g|REQ-R08-4.A.1.a.2,"Analyzing Data or Information|Complex Problem Solving|Computers and Electronics|Critical Thinking|Design|Engineering and Technology|Evaluating Information to Determine Compliance with Standards|Getting Information|Identifying Objects, Actions, and Events|Making Decisions and Solving Problems|Monitoring Processes, Materials, or Surroundings|Processing Information|Programming|Reading Comprehension|Systems Analysis|Thinking Creatively|Updating and Using Relevant Knowledge|Working with Computers",18,3,Essential Skills|Knowledge|Transferable Skills|Work Activities,0.620583,0.090979,62.06,9.10,90,exam-fee-required,200,DE Professional,2,DE Associate หรือประสบการณ์ 1-2 ปี,advanced_or_cert_prep,certification_only|both,3,verified,2026-08-31,ผู้วิจัย (ตรวจด้วยการดึงหน้าเว็บ 31 ส.ค. 2026),,CORPUS-IS68076026-v1.5R-01OCT26,ONET31.0-IS68076026-v1.0,v0.9_core
CRT-R08-06,certification,R08,วิศวกรข้อมูล,Data Engineer,15-1243.00,data,proxy,6,SnowPro Core Certification,Snowflake,vendor_or_body,Snowflake Certification,https://www.snowflake.com/certifications/,vendor_cert,Intermediate,2,proctored exam,English,ใบรับรองพื้นฐานของแพลตฟอร์มคลังข้อมูลคลาวด์ที่มีการเติบโตสูง ครอบคลุมสถาปัตยกรรมและการจัดการ,Snowflake architecture|Virtual warehouses|Data loading|Security|Performance,Snowflake|SQL,no,REQ-R08-2.A.1.a|REQ-R08-2.A.2.a|REQ-R08-2.B.2.i|REQ-R08-2.B.4.g|REQ-R08-2.C.3.a|REQ-R08-2.C.3.b|REQ-R08-2.C.3.c|REQ-R08-4.A.1.a.1|REQ-R08-4.A.1.b.1|REQ-R08-4.A.2.a.2|REQ-R08-4.A.2.a.4|REQ-R08-4.A.2.b.1|REQ-R08-4.A.2.b.2|REQ-R08-4.A.2.b.3|REQ-R08-4.A.3.b.1,REQ-R08-2.B.4.g|REQ-R08-2.C.3.a|REQ-R08-4.A.2.a.2,"Analyzing Data or Information|Complex Problem Solving|Computers and Electronics|Critical Thinking|Design|Engineering and Technology|Getting Information|Identifying Objects, Actions, and Events|Making Decisions and Solving Problems|Processing Information|Reading Comprehension|Systems Analysis|Thinking Creatively|Updating and Using Relevant Knowledge|Working with Computers",15,3,Essential Skills|Knowledge|Transferable Skills|Work Activities,0.528326,0.105887,52.83,10.59,60,exam-fee-required,175,COF-C02,2,ประสบการณ์ Snowflake,advanced_or_cert_prep,certification_only|both,3,verified,2026-08-31,ผู้วิจัย (ตรวจด้วยการดึงหน้าเว็บ 31 ส.ค. 2026),,CORPUS-IS68076026-v1.5R-01OCT26,ONET31.0-IS68076026-v1.0,v0.9_core
CRT-R08-07,certification,R08,วิศวกรข้อมูล,Data Engineer,15-1243.00,data,proxy,7,SnowPro Advanced: Data Engineer,Snowflake,vendor_or_body,Snowflake Certification,https://www.snowflake.com/certifications/,vendor_cert,Advanced,3,proctored exam,English,ใบรับรองขั้นสูงยืนยันการออกแบบ pipeline และการปรับจูนประสิทธิภาพบน Snowflake,Snowpipe|Streams and tasks|Performance tuning|Data transformation|Security,Snowflake|Snowpark|SQL,no,REQ-R08-2.A.1.a|REQ-R08-2.A.2.a|REQ-R08-2.B.2.i|REQ-R08-2.B.3.e|REQ-R08-2.B.4.g|REQ-R08-2.C.3.a|REQ-R08-2.C.3.b|REQ-R08-2.C.3.c|REQ-R08-4.A.1.a.1|REQ-R08-4.A.1.a.2|REQ-R08-4.A.1.b.1|REQ-R08-4.A.2.a.2|REQ-R08-4.A.2.a.4|REQ-R08-4.A.2.b.1|REQ-R08-4.A.2.b.2|REQ-R08-4.A.2.b.3|REQ-R08-4.A.3.b.1,REQ-R08-2.B.3.e|REQ-R08-2.B.4.g|REQ-R08-4.A.1.a.2,"Analyzing Data or Information|Complex Problem Solving|Computers and Electronics|Critical Thinking|Design|Engineering and Technology|Getting Information|Identifying Objects, Actions, and Events|Making Decisions and Solving Problems|Monitoring Processes, Materials, or Surroundings|Processing Information|Programming|Reading Comprehension|Systems Analysis|Thinking Creatively|Updating and Using Relevant Knowledge|Working with Computers",17,3,Essential Skills|Knowledge|Transferable Skills|Work Activities,0.587360,0.090979,58.74,9.10,90,exam-fee-required,375,DEA-C02,2,SnowPro Core,advanced_or_cert_prep,certification_only|both,2,verified,2026-08-31,ผู้วิจัย (ตรวจด้วยการดึงหน้าเว็บ 31 ส.ค. 2026),,CORPUS-IS68076026-v1.5R-01OCT26,ONET31.0-IS68076026-v1.0,v0.9_core
CRT-R08-08,certification,R08,วิศวกรข้อมูล,Data Engineer,15-1243.00,data,proxy,8,Astronomer Certification: Apache Airflow Fundamentals,Astronomer,vendor_or_body,Astronomer,https://academy.astronomer.io/page/astronomer-certification,vendor_cert,Intermediate,2,online proctored exam,English,ใบรับรองเฉพาะทางสำหรับเครื่องมือ orchestration ที่ประกาศรับสมัครงาน data engineer ระบุถึงบ่อยที่สุด,Apache Airflow|DAG authoring|Scheduling|Operators|Troubleshooting,Apache Airflow|Python,no,REQ-R08-2.A.1.a|REQ-R08-2.A.2.a|REQ-R08-2.B.2.i|REQ-R08-2.B.3.e|REQ-R08-2.C.3.a|REQ-R08-4.A.1.a.1|REQ-R08-4.A.1.b.1|REQ-R08-4.A.2.a.2|REQ-R08-4.A.2.a.4|REQ-R08-4.A.2.b.1|REQ-R08-4.A.2.b.3|REQ-R08-4.A.2.b.6|REQ-R08-4.A.3.b.1,REQ-R08-2.B.3.e|REQ-R08-4.A.2.b.6,"Analyzing Data or Information|Complex Problem Solving|Computers and Electronics|Critical Thinking|Getting Information|Identifying Objects, Actions, and Events|Making Decisions and Solving Problems|Organizing, Planning, and Prioritizing Work|Processing Information|Programming|Reading Comprehension|Updating and Using Relevant Knowledge|Working with Computers",13,2,Essential Skills|Knowledge|Transferable Skills|Work Activities,0.458302,0.060397,45.83,6.04,25,exam-fee-required,150,Airflow Fundamentals,2,พื้นฐาน Airflow,advanced_or_cert_prep,certification_only|both,2,verified,2026-08-31,ผู้วิจัย (ตรวจด้วยการดึงหน้าเว็บ 31 ส.ค. 2026),,CORPUS-IS68076026-v1.5R-01OCT26,ONET31.0-IS68076026-v1.0,v0.9_core
CRT-R08-09,certification,R08,วิศวกรข้อมูล,Data Engineer,15-1243.00,data,proxy,9,Confluent Certified Developer for Apache Kafka (CCDAK),Confluent,vendor_or_body,Confluent,https://www.confluent.io/certification/,vendor_cert,Advanced,3,proctored exam,English,ยืนยันความสามารถพัฒนาระบบสตรีมข้อมูลด้วย Kafka ซึ่งเป็นเทคโนโลยี In-Demand ของบทบาทนี้,Apache Kafka|Producers and consumers|Kafka Streams|Schema Registry|Stream processing,Apache Kafka|Kafka Connect|Schema Registry,no,REQ-R08-2.A.1.a|REQ-R08-2.A.2.a|REQ-R08-2.B.2.i|REQ-R08-2.B.3.e|REQ-R08-2.B.4.g|REQ-R08-2.C.3.a|REQ-R08-4.A.1.a.1|REQ-R08-4.A.1.a.2|REQ-R08-4.A.1.b.1|REQ-R08-4.A.2.a.2|REQ-R08-4.A.2.a.4|REQ-R08-4.A.2.b.1|REQ-R08-4.A.2.b.3|REQ-R08-4.A.3.b.1,REQ-R08-2.B.3.e|REQ-R08-2.B.4.g|REQ-R08-2.C.3.a|REQ-R08-4.A.1.a.2,"Analyzing Data or Information|Complex Problem Solving|Computers and Electronics|Critical Thinking|Getting Information|Identifying Objects, Actions, and Events|Making Decisions and Solving Problems|Monitoring Processes, Materials, or Surroundings|Processing Information|Programming|Reading Comprehension|Systems Analysis|Updating and Using Relevant Knowledge|Working with Computers",14,4,Essential Skills|Knowledge|Transferable Skills|Work Activities,0.488884,0.127609,48.89,12.76,80,exam-fee-required,150,CCDAK,2,ประสบการณ์ Kafka,advanced_or_cert_prep,certification_only|both,3,verified,2026-08-31,ผู้วิจัย (ตรวจด้วยการดึงหน้าเว็บ 31 ส.ค. 2026),,CORPUS-IS68076026-v1.5R-01OCT26,ONET31.0-IS68076026-v1.0,v0.9_core
CRT-R08-10,certification,R08,วิศวกรข้อมูล,Data Engineer,15-1243.00,data,proxy,10,dbt Analytics Engineering Certification Exam,dbt Labs,vendor_or_body,dbt Labs,https://www.getdbt.com/certifications/analytics-engineer-certification-exam,vendor_cert,Intermediate,2,proctored exam,English,ใบรับรองด้าน analytics engineering ยืนยันความสามารถออกแบบ transformation layer ที่ทดสอบและตรวจสอบได้,dbt|SQL modeling|Testing|Documentation|Version control for analytics,dbt|Snowflake|Git,no,REQ-R08-2.A.1.a|REQ-R08-2.A.2.a|REQ-R08-2.B.2.i|REQ-R08-2.B.3.e|REQ-R08-2.C.3.a|REQ-R08-2.C.3.b|REQ-R08-2.C.3.c|REQ-R08-4.A.1.a.1|REQ-R08-4.A.1.b.1|REQ-R08-4.A.2.a.2|REQ-R08-4.A.2.a.3|REQ-R08-4.A.2.a.4|REQ-R08-4.A.2.b.1|REQ-R08-4.A.2.b.2|REQ-R08-4.A.2.b.3|REQ-R08-4.A.3.b.1|REQ-R08-4.A.3.b.6,REQ-R08-2.B.3.e|REQ-R08-4.A.2.a.2|REQ-R08-4.A.2.a.3|REQ-R08-4.A.3.b.6,"Analyzing Data or Information|Complex Problem Solving|Computers and Electronics|Critical Thinking|Design|Documenting/Recording Information|Engineering and Technology|Evaluating Information to Determine Compliance with Standards|Getting Information|Identifying Objects, Actions, and Events|Making Decisions and Solving Problems|Processing Information|Programming|Reading Comprehension|Thinking Creatively|Updating and Using Relevant Knowledge|Working with Computers",17,4,Essential Skills|Knowledge|Transferable Skills|Work Activities,0.591279,0.132210,59.13,13.22,40,exam-fee-required,200,dbt Analytics Engineering,2,ประสบการณ์ dbt 6 เดือน,advanced_or_cert_prep,certification_only|both,2,verified,2026-08-31,ผู้วิจัย (ตรวจด้วยการดึงหน้าเว็บ 31 ส.ค. 2026),[FIX 2026-08-31] แก้ URL ตามหน้าปลายทางที่ยืนยันแล้ว,CORPUS-IS68076026-v1.5R-01OCT26,ONET31.0-IS68076026-v1.0,v0.9_core
CRT-R08-11,certification,R08,วิศวกรข้อมูล,Data Engineer,15-1243.00,data,proxy,11,AWS Certified Solutions Architect – Associate,Amazon Web Services,vendor_or_body,AWS Certification,https://aws.amazon.com/certification/certified-solutions-architect-associate/,vendor_cert,Intermediate,2,proctored exam,English,ยืนยันความสามารถออกแบบสถาปัตยกรรมที่ปลอดภัย ทนทาน มีประสิทธิภาพ และคุ้มค่าบน AWS,Cloud architecture|High availability design|Cost optimization|AWS networking|Security design,Amazon EC2|Amazon S3|Amazon VPC|Amazon RDS|AWS IAM,no,REQ-R08-2.B.4.e|REQ-R08-2.B.4.g|REQ-R08-2.C.3.a|REQ-R08-4.A.2.b.1,REQ-R08-2.B.4.e|REQ-R08-2.B.4.g|REQ-R08-2.C.3.a|REQ-R08-4.A.2.b.1,Computers and Electronics|Judgment and Decision Making|Making Decisions and Solving Problems|Systems Analysis,4,4,Knowledge|Transferable Skills|Work Activities,0.138172,0.138172,13.82,13.82,120,exam-fee-required,150,SAA-C03,3,ประสบการณ์ใช้งาน AWS,advanced_or_cert_prep,certification_only|both,3,verified,2026-08-31,ผู้วิจัย (ตรวจด้วยการดึงหน้าเว็บ 31 ส.ค. 2026),DEC-16 ขยายข้ามบทบาทจาก CRT-R01-02 · คงชื่อ ผู้ให้บริการ URL ชั่วโมง และค่าใช้จ่ายเดิมทุกค่า · ต้องทบทวน mapping ก่อน FREEZE,CORPUS-IS68076026-v1.5R-01OCT26,ONET31.0-IS68076026-v1.0,v1.3_crossrole
CRS-R08-01,course,R08,วิศวกรข้อมูล,Data Engineer,15-1243.00,data,proxy,1,IBM Data Engineering Professional Certificate,IBM,mooc_platform,Coursera,https://www.coursera.org/professional-certificates/ibm-data-engineer,professional_certificate,Beginner,1,self-paced online,English,"เรียนงานวิศวกรรมข้อมูลครบเส้นทาง ตั้งแต่ SQL, ETL, data warehouse จนถึง big data และ pipeline อัตโนมัติ",SQL|Python|ETL|Data warehousing|Apache Airflow|Apache Spark|NoSQL|Data pipelines,Python|PostgreSQL|Airflow|Spark|Kafka,yes,REQ-R08-2.A.1.a|REQ-R08-2.A.2.a|REQ-R08-2.B.2.i|REQ-R08-2.B.3.e|REQ-R08-2.B.4.g|REQ-R08-2.C.3.a|REQ-R08-4.A.1.a.1|REQ-R08-4.A.1.b.1|REQ-R08-4.A.2.a.2|REQ-R08-4.A.2.a.4|REQ-R08-4.A.2.b.1|REQ-R08-4.A.2.b.3|REQ-R08-4.A.2.b.6|REQ-R08-4.A.3.b.1,REQ-R08-2.B.3.e|REQ-R08-2.B.4.g|REQ-R08-2.C.3.a|REQ-R08-4.A.2.a.2|REQ-R08-4.A.2.a.4|REQ-R08-4.A.3.b.1,"Analyzing Data or Information|Complex Problem Solving|Computers and Electronics|Critical Thinking|Getting Information|Identifying Objects, Actions, and Events|Making Decisions and Solving Problems|Organizing, Planning, and Prioritizing Work|Processing Information|Programming|Reading Comprehension|Systems Analysis|Updating and Using Relevant Knowledge|Working with Computers",14,6,Essential Skills|Knowledge|Transferable Skills|Work Activities,0.490247,0.214585,49.02,21.46,200,paid,245,,,ไม่มี,core_gap_closure,course_only|both,3,verified,2026-08-31,ผู้วิจัย (ตรวจด้วยการดึงหน้าเว็บ 31 ส.ค. 2026),,CORPUS-IS68076026-v1.5R-01OCT26,ONET31.0-IS68076026-v1.0,v0.9_core
CRS-R08-02,course,R08,วิศวกรข้อมูล,Data Engineer,15-1243.00,data,proxy,2,Google Cloud Data Engineering Professional Certificate,Google Cloud,mooc_platform,Coursera,https://www.coursera.org/professional-certificates/gcp-data-engineering,professional_certificate,Intermediate,2,self-paced online,English,ออกแบบระบบข้อมูลบน Google Cloud ทั้ง batch และ streaming พร้อมเตรียมสอบ Professional Data Engineer,BigQuery|Dataflow|Pub/Sub|Data pipeline design|Streaming analytics,BigQuery|Dataflow|Pub/Sub|Dataproc,yes,REQ-R08-2.A.1.a|REQ-R08-2.A.2.a|REQ-R08-2.B.2.i|REQ-R08-2.B.3.e|REQ-R08-2.B.4.g|REQ-R08-2.C.3.a|REQ-R08-2.C.3.b|REQ-R08-2.C.3.c|REQ-R08-4.A.1.a.1|REQ-R08-4.A.1.b.1|REQ-R08-4.A.2.a.2|REQ-R08-4.A.2.a.4|REQ-R08-4.A.2.b.1|REQ-R08-4.A.2.b.2|REQ-R08-4.A.2.b.3|REQ-R08-4.A.2.b.6|REQ-R08-4.A.3.b.1,REQ-R08-2.B.3.e|REQ-R08-2.B.4.g|REQ-R08-2.C.3.a|REQ-R08-4.A.2.a.4,"Analyzing Data or Information|Complex Problem Solving|Computers and Electronics|Critical Thinking|Design|Engineering and Technology|Getting Information|Identifying Objects, Actions, and Events|Making Decisions and Solving Problems|Organizing, Planning, and Prioritizing Work|Processing Information|Programming|Reading Comprehension|Systems Analysis|Thinking Creatively|Updating and Using Relevant Knowledge|Working with Computers",17,4,Essential Skills|Knowledge|Transferable Skills|Work Activities,0.588723,0.136724,58.87,13.67,120,paid,245,,,พื้นฐาน SQL และ Python,advanced_or_cert_prep,course_only|both,3,verified,2026-08-31,ผู้วิจัย (ตรวจด้วยการดึงหน้าเว็บ 31 ส.ค. 2026),,CORPUS-IS68076026-v1.5R-01OCT26,ONET31.0-IS68076026-v1.0,v0.9_core
CRS-R08-03,course,R08,วิศวกรข้อมูล,Data Engineer,15-1243.00,data,proxy,3,Big Data Specialization,University of California San Diego,mooc_platform,Coursera,https://www.coursera.org/specializations/big-data,specialization,Beginner,1,self-paced online,English,"เข้าใจระบบนิเวศข้อมูลขนาดใหญ่ ทั้ง Hadoop, Spark และการออกแบบระบบประมวลผลแบบกระจาย",Hadoop|Spark|MapReduce|Big data modeling|Distributed processing,Hadoop|Spark|Splunk,yes,REQ-R08-2.A.1.a|REQ-R08-2.A.2.a|REQ-R08-2.B.2.i|REQ-R08-2.B.4.g|REQ-R08-2.C.3.a|REQ-R08-2.C.3.b|REQ-R08-2.C.3.c|REQ-R08-4.A.1.a.1|REQ-R08-4.A.1.b.1|REQ-R08-4.A.2.a.2|REQ-R08-4.A.2.a.4|REQ-R08-4.A.2.b.1|REQ-R08-4.A.2.b.2|REQ-R08-4.A.2.b.3|REQ-R08-4.A.2.b.6|REQ-R08-4.A.3.b.1,REQ-R08-2.B.4.g|REQ-R08-2.C.3.a|REQ-R08-2.C.3.b|REQ-R08-4.A.2.a.2|REQ-R08-4.A.2.a.4,"Analyzing Data or Information|Complex Problem Solving|Computers and Electronics|Critical Thinking|Design|Engineering and Technology|Getting Information|Identifying Objects, Actions, and Events|Making Decisions and Solving Problems|Organizing, Planning, and Prioritizing Work|Processing Information|Reading Comprehension|Systems Analysis|Thinking Creatively|Updating and Using Relevant Knowledge|Working with Computers",16,5,Essential Skills|Knowledge|Transferable Skills|Work Activities,0.559930,0.178892,55.99,17.89,120,paid,245,,,พื้นฐานฐานข้อมูล,foundation,course_only|both,2,verified,2026-08-31,ผู้วิจัย (ตรวจด้วยการดึงหน้าเว็บ 31 ส.ค. 2026),,CORPUS-IS68076026-v1.5R-01OCT26,ONET31.0-IS68076026-v1.0,v0.9_core
CRS-R08-04,course,R08,วิศวกรข้อมูล,Data Engineer,15-1243.00,data,proxy,4,Data Warehousing for Business Intelligence Specialization,University of Colorado,mooc_platform,Coursera,https://www.coursera.org/specializations/data-warehousing,specialization,Intermediate,2,self-paced online,English,ออกแบบ dimensional model และ data warehouse ที่รองรับการวิเคราะห์ธุรกิจได้จริง,Dimensional modeling|Star schema|ETL design|Data warehouse architecture|SQL,SQL|Oracle|Pentaho,yes,REQ-R08-2.A.1.a|REQ-R08-2.A.2.a|REQ-R08-2.B.2.i|REQ-R08-2.B.4.g|REQ-R08-2.C.3.a|REQ-R08-2.C.3.b|REQ-R08-2.C.3.c|REQ-R08-4.A.1.a.1|REQ-R08-4.A.1.b.1|REQ-R08-4.A.2.a.2|REQ-R08-4.A.2.a.4|REQ-R08-4.A.2.b.1|REQ-R08-4.A.2.b.2|REQ-R08-4.A.2.b.3|REQ-R08-4.A.2.b.6|REQ-R08-4.A.3.b.1,REQ-R08-2.B.4.g|REQ-R08-2.C.3.c|REQ-R08-4.A.2.a.2|REQ-R08-4.A.2.a.4,"Analyzing Data or Information|Complex Problem Solving|Computers and Electronics|Critical Thinking|Design|Engineering and Technology|Getting Information|Identifying Objects, Actions, and Events|Making Decisions and Solving Problems|Organizing, Planning, and Prioritizing Work|Processing Information|Reading Comprehension|Systems Analysis|Thinking Creatively|Updating and Using Relevant Knowledge|Working with Computers",16,4,Essential Skills|Knowledge|Transferable Skills|Work Activities,0.559930,0.140217,55.99,14.02,120,paid,245,,,พื้นฐาน SQL,core_gap_closure,course_only|both,3,verified,2026-08-31,ผู้วิจัย (ตรวจด้วยการดึงหน้าเว็บ 31 ส.ค. 2026),,CORPUS-IS68076026-v1.5R-01OCT26,ONET31.0-IS68076026-v1.0,v0.9_core
CRS-R08-05,course,R08,วิศวกรข้อมูล,Data Engineer,15-1243.00,data,proxy,5,Introduction to Big Data with Spark and Hadoop,IBM,mooc_platform,Coursera,https://www.coursera.org/learn/introduction-to-big-data-with-spark-hadoop,single_course,Intermediate,2,self-paced online,English,"ใช้ Spark ประมวลผลข้อมูลขนาดใหญ่ เข้าใจ RDD, DataFrame และการปรับจูนงานแบบกระจาย",Apache Spark|Hadoop|RDD|DataFrame API|Cluster computing,Apache Spark|Hadoop|PySpark,no,REQ-R08-2.A.1.a|REQ-R08-2.A.2.a|REQ-R08-2.B.2.i|REQ-R08-2.B.3.e|REQ-R08-2.C.3.a|REQ-R08-4.A.1.a.1|REQ-R08-4.A.1.b.1|REQ-R08-4.A.2.a.2|REQ-R08-4.A.2.a.4|REQ-R08-4.A.2.b.1|REQ-R08-4.A.2.b.3|REQ-R08-4.A.3.b.1,REQ-R08-2.B.3.e|REQ-R08-2.C.3.a|REQ-R08-4.A.2.a.2|REQ-R08-4.A.2.a.4,"Analyzing Data or Information|Complex Problem Solving|Computers and Electronics|Critical Thinking|Getting Information|Identifying Objects, Actions, and Events|Making Decisions and Solving Problems|Processing Information|Programming|Reading Comprehension|Updating and Using Relevant Knowledge|Working with Computers",12,4,Essential Skills|Knowledge|Transferable Skills|Work Activities,0.426698,0.142091,42.67,14.21,25,paid,49,,,พื้นฐาน Python,core_gap_closure,course_only|both,3,verified,2026-08-31,ผู้วิจัย (ตรวจด้วยการดึงหน้าเว็บ 31 ส.ค. 2026),,CORPUS-IS68076026-v1.5R-01OCT26,ONET31.0-IS68076026-v1.0,v0.9_core
CRS-R08-06,course,R08,วิศวกรข้อมูล,Data Engineer,15-1243.00,data,proxy,6,Modern Big Data Analysis with SQL Specialization,Cloudera,mooc_platform,Coursera,https://www.coursera.org/specializations/cloudera-big-data-analysis-sql,specialization,Intermediate,2,self-paced online,English,เขียน SQL บนระบบข้อมูลขนาดใหญ่ เข้าใจการจัดเก็บแบบคอลัมน์และการวางแผนคิวรีเชิงกระจาย,SQL on big data|Hive|Impala|Partitioning|Query optimization,Apache Hive|Impala|Hadoop,no,REQ-R08-2.A.1.a|REQ-R08-2.A.2.a|REQ-R08-2.B.2.i|REQ-R08-2.B.3.e|REQ-R08-2.B.4.e|REQ-R08-2.B.4.g|REQ-R08-2.C.3.a|REQ-R08-2.C.4.a|REQ-R08-4.A.1.a.1|REQ-R08-4.A.1.b.1|REQ-R08-4.A.2.a.2|REQ-R08-4.A.2.a.4|REQ-R08-4.A.2.b.1|REQ-R08-4.A.2.b.3|REQ-R08-4.A.2.b.4|REQ-R08-4.A.3.b.1,REQ-R08-2.B.3.e|REQ-R08-2.C.3.a|REQ-R08-4.A.2.a.2|REQ-R08-4.A.2.a.4,"Analyzing Data or Information|Complex Problem Solving|Computers and Electronics|Critical Thinking|Developing Objectives and Strategies|Getting Information|Identifying Objects, Actions, and Events|Judgment and Decision Making|Making Decisions and Solving Problems|Mathematics|Processing Information|Programming|Reading Comprehension|Systems Analysis|Updating and Using Relevant Knowledge|Working with Computers",16,4,Essential Skills|Knowledge|Transferable Skills|Work Activities,0.555329,0.142091,55.53,14.21,80,paid,245,,,พื้นฐาน SQL,core_gap_closure,course_only|both,2,verified,2026-08-31,ผู้วิจัย (ตรวจด้วยการดึงหน้าเว็บ 31 ส.ค. 2026),,CORPUS-IS68076026-v1.5R-01OCT26,ONET31.0-IS68076026-v1.0,v0.9_core
CRS-R08-07,course,R08,วิศวกรข้อมูล,Data Engineer,15-1243.00,data,proxy,7,Astronomer Academy – Apache Airflow Fundamentals,Astronomer,vendor_or_body,Astronomer Academy,https://academy.astronomer.io/,single_course,Intermediate,2,self-paced online,English,สร้างและกำหนดตารางเวลา data pipeline ด้วย Airflow ซึ่งเป็นเครื่องมือ orchestration มาตรฐานของสายงาน,Apache Airflow|DAG design|Task orchestration|Scheduling|Pipeline monitoring,Apache Airflow|Python|Docker,yes,REQ-R08-2.A.1.a|REQ-R08-2.A.2.a|REQ-R08-2.B.2.i|REQ-R08-2.B.3.e|REQ-R08-2.B.4.g|REQ-R08-2.C.3.a|REQ-R08-2.C.3.b|REQ-R08-2.C.3.c|REQ-R08-4.A.1.a.1|REQ-R08-4.A.1.a.2|REQ-R08-4.A.1.b.1|REQ-R08-4.A.2.a.2|REQ-R08-4.A.2.a.4|REQ-R08-4.A.2.b.1|REQ-R08-4.A.2.b.2|REQ-R08-4.A.2.b.3|REQ-R08-4.A.2.b.6|REQ-R08-4.A.3.b.1,REQ-R08-2.B.3.e|REQ-R08-2.B.4.g|REQ-R08-4.A.1.a.2|REQ-R08-4.A.2.b.6,"Analyzing Data or Information|Complex Problem Solving|Computers and Electronics|Critical Thinking|Design|Engineering and Technology|Getting Information|Identifying Objects, Actions, and Events|Making Decisions and Solving Problems|Monitoring Processes, Materials, or Surroundings|Organizing, Planning, and Prioritizing Work|Processing Information|Programming|Reading Comprehension|Systems Analysis|Thinking Creatively|Updating and Using Relevant Knowledge|Working with Computers",18,4,Essential Skills|Knowledge|Transferable Skills|Work Activities,0.618964,0.122583,61.90,12.26,20,free,0,,,พื้นฐาน Python,core_gap_closure,course_only|both,3,verified,2026-08-31,ผู้วิจัย (ตรวจด้วยการดึงหน้าเว็บ 31 ส.ค. 2026),,CORPUS-IS68076026-v1.5R-01OCT26,ONET31.0-IS68076026-v1.0,v0.9_core
CRS-R08-08,course,R08,วิศวกรข้อมูล,Data Engineer,15-1243.00,data,proxy,8,dbt Fundamentals,dbt Labs,vendor_or_body,dbt Learn,https://learn.getdbt.com/,single_course,Intermediate,2,self-paced online,English,ทำ transformation แบบ analytics engineering ด้วย dbt พร้อมการทดสอบและจัดทำเอกสารข้อมูลอัตโนมัติ,dbt|SQL transformation|Data testing|Data documentation|Version-controlled analytics,dbt|Snowflake|BigQuery|Git,yes,REQ-R08-2.A.1.a|REQ-R08-2.A.2.a|REQ-R08-2.B.2.i|REQ-R08-2.B.3.e|REQ-R08-2.C.3.a|REQ-R08-4.A.1.a.1|REQ-R08-4.A.1.b.1|REQ-R08-4.A.2.a.2|REQ-R08-4.A.2.a.3|REQ-R08-4.A.2.a.4|REQ-R08-4.A.2.b.1|REQ-R08-4.A.2.b.3|REQ-R08-4.A.3.b.1|REQ-R08-4.A.3.b.6,REQ-R08-2.B.3.e|REQ-R08-4.A.2.a.2|REQ-R08-4.A.2.a.3|REQ-R08-4.A.3.b.6,"Analyzing Data or Information|Complex Problem Solving|Computers and Electronics|Critical Thinking|Documenting/Recording Information|Evaluating Information to Determine Compliance with Standards|Getting Information|Identifying Objects, Actions, and Events|Making Decisions and Solving Problems|Processing Information|Programming|Reading Comprehension|Updating and Using Relevant Knowledge|Working with Computers",14,4,Essential Skills|Knowledge|Transferable Skills|Work Activities,0.492803,0.132210,49.28,13.22,15,free,0,,,พื้นฐาน SQL,core_gap_closure,course_only|both,3,pending_verification,,,[UNCLEAR] ดึงได้แต่ระบุชื่อหลักสูตรไม่ชัด ต้องตรวจด้วยตา,CORPUS-IS68076026-v1.5R-01OCT26,ONET31.0-IS68076026-v1.0,v0.9_core
CRS-R08-09,course,R08,วิศวกรข้อมูล,Data Engineer,15-1243.00,data,proxy,9,"Intro to Snowflake for Devs, Data Scientists, Data Engineers",Snowflake,mooc_platform,Coursera,https://www.coursera.org/learn/snowflake-intro-app-developers-data-scientists-data-engineers,single_course,Intermediate,2,self-paced online,English,ออกแบบ pipeline บน Snowflake ซึ่งเป็นแพลตฟอร์มคลังข้อมูลที่องค์กรไทยขนาดใหญ่นำมาใช้เพิ่มขึ้น,Snowflake|Data loading|Streams and tasks|Warehouse sizing|Cost management,Snowflake|SQL|Snowpark,no,REQ-R08-2.A.1.a|REQ-R08-2.A.2.a|REQ-R08-2.B.2.i|REQ-R08-2.B.3.e|REQ-R08-2.B.4.g|REQ-R08-2.C.3.a|REQ-R08-2.C.3.b|REQ-R08-2.C.3.c|REQ-R08-4.A.1.a.1|REQ-R08-4.A.1.b.1|REQ-R08-4.A.1.b.3|REQ-R08-4.A.2.a.2|REQ-R08-4.A.2.a.4|REQ-R08-4.A.2.b.1|REQ-R08-4.A.2.b.2|REQ-R08-4.A.2.b.3|REQ-R08-4.A.3.b.1,REQ-R08-2.B.3.e|REQ-R08-2.B.4.g|REQ-R08-4.A.2.a.2,"Analyzing Data or Information|Complex Problem Solving|Computers and Electronics|Critical Thinking|Design|Engineering and Technology|Estimating the Quantifiable Characteristics of Products, Events, or Information|Getting Information|Identifying Objects, Actions, and Events|Making Decisions and Solving Problems|Processing Information|Programming|Reading Comprehension|Systems Analysis|Thinking Creatively|Updating and Using Relevant Knowledge|Working with Computers",17,3,Essential Skills|Knowledge|Transferable Skills|Work Activities,0.590342,0.098050,59.03,9.80,25,paid,49,,,พื้นฐาน SQL,advanced_or_cert_prep,course_only|both,2,verified,2026-08-31,ผู้วิจัย (ตรวจด้วยการดึงหน้าเว็บ 31 ส.ค. 2026),[FIX 2026-08-31] แก้ URL ตามหน้าปลายทางที่ยืนยันแล้ว,CORPUS-IS68076026-v1.5R-01OCT26,ONET31.0-IS68076026-v1.0,v0.9_core
CRS-R08-10,course,R08,วิศวกรข้อมูล,Data Engineer,15-1243.00,data,proxy,10,Advanced Data Engineering with Databricks,Databricks,vendor_or_body,Databricks Academy,https://www.databricks.com/training/catalog/advanced-data-engineering-with-databricks-971,single_course,Intermediate,2,self-paced online,English,สร้างสถาปัตยกรรม lakehouse ด้วย Delta Lake และ Spark พร้อมการจัดการคุณภาพข้อมูลแบบหลายชั้น,Databricks|Delta Lake|Lakehouse architecture|Spark SQL|Data quality,Databricks|Delta Lake|Apache Spark,yes,REQ-R08-2.A.1.a|REQ-R08-2.A.2.a|REQ-R08-2.B.2.i|REQ-R08-2.B.3.e|REQ-R08-2.B.4.g|REQ-R08-2.C.3.a|REQ-R08-2.C.3.b|REQ-R08-2.C.3.c|REQ-R08-4.A.1.a.1|REQ-R08-4.A.1.b.1|REQ-R08-4.A.2.a.2|REQ-R08-4.A.2.a.3|REQ-R08-4.A.2.a.4|REQ-R08-4.A.2.b.1|REQ-R08-4.A.2.b.2|REQ-R08-4.A.2.b.3|REQ-R08-4.A.3.b.1,REQ-R08-2.B.3.e|REQ-R08-2.B.4.g|REQ-R08-2.C.3.a|REQ-R08-4.A.2.a.2,"Analyzing Data or Information|Complex Problem Solving|Computers and Electronics|Critical Thinking|Design|Engineering and Technology|Evaluating Information to Determine Compliance with Standards|Getting Information|Identifying Objects, Actions, and Events|Making Decisions and Solving Problems|Processing Information|Programming|Reading Comprehension|Systems Analysis|Thinking Creatively|Updating and Using Relevant Knowledge|Working with Computers",17,4,Essential Skills|Knowledge|Transferable Skills|Work Activities,0.590342,0.134680,59.03,13.47,30,free,0,,,พื้นฐาน SQL และ Python,core_gap_closure,course_only|both,3,verified,2026-08-31,ผู้วิจัย (ตรวจด้วยการดึงหน้าเว็บ 31 ส.ค. 2026),[FIX 2026-08-31] แก้ URL ตามหน้าปลายทางที่ยืนยันแล้ว,CORPUS-IS68076026-v1.5R-01OCT26,ONET31.0-IS68076026-v1.0,v0.9_core
CRS-R08-11,course,R08,วิศวกรข้อมูล,Data Engineer,15-1243.00,data,proxy,11,Improving Communication Skills,University of Pennsylvania (Wharton),mooc_platform,Coursera,https://www.coursera.org/learn/wharton-communication-skills,single_course,Beginner,1,self-paced online,English,สื่อสารเชิงวิชาชีพอย่างมีประสิทธิผล ฟังอย่างตั้งใจ ตีความสารของผู้อื่น สร้างความไว้วางใจ และสื่อสารกับผู้มีส่วนได้เสียทั้งในและนอกองค์กร,Active listening|Professional communication|Stakeholder communication|Building trust|Persuasion,,no,REQ-R08-2.A.1.b|REQ-R08-2.A.1.d|REQ-R08-4.A.4.a.1|REQ-R08-4.A.4.a.2|REQ-R08-4.A.4.a.4|REQ-R08-4.A.4.b.6,REQ-R08-2.A.1.b|REQ-R08-2.A.1.d|REQ-R08-4.A.4.a.1|REQ-R08-4.A.4.a.2|REQ-R08-4.A.4.a.4|REQ-R08-4.A.4.b.6,"Active Listening|Communicating with Supervisors, Peers, or Subordinates|Establishing and Maintaining Interpersonal Relationships|Interpreting the Meaning of Information for Others|Providing Consultation and Advice to Others|Speaking",6,6,Essential Skills|Work Activities,0.185024,0.185024,18.50,18.50,10,low-cost,49,,,,core_gap_closure,course_only|both,2,verified,2026-08-31,ผู้วิจัย (ตรวจด้วยการดึงหน้าเว็บ 31 ส.ค. 2026),ปิดช่องว่างกลุ่มการสื่อสารตาม DEC-09 · ยืนยันการมีอยู่ของแหล่งข้อมูลด้วยการค้นเว็บเมื่อ 2026-08-31,CORPUS-IS68076026-v1.5R-01OCT26,ONET31.0-IS68076026-v1.0,v1.0_gap_closure
CRS-R08-12,course,R08,วิศวกรข้อมูล,Data Engineer,15-1243.00,data,proxy,12,Foundations of Project Management,Google,mooc_platform,Coursera,https://www.coursera.org/learn/project-management-foundations,single_course,Beginner,1,self-paced online,English,กำหนดวัตถุประสงค์และกลยุทธ์ของโครงการ ตัดสินใจบนข้อมูลที่มี ประสานงานระหว่างทีม และประเมินทางเลือกอย่างเป็นระบบ,Project scoping|Objective setting|Decision making|Coordination|Stakeholder alignment,,no,REQ-R08-2.B.4.e|REQ-R08-4.A.2.b.2|REQ-R08-4.A.2.b.4,REQ-R08-2.B.4.e|REQ-R08-4.A.2.b.2|REQ-R08-4.A.2.b.4,Developing Objectives and Strategies|Judgment and Decision Making|Thinking Creatively,3,3,Transferable Skills|Work Activities,0.098646,0.098646,9.86,9.86,26,low-cost,49,,,,core_gap_closure,course_only|both,2,verified,2026-08-31,ผู้วิจัย (ตรวจด้วยการดึงหน้าเว็บ 31 ส.ค. 2026),DEC-16 ขยายข้ามบทบาทจาก CRS-R02-11 · คงชื่อ ผู้ให้บริการ URL ชั่วโมง และค่าใช้จ่ายเดิมทุกค่า · ต้องทบทวน mapping ก่อน FREEZE,CORPUS-IS68076026-v1.5R-01OCT26,ONET31.0-IS68076026-v1.0,v1.3_crossrole
CRS-R08-13,course,R08,วิศวกรข้อมูล,Data Engineer,15-1243.00,data,proxy,13,Introduction to Statistics,Stanford University,mooc_platform,Coursera,https://www.coursera.org/learn/stanford-statistics,single_course,Beginner,1,self-paced online,English,เข้าใจสถิติเชิงพรรณนาและเชิงอนุมาน การทดสอบสมมติฐาน การถดถอย และการตีความผลเชิงตัวเลข,Descriptive statistics|Hypothesis testing|Regression|Statistical reasoning,R,no,REQ-R08-2.C.4.a,REQ-R08-2.C.4.a,Mathematics,1,1,Knowledge,0.031263,0.031263,3.13,3.13,15,low-cost,49,,,,core_gap_closure,course_only|both,2,verified,2026-08-31,ผู้วิจัย (ตรวจด้วยการดึงหน้าเว็บ 31 ส.ค. 2026),DEC-16 ขยายข้ามบทบาทจาก CRS-R09-11 · คงชื่อ ผู้ให้บริการ URL ชั่วโมง และค่าใช้จ่ายเดิมทุกค่า · ต้องทบทวน mapping ก่อน FREEZE,CORPUS-IS68076026-v1.5R-01OCT26,ONET31.0-IS68076026-v1.0,v1.3_crossrole
CRS-R08-14,course,R08,วิศวกรข้อมูล,Data Engineer,15-1243.00,data,proxy,14,SQL for Data Science,University of California Davis,mooc_platform,Coursera,https://www.coursera.org/learn/sql-for-data-science,single_course,Beginner,1,self-paced online,English,เขียน SQL ดึงและรวมข้อมูลจากหลายตารางได้อย่างมั่นใจ ซึ่งเป็นทักษะบังคับอันดับหนึ่งของสาย BI,SQL|Joins|Aggregation|Subqueries|Data profiling,SQL|SQLite,no,REQ-R08-2.B.3.e|REQ-R08-4.A.1.a.1|REQ-R08-4.A.2.a.2|REQ-R08-4.A.2.a.4,REQ-R08-2.B.3.e|REQ-R08-4.A.1.a.1|REQ-R08-4.A.2.a.2|REQ-R08-4.A.2.a.4,Analyzing Data or Information|Getting Information|Processing Information|Programming,4,4,Transferable Skills|Work Activities,0.142773,0.142773,14.28,14.28,25,paid,49,,,ไม่มี,foundation,course_only|both,3,verified,2026-08-31,ผู้วิจัย (ตรวจด้วยการดึงหน้าเว็บ 31 ส.ค. 2026),DEC-16 ขยายข้ามบทบาทจาก CRS-R09-07 · คงชื่อ ผู้ให้บริการ URL ชั่วโมง และค่าใช้จ่ายเดิมทุกค่า · ต้องทบทวน mapping ก่อน FREEZE,CORPUS-IS68076026-v1.5R-01OCT26,ONET31.0-IS68076026-v1.0,v1.3_crossrole
CRT-R09-01,certification,R09,นักวิเคราะห์ข้อมูลเชิงธุรกิจ,Data / BI Analyst,15-2051.01,analytics,exact,1,Microsoft Certified: Power BI Data Analyst Associate,Microsoft,vendor_or_body,Microsoft Learn,https://learn.microsoft.com/en-us/credentials/certifications/data-analyst-associate/,vendor_cert,Intermediate,2,proctored exam,English,ใบรับรองที่ประกาศรับสมัครงาน BI Analyst ในไทยระบุถึงบ่อยที่สุด ยืนยันความสามารถใช้ Power BI ระดับมืออาชีพ,Power BI|DAX|Data modeling|Report design|Row-level security|Power Query,Power BI|DAX|Power Query,no,REQ-R09-2.A.1.a|REQ-R09-2.A.1.c|REQ-R09-2.A.2.a|REQ-R09-2.A.2.b|REQ-R09-2.B.2.i|REQ-R09-2.C.3.a|REQ-R09-2.C.7.a|REQ-R09-4.A.1.a.1|REQ-R09-4.A.1.b.1|REQ-R09-4.A.2.a.2|REQ-R09-4.A.2.a.3|REQ-R09-4.A.2.a.4|REQ-R09-4.A.2.b.1|REQ-R09-4.A.2.b.2|REQ-R09-4.A.2.b.3|REQ-R09-4.A.2.b.6|REQ-R09-4.A.3.b.1|REQ-R09-4.A.3.b.6|REQ-R09-4.A.4.a.1,REQ-R09-4.A.2.a.2|REQ-R09-4.A.2.a.3|REQ-R09-4.A.2.a.4|REQ-R09-4.A.3.b.1|REQ-R09-4.A.4.a.1,"Active Learning|Analyzing Data or Information|Complex Problem Solving|Computers and Electronics|Critical Thinking|Documenting/Recording Information|English Language|Evaluating Information to Determine Compliance with Standards|Getting Information|Identifying Objects, Actions, and Events|Interpreting the Meaning of Information for Others|Making Decisions and Solving Problems|Organizing, Planning, and Prioritizing Work|Processing Information|Reading Comprehension|Thinking Creatively|Updating and Using Relevant Knowledge|Working with Computers|Writing",19,5,Essential Skills|Knowledge|Transferable Skills|Work Activities,0.658808,0.188601,65.88,18.86,100,exam-fee-required,165,PL-300,1,พื้นฐาน Power BI และ SQL,advanced_or_cert_prep,certification_only|both,3,verified,2026-08-31,ผู้วิจัย (ตรวจด้วยการดึงหน้าเว็บ 31 ส.ค. 2026),,CORPUS-IS68076026-v1.5R-01OCT26,ONET31.0-IS68076026-v1.0,v0.9_core
CRT-R09-02,certification,R09,นักวิเคราะห์ข้อมูลเชิงธุรกิจ,Data / BI Analyst,15-2051.01,analytics,exact,2,Microsoft Certified: Fabric Analytics Engineer Associate,Microsoft,vendor_or_body,Microsoft Learn,https://learn.microsoft.com/en-us/credentials/certifications/fabric-analytics-engineer-associate/,vendor_cert,Advanced,3,proctored exam,English,ยกระดับจากผู้ใช้ Power BI สู่ผู้ออกแบบระบบวิเคราะห์ทั้งองค์กรบน Microsoft Fabric,Microsoft Fabric|Semantic models|Lakehouse|Data transformation|Analytics governance,Microsoft Fabric|Power BI|Synapse,no,REQ-R09-2.A.1.a|REQ-R09-2.A.2.a|REQ-R09-2.A.2.b|REQ-R09-2.B.2.i|REQ-R09-2.B.4.e|REQ-R09-2.B.4.g|REQ-R09-2.C.3.a|REQ-R09-2.C.7.a|REQ-R09-4.A.1.a.1|REQ-R09-4.A.1.b.1|REQ-R09-4.A.2.a.2|REQ-R09-4.A.2.a.3|REQ-R09-4.A.2.a.4|REQ-R09-4.A.2.b.1|REQ-R09-4.A.2.b.2|REQ-R09-4.A.2.b.3|REQ-R09-4.A.2.b.6|REQ-R09-4.A.3.b.1,REQ-R09-2.B.4.g|REQ-R09-4.A.2.a.2|REQ-R09-4.A.2.a.3|REQ-R09-4.A.2.a.4,"Active Learning|Analyzing Data or Information|Complex Problem Solving|Computers and Electronics|Critical Thinking|English Language|Evaluating Information to Determine Compliance with Standards|Getting Information|Identifying Objects, Actions, and Events|Judgment and Decision Making|Making Decisions and Solving Problems|Organizing, Planning, and Prioritizing Work|Processing Information|Reading Comprehension|Systems Analysis|Thinking Creatively|Updating and Using Relevant Knowledge|Working with Computers",18,4,Essential Skills|Knowledge|Transferable Skills|Work Activities,0.615112,0.135837,61.51,13.58,110,exam-fee-required,165,DP-600,1,PL-300 หรือประสบการณ์เทียบเท่า,advanced_or_cert_prep,certification_only|both,3,verified,2026-08-31,ผู้วิจัย (ตรวจด้วยการดึงหน้าเว็บ 31 ส.ค. 2026),,CORPUS-IS68076026-v1.5R-01OCT26,ONET31.0-IS68076026-v1.0,v0.9_core
CRT-R09-03,certification,R09,นักวิเคราะห์ข้อมูลเชิงธุรกิจ,Data / BI Analyst,15-2051.01,analytics,exact,3,Tableau Certified Data Analyst,Tableau (Salesforce),vendor_or_body,Tableau Certification,https://www.tableau.com/learn/certification/certified-data-analyst,vendor_cert,Intermediate,2,proctored exam,English,ยืนยันความสามารถใช้ Tableau ตั้งแต่การเตรียมข้อมูลจนถึงการสร้างแดชบอร์ดเชิงวิเคราะห์,Tableau|Data preparation|Calculations|Dashboard design|Data interpretation,Tableau Desktop|Tableau Prep,no,REQ-R09-2.A.1.a|REQ-R09-2.A.2.a|REQ-R09-2.A.2.b|REQ-R09-2.B.2.i|REQ-R09-2.B.4.g|REQ-R09-2.C.3.a|REQ-R09-2.C.7.a|REQ-R09-4.A.1.a.1|REQ-R09-4.A.1.b.1|REQ-R09-4.A.2.a.2|REQ-R09-4.A.2.a.4|REQ-R09-4.A.2.b.1|REQ-R09-4.A.2.b.2|REQ-R09-4.A.2.b.3|REQ-R09-4.A.3.b.1|REQ-R09-4.A.4.a.1,REQ-R09-4.A.2.a.2|REQ-R09-4.A.2.a.4|REQ-R09-4.A.2.b.2|REQ-R09-4.A.4.a.1,"Active Learning|Analyzing Data or Information|Complex Problem Solving|Computers and Electronics|Critical Thinking|English Language|Getting Information|Identifying Objects, Actions, and Events|Interpreting the Meaning of Information for Others|Making Decisions and Solving Problems|Processing Information|Reading Comprehension|Systems Analysis|Thinking Creatively|Updating and Using Relevant Knowledge|Working with Computers",16,4,Essential Skills|Knowledge|Transferable Skills|Work Activities,0.561053,0.152763,56.11,15.28,80,exam-fee-required,250,Certified Data Analyst,2,ประสบการณ์ Tableau 6 เดือน,advanced_or_cert_prep,certification_only|both,3,pending_verification,,,[REDIRECT] 302 ไปที่ trailheadacademy.salesforce.com ผู้ให้บริการย้ายไป Salesforce,CORPUS-IS68076026-v1.5R-01OCT26,ONET31.0-IS68076026-v1.0,v0.9_core
CRT-R09-04,certification,R09,นักวิเคราะห์ข้อมูลเชิงธุรกิจ,Data / BI Analyst,15-2051.01,analytics,exact,4,Tableau Desktop Specialist,Tableau (Salesforce),vendor_or_body,Tableau Certification,https://www.tableau.com/learn/certification/desktop-specialist,vendor_cert,Beginner,1,proctored exam,English,ใบรับรองระดับเริ่มต้นที่ไม่หมดอายุ เหมาะเป็นก้าวแรกสำหรับนักศึกษาที่ต้องการหลักฐานทักษะ BI,Tableau fundamentals|Connecting to data|Basic calculations|Chart building,Tableau Desktop,no,REQ-R09-2.A.1.a|REQ-R09-2.A.2.b|REQ-R09-2.C.3.a|REQ-R09-2.C.7.a|REQ-R09-4.A.1.a.1|REQ-R09-4.A.2.a.2|REQ-R09-4.A.2.a.4|REQ-R09-4.A.2.b.3|REQ-R09-4.A.3.b.1|REQ-R09-4.A.4.a.1,REQ-R09-4.A.2.a.4|REQ-R09-4.A.3.b.1|REQ-R09-4.A.4.a.1,Active Learning|Analyzing Data or Information|Computers and Electronics|English Language|Getting Information|Interpreting the Meaning of Information for Others|Processing Information|Reading Comprehension|Updating and Using Relevant Knowledge|Working with Computers,10,3,Essential Skills|Knowledge|Work Activities,0.372107,0.120553,37.21,12.06,40,exam-fee-required,100,Desktop Specialist,ไม่หมดอายุ,ไม่มี,foundation,certification_only|both,2,pending_verification,,,[REDIRECT] 302 ไปที่ trailheadacademy.salesforce.com ผู้ให้บริการย้ายไป Salesforce,CORPUS-IS68076026-v1.5R-01OCT26,ONET31.0-IS68076026-v1.0,v0.9_core
CRT-R09-05,certification,R09,นักวิเคราะห์ข้อมูลเชิงธุรกิจ,Data / BI Analyst,15-2051.01,analytics,exact,5,Google Data Analytics Professional Certificate (credential),Google,mooc_platform,Coursera,https://www.coursera.org/professional-certificates/google-data-analytics,professional_certificate,Beginner,1,graded assessments + capstone,English,ประกาศนียบัตรที่ ACE แนะนำให้เทียบหน่วยกิตระดับปริญญาตรี และนายจ้างจำนวนมากยอมรับ,Data analysis process|SQL|R|Tableau|Case study portfolio,SQL|Tableau|R,yes,REQ-R09-2.A.1.a|REQ-R09-2.A.2.a|REQ-R09-2.A.2.b|REQ-R09-2.B.2.i|REQ-R09-2.B.4.g|REQ-R09-2.C.3.a|REQ-R09-2.C.7.a|REQ-R09-4.A.1.a.1|REQ-R09-4.A.1.b.1|REQ-R09-4.A.2.a.2|REQ-R09-4.A.2.a.4|REQ-R09-4.A.2.b.1|REQ-R09-4.A.2.b.3|REQ-R09-4.A.2.b.6|REQ-R09-4.A.3.b.1|REQ-R09-4.A.4.a.1,REQ-R09-2.A.1.a|REQ-R09-4.A.2.a.2|REQ-R09-4.A.2.a.4|REQ-R09-4.A.4.a.1,"Active Learning|Analyzing Data or Information|Complex Problem Solving|Computers and Electronics|Critical Thinking|English Language|Getting Information|Identifying Objects, Actions, and Events|Interpreting the Meaning of Information for Others|Making Decisions and Solving Problems|Organizing, Planning, and Prioritizing Work|Processing Information|Reading Comprehension|Systems Analysis|Updating and Using Relevant Knowledge|Working with Computers",16,4,Essential Skills|Knowledge|Transferable Skills|Work Activities,0.562608,0.154749,56.26,15.47,180,paid,245,Google DA,ไม่หมดอายุ,ไม่มี,core_gap_closure,certification_only|both,3,verified,2026-08-31,ผู้วิจัย (ตรวจด้วยการดึงหน้าเว็บ 31 ส.ค. 2026),,CORPUS-IS68076026-v1.5R-01OCT26,ONET31.0-IS68076026-v1.0,v0.9_core
CRT-R09-06,certification,R09,นักวิเคราะห์ข้อมูลเชิงธุรกิจ,Data / BI Analyst,15-2051.01,analytics,exact,6,IIBA Certification in Business Data Analytics (CBDA),International Institute of Business Analysis,vendor_or_body,IIBA,https://www.iiba.org/business-analysis-certifications/business-data-analytics-certification/,vendor_neutral_cert,Professional,4,proctored exam,English,เชื่อมงานวิเคราะห์ข้อมูลกับงานวิเคราะห์ธุรกิจ ยืนยันความสามารถแปลงคำถามธุรกิจเป็นงานวิเคราะห์,Business data analytics|Requirements for analytics|Insight communication|Analytics governance,Vendor-neutral,no,REQ-R09-2.A.1.a|REQ-R09-2.A.1.b|REQ-R09-2.A.1.d|REQ-R09-2.A.2.a|REQ-R09-2.A.2.b|REQ-R09-2.B.2.i|REQ-R09-2.B.4.e|REQ-R09-2.B.4.g|REQ-R09-2.C.3.a|REQ-R09-2.C.7.a|REQ-R09-4.A.1.a.1|REQ-R09-4.A.1.b.1|REQ-R09-4.A.2.a.2|REQ-R09-4.A.2.a.3|REQ-R09-4.A.2.a.4|REQ-R09-4.A.2.b.1|REQ-R09-4.A.2.b.3|REQ-R09-4.A.3.b.1|REQ-R09-4.A.4.a.1|REQ-R09-4.A.4.a.2|REQ-R09-4.A.4.a.4|REQ-R09-4.A.4.b.6,REQ-R09-2.A.1.b|REQ-R09-2.B.4.e|REQ-R09-4.A.2.a.4|REQ-R09-4.A.4.a.1|REQ-R09-4.A.4.b.6,"Active Learning|Active Listening|Analyzing Data or Information|Communicating with Supervisors, Peers, or Subordinates|Complex Problem Solving|Computers and Electronics|Critical Thinking|English Language|Establishing and Maintaining Interpersonal Relationships|Evaluating Information to Determine Compliance with Standards|Getting Information|Identifying Objects, Actions, and Events|Interpreting the Meaning of Information for Others|Judgment and Decision Making|Making Decisions and Solving Problems|Processing Information|Providing Consultation and Advice to Others|Reading Comprehension|Speaking|Systems Analysis|Updating and Using Relevant Knowledge|Working with Computers",22,5,Essential Skills|Knowledge|Transferable Skills|Work Activities,0.752158,0.174352,75.22,17.44,90,exam-fee-required,450,CBDA,3,ไม่มี,advanced_or_cert_prep,certification_only|both,3,verified,2026-08-31,ผู้วิจัย (ตรวจด้วยการดึงหน้าเว็บ 31 ส.ค. 2026),[FIX 2026-08-31] แก้ URL ตามหน้าปลายทางที่ยืนยันแล้ว,CORPUS-IS68076026-v1.5R-01OCT26,ONET31.0-IS68076026-v1.0,v0.9_core
CRT-R09-07,certification,R09,นักวิเคราะห์ข้อมูลเชิงธุรกิจ,Data / BI Analyst,15-2051.01,analytics,exact,7,SAS Certified Specialist: Base Programming Using SAS 9.4,SAS Institute,vendor_or_body,SAS Certification,https://www.sas.com/en_us/certification/credentials/foundation-tools/base-programming-specialist.html,vendor_cert,Intermediate,2,proctored exam,English,ยืนยันทักษะ SAS ซึ่งยังเป็นมาตรฐานของงานวิเคราะห์ในธนาคาร ประกันภัย และหน่วยงานภาครัฐของไทย,SAS programming|Data step|SQL procedure|Data manipulation|Reporting,SAS 9.4|SAS Studio,no,REQ-R09-2.A.1.a|REQ-R09-2.A.1.c|REQ-R09-2.A.2.a|REQ-R09-2.A.2.b|REQ-R09-2.B.2.i|REQ-R09-2.B.4.g|REQ-R09-2.C.3.a|REQ-R09-2.C.7.a|REQ-R09-4.A.1.a.1|REQ-R09-4.A.1.b.1|REQ-R09-4.A.2.a.2|REQ-R09-4.A.2.a.4|REQ-R09-4.A.2.b.1|REQ-R09-4.A.2.b.3|REQ-R09-4.A.3.b.1|REQ-R09-4.A.3.b.6,REQ-R09-4.A.2.a.2|REQ-R09-4.A.2.a.4|REQ-R09-4.A.3.b.6,"Active Learning|Analyzing Data or Information|Complex Problem Solving|Computers and Electronics|Critical Thinking|Documenting/Recording Information|English Language|Getting Information|Identifying Objects, Actions, and Events|Making Decisions and Solving Problems|Processing Information|Reading Comprehension|Systems Analysis|Updating and Using Relevant Knowledge|Working with Computers|Writing",16,3,Essential Skills|Knowledge|Transferable Skills|Work Activities,0.551813,0.111140,55.18,11.11,80,exam-fee-required,180,A00-231,ไม่หมดอายุ,ไม่มี,advanced_or_cert_prep,certification_only|both,3,verified,2026-08-31,ผู้วิจัย (ตรวจด้วยการดึงหน้าเว็บ 31 ส.ค. 2026),,CORPUS-IS68076026-v1.5R-01OCT26,ONET31.0-IS68076026-v1.0,v0.9_core
CRT-R09-08,certification,R09,นักวิเคราะห์ข้อมูลเชิงธุรกิจ,Data / BI Analyst,15-2051.01,analytics,exact,8,INFORMS Certified Analytics Professional (CAP),INFORMS,vendor_or_body,INFORMS,https://www.certifiedanalytics.org/,vendor_neutral_cert,Professional,4,proctored exam,English,ใบรับรองที่เป็นกลางต่อผู้ผลิต เน้นกระบวนการวิเคราะห์ทั้งวงจรและจรรยาบรรณของนักวิเคราะห์,Analytics lifecycle|Problem framing|Methodology|Deployment|Model lifecycle,Vendor-neutral,no,REQ-R09-2.A.1.a|REQ-R09-2.A.2.a|REQ-R09-2.A.2.b|REQ-R09-2.B.2.i|REQ-R09-2.B.4.e|REQ-R09-2.B.4.g|REQ-R09-2.C.3.a|REQ-R09-2.C.7.a|REQ-R09-4.A.1.a.1|REQ-R09-4.A.1.b.1|REQ-R09-4.A.2.a.2|REQ-R09-4.A.2.a.3|REQ-R09-4.A.2.a.4|REQ-R09-4.A.2.b.1|REQ-R09-4.A.2.b.3|REQ-R09-4.A.2.b.6|REQ-R09-4.A.3.b.1|REQ-R09-4.A.4.a.1,REQ-R09-2.B.4.e|REQ-R09-4.A.2.a.3|REQ-R09-4.A.2.a.4|REQ-R09-4.A.4.a.1,"Active Learning|Analyzing Data or Information|Complex Problem Solving|Computers and Electronics|Critical Thinking|English Language|Evaluating Information to Determine Compliance with Standards|Getting Information|Identifying Objects, Actions, and Events|Interpreting the Meaning of Information for Others|Judgment and Decision Making|Making Decisions and Solving Problems|Organizing, Planning, and Prioritizing Work|Processing Information|Reading Comprehension|Systems Analysis|Updating and Using Relevant Knowledge|Working with Computers",18,4,Essential Skills|Knowledge|Transferable Skills|Work Activities,0.621848,0.139378,62.18,13.94,120,exam-fee-required,695,CAP,3,ปริญญาตรี + ประสบการณ์,advanced_or_cert_prep,certification_only|both,3,verified,2026-08-31,ผู้วิจัย (ตรวจด้วยการดึงหน้าเว็บ 31 ส.ค. 2026),,CORPUS-IS68076026-v1.5R-01OCT26,ONET31.0-IS68076026-v1.0,v0.9_core
CRT-R09-09,certification,R09,นักวิเคราะห์ข้อมูลเชิงธุรกิจ,Data / BI Analyst,15-2051.01,analytics,exact,9,Qlik Sense Business Analyst Certification,Qlik,vendor_or_body,Qlik,https://www.qlik.com/us/services/training/certification,vendor_cert,Intermediate,2,proctored exam,English,ใบรับรองสำหรับแพลตฟอร์ม BI ทางเลือกที่องค์กรขนาดใหญ่บางแห่งในไทยใช้เป็นมาตรฐาน,Qlik Sense|Data visualization|App development|Business requirements analysis,Qlik Sense,no,REQ-R09-2.A.1.a|REQ-R09-2.A.1.b|REQ-R09-2.A.2.a|REQ-R09-2.A.2.b|REQ-R09-2.B.2.i|REQ-R09-2.B.4.g|REQ-R09-2.C.3.a|REQ-R09-2.C.7.a|REQ-R09-4.A.1.a.1|REQ-R09-4.A.1.b.1|REQ-R09-4.A.2.a.2|REQ-R09-4.A.2.a.4|REQ-R09-4.A.2.b.1|REQ-R09-4.A.2.b.3|REQ-R09-4.A.3.b.1|REQ-R09-4.A.4.a.1,REQ-R09-2.A.1.b|REQ-R09-4.A.2.a.4|REQ-R09-4.A.3.b.1|REQ-R09-4.A.4.a.1,"Active Learning|Active Listening|Analyzing Data or Information|Complex Problem Solving|Computers and Electronics|Critical Thinking|English Language|Getting Information|Identifying Objects, Actions, and Events|Interpreting the Meaning of Information for Others|Making Decisions and Solving Problems|Processing Information|Reading Comprehension|Systems Analysis|Updating and Using Relevant Knowledge|Working with Computers",16,4,Essential Skills|Knowledge|Transferable Skills|Work Activities,0.562003,0.154059,56.20,15.41,60,exam-fee-required,250,Qlik Sense BA,2,ประสบการณ์ Qlik,advanced_or_cert_prep,certification_only|both,2,verified,2026-08-31,ผู้วิจัย (ตรวจด้วยการดึงหน้าเว็บ 31 ส.ค. 2026),,CORPUS-IS68076026-v1.5R-01OCT26,ONET31.0-IS68076026-v1.0,v0.9_core
CRT-R09-10,certification,R09,นักวิเคราะห์ข้อมูลเชิงธุรกิจ,Data / BI Analyst,15-2051.01,analytics,exact,10,Databricks Certified Data Analyst Associate,Databricks,vendor_or_body,Databricks Academy,https://www.databricks.com/learn/certification/data-analyst-associate,vendor_cert,Intermediate,2,proctored exam,English,ยืนยันความสามารถวิเคราะห์ข้อมูลบน lakehouse ด้วย SQL และแดชบอร์ดของ Databricks,Databricks SQL|Dashboards|Data analysis|Query optimization|Visualization,Databricks SQL|Delta Lake,no,REQ-R09-2.A.1.a|REQ-R09-2.A.1.e|REQ-R09-2.A.2.a|REQ-R09-2.A.2.b|REQ-R09-2.B.2.i|REQ-R09-2.B.4.g|REQ-R09-2.C.3.a|REQ-R09-2.C.7.a|REQ-R09-4.A.1.a.1|REQ-R09-4.A.1.b.1|REQ-R09-4.A.2.a.2|REQ-R09-4.A.2.a.4|REQ-R09-4.A.2.b.1|REQ-R09-4.A.2.b.3|REQ-R09-4.A.3.b.1|REQ-R09-4.A.4.a.1,REQ-R09-4.A.2.a.2|REQ-R09-4.A.2.a.4|REQ-R09-4.A.4.a.1,"Active Learning|Analyzing Data or Information|Complex Problem Solving|Computers and Electronics|Critical Thinking|English Language|Getting Information|Identifying Objects, Actions, and Events|Interpreting the Meaning of Information for Others|Making Decisions and Solving Problems|Mathematics|Processing Information|Reading Comprehension|Systems Analysis|Updating and Using Relevant Knowledge|Working with Computers",16,3,Essential Skills|Knowledge|Transferable Skills|Work Activities,0.558722,0.120207,55.87,12.02,50,exam-fee-required,200,DA Associate,2,พื้นฐาน SQL,advanced_or_cert_prep,certification_only|both,2,verified,2026-08-31,ผู้วิจัย (ตรวจด้วยการดึงหน้าเว็บ 31 ส.ค. 2026),,CORPUS-IS68076026-v1.5R-01OCT26,ONET31.0-IS68076026-v1.0,v0.9_core
CRT-R09-11,certification,R09,นักวิเคราะห์ข้อมูลเชิงธุรกิจ,Data / BI Analyst,15-2051.01,analytics,exact,11,AWS Certified Solutions Architect – Associate,Amazon Web Services,vendor_or_body,AWS Certification,https://aws.amazon.com/certification/certified-solutions-architect-associate/,vendor_cert,Intermediate,2,proctored exam,English,ยืนยันความสามารถออกแบบสถาปัตยกรรมที่ปลอดภัย ทนทาน มีประสิทธิภาพ และคุ้มค่าบน AWS,Cloud architecture|High availability design|Cost optimization|AWS networking|Security design,Amazon EC2|Amazon S3|Amazon VPC|Amazon RDS|AWS IAM,no,REQ-R09-2.B.4.e|REQ-R09-2.B.4.g|REQ-R09-2.C.3.a|REQ-R09-4.A.2.b.1,REQ-R09-2.B.4.e|REQ-R09-2.B.4.g|REQ-R09-2.C.3.a|REQ-R09-4.A.2.b.1,Computers and Electronics|Judgment and Decision Making|Making Decisions and Solving Problems|Systems Analysis,4,4,Knowledge|Transferable Skills|Work Activities,0.128239,0.128239,12.82,12.82,120,exam-fee-required,150,SAA-C03,3,ประสบการณ์ใช้งาน AWS,advanced_or_cert_prep,certification_only|both,3,verified,2026-08-31,ผู้วิจัย (ตรวจด้วยการดึงหน้าเว็บ 31 ส.ค. 2026),DEC-16 ขยายข้ามบทบาทจาก CRT-R01-02 · คงชื่อ ผู้ให้บริการ URL ชั่วโมง และค่าใช้จ่ายเดิมทุกค่า · ต้องทบทวน mapping ก่อน FREEZE,CORPUS-IS68076026-v1.5R-01OCT26,ONET31.0-IS68076026-v1.0,v1.3_crossrole
CRS-R09-01,course,R09,นักวิเคราะห์ข้อมูลเชิงธุรกิจ,Data / BI Analyst,15-2051.01,analytics,exact,1,Google Data Analytics Professional Certificate,Google,mooc_platform,Coursera,https://www.coursera.org/professional-certificates/google-data-analytics,professional_certificate,Beginner,1,self-paced online,English,เรียนกระบวนการวิเคราะห์ข้อมูลครบวงจรตั้งแต่ตั้งคำถามธุรกิจจนถึงการนำเสนอ พร้อม case study จริง,SQL|Spreadsheets|R|Data cleaning|Data visualization|Business questioning|Tableau,SQL|BigQuery|Tableau|R|Google Sheets,yes,REQ-R09-2.A.1.a|REQ-R09-2.A.1.b|REQ-R09-2.A.1.d|REQ-R09-2.A.2.a|REQ-R09-2.A.2.b|REQ-R09-2.B.2.i|REQ-R09-2.B.4.g|REQ-R09-2.C.3.a|REQ-R09-2.C.7.a|REQ-R09-4.A.1.a.1|REQ-R09-4.A.1.b.1|REQ-R09-4.A.2.a.2|REQ-R09-4.A.2.a.4|REQ-R09-4.A.2.b.1|REQ-R09-4.A.2.b.3|REQ-R09-4.A.2.b.6|REQ-R09-4.A.3.b.1|REQ-R09-4.A.4.a.1|REQ-R09-4.A.4.a.2|REQ-R09-4.A.4.a.4|REQ-R09-4.A.4.b.6,REQ-R09-2.A.1.a|REQ-R09-2.A.2.a|REQ-R09-4.A.1.a.1|REQ-R09-4.A.2.a.2|REQ-R09-4.A.2.a.4|REQ-R09-4.A.3.b.1|REQ-R09-4.A.4.a.1,"Active Learning|Active Listening|Analyzing Data or Information|Communicating with Supervisors, Peers, or Subordinates|Complex Problem Solving|Computers and Electronics|Critical Thinking|English Language|Establishing and Maintaining Interpersonal Relationships|Getting Information|Identifying Objects, Actions, and Events|Interpreting the Meaning of Information for Others|Making Decisions and Solving Problems|Organizing, Planning, and Prioritizing Work|Processing Information|Providing Consultation and Advice to Others|Reading Comprehension|Speaking|Systems Analysis|Updating and Using Relevant Knowledge|Working with Computers",21,7,Essential Skills|Knowledge|Transferable Skills|Work Activities,0.727029,0.267530,72.70,26.75,180,paid,245,,,ไม่มี,core_gap_closure,course_only|both,3,verified,2026-08-31,ผู้วิจัย (ตรวจด้วยการดึงหน้าเว็บ 31 ส.ค. 2026),,CORPUS-IS68076026-v1.5R-01OCT26,ONET31.0-IS68076026-v1.0,v0.9_core
CRS-R09-02,course,R09,นักวิเคราะห์ข้อมูลเชิงธุรกิจ,Data / BI Analyst,15-2051.01,analytics,exact,2,Google Advanced Data Analytics Professional Certificate,Google,mooc_platform,Coursera,https://www.coursera.org/professional-certificates/google-advanced-data-analytics,professional_certificate,Intermediate,2,self-paced online,English,ต่อยอดสู่การวิเคราะห์เชิงสถิติและโมเดลทำนาย พร้อมทักษะการเล่าเรื่องด้วยข้อมูลกับผู้บริหาร,Python|Statistics|Regression|Machine learning|Data storytelling|Experimental design,Python|Jupyter|Tableau,yes,REQ-R09-2.A.1.a|REQ-R09-2.A.1.b|REQ-R09-2.A.1.d|REQ-R09-2.A.1.e|REQ-R09-2.A.2.a|REQ-R09-2.A.2.b|REQ-R09-2.B.2.i|REQ-R09-2.B.4.g|REQ-R09-2.C.1.a|REQ-R09-2.C.3.a|REQ-R09-2.C.7.a|REQ-R09-4.A.1.a.1|REQ-R09-4.A.1.b.1|REQ-R09-4.A.1.b.3|REQ-R09-4.A.2.a.2|REQ-R09-4.A.2.a.4|REQ-R09-4.A.2.b.1|REQ-R09-4.A.2.b.2|REQ-R09-4.A.2.b.3|REQ-R09-4.A.2.b.6|REQ-R09-4.A.3.b.1|REQ-R09-4.A.4.a.1|REQ-R09-4.A.4.a.2|REQ-R09-4.A.4.a.4|REQ-R09-4.A.4.b.6,REQ-R09-2.A.1.e|REQ-R09-4.A.2.a.4|REQ-R09-4.A.4.a.1,"Active Learning|Active Listening|Administration and Management|Analyzing Data or Information|Communicating with Supervisors, Peers, or Subordinates|Complex Problem Solving|Computers and Electronics|Critical Thinking|English Language|Establishing and Maintaining Interpersonal Relationships|Estimating the Quantifiable Characteristics of Products, Events, or Information|Getting Information|Identifying Objects, Actions, and Events|Interpreting the Meaning of Information for Others|Making Decisions and Solving Problems|Mathematics|Organizing, Planning, and Prioritizing Work|Processing Information|Providing Consultation and Advice to Others|Reading Comprehension|Speaking|Systems Analysis|Thinking Creatively|Updating and Using Relevant Knowledge|Working with Computers",25,3,Essential Skills|Knowledge|Transferable Skills|Work Activities,0.845164,0.110363,84.52,11.04,200,paid,245,,,Google Data Analytics หรือเทียบเท่า,advanced_or_cert_prep,course_only|both,3,verified,2026-08-31,ผู้วิจัย (ตรวจด้วยการดึงหน้าเว็บ 31 ส.ค. 2026),,CORPUS-IS68076026-v1.5R-01OCT26,ONET31.0-IS68076026-v1.0,v0.9_core
CRS-R09-03,course,R09,นักวิเคราะห์ข้อมูลเชิงธุรกิจ,Data / BI Analyst,15-2051.01,analytics,exact,3,Microsoft Power BI Data Analyst Professional Certificate,Microsoft,mooc_platform,Coursera,https://www.coursera.org/professional-certificates/microsoft-power-bi-data-analyst,professional_certificate,Beginner,1,self-paced online,English,สร้างแดชบอร์ด Power BI ตั้งแต่การเชื่อมข้อมูล การทำโมเดล DAX จนถึงการเผยแพร่ พร้อมเตรียมสอบ PL-300,Power BI|DAX|Power Query|Data modeling|Dashboard design|Report publishing,Power BI|Excel|DAX,yes,REQ-R09-2.A.1.a|REQ-R09-2.A.1.c|REQ-R09-2.A.2.a|REQ-R09-2.A.2.b|REQ-R09-2.B.2.i|REQ-R09-2.C.3.a|REQ-R09-2.C.7.a|REQ-R09-4.A.1.a.1|REQ-R09-4.A.1.b.1|REQ-R09-4.A.2.a.2|REQ-R09-4.A.2.a.4|REQ-R09-4.A.2.b.1|REQ-R09-4.A.2.b.2|REQ-R09-4.A.2.b.3|REQ-R09-4.A.2.b.6|REQ-R09-4.A.3.b.1|REQ-R09-4.A.3.b.6|REQ-R09-4.A.4.a.1,REQ-R09-4.A.2.a.2|REQ-R09-4.A.2.a.4|REQ-R09-4.A.3.b.1|REQ-R09-4.A.3.b.6|REQ-R09-4.A.4.a.1,"Active Learning|Analyzing Data or Information|Complex Problem Solving|Computers and Electronics|Critical Thinking|Documenting/Recording Information|English Language|Getting Information|Identifying Objects, Actions, and Events|Interpreting the Meaning of Information for Others|Making Decisions and Solving Problems|Organizing, Planning, and Prioritizing Work|Processing Information|Reading Comprehension|Thinking Creatively|Updating and Using Relevant Knowledge|Working with Computers|Writing",18,5,Essential Skills|Knowledge|Transferable Skills|Work Activities,0.630829,0.190847,63.08,19.08,120,paid,245,,,ไม่มี,core_gap_closure,course_only|both,3,verified,2026-08-31,ผู้วิจัย (ตรวจด้วยการดึงหน้าเว็บ 31 ส.ค. 2026),,CORPUS-IS68076026-v1.5R-01OCT26,ONET31.0-IS68076026-v1.0,v0.9_core
CRS-R09-04,course,R09,นักวิเคราะห์ข้อมูลเชิงธุรกิจ,Data / BI Analyst,15-2051.01,analytics,exact,4,IBM Data Analyst Professional Certificate,IBM,mooc_platform,Coursera,https://www.coursera.org/professional-certificates/ibm-data-analyst,professional_certificate,Beginner,1,self-paced online,English,"ฝึกวิเคราะห์ข้อมูลด้วย Excel, SQL และ Python พร้อมสร้างแดชบอร์ดด้วย Cognos และ Looker Studio",Excel|SQL|Python|Pandas|Data visualization|Dashboard creation,Python|SQL|Excel|IBM Cognos,yes,REQ-R09-2.A.1.a|REQ-R09-2.A.2.a|REQ-R09-2.A.2.b|REQ-R09-2.B.2.i|REQ-R09-2.B.4.g|REQ-R09-2.C.3.a|REQ-R09-2.C.7.a|REQ-R09-4.A.1.a.1|REQ-R09-4.A.1.b.1|REQ-R09-4.A.2.a.2|REQ-R09-4.A.2.a.4|REQ-R09-4.A.2.b.1|REQ-R09-4.A.2.b.3|REQ-R09-4.A.2.b.6|REQ-R09-4.A.3.b.1|REQ-R09-4.A.4.a.1,REQ-R09-4.A.2.a.2|REQ-R09-4.A.2.a.4|REQ-R09-4.A.3.b.1|REQ-R09-4.A.4.a.1,"Active Learning|Analyzing Data or Information|Complex Problem Solving|Computers and Electronics|Critical Thinking|English Language|Getting Information|Identifying Objects, Actions, and Events|Interpreting the Meaning of Information for Others|Making Decisions and Solving Problems|Organizing, Planning, and Prioritizing Work|Processing Information|Reading Comprehension|Systems Analysis|Updating and Using Relevant Knowledge|Working with Computers",16,4,Essential Skills|Knowledge|Transferable Skills|Work Activities,0.562608,0.160622,56.26,16.06,160,paid,245,,,ไม่มี,core_gap_closure,course_only|both,3,verified,2026-08-31,ผู้วิจัย (ตรวจด้วยการดึงหน้าเว็บ 31 ส.ค. 2026),,CORPUS-IS68076026-v1.5R-01OCT26,ONET31.0-IS68076026-v1.0,v0.9_core
CRS-R09-05,course,R09,นักวิเคราะห์ข้อมูลเชิงธุรกิจ,Data / BI Analyst,15-2051.01,analytics,exact,5,Data Visualization with Tableau Specialization,University of California Davis,mooc_platform,Coursera,https://www.coursera.org/specializations/data-visualization,specialization,Beginner,1,self-paced online,English,ออกแบบภาพข้อมูลที่สื่อสารได้จริง เข้าใจหลักการรับรู้ภาพ และสร้างแดชบอร์ดที่ตอบคำถามธุรกิจ,Tableau|Visual analytics|Dashboard design|Data storytelling|Chart selection,Tableau,yes,REQ-R09-2.A.1.a|REQ-R09-2.A.1.b|REQ-R09-2.A.1.d|REQ-R09-2.A.2.a|REQ-R09-2.A.2.b|REQ-R09-2.B.2.i|REQ-R09-2.C.3.a|REQ-R09-2.C.7.a|REQ-R09-4.A.1.a.1|REQ-R09-4.A.1.b.1|REQ-R09-4.A.2.a.2|REQ-R09-4.A.2.a.4|REQ-R09-4.A.2.b.1|REQ-R09-4.A.2.b.2|REQ-R09-4.A.2.b.3|REQ-R09-4.A.3.b.1|REQ-R09-4.A.3.b.6|REQ-R09-4.A.4.a.1|REQ-R09-4.A.4.a.2|REQ-R09-4.A.4.a.4|REQ-R09-4.A.4.b.6,REQ-R09-4.A.2.a.4|REQ-R09-4.A.2.b.2|REQ-R09-4.A.3.b.6|REQ-R09-4.A.4.a.1|REQ-R09-4.A.4.a.2,"Active Learning|Active Listening|Analyzing Data or Information|Communicating with Supervisors, Peers, or Subordinates|Complex Problem Solving|Computers and Electronics|Critical Thinking|Documenting/Recording Information|English Language|Establishing and Maintaining Interpersonal Relationships|Getting Information|Identifying Objects, Actions, and Events|Interpreting the Meaning of Information for Others|Making Decisions and Solving Problems|Processing Information|Providing Consultation and Advice to Others|Reading Comprehension|Speaking|Thinking Creatively|Updating and Using Relevant Knowledge|Working with Computers",21,5,Essential Skills|Knowledge|Transferable Skills|Work Activities,0.728756,0.179447,72.88,17.94,80,paid,245,,,ไม่มี,core_gap_closure,course_only|both,3,verified,2026-08-31,ผู้วิจัย (ตรวจด้วยการดึงหน้าเว็บ 31 ส.ค. 2026),,CORPUS-IS68076026-v1.5R-01OCT26,ONET31.0-IS68076026-v1.0,v0.9_core
CRS-R09-06,course,R09,นักวิเคราะห์ข้อมูลเชิงธุรกิจ,Data / BI Analyst,15-2051.01,analytics,exact,6,Excel Skills for Business Specialization,Macquarie University,mooc_platform,Coursera,https://www.coursera.org/specializations/excel,specialization,Beginner,1,self-paced online,English,ใช้ Excel ระดับมืออาชีพ ซึ่งยังเป็นเครื่องมือที่นักวิเคราะห์ธุรกิจในไทยใช้มากที่สุด,Excel|Pivot tables|Advanced formulas|Data validation|Financial modeling basics|Macros,Microsoft Excel|Power Query,yes,REQ-R09-2.A.1.a|REQ-R09-2.A.2.a|REQ-R09-2.A.2.b|REQ-R09-2.B.2.i|REQ-R09-2.B.4.g|REQ-R09-2.C.3.a|REQ-R09-2.C.7.a|REQ-R09-4.A.1.a.1|REQ-R09-4.A.1.b.1|REQ-R09-4.A.1.b.3|REQ-R09-4.A.2.a.2|REQ-R09-4.A.2.a.3|REQ-R09-4.A.2.a.4|REQ-R09-4.A.2.b.1|REQ-R09-4.A.2.b.2|REQ-R09-4.A.2.b.3|REQ-R09-4.A.2.b.6|REQ-R09-4.A.3.b.1|REQ-R09-4.A.3.b.6,REQ-R09-4.A.1.b.3|REQ-R09-4.A.2.a.2|REQ-R09-4.A.2.a.4|REQ-R09-4.A.3.b.1|REQ-R09-4.A.3.b.6,"Active Learning|Analyzing Data or Information|Complex Problem Solving|Computers and Electronics|Critical Thinking|Documenting/Recording Information|English Language|Estimating the Quantifiable Characteristics of Products, Events, or Information|Evaluating Information to Determine Compliance with Standards|Getting Information|Identifying Objects, Actions, and Events|Making Decisions and Solving Problems|Organizing, Planning, and Prioritizing Work|Processing Information|Reading Comprehension|Systems Analysis|Thinking Creatively|Updating and Using Relevant Knowledge|Working with Computers",19,5,Essential Skills|Knowledge|Transferable Skills|Work Activities,0.642314,0.179793,64.23,17.98,120,paid,245,,,ไม่มี,foundation,course_only|both,3,verified,2026-08-31,ผู้วิจัย (ตรวจด้วยการดึงหน้าเว็บ 31 ส.ค. 2026),,CORPUS-IS68076026-v1.5R-01OCT26,ONET31.0-IS68076026-v1.0,v0.9_core
CRS-R09-07,course,R09,นักวิเคราะห์ข้อมูลเชิงธุรกิจ,Data / BI Analyst,15-2051.01,analytics,exact,7,SQL for Data Science,University of California Davis,mooc_platform,Coursera,https://www.coursera.org/learn/sql-for-data-science,single_course,Beginner,1,self-paced online,English,เขียน SQL ดึงและรวมข้อมูลจากหลายตารางได้อย่างมั่นใจ ซึ่งเป็นทักษะบังคับอันดับหนึ่งของสาย BI,SQL|Joins|Aggregation|Subqueries|Data profiling,SQL|SQLite,no,REQ-R09-2.A.1.a|REQ-R09-2.A.2.b|REQ-R09-2.C.3.a|REQ-R09-2.C.7.a|REQ-R09-4.A.1.a.1|REQ-R09-4.A.2.a.2|REQ-R09-4.A.2.a.4|REQ-R09-4.A.2.b.3|REQ-R09-4.A.3.b.1,REQ-R09-4.A.1.a.1|REQ-R09-4.A.2.a.2|REQ-R09-4.A.2.a.4,Active Learning|Analyzing Data or Information|Computers and Electronics|English Language|Getting Information|Processing Information|Reading Comprehension|Updating and Using Relevant Knowledge|Working with Computers,9,3,Essential Skills|Knowledge|Work Activities,0.332815,0.119775,33.28,11.98,25,paid,49,,,ไม่มี,foundation,course_only|both,3,verified,2026-08-31,ผู้วิจัย (ตรวจด้วยการดึงหน้าเว็บ 31 ส.ค. 2026),,CORPUS-IS68076026-v1.5R-01OCT26,ONET31.0-IS68076026-v1.0,v0.9_core
CRS-R09-08,course,R09,นักวิเคราะห์ข้อมูลเชิงธุรกิจ,Data / BI Analyst,15-2051.01,analytics,exact,8,Business Analytics Specialization,University of Pennsylvania (Wharton),mooc_platform,Coursera,https://www.coursera.org/specializations/business-analytics,specialization,Intermediate,2,self-paced online,English,เชื่อมการวิเคราะห์ข้อมูลกับการตัดสินใจทางธุรกิจในมิติการตลาด บุคลากร การเงิน และการดำเนินงาน,Business analytics|Marketing analytics|People analytics|Financial analysis|Decision modeling,Excel|Statistical tools,no,REQ-R09-2.A.1.a|REQ-R09-2.A.1.e|REQ-R09-2.A.2.a|REQ-R09-2.A.2.b|REQ-R09-2.B.2.i|REQ-R09-2.B.4.e|REQ-R09-2.B.4.g|REQ-R09-2.C.1.a|REQ-R09-2.C.3.a|REQ-R09-2.C.7.a|REQ-R09-4.A.1.a.1|REQ-R09-4.A.1.b.1|REQ-R09-4.A.2.a.2|REQ-R09-4.A.2.a.4|REQ-R09-4.A.2.b.1|REQ-R09-4.A.2.b.2|REQ-R09-4.A.2.b.3|REQ-R09-4.A.2.b.6|REQ-R09-4.A.3.b.1|REQ-R09-4.A.4.a.1,REQ-R09-2.B.4.e|REQ-R09-2.C.1.a|REQ-R09-4.A.2.a.4|REQ-R09-4.A.4.a.1,"Active Learning|Administration and Management|Analyzing Data or Information|Complex Problem Solving|Computers and Electronics|Critical Thinking|English Language|Getting Information|Identifying Objects, Actions, and Events|Interpreting the Meaning of Information for Others|Judgment and Decision Making|Making Decisions and Solving Problems|Mathematics|Organizing, Planning, and Prioritizing Work|Processing Information|Reading Comprehension|Systems Analysis|Thinking Creatively|Updating and Using Relevant Knowledge|Working with Computers",20,4,Essential Skills|Knowledge|Transferable Skills|Work Activities,0.683766,0.138515,68.38,13.85,100,paid,245,,,พื้นฐานสถิติ,advanced_or_cert_prep,course_only|both,3,verified,2026-08-31,ผู้วิจัย (ตรวจด้วยการดึงหน้าเว็บ 31 ส.ค. 2026),,CORPUS-IS68076026-v1.5R-01OCT26,ONET31.0-IS68076026-v1.0,v0.9_core
CRS-R09-09,course,R09,นักวิเคราะห์ข้อมูลเชิงธุรกิจ,Data / BI Analyst,15-2051.01,analytics,exact,9,"Kaggle Learn — Intro to SQL, Advanced SQL and Data Visualization",Kaggle (Google),vendor_or_body,Kaggle Learn,https://www.kaggle.com/learn,single_course,Beginner,1,self-paced online,English,ฝึก SQL และการสร้างกราฟฟรีบนชุดข้อมูลจริงขนาดใหญ่ผ่าน BigQuery เหมาะกับผู้ที่มีข้อจำกัดด้านงบประมาณ,SQL|BigQuery|Joins and unions|Analytic functions|Data visualization|Chart selection,BigQuery|Python|Seaborn,yes,REQ-R09-2.A.1.a|REQ-R09-2.A.2.a|REQ-R09-2.A.2.b|REQ-R09-2.B.2.i|REQ-R09-2.C.1.a|REQ-R09-2.C.3.a|REQ-R09-2.C.7.a|REQ-R09-4.A.1.a.1|REQ-R09-4.A.1.b.1|REQ-R09-4.A.1.b.3|REQ-R09-4.A.2.a.2|REQ-R09-4.A.2.a.4|REQ-R09-4.A.2.b.1|REQ-R09-4.A.2.b.3|REQ-R09-4.A.3.b.1|REQ-R09-4.A.4.a.1,REQ-R09-4.A.2.a.2|REQ-R09-4.A.2.a.4|REQ-R09-4.A.4.a.1,"Active Learning|Administration and Management|Analyzing Data or Information|Complex Problem Solving|Computers and Electronics|Critical Thinking|English Language|Estimating the Quantifiable Characteristics of Products, Events, or Information|Getting Information|Identifying Objects, Actions, and Events|Interpreting the Meaning of Information for Others|Making Decisions and Solving Problems|Processing Information|Reading Comprehension|Updating and Using Relevant Knowledge|Working with Computers",16,3,Essential Skills|Knowledge|Transferable Skills|Work Activities,0.556908,0.120207,55.69,12.02,30,free,0,,,ไม่มี,foundation,course_only|both,2,verified,2026-08-31,ผู้วิจัย (ตรวจด้วยการดึงหน้าเว็บ 31 ส.ค. 2026),,CORPUS-IS68076026-v1.5R-01OCT26,ONET31.0-IS68076026-v1.0,v0.9_core
CRS-R09-10,course,R09,นักวิเคราะห์ข้อมูลเชิงธุรกิจ,Data / BI Analyst,15-2051.01,analytics,exact,10,Google Business Intelligence Professional Certificate,Google,mooc_platform,Coursera,https://www.coursera.org/professional-certificates/google-business-intelligence,professional_certificate,Intermediate,2,self-paced online,English,"เจาะจงงาน BI โดยตรง ทั้งการออกแบบ data model, การสร้าง pipeline สำหรับรายงาน และการทำแดชบอร์ด",BI modeling|ETL for BI|Dashboard design|Stakeholder requirements|BigQuery,BigQuery|Tableau|SQL|Looker Studio,yes,REQ-R09-2.A.1.a|REQ-R09-2.A.1.b|REQ-R09-2.A.1.c|REQ-R09-2.A.1.d|REQ-R09-2.A.2.a|REQ-R09-2.A.2.b|REQ-R09-2.B.2.i|REQ-R09-2.B.4.g|REQ-R09-2.C.3.a|REQ-R09-2.C.7.a|REQ-R09-4.A.1.a.1|REQ-R09-4.A.1.b.1|REQ-R09-4.A.2.a.2|REQ-R09-4.A.2.a.4|REQ-R09-4.A.2.b.1|REQ-R09-4.A.2.b.2|REQ-R09-4.A.2.b.3|REQ-R09-4.A.3.b.1|REQ-R09-4.A.3.b.6|REQ-R09-4.A.4.a.1|REQ-R09-4.A.4.a.2|REQ-R09-4.A.4.a.4|REQ-R09-4.A.4.b.6,REQ-R09-2.A.1.b|REQ-R09-2.B.4.g|REQ-R09-4.A.2.a.4|REQ-R09-4.A.4.a.1,"Active Learning|Active Listening|Analyzing Data or Information|Communicating with Supervisors, Peers, or Subordinates|Complex Problem Solving|Computers and Electronics|Critical Thinking|Documenting/Recording Information|English Language|Establishing and Maintaining Interpersonal Relationships|Getting Information|Identifying Objects, Actions, and Events|Interpreting the Meaning of Information for Others|Making Decisions and Solving Problems|Processing Information|Providing Consultation and Advice to Others|Reading Comprehension|Speaking|Systems Analysis|Thinking Creatively|Updating and Using Relevant Knowledge|Working with Computers|Writing",23,4,Essential Skills|Knowledge|Transferable Skills|Work Activities,0.788082,0.140587,78.81,14.06,90,paid,245,,,Google Data Analytics หรือเทียบเท่า,advanced_or_cert_prep,course_only|both,3,verified,2026-08-31,ผู้วิจัย (ตรวจด้วยการดึงหน้าเว็บ 31 ส.ค. 2026),,CORPUS-IS68076026-v1.5R-01OCT26,ONET31.0-IS68076026-v1.0,v0.9_core
CRS-R09-11,course,R09,นักวิเคราะห์ข้อมูลเชิงธุรกิจ,Data / BI Analyst,15-2051.01,analytics,exact,11,Introduction to Statistics,Stanford University,mooc_platform,Coursera,https://www.coursera.org/learn/stanford-statistics,single_course,Beginner,1,self-paced online,English,เข้าใจสถิติเชิงพรรณนาและเชิงอนุมาน การทดสอบสมมติฐาน การถดถอย และการตีความผลเชิงตัวเลข,Descriptive statistics|Hypothesis testing|Regression|Statistical reasoning,R,no,REQ-R09-2.C.4.a,REQ-R09-2.C.4.a,Mathematics,1,1,Knowledge,0.032988,0.032988,3.30,3.30,15,low-cost,49,,,,core_gap_closure,course_only|both,2,verified,2026-08-31,ผู้วิจัย (ตรวจด้วยการดึงหน้าเว็บ 31 ส.ค. 2026),ปิดช่องว่างด้านคณิตศาสตร์และสถิติตาม DEC-09 · ยืนยันการมีอยู่ของแหล่งข้อมูลด้วยการค้นเว็บเมื่อ 2026-08-31,CORPUS-IS68076026-v1.5R-01OCT26,ONET31.0-IS68076026-v1.0,v1.0_gap_closure
CRS-R09-12,course,R09,นักวิเคราะห์ข้อมูลเชิงธุรกิจ,Data / BI Analyst,15-2051.01,analytics,exact,12,Improving Communication Skills,University of Pennsylvania (Wharton),mooc_platform,Coursera,https://www.coursera.org/learn/wharton-communication-skills,single_course,Beginner,1,self-paced online,English,สื่อสารเชิงวิชาชีพอย่างมีประสิทธิผล ฟังอย่างตั้งใจ ตีความสารของผู้อื่น สร้างความไว้วางใจ และสื่อสารกับผู้มีส่วนได้เสียทั้งในและนอกองค์กร,Active listening|Professional communication|Stakeholder communication|Building trust|Persuasion,,no,REQ-R09-2.A.1.b|REQ-R09-2.A.1.d|REQ-R09-4.A.4.a.1|REQ-R09-4.A.4.a.2|REQ-R09-4.A.4.a.4|REQ-R09-4.A.4.b.6,REQ-R09-2.A.1.b|REQ-R09-2.A.1.d|REQ-R09-4.A.4.a.1|REQ-R09-4.A.4.a.2|REQ-R09-4.A.4.a.4|REQ-R09-4.A.4.b.6,"Active Listening|Communicating with Supervisors, Peers, or Subordinates|Establishing and Maintaining Interpersonal Relationships|Interpreting the Meaning of Information for Others|Providing Consultation and Advice to Others|Speaking",6,6,Essential Skills|Work Activities,0.203713,0.203713,20.37,20.37,10,low-cost,49,,,,core_gap_closure,course_only|both,2,verified,2026-08-31,ผู้วิจัย (ตรวจด้วยการดึงหน้าเว็บ 31 ส.ค. 2026),DEC-16 ขยายข้ามบทบาทจาก CRS-R07-11 · คงชื่อ ผู้ให้บริการ URL ชั่วโมง และค่าใช้จ่ายเดิมทุกค่า · ต้องทบทวน mapping ก่อน FREEZE,CORPUS-IS68076026-v1.5R-01OCT26,ONET31.0-IS68076026-v1.0,v1.3_crossrole
CRS-R09-13,course,R09,นักวิเคราะห์ข้อมูลเชิงธุรกิจ,Data / BI Analyst,15-2051.01,analytics,exact,13,Agile with Atlassian Jira,Atlassian,mooc_platform,Coursera,https://www.coursera.org/learn/agile-atlassian-jira,single_course,Beginner,1,self-paced online,English,บริหารข้อบกพร่องและงานทดสอบด้วย Jira ตามกระบวนการ Agile ซึ่งเป็นเครื่องมือหลักของทีม QA,Jira|Agile workflow|Defect tracking|Backlog management|Reporting,Jira|Confluence,no,REQ-R09-4.A.2.b.6|REQ-R09-4.A.3.b.6|REQ-R09-4.A.4.a.2|REQ-R09-4.A.4.a.4,REQ-R09-4.A.2.b.6|REQ-R09-4.A.3.b.6|REQ-R09-4.A.4.a.2|REQ-R09-4.A.4.a.4,"Communicating with Supervisors, Peers, or Subordinates|Documenting/Recording Information|Establishing and Maintaining Interpersonal Relationships|Organizing, Planning, and Prioritizing Work",4,4,Work Activities,0.132298,0.132298,13.23,13.23,15,paid,49,,,ไม่มี,foundation,course_only|both,3,verified,2026-08-31,ผู้วิจัย (ตรวจด้วยการดึงหน้าเว็บ 31 ส.ค. 2026),DEC-16 ขยายข้ามบทบาทจาก CRS-R04-10 · คงชื่อ ผู้ให้บริการ URL ชั่วโมง และค่าใช้จ่ายเดิมทุกค่า · ต้องทบทวน mapping ก่อน FREEZE,CORPUS-IS68076026-v1.5R-01OCT26,ONET31.0-IS68076026-v1.0,v1.3_crossrole
CRS-R09-14,course,R09,นักวิเคราะห์ข้อมูลเชิงธุรกิจ,Data / BI Analyst,15-2051.01,analytics,exact,14,Google Technical Writing Courses (One and Two),Google,vendor_or_body,Google for Developers,https://developers.google.com/tech-writing,single_course,Beginner,1,self-paced online,English,เขียนเอกสารทางเทคนิคที่ถูกต้องและอ่านเข้าใจง่าย จัดโครงสร้างเอกสาร บันทึกขั้นตอนการทำงาน และทบทวนงานเขียนของผู้อื่น,Technical writing|Documentation structure|Editing|Recording procedures,,no,REQ-R09-2.A.1.c|REQ-R09-4.A.3.b.6,REQ-R09-2.A.1.c|REQ-R09-4.A.3.b.6,Documenting/Recording Information|Writing,2,2,Essential Skills|Work Activities,0.062608,0.062608,6.26,6.26,16,free,0,,,,core_gap_closure,course_only|both,2,verified,2026-08-31,ผู้วิจัย (ตรวจด้วยการดึงหน้าเว็บ 31 ส.ค. 2026),DEC-16 ขยายข้ามบทบาทจาก CRS-R06-12 · คงชื่อ ผู้ให้บริการ URL ชั่วโมง และค่าใช้จ่ายเดิมทุกค่า · ต้องทบทวน mapping ก่อน FREEZE,CORPUS-IS68076026-v1.5R-01OCT26,ONET31.0-IS68076026-v1.0,v1.3_crossrole
CRT-R10-01,certification,R10,ผู้ดูแลฐานข้อมูล,Database Administrator,15-1242.00,data,exact,1,Microsoft Certified: Azure Database Administrator Associate,Microsoft,vendor_or_body,Microsoft Learn,https://learn.microsoft.com/en-us/credentials/certifications/azure-database-administrator-associate/,vendor_cert,Intermediate,2,proctored exam,English,ใบรับรอง DBA บนคลาวด์ที่ตรงกับทิศทางการย้ายระบบฐานข้อมูลขององค์กรไทยในปัจจุบัน,Azure SQL administration|Backup and restore|High availability|Monitoring|Automation,Azure SQL|T-SQL|PowerShell,no,REQ-R10-2.A.1.a|REQ-R10-2.A.2.a|REQ-R10-2.A.2.b|REQ-R10-2.B.2.i|REQ-R10-2.C.3.a|REQ-R10-2.C.7.a|REQ-R10-4.A.1.a.1|REQ-R10-4.A.1.a.2|REQ-R10-4.A.1.b.1|REQ-R10-4.A.2.a.2|REQ-R10-4.A.2.a.3|REQ-R10-4.A.2.a.4|REQ-R10-4.A.2.b.1|REQ-R10-4.A.2.b.3|REQ-R10-4.A.2.b.6|REQ-R10-4.A.3.b.1,REQ-R10-2.C.3.a|REQ-R10-4.A.1.a.2|REQ-R10-4.A.2.a.3,"Active Learning|Analyzing Data or Information|Complex Problem Solving|Computers and Electronics|Critical Thinking|English Language|Evaluating Information to Determine Compliance with Standards|Getting Information|Identifying Objects, Actions, and Events|Making Decisions and Solving Problems|Monitoring Processes, Materials, or Surroundings|Organizing, Planning, and Prioritizing Work|Processing Information|Reading Comprehension|Updating and Using Relevant Knowledge|Working with Computers",16,3,Essential Skills|Knowledge|Transferable Skills|Work Activities,0.555517,0.104811,55.55,10.48,110,exam-fee-required,165,DP-300,1,ประสบการณ์ SQL Server 2 ปี,advanced_or_cert_prep,certification_only|both,3,verified,2026-08-31,ผู้วิจัย (ตรวจด้วยการดึงหน้าเว็บ 31 ส.ค. 2026),,CORPUS-IS68076026-v1.5R-01OCT26,ONET31.0-IS68076026-v1.0,v0.9_core
CRT-R10-02,certification,R10,ผู้ดูแลฐานข้อมูล,Database Administrator,15-1242.00,data,exact,2,Oracle Database Administration 2019 Certified Professional,Oracle,vendor_or_body,Oracle University,https://education.oracle.com/oracle-database-administration-2019-certified-professional/trackp_DBA19OCP,vendor_cert,Advanced,3,proctored exam,English,ใบรับรอง DBA ที่มีมูลค่าสูงที่สุดในตลาดองค์กรขนาดใหญ่ของไทย โดยเฉพาะภาคธนาคารและรัฐวิสาหกิจ,Oracle administration|Multitenant architecture|Backup and recovery|Performance tuning|Security,Oracle Database|RMAN|Enterprise Manager,no,REQ-R10-2.A.1.a|REQ-R10-2.A.2.a|REQ-R10-2.A.2.b|REQ-R10-2.B.2.i|REQ-R10-2.B.4.e|REQ-R10-2.C.3.a|REQ-R10-2.C.3.b|REQ-R10-2.C.7.a|REQ-R10-4.A.1.a.1|REQ-R10-4.A.1.a.2|REQ-R10-4.A.1.b.1|REQ-R10-4.A.2.a.2|REQ-R10-4.A.2.a.3|REQ-R10-4.A.2.a.4|REQ-R10-4.A.2.b.1|REQ-R10-4.A.2.b.2|REQ-R10-4.A.2.b.3|REQ-R10-4.A.2.b.6|REQ-R10-4.A.3.b.1,REQ-R10-2.B.4.e|REQ-R10-2.C.3.a|REQ-R10-4.A.1.a.2|REQ-R10-4.A.2.a.3,"Active Learning|Analyzing Data or Information|Complex Problem Solving|Computers and Electronics|Critical Thinking|Engineering and Technology|English Language|Evaluating Information to Determine Compliance with Standards|Getting Information|Identifying Objects, Actions, and Events|Judgment and Decision Making|Making Decisions and Solving Problems|Monitoring Processes, Materials, or Surroundings|Organizing, Planning, and Prioritizing Work|Processing Information|Reading Comprehension|Thinking Creatively|Updating and Using Relevant Knowledge|Working with Computers",19,4,Essential Skills|Knowledge|Transferable Skills|Work Activities,0.651828,0.137674,65.18,13.77,150,exam-fee-required,245,1Z0-083,ไม่หมดอายุ,1Z0-071 SQL,advanced_or_cert_prep,certification_only|both,3,pending_verification,,,[FETCH_ERROR] หมดเวลาอ่านหน้า ต้องตรวจซ้ำด้วยมือ,CORPUS-IS68076026-v1.5R-01OCT26,ONET31.0-IS68076026-v1.0,v0.9_core
CRT-R10-03,certification,R10,ผู้ดูแลฐานข้อมูล,Database Administrator,15-1242.00,data,exact,3,Oracle Database SQL Certified Associate,Oracle,vendor_or_body,Oracle University,https://education.oracle.com/oracle-database-sql/pexam_1Z0-071,vendor_cert,Intermediate,2,proctored exam,English,ใบรับรองพื้นฐานที่เป็นเงื่อนไขของเส้นทาง Oracle DBA และยืนยันทักษะ SQL ระดับมืออาชีพ,SQL|DDL and DML|Joins|Subqueries|Data dictionary,Oracle Database|SQL Developer,no,REQ-R10-2.A.1.a|REQ-R10-2.A.2.a|REQ-R10-2.A.2.b|REQ-R10-2.B.2.i|REQ-R10-2.B.3.e|REQ-R10-2.C.3.a|REQ-R10-2.C.7.a|REQ-R10-4.A.1.a.1|REQ-R10-4.A.1.b.1|REQ-R10-4.A.2.a.2|REQ-R10-4.A.2.a.4|REQ-R10-4.A.2.b.1|REQ-R10-4.A.2.b.3|REQ-R10-4.A.3.b.1,REQ-R10-2.B.3.e|REQ-R10-2.C.3.a|REQ-R10-4.A.2.a.2,"Active Learning|Analyzing Data or Information|Complex Problem Solving|Computers and Electronics|Critical Thinking|English Language|Getting Information|Identifying Objects, Actions, and Events|Making Decisions and Solving Problems|Processing Information|Programming|Reading Comprehension|Updating and Using Relevant Knowledge|Working with Computers",14,3,Essential Skills|Knowledge|Transferable Skills|Work Activities,0.490580,0.105951,49.06,10.60,80,exam-fee-required,245,1Z0-071,ไม่หมดอายุ,ไม่มี,core_gap_closure,certification_only|both,3,pending_verification,,,[FETCH_ERROR] ตอบ 403 ระบบกันบอท ต้องตรวจซ้ำด้วยมือ,CORPUS-IS68076026-v1.5R-01OCT26,ONET31.0-IS68076026-v1.0,v0.9_core
CRT-R10-04,certification,R10,ผู้ดูแลฐานข้อมูล,Database Administrator,15-1242.00,data,exact,4,MongoDB Associate Database Administrator,MongoDB,vendor_or_body,MongoDB University,https://learn.mongodb.com/pages/mongodb-associate-database-administrator-exam,vendor_cert,Intermediate,2,proctored exam,English,"ยืนยันความสามารถบริหารฐานข้อมูล NoSQL ทั้ง replication, sharding และการรักษาความปลอดภัย",MongoDB administration|Replication|Sharding|Backup|Security|Performance,MongoDB|Atlas|Compass,no,REQ-R10-2.A.1.a|REQ-R10-2.A.2.a|REQ-R10-2.A.2.b|REQ-R10-2.B.2.i|REQ-R10-2.C.3.a|REQ-R10-2.C.7.a|REQ-R10-4.A.1.a.1|REQ-R10-4.A.1.a.2|REQ-R10-4.A.1.b.1|REQ-R10-4.A.2.a.2|REQ-R10-4.A.2.a.3|REQ-R10-4.A.2.a.4|REQ-R10-4.A.2.b.1|REQ-R10-4.A.2.b.3|REQ-R10-4.A.3.b.1,REQ-R10-2.C.3.a|REQ-R10-4.A.1.a.2|REQ-R10-4.A.2.a.3,"Active Learning|Analyzing Data or Information|Complex Problem Solving|Computers and Electronics|Critical Thinking|English Language|Evaluating Information to Determine Compliance with Standards|Getting Information|Identifying Objects, Actions, and Events|Making Decisions and Solving Problems|Monitoring Processes, Materials, or Surroundings|Processing Information|Reading Comprehension|Updating and Using Relevant Knowledge|Working with Computers",15,3,Essential Skills|Knowledge|Transferable Skills|Work Activities,0.523793,0.104811,52.38,10.48,60,exam-fee-required,150,C100DBA,3,ประสบการณ์ MongoDB,advanced_or_cert_prep,certification_only|both,2,pending_verification,,,[UNCLEAR] ดึงได้แต่ยืนยันสถานะไม่ชัด ต้องตรวจด้วยตา,CORPUS-IS68076026-v1.5R-01OCT26,ONET31.0-IS68076026-v1.0,v0.9_core
CRT-R10-05,certification,R10,ผู้ดูแลฐานข้อมูล,Database Administrator,15-1242.00,data,exact,5,EDB Essentials for PostgreSQL Certification,EnterpriseDB,vendor_or_body,EDB,https://www.enterprisedb.com/training/certification-exams,vendor_cert,Intermediate,2,proctored exam,English,ใบรับรองสำหรับ PostgreSQL ซึ่งเป็นฐานข้อมูลโอเพนซอร์สที่ภาครัฐไทยส่งเสริมให้ใช้,PostgreSQL administration|Configuration|Backup and recovery|Replication|Monitoring,PostgreSQL|pgAdmin|psql,no,REQ-R10-2.A.1.a|REQ-R10-2.A.2.a|REQ-R10-2.A.2.b|REQ-R10-2.B.2.i|REQ-R10-2.C.3.a|REQ-R10-2.C.7.a|REQ-R10-4.A.1.a.1|REQ-R10-4.A.1.a.2|REQ-R10-4.A.1.b.1|REQ-R10-4.A.2.a.2|REQ-R10-4.A.2.a.4|REQ-R10-4.A.2.b.1|REQ-R10-4.A.2.b.3|REQ-R10-4.A.3.b.1,REQ-R10-2.C.3.a|REQ-R10-4.A.1.a.2,"Active Learning|Analyzing Data or Information|Complex Problem Solving|Computers and Electronics|Critical Thinking|English Language|Getting Information|Identifying Objects, Actions, and Events|Making Decisions and Solving Problems|Monitoring Processes, Materials, or Surroundings|Processing Information|Reading Comprehension|Updating and Using Relevant Knowledge|Working with Computers",14,2,Essential Skills|Knowledge|Transferable Skills|Work Activities,0.490930,0.071948,49.09,7.19,70,exam-fee-required,200,EDB Associate,2,พื้นฐาน PostgreSQL,advanced_or_cert_prep,certification_only|both,2,verified,2026-08-31,ผู้วิจัย (ตรวจด้วยการดึงหน้าเว็บ 31 ส.ค. 2026),[FIX 2026-08-31] EDB ปรับชื่อชุดใบรับรองใหม่ทั้งหมด ต้องยืนยันชื่อรุ่นที่จะใช้อีกครั้งก่อนตรึง,CORPUS-IS68076026-v1.5R-01OCT26,ONET31.0-IS68076026-v1.0,v0.9_core
CRT-R10-06,certification,R10,ผู้ดูแลฐานข้อมูล,Database Administrator,15-1242.00,data,exact,6,IBM Certified Database Administrator – Db2,IBM,vendor_or_body,IBM Training,https://www.ibm.com/training/certification,vendor_cert,Advanced,3,proctored exam,English,ใบรับรองสำหรับระบบ Db2 ที่ยังใช้ในระบบหลักของธนาคารและสถาบันการเงินขนาดใหญ่,Db2 administration|Security|Backup and recovery|Performance monitoring|High availability,IBM Db2|Data Studio,no,REQ-R10-2.A.1.a|REQ-R10-2.A.2.a|REQ-R10-2.A.2.b|REQ-R10-2.B.2.i|REQ-R10-2.C.3.a|REQ-R10-2.C.7.a|REQ-R10-4.A.1.a.1|REQ-R10-4.A.1.a.2|REQ-R10-4.A.1.b.1|REQ-R10-4.A.2.a.2|REQ-R10-4.A.2.a.3|REQ-R10-4.A.2.a.4|REQ-R10-4.A.2.b.1|REQ-R10-4.A.2.b.3|REQ-R10-4.A.3.b.1,REQ-R10-2.C.3.a|REQ-R10-4.A.1.a.2|REQ-R10-4.A.2.a.3,"Active Learning|Analyzing Data or Information|Complex Problem Solving|Computers and Electronics|Critical Thinking|English Language|Evaluating Information to Determine Compliance with Standards|Getting Information|Identifying Objects, Actions, and Events|Making Decisions and Solving Problems|Monitoring Processes, Materials, or Surroundings|Processing Information|Reading Comprehension|Updating and Using Relevant Knowledge|Working with Computers",15,3,Essential Skills|Knowledge|Transferable Skills|Work Activities,0.523793,0.104811,52.38,10.48,80,exam-fee-required,200,IBM Db2 DBA,ไม่หมดอายุ,ประสบการณ์ Db2,advanced_or_cert_prep,certification_only|both,2,verified,2026-08-31,ผู้วิจัย (ตรวจด้วยการดึงหน้าเว็บ 31 ส.ค. 2026),,CORPUS-IS68076026-v1.5R-01OCT26,ONET31.0-IS68076026-v1.0,v0.9_core
CRT-R10-07,certification,R10,ผู้ดูแลฐานข้อมูล,Database Administrator,15-1242.00,data,exact,7,SnowPro Core Certification,Snowflake,vendor_or_body,Snowflake Certification,https://www.snowflake.com/certifications/,vendor_cert,Intermediate,2,proctored exam,English,เส้นทางต่อยอดของ DBA สู่การบริหารคลังข้อมูลบนคลาวด์ยุคใหม่,Snowflake architecture|Access control|Data loading|Performance|Cost management,Snowflake|SQL,no,REQ-R10-2.A.1.a|REQ-R10-2.A.2.a|REQ-R10-2.A.2.b|REQ-R10-2.B.2.i|REQ-R10-2.C.3.a|REQ-R10-2.C.3.b|REQ-R10-2.C.7.a|REQ-R10-4.A.1.a.1|REQ-R10-4.A.1.b.1|REQ-R10-4.A.2.a.2|REQ-R10-4.A.2.a.3|REQ-R10-4.A.2.a.4|REQ-R10-4.A.2.b.1|REQ-R10-4.A.2.b.2|REQ-R10-4.A.2.b.3|REQ-R10-4.A.3.b.1,REQ-R10-2.C.3.a|REQ-R10-4.A.2.a.3,"Active Learning|Analyzing Data or Information|Complex Problem Solving|Computers and Electronics|Critical Thinking|Engineering and Technology|English Language|Evaluating Information to Determine Compliance with Standards|Getting Information|Identifying Objects, Actions, and Events|Making Decisions and Solving Problems|Processing Information|Reading Comprehension|Thinking Creatively|Updating and Using Relevant Knowledge|Working with Computers",16,2,Essential Skills|Knowledge|Transferable Skills|Work Activities,0.557270,0.074840,55.73,7.48,60,exam-fee-required,175,COF-C02,2,ประสบการณ์ฐานข้อมูล,advanced_or_cert_prep,certification_only|both,3,verified,2026-08-31,ผู้วิจัย (ตรวจด้วยการดึงหน้าเว็บ 31 ส.ค. 2026),,CORPUS-IS68076026-v1.5R-01OCT26,ONET31.0-IS68076026-v1.0,v0.9_core
CRT-R10-08,certification,R10,ผู้ดูแลฐานข้อมูล,Database Administrator,15-1242.00,data,exact,8,Google Cloud Professional Cloud Database Engineer,Google Cloud,vendor_or_body,Google Cloud Certification,https://cloud.google.com/learn/certification/cloud-database-engineer,vendor_cert,Advanced,3,proctored exam,English,ยืนยันความสามารถออกแบบและบริหารฐานข้อมูลบน Google Cloud รวมถึงการย้ายระบบจาก on-premises,Cloud SQL|Spanner|Database migration|High availability|Cost optimization,Cloud SQL|Cloud Spanner|Database Migration Service,no,REQ-R10-2.A.1.a|REQ-R10-2.A.2.a|REQ-R10-2.A.2.b|REQ-R10-2.B.2.i|REQ-R10-2.B.4.e|REQ-R10-2.C.3.a|REQ-R10-2.C.3.b|REQ-R10-2.C.4.a|REQ-R10-2.C.7.a|REQ-R10-4.A.1.a.1|REQ-R10-4.A.1.b.1|REQ-R10-4.A.2.a.2|REQ-R10-4.A.2.a.4|REQ-R10-4.A.2.b.1|REQ-R10-4.A.2.b.2|REQ-R10-4.A.2.b.3|REQ-R10-4.A.2.b.6|REQ-R10-4.A.3.b.1,REQ-R10-2.B.4.e|REQ-R10-2.C.3.a,"Active Learning|Analyzing Data or Information|Complex Problem Solving|Computers and Electronics|Critical Thinking|Engineering and Technology|English Language|Getting Information|Identifying Objects, Actions, and Events|Judgment and Decision Making|Making Decisions and Solving Problems|Mathematics|Organizing, Planning, and Prioritizing Work|Processing Information|Reading Comprehension|Thinking Creatively|Updating and Using Relevant Knowledge|Working with Computers",18,2,Essential Skills|Knowledge|Transferable Skills|Work Activities,0.620104,0.074840,62.01,7.48,120,exam-fee-required,200,PCDBE,2,ประสบการณ์ฐานข้อมูล 3 ปี,advanced_or_cert_prep,certification_only|both,3,verified,2026-08-31,ผู้วิจัย (ตรวจด้วยการดึงหน้าเว็บ 31 ส.ค. 2026),,CORPUS-IS68076026-v1.5R-01OCT26,ONET31.0-IS68076026-v1.0,v0.9_core
CRT-R10-09,certification,R10,ผู้ดูแลฐานข้อมูล,Database Administrator,15-1242.00,data,exact,9,CompTIA DataSys+,CompTIA,vendor_or_body,CompTIA,https://www.comptia.org/en-us/certifications/datasys/,vendor_neutral_cert,Intermediate,2,proctored exam,English,ใบรับรองที่เป็นกลางต่อผู้ผลิต ครอบคลุมการบริหารฐานข้อมูล ความปลอดภัย และการกู้คืนระบบ,Database deployment|Database security|Backup and recovery|Data governance|Scripting,SQL|Vendor-neutral tooling,no,REQ-R10-2.A.1.a|REQ-R10-2.A.2.a|REQ-R10-2.A.2.b|REQ-R10-2.B.2.i|REQ-R10-2.B.4.e|REQ-R10-2.C.3.a|REQ-R10-2.C.7.a|REQ-R10-4.A.1.a.1|REQ-R10-4.A.1.a.2|REQ-R10-4.A.1.b.1|REQ-R10-4.A.2.a.2|REQ-R10-4.A.2.a.3|REQ-R10-4.A.2.a.4|REQ-R10-4.A.2.b.1|REQ-R10-4.A.2.b.3|REQ-R10-4.A.3.b.1,REQ-R10-2.C.3.a|REQ-R10-4.A.1.a.2|REQ-R10-4.A.2.a.3,"Active Learning|Analyzing Data or Information|Complex Problem Solving|Computers and Electronics|Critical Thinking|English Language|Evaluating Information to Determine Compliance with Standards|Getting Information|Identifying Objects, Actions, and Events|Judgment and Decision Making|Making Decisions and Solving Problems|Monitoring Processes, Materials, or Surroundings|Processing Information|Reading Comprehension|Updating and Using Relevant Knowledge|Working with Computers",16,3,Essential Skills|Knowledge|Transferable Skills|Work Activities,0.556656,0.104811,55.67,10.48,90,exam-fee-required,399,DS0-001,3,ประสบการณ์ 2-3 ปี,advanced_or_cert_prep,certification_only|both,2,verified,2026-08-31,ผู้วิจัย (ตรวจด้วยการดึงหน้าเว็บ 31 ส.ค. 2026),,CORPUS-IS68076026-v1.5R-01OCT26,ONET31.0-IS68076026-v1.0,v0.9_core
CRT-R10-10,certification,R10,ผู้ดูแลฐานข้อมูล,Database Administrator,15-1242.00,data,exact,10,AWS Certified Solutions Architect – Associate,Amazon Web Services,vendor_or_body,AWS Certification,https://aws.amazon.com/certification/certified-solutions-architect-associate/,vendor_cert,Intermediate,2,proctored exam,English,ปิดช่องว่างด้านสถาปัตยกรรมคลาวด์ ซึ่ง DBA ต้องเข้าใจเมื่อต้องย้ายฐานข้อมูลขึ้นคลาวด์,AWS architecture|RDS|Aurora|Backup strategy|Networking basics,Amazon RDS|Aurora|DynamoDB|VPC,no,REQ-R10-2.A.1.a|REQ-R10-2.A.2.a|REQ-R10-2.A.2.b|REQ-R10-2.B.2.i|REQ-R10-2.B.4.e|REQ-R10-2.C.3.a|REQ-R10-2.C.3.b|REQ-R10-2.C.7.a|REQ-R10-2.C.9.a|REQ-R10-4.A.1.a.1|REQ-R10-4.A.1.b.1|REQ-R10-4.A.2.a.2|REQ-R10-4.A.2.a.4|REQ-R10-4.A.2.b.1|REQ-R10-4.A.2.b.2|REQ-R10-4.A.2.b.3|REQ-R10-4.A.2.b.6|REQ-R10-4.A.3.b.1,REQ-R10-2.B.4.e|REQ-R10-2.C.3.a|REQ-R10-2.C.9.a,"Active Learning|Analyzing Data or Information|Complex Problem Solving|Computers and Electronics|Critical Thinking|Engineering and Technology|English Language|Getting Information|Identifying Objects, Actions, and Events|Judgment and Decision Making|Making Decisions and Solving Problems|Organizing, Planning, and Prioritizing Work|Processing Information|Reading Comprehension|Telecommunications|Thinking Creatively|Updating and Using Relevant Knowledge|Working with Computers",18,3,Essential Skills|Knowledge|Transferable Skills|Work Activities,0.620017,0.105863,62.00,10.59,120,exam-fee-required,150,SAA-C03,3,ประสบการณ์ AWS,advanced_or_cert_prep,certification_only|both,3,verified,2026-08-31,ผู้วิจัย (ตรวจด้วยการดึงหน้าเว็บ 31 ส.ค. 2026),,CORPUS-IS68076026-v1.5R-01OCT26,ONET31.0-IS68076026-v1.0,v0.9_core
CRT-R10-11,certification,R10,ผู้ดูแลฐานข้อมูล,Database Administrator,15-1242.00,data,exact,11,ITIL 4 Foundation,PeopleCert (AXELOS),vendor_or_body,PeopleCert,https://www.peoplecert.org/browse-certifications/it-governance-and-service-management/ITIL-1/itil-4-foundation-2565,vendor_neutral_cert,Beginner,1,proctored exam,English,เข้าใจหลักการบริหารบริการไอที การรับเรื่องและตอบสนองผู้ใช้บริการ และการส่งมอบคุณค่าให้ผู้รับบริการ,IT service management|Service value system|ITIL practices|Continual improvement,ITIL framework|ServiceNow,no,REQ-R10-2.C.1.e,REQ-R10-2.C.1.e,Customer and Personal Service,1,1,Knowledge,0.034440,0.034440,3.44,3.44,30,exam-fee-required,450,ITIL 4 Foundation,3,ไม่มี,core_gap_closure,certification_only|both,3,verified,2026-08-31,ผู้วิจัย (ตรวจด้วยการดึงหน้าเว็บ 31 ส.ค. 2026),ปิดช่องว่างด้านการบริการผู้ใช้ตาม DEC-09 · ต้องยืนยันค่าสอบและอายุใบรับรอง ณ วันตรวจ · ยืนยันการมีอยู่ของแหล่งข้อมูลด้วยการค้นเว็บเมื่อ 2026-08-31,CORPUS-IS68076026-v1.5R-01OCT26,ONET31.0-IS68076026-v1.0,v1.0_gap_closure
CRS-R10-01,course,R10,ผู้ดูแลฐานข้อมูล,Database Administrator,15-1242.00,data,exact,1,Meta Database Engineer Professional Certificate,Meta,mooc_platform,Coursera,https://www.coursera.org/professional-certificates/meta-database-engineer,professional_certificate,Beginner,1,self-paced online,English,ครอบคลุมงานฐานข้อมูลตั้งแต่การออกแบบสคีมา การเขียน SQL ขั้นสูง จนถึงการปรับจูนประสิทธิภาพ,SQL|Database design|Normalization|Stored procedures|Query optimization|Python integration,MySQL|Python|Tableau,yes,REQ-R10-2.A.1.a|REQ-R10-2.A.2.a|REQ-R10-2.A.2.b|REQ-R10-2.B.2.i|REQ-R10-2.B.3.e|REQ-R10-2.C.3.a|REQ-R10-2.C.3.b|REQ-R10-2.C.4.a|REQ-R10-2.C.7.a|REQ-R10-4.A.1.a.1|REQ-R10-4.A.1.b.1|REQ-R10-4.A.2.a.2|REQ-R10-4.A.2.a.4|REQ-R10-4.A.2.b.1|REQ-R10-4.A.2.b.2|REQ-R10-4.A.2.b.3|REQ-R10-4.A.2.b.6|REQ-R10-4.A.3.b.1,REQ-R10-2.B.3.e|REQ-R10-2.C.3.a|REQ-R10-4.A.2.a.2|REQ-R10-4.A.2.a.4,"Active Learning|Analyzing Data or Information|Complex Problem Solving|Computers and Electronics|Critical Thinking|Engineering and Technology|English Language|Getting Information|Identifying Objects, Actions, and Events|Making Decisions and Solving Problems|Mathematics|Organizing, Planning, and Prioritizing Work|Processing Information|Programming|Reading Comprehension|Thinking Creatively|Updating and Using Relevant Knowledge|Working with Computers",18,4,Essential Skills|Knowledge|Transferable Skills|Work Activities,0.616862,0.141005,61.69,14.10,140,paid,245,,,ไม่มี,core_gap_closure,course_only|both,3,verified,2026-08-31,ผู้วิจัย (ตรวจด้วยการดึงหน้าเว็บ 31 ส.ค. 2026),,CORPUS-IS68076026-v1.5R-01OCT26,ONET31.0-IS68076026-v1.0,v0.9_core
CRS-R10-02,course,R10,ผู้ดูแลฐานข้อมูล,Database Administrator,15-1242.00,data,exact,2,Database Management Essentials,University of Colorado,mooc_platform,Coursera,https://www.coursera.org/learn/database-management,single_course,Beginner,1,self-paced online,English,เข้าใจแบบจำลองข้อมูลเชิงสัมพันธ์ การทำ normalization และหลักการออกแบบฐานข้อมูลอย่างเป็นระบบ,Relational model|ER modeling|Normalization|SQL|Database design process,SQL|MySQL,no,REQ-R10-2.A.1.a|REQ-R10-2.A.2.b|REQ-R10-2.C.3.a|REQ-R10-2.C.3.b|REQ-R10-2.C.7.a|REQ-R10-4.A.1.a.1|REQ-R10-4.A.2.a.2|REQ-R10-4.A.2.a.4|REQ-R10-4.A.2.b.2|REQ-R10-4.A.2.b.3|REQ-R10-4.A.3.b.1,REQ-R10-2.C.3.a|REQ-R10-2.C.3.b|REQ-R10-4.A.2.a.2,Active Learning|Analyzing Data or Information|Computers and Electronics|Engineering and Technology|English Language|Getting Information|Processing Information|Reading Comprehension|Thinking Creatively|Updating and Using Relevant Knowledge|Working with Computers,11,3,Essential Skills|Knowledge|Work Activities,0.383754,0.107090,38.38,10.71,30,paid,49,,,ไม่มี,foundation,course_only|both,3,verified,2026-08-31,ผู้วิจัย (ตรวจด้วยการดึงหน้าเว็บ 31 ส.ค. 2026),,CORPUS-IS68076026-v1.5R-01OCT26,ONET31.0-IS68076026-v1.0,v0.9_core
CRS-R10-03,course,R10,ผู้ดูแลฐานข้อมูล,Database Administrator,15-1242.00,data,exact,3,PostgreSQL for Everybody Specialization,University of Michigan,mooc_platform,Coursera,https://www.coursera.org/specializations/postgresql-for-everybody,specialization,Intermediate,2,self-paced online,English,ใช้ PostgreSQL ซึ่งเป็นฐานข้อมูลโอเพนซอร์สที่องค์กรไทยนำมาใช้แทนระบบเชิงพาณิชย์มากขึ้น,PostgreSQL|Advanced SQL|Indexing|Text search|JSON in databases|Python integration,PostgreSQL|Python|psql,yes,REQ-R10-2.A.1.a|REQ-R10-2.A.2.a|REQ-R10-2.A.2.b|REQ-R10-2.B.2.i|REQ-R10-2.B.3.e|REQ-R10-2.C.3.a|REQ-R10-2.C.7.a|REQ-R10-4.A.1.a.1|REQ-R10-4.A.1.b.1|REQ-R10-4.A.2.a.2|REQ-R10-4.A.2.a.4|REQ-R10-4.A.2.b.1|REQ-R10-4.A.2.b.3|REQ-R10-4.A.3.b.1,REQ-R10-2.B.3.e|REQ-R10-2.C.3.a|REQ-R10-4.A.2.a.2|REQ-R10-4.A.2.a.4,"Active Learning|Analyzing Data or Information|Complex Problem Solving|Computers and Electronics|Critical Thinking|English Language|Getting Information|Identifying Objects, Actions, and Events|Making Decisions and Solving Problems|Processing Information|Programming|Reading Comprehension|Updating and Using Relevant Knowledge|Working with Computers",14,4,Essential Skills|Knowledge|Transferable Skills|Work Activities,0.490580,0.141005,49.06,14.10,80,paid,245,,,พื้นฐาน SQL,core_gap_closure,course_only|both,3,verified,2026-08-31,ผู้วิจัย (ตรวจด้วยการดึงหน้าเว็บ 31 ส.ค. 2026),,CORPUS-IS68076026-v1.5R-01OCT26,ONET31.0-IS68076026-v1.0,v0.9_core
CRS-R10-04,course,R10,ผู้ดูแลฐานข้อมูล,Database Administrator,15-1242.00,data,exact,4,SQL for Data Science,University of California Davis,mooc_platform,Coursera,https://www.coursera.org/learn/sql-for-data-science,single_course,Beginner,1,self-paced online,English,ปูพื้นฐาน SQL ให้แน่นก่อนต่อยอดสู่การบริหารฐานข้อมูลระดับองค์กร,SQL|Joins|Aggregation|Subqueries,SQL|SQLite,no,REQ-R10-2.A.1.a|REQ-R10-2.A.2.b|REQ-R10-2.B.3.e|REQ-R10-2.C.3.a|REQ-R10-2.C.7.a|REQ-R10-4.A.1.a.1|REQ-R10-4.A.2.a.2|REQ-R10-4.A.2.a.4|REQ-R10-4.A.2.b.3|REQ-R10-4.A.3.b.1,REQ-R10-2.B.3.e|REQ-R10-4.A.2.a.2|REQ-R10-4.A.2.a.4,Active Learning|Analyzing Data or Information|Computers and Electronics|English Language|Getting Information|Processing Information|Programming|Reading Comprehension|Updating and Using Relevant Knowledge|Working with Computers,10,3,Essential Skills|Knowledge|Transferable Skills|Work Activities,0.349927,0.099028,34.99,9.90,25,paid,49,,,ไม่มี,foundation,course_only|both,3,verified,2026-08-31,ผู้วิจัย (ตรวจด้วยการดึงหน้าเว็บ 31 ส.ค. 2026),,CORPUS-IS68076026-v1.5R-01OCT26,ONET31.0-IS68076026-v1.0,v0.9_core
CRS-R10-05,course,R10,ผู้ดูแลฐานข้อมูล,Database Administrator,15-1242.00,data,exact,5,Azure Database Administrator Learning Path (DP-300),Microsoft,vendor_or_body,Microsoft Learn,https://learn.microsoft.com/en-us/training/browse/?products=azure-sql-database,specialization,Intermediate,2,self-paced online,English,เรียนฟรีจากผู้ผลิตโดยตรง ครอบคลุมการติดตั้ง สำรองข้อมูล ปรับจูน และรักษาความปลอดภัยฐานข้อมูลบน Azure,Azure SQL|Backup and restore|High availability|Performance tuning|Security configuration,Azure SQL Database|SQL Server|T-SQL,no,REQ-R10-2.A.1.a|REQ-R10-2.A.2.a|REQ-R10-2.A.2.b|REQ-R10-2.B.2.i|REQ-R10-2.C.3.a|REQ-R10-2.C.7.a|REQ-R10-4.A.1.a.1|REQ-R10-4.A.1.a.2|REQ-R10-4.A.1.b.1|REQ-R10-4.A.2.a.2|REQ-R10-4.A.2.a.3|REQ-R10-4.A.2.a.4|REQ-R10-4.A.2.b.1|REQ-R10-4.A.2.b.3|REQ-R10-4.A.3.b.1,REQ-R10-2.C.3.a|REQ-R10-4.A.1.a.2|REQ-R10-4.A.2.a.3,"Active Learning|Analyzing Data or Information|Complex Problem Solving|Computers and Electronics|Critical Thinking|English Language|Evaluating Information to Determine Compliance with Standards|Getting Information|Identifying Objects, Actions, and Events|Making Decisions and Solving Problems|Monitoring Processes, Materials, or Surroundings|Processing Information|Reading Comprehension|Updating and Using Relevant Knowledge|Working with Computers",15,3,Essential Skills|Knowledge|Transferable Skills|Work Activities,0.523793,0.104811,52.38,10.48,60,free,0,,,พื้นฐาน SQL Server,advanced_or_cert_prep,course_only|both,3,verified,2026-08-31,ผู้วิจัย (ตรวจด้วยการดึงหน้าเว็บ 31 ส.ค. 2026),,CORPUS-IS68076026-v1.5R-01OCT26,ONET31.0-IS68076026-v1.0,v0.9_core
CRS-R10-06,course,R10,ผู้ดูแลฐานข้อมูล,Database Administrator,15-1242.00,data,exact,6,Databases and SQL for Data Science with Python,IBM,mooc_platform,Coursera,https://www.coursera.org/learn/sql-data-science,single_course,Beginner,1,self-paced online,English,เชื่อมฐานข้อมูลเข้ากับงานวิเคราะห์ ใช้ Python เรียกและจัดการข้อมูลจากหลายระบบฐานข้อมูล,SQL|Python DB-API|Db2|Data access|Query writing,Python|IBM Db2|Jupyter,no,REQ-R10-2.A.1.a|REQ-R10-2.A.2.b|REQ-R10-2.B.3.e|REQ-R10-2.C.3.a|REQ-R10-2.C.7.a|REQ-R10-4.A.1.a.1|REQ-R10-4.A.2.a.2|REQ-R10-4.A.2.a.4|REQ-R10-4.A.2.b.3|REQ-R10-4.A.3.b.1|REQ-R10-4.A.3.b.6,REQ-R10-2.B.3.e|REQ-R10-2.C.3.a|REQ-R10-4.A.2.a.2|REQ-R10-4.A.3.b.1,Active Learning|Analyzing Data or Information|Computers and Electronics|Documenting/Recording Information|English Language|Getting Information|Processing Information|Programming|Reading Comprehension|Updating and Using Relevant Knowledge|Working with Computers,11,4,Essential Skills|Knowledge|Transferable Skills|Work Activities,0.381563,0.148279,38.16,14.83,25,paid,49,,,ไม่มี,foundation,course_only|both,2,verified,2026-08-31,ผู้วิจัย (ตรวจด้วยการดึงหน้าเว็บ 31 ส.ค. 2026),,CORPUS-IS68076026-v1.5R-01OCT26,ONET31.0-IS68076026-v1.0,v0.9_core
CRS-R10-07,course,R10,ผู้ดูแลฐานข้อมูล,Database Administrator,15-1242.00,data,exact,7,MongoDB Developer Learning Path,MongoDB,vendor_or_body,MongoDB University,https://learn.mongodb.com/,specialization,Intermediate,2,self-paced online,English,เรียนฐานข้อมูล NoSQL ที่ใช้แพร่หลาย ทั้งการออกแบบเอกสาร การทำดัชนี และการบริหารคลัสเตอร์,MongoDB|Document modeling|Indexing|Aggregation|Replication|Sharding,MongoDB|MongoDB Atlas|Compass,yes,REQ-R10-2.A.1.a|REQ-R10-2.A.2.a|REQ-R10-2.A.2.b|REQ-R10-2.B.2.i|REQ-R10-2.B.3.e|REQ-R10-2.C.3.a|REQ-R10-2.C.3.b|REQ-R10-2.C.7.a|REQ-R10-4.A.1.a.1|REQ-R10-4.A.1.b.1|REQ-R10-4.A.2.a.2|REQ-R10-4.A.2.a.4|REQ-R10-4.A.2.b.1|REQ-R10-4.A.2.b.2|REQ-R10-4.A.2.b.3|REQ-R10-4.A.3.b.1|REQ-R10-4.A.3.b.6,REQ-R10-2.B.3.e|REQ-R10-2.C.3.a|REQ-R10-4.A.2.a.2,"Active Learning|Analyzing Data or Information|Complex Problem Solving|Computers and Electronics|Critical Thinking|Documenting/Recording Information|Engineering and Technology|English Language|Getting Information|Identifying Objects, Actions, and Events|Making Decisions and Solving Problems|Processing Information|Programming|Reading Comprehension|Thinking Creatively|Updating and Using Relevant Knowledge|Working with Computers",17,3,Essential Skills|Knowledge|Transferable Skills|Work Activities,0.585664,0.105951,58.57,10.60,40,free,0,,,พื้นฐานฐานข้อมูล,core_gap_closure,course_only|both,3,verified,2026-08-31,ผู้วิจัย (ตรวจด้วยการดึงหน้าเว็บ 31 ส.ค. 2026),,CORPUS-IS68076026-v1.5R-01OCT26,ONET31.0-IS68076026-v1.0,v0.9_core
CRS-R10-08,course,R10,ผู้ดูแลฐานข้อมูล,Database Administrator,15-1242.00,data,exact,8,Data Warehousing for Business Intelligence Specialization,University of Colorado,mooc_platform,Coursera,https://www.coursera.org/specializations/data-warehousing,specialization,Intermediate,2,self-paced online,English,เข้าใจสถาปัตยกรรมคลังข้อมูล ซึ่งเป็นเส้นทางต่อยอดของ DBA สู่งานสถาปัตยกรรมข้อมูล,Dimensional modeling|ETL|Data warehouse design|OLAP|SQL,SQL|Oracle|Pentaho,yes,REQ-R10-2.A.1.a|REQ-R10-2.A.2.a|REQ-R10-2.A.2.b|REQ-R10-2.B.2.i|REQ-R10-2.C.3.a|REQ-R10-2.C.3.b|REQ-R10-2.C.7.a|REQ-R10-4.A.1.a.1|REQ-R10-4.A.1.b.1|REQ-R10-4.A.2.a.2|REQ-R10-4.A.2.a.4|REQ-R10-4.A.2.b.1|REQ-R10-4.A.2.b.2|REQ-R10-4.A.2.b.3|REQ-R10-4.A.2.b.6|REQ-R10-4.A.3.b.1,REQ-R10-4.A.2.a.2|REQ-R10-4.A.2.a.4,"Active Learning|Analyzing Data or Information|Complex Problem Solving|Computers and Electronics|Critical Thinking|Engineering and Technology|English Language|Getting Information|Identifying Objects, Actions, and Events|Making Decisions and Solving Problems|Organizing, Planning, and Prioritizing Work|Processing Information|Reading Comprehension|Thinking Creatively|Updating and Using Relevant Knowledge|Working with Computers",16,2,Essential Skills|Knowledge|Transferable Skills|Work Activities,0.556131,0.069407,55.61,6.94,120,paid,245,,,พื้นฐาน SQL,advanced_or_cert_prep,course_only|both,3,verified,2026-08-31,ผู้วิจัย (ตรวจด้วยการดึงหน้าเว็บ 31 ส.ค. 2026),,CORPUS-IS68076026-v1.5R-01OCT26,ONET31.0-IS68076026-v1.0,v0.9_core
CRS-R10-09,course,R10,ผู้ดูแลฐานข้อมูล,Database Administrator,15-1242.00,data,exact,9,Oracle Database Administration Workshop (23ai),Oracle,vendor_or_body,Oracle University,https://www.oracle.com/education/,single_course,Advanced,3,self-paced online,English,หลักสูตรทางการของ Oracle สำหรับ DBA ครอบคลุมสถาปัตยกรรม การสำรองข้อมูล และการกู้คืนระบบ,Oracle architecture|Backup and recovery|User management|Performance tuning|RMAN,Oracle Database 23ai|RMAN|SQL*Plus,no,REQ-R10-2.A.1.a|REQ-R10-2.A.2.a|REQ-R10-2.A.2.b|REQ-R10-2.B.2.i|REQ-R10-2.C.3.a|REQ-R10-2.C.3.b|REQ-R10-2.C.7.a|REQ-R10-4.A.1.a.1|REQ-R10-4.A.1.a.2|REQ-R10-4.A.1.b.1|REQ-R10-4.A.2.a.2|REQ-R10-4.A.2.a.3|REQ-R10-4.A.2.a.4|REQ-R10-4.A.2.b.1|REQ-R10-4.A.2.b.2|REQ-R10-4.A.2.b.3|REQ-R10-4.A.3.b.1,REQ-R10-2.C.3.a|REQ-R10-4.A.1.a.2|REQ-R10-4.A.2.a.3,"Active Learning|Analyzing Data or Information|Complex Problem Solving|Computers and Electronics|Critical Thinking|Engineering and Technology|English Language|Evaluating Information to Determine Compliance with Standards|Getting Information|Identifying Objects, Actions, and Events|Making Decisions and Solving Problems|Monitoring Processes, Materials, or Surroundings|Processing Information|Reading Comprehension|Thinking Creatively|Updating and Using Relevant Knowledge|Working with Computers",17,3,Essential Skills|Knowledge|Transferable Skills|Work Activities,0.587241,0.104811,58.72,10.48,60,paid,3500,,,พื้นฐาน SQL,advanced_or_cert_prep,course_only|both,3,verified,2026-08-31,ผู้วิจัย (ตรวจด้วยการดึงหน้าเว็บ 31 ส.ค. 2026),แก้ URL ตามการเปลี่ยนเส้นทางที่ยืนยันแล้วเมื่อ 2026-08-31,CORPUS-IS68076026-v1.5R-01OCT26,ONET31.0-IS68076026-v1.0,v0.9_core
CRS-R10-10,course,R10,ผู้ดูแลฐานข้อมูล,Database Administrator,15-1242.00,data,exact,10,Introduction to Linux (LFS101),The Linux Foundation,mooc_platform,edX,https://www.edx.org/course/introduction-to-linux,single_course,Beginner,1,self-paced online,English,DBA ส่วนใหญ่ทำงานบน Linux หลักสูตรนี้ปิดช่องว่างด้านระบบปฏิบัติการที่พบบ่อยในผู้เริ่มต้น,Linux command line|File systems|Process management|Shell scripting|System administration,Linux|Bash,no,REQ-R10-2.A.1.a|REQ-R10-2.A.2.b|REQ-R10-2.C.3.a|REQ-R10-2.C.7.a|REQ-R10-4.A.1.a.1|REQ-R10-4.A.1.a.2|REQ-R10-4.A.2.b.3|REQ-R10-4.A.3.b.1,REQ-R10-2.C.3.a|REQ-R10-4.A.1.a.2|REQ-R10-4.A.3.b.1,"Active Learning|Computers and Electronics|English Language|Getting Information|Monitoring Processes, Materials, or Surroundings|Reading Comprehension|Updating and Using Relevant Knowledge|Working with Computers",8,3,Essential Skills|Knowledge|Work Activities,0.280870,0.114276,28.09,11.43,60,free,0,,,ไม่มี,foundation,course_only|both,3,verified,2026-08-31,ผู้วิจัย (ตรวจด้วยการดึงหน้าเว็บ 31 ส.ค. 2026),,CORPUS-IS68076026-v1.5R-01OCT26,ONET31.0-IS68076026-v1.0,v0.9_core
CRS-R10-11,course,R10,ผู้ดูแลฐานข้อมูล,Database Administrator,15-1242.00,data,exact,11,Improving Communication Skills,University of Pennsylvania (Wharton),mooc_platform,Coursera,https://www.coursera.org/learn/wharton-communication-skills,single_course,Beginner,1,self-paced online,English,สื่อสารเชิงวิชาชีพอย่างมีประสิทธิผล ฟังอย่างตั้งใจ ตีความสารของผู้อื่น สร้างความไว้วางใจ และสื่อสารกับผู้มีส่วนได้เสียทั้งในและนอกองค์กร,Active listening|Professional communication|Stakeholder communication|Building trust|Persuasion,,no,REQ-R10-2.A.1.b|REQ-R10-2.A.1.d|REQ-R10-4.A.4.a.1|REQ-R10-4.A.4.a.2|REQ-R10-4.A.4.a.4,REQ-R10-2.A.1.b|REQ-R10-2.A.1.d|REQ-R10-4.A.4.a.1|REQ-R10-4.A.4.a.2|REQ-R10-4.A.4.a.4,"Active Listening|Communicating with Supervisors, Peers, or Subordinates|Establishing and Maintaining Interpersonal Relationships|Interpreting the Meaning of Information for Others|Speaking",5,5,Essential Skills|Work Activities,0.160372,0.160372,16.04,16.04,10,low-cost,49,,,,core_gap_closure,course_only|both,2,verified,2026-08-31,ผู้วิจัย (ตรวจด้วยการดึงหน้าเว็บ 31 ส.ค. 2026),ปิดช่องว่างกลุ่มการสื่อสารตาม DEC-09 · ยืนยันการมีอยู่ของแหล่งข้อมูลด้วยการค้นเว็บเมื่อ 2026-08-31,CORPUS-IS68076026-v1.5R-01OCT26,ONET31.0-IS68076026-v1.0,v1.0_gap_closure
CRS-R10-12,course,R10,ผู้ดูแลฐานข้อมูล,Database Administrator,15-1242.00,data,exact,12,Successful Negotiation: Essential Strategies and Skills,University of Michigan,mooc_platform,Coursera,https://www.coursera.org/learn/negotiation-skills,single_course,Beginner,1,self-paced online,English,เตรียมการเจรจาอย่างเป็นระบบ จัดการความขัดแย้งระหว่างผู้มีส่วนได้เสีย และหาข้อตกลงที่ทุกฝ่ายรับได้,Negotiation|Conflict resolution|Stakeholder management,,no,REQ-R10-4.A.4.a.7,REQ-R10-4.A.4.a.7,Resolving Conflicts and Negotiating with Others,1,1,Work Activities,0.029971,0.029971,3.00,3.00,17,low-cost,49,,,,core_gap_closure,course_only|both,2,verified,2026-08-31,ผู้วิจัย (ตรวจด้วยการดึงหน้าเว็บ 31 ส.ค. 2026),ปิดช่องว่างการจัดการความขัดแย้งตาม DEC-09 · ยืนยันการมีอยู่ของแหล่งข้อมูลด้วยการค้นเว็บเมื่อ 2026-08-31,CORPUS-IS68076026-v1.5R-01OCT26,ONET31.0-IS68076026-v1.0,v1.0_gap_closure
CRS-R10-13,course,R10,ผู้ดูแลฐานข้อมูล,Database Administrator,15-1242.00,data,exact,13,Data Visualization with Tableau Specialization,University of California Davis,mooc_platform,Coursera,https://www.coursera.org/specializations/data-visualization,specialization,Beginner,1,self-paced online,English,แปลงผลวิเคราะห์เป็นภาพที่ผู้บริหารเข้าใจได้ ซึ่งเป็นช่องว่างที่พบบ่อยที่สุดของนักวิทยาศาสตร์ข้อมูล,Data visualization|Dashboard design|Visual analytics|Data storytelling|Tableau,Tableau,yes,REQ-R10-4.A.2.a.4|REQ-R10-4.A.2.b.2|REQ-R10-4.A.3.b.6|REQ-R10-4.A.4.a.1|REQ-R10-4.A.4.a.2,REQ-R10-4.A.2.a.4|REQ-R10-4.A.2.b.2|REQ-R10-4.A.3.b.6|REQ-R10-4.A.4.a.1|REQ-R10-4.A.4.a.2,"Analyzing Data or Information|Communicating with Supervisors, Peers, or Subordinates|Documenting/Recording Information|Interpreting the Meaning of Information for Others|Thinking Creatively",5,5,Work Activities,0.163439,0.163439,16.34,16.34,80,paid,245,,,ไม่มี,core_gap_closure,course_only|both,3,verified,2026-08-31,ผู้วิจัย (ตรวจด้วยการดึงหน้าเว็บ 31 ส.ค. 2026),DEC-16 ขยายข้ามบทบาทจาก CRS-R06-10 · คงชื่อ ผู้ให้บริการ URL ชั่วโมง และค่าใช้จ่ายเดิมทุกค่า · ต้องทบทวน mapping ก่อน FREEZE,CORPUS-IS68076026-v1.5R-01OCT26,ONET31.0-IS68076026-v1.0,v1.3_crossrole
CRS-R10-14,course,R10,ผู้ดูแลฐานข้อมูล,Database Administrator,15-1242.00,data,exact,14,Introduction to Statistics,Stanford University,mooc_platform,Coursera,https://www.coursera.org/learn/stanford-statistics,single_course,Beginner,1,self-paced online,English,เข้าใจสถิติเชิงพรรณนาและเชิงอนุมาน การทดสอบสมมติฐาน การถดถอย และการตีความผลเชิงตัวเลข,Descriptive statistics|Hypothesis testing|Regression|Statistical reasoning,R,no,REQ-R10-2.C.4.a,REQ-R10-2.C.4.a,Mathematics,1,1,Knowledge,0.031110,0.031110,3.11,3.11,15,low-cost,49,,,,core_gap_closure,course_only|both,2,verified,2026-08-31,ผู้วิจัย (ตรวจด้วยการดึงหน้าเว็บ 31 ส.ค. 2026),DEC-16 ขยายข้ามบทบาทจาก CRS-R09-11 · คงชื่อ ผู้ให้บริการ URL ชั่วโมง และค่าใช้จ่ายเดิมทุกค่า · ต้องทบทวน mapping ก่อน FREEZE,CORPUS-IS68076026-v1.5R-01OCT26,ONET31.0-IS68076026-v1.0,v1.3_crossrole
CRT-R11-01,certification,R11,นักวิเคราะห์ความมั่นคงปลอดภัย / SOC,Information Security / SOC Analyst,15-1212.00,security,exact,1,CompTIA Security+,CompTIA,vendor_or_body,CompTIA,https://www.comptia.org/en-us/certifications/security/,vendor_neutral_cert,Intermediate,2,proctored exam,English,ใบรับรองพื้นฐานที่ประกาศรับสมัครงานความมั่นคงปลอดภัยระบุถึงมากที่สุด และผ่านมาตรฐาน DoD 8140,Security concepts|Threats and vulnerabilities|Security architecture|Security operations|Governance,Vendor-neutral,no,REQ-R11-2.A.1.a|REQ-R11-2.A.2.a|REQ-R11-2.B.2.i|REQ-R11-2.B.4.e|REQ-R11-2.B.4.g|REQ-R11-2.C.3.a|REQ-R11-2.C.3.b|REQ-R11-2.C.7.a|REQ-R11-4.A.1.a.1|REQ-R11-4.A.1.b.1|REQ-R11-4.A.2.a.3|REQ-R11-4.A.2.b.1|REQ-R11-4.A.2.b.2|REQ-R11-4.A.2.b.3|REQ-R11-4.A.2.b.6|REQ-R11-4.A.3.b.1,REQ-R11-2.A.1.a|REQ-R11-2.A.2.a|REQ-R11-2.C.3.a|REQ-R11-2.C.3.b|REQ-R11-2.C.7.a|REQ-R11-4.A.1.b.1|REQ-R11-4.A.2.a.3,"Complex Problem Solving|Computers and Electronics|Critical Thinking|Engineering and Technology|English Language|Evaluating Information to Determine Compliance with Standards|Getting Information|Identifying Objects, Actions, and Events|Judgment and Decision Making|Making Decisions and Solving Problems|Organizing, Planning, and Prioritizing Work|Reading Comprehension|Systems Analysis|Thinking Creatively|Updating and Using Relevant Knowledge|Working with Computers",16,7,Essential Skills|Knowledge|Transferable Skills|Work Activities,0.548244,0.246524,54.82,24.65,100,exam-fee-required,439,SY0-701,3,แนะนำ Network+ หรือประสบการณ์ 2 ปี,core_gap_closure,certification_only|both,3,verified,2026-08-31,ผู้วิจัย (ตรวจด้วยการดึงหน้าเว็บ 31 ส.ค. 2026),,CORPUS-IS68076026-v1.5R-01OCT26,ONET31.0-IS68076026-v1.0,v0.9_core
CRT-R11-02,certification,R11,นักวิเคราะห์ความมั่นคงปลอดภัย / SOC,Information Security / SOC Analyst,15-1212.00,security,exact,2,CompTIA CySA+,CompTIA,vendor_or_body,CompTIA,https://www.comptia.org/en-us/certifications/cybersecurity-analyst/,vendor_neutral_cert,Advanced,3,proctored exam,English,ใบรับรองสำหรับนักวิเคราะห์ SOC โดยตรง เน้นการตรวจจับ วิเคราะห์ และตอบสนองภัยคุกคาม (เวอร์ชันปัจจุบัน CS0-004),Threat detection|Vulnerability management|Incident response|Security monitoring|Reporting,SIEM|Vulnerability scanners,no,REQ-R11-2.A.1.a|REQ-R11-2.A.1.c|REQ-R11-2.A.2.a|REQ-R11-2.A.2.d|REQ-R11-2.B.2.i|REQ-R11-2.B.4.g|REQ-R11-2.C.1.a|REQ-R11-2.C.3.a|REQ-R11-2.C.7.a|REQ-R11-4.A.1.a.1|REQ-R11-4.A.1.a.2|REQ-R11-4.A.1.b.1|REQ-R11-4.A.2.a.2|REQ-R11-4.A.2.a.3|REQ-R11-4.A.2.a.4|REQ-R11-4.A.2.b.1|REQ-R11-4.A.2.b.3|REQ-R11-4.A.2.b.6|REQ-R11-4.A.3.b.1|REQ-R11-4.A.3.b.6,REQ-R11-2.A.2.d|REQ-R11-4.A.1.a.2|REQ-R11-4.A.1.b.1|REQ-R11-4.A.2.a.3|REQ-R11-4.A.2.a.4|REQ-R11-4.A.3.b.6,"Administration and Management|Analyzing Data or Information|Complex Problem Solving|Computers and Electronics|Critical Thinking|Documenting/Recording Information|English Language|Evaluating Information to Determine Compliance with Standards|Getting Information|Identifying Objects, Actions, and Events|Making Decisions and Solving Problems|Monitoring|Monitoring Processes, Materials, or Surroundings|Organizing, Planning, and Prioritizing Work|Processing Information|Reading Comprehension|Systems Analysis|Updating and Using Relevant Knowledge|Working with Computers|Writing",20,6,Essential Skills|Knowledge|Transferable Skills|Work Activities,0.687311,0.205752,68.73,20.58,120,exam-fee-required,439,CS0-004,3,Security+ หรือประสบการณ์ 4 ปี,advanced_or_cert_prep,certification_only|both,3,verified,2026-08-31,ผู้วิจัย (ตรวจด้วยการดึงหน้าเว็บ 31 ส.ค. 2026),,CORPUS-IS68076026-v1.5R-01OCT26,ONET31.0-IS68076026-v1.0,v0.9_core
CRT-R11-03,certification,R11,นักวิเคราะห์ความมั่นคงปลอดภัย / SOC,Information Security / SOC Analyst,15-1212.00,security,exact,3,ISC2 Certified in Cybersecurity (CC),ISC2,vendor_or_body,ISC2,https://www.isc2.org/certifications/cc,vendor_neutral_cert,Beginner,1,proctored exam,English,ใบรับรองเริ่มต้นที่ ISC2 เปิดให้สอบฟรีในโครงการ One Million Certified in Cybersecurity เหมาะกับนักศึกษา,Security principles|Business continuity|Access control|Network security|Security operations,Vendor-neutral,no,REQ-R11-2.A.1.a|REQ-R11-2.A.2.a|REQ-R11-2.C.3.a|REQ-R11-2.C.7.a|REQ-R11-2.C.9.a|REQ-R11-4.A.1.a.1|REQ-R11-4.A.2.a.3|REQ-R11-4.A.2.b.3|REQ-R11-4.A.3.b.1,REQ-R11-2.A.1.a|REQ-R11-2.A.2.a|REQ-R11-2.C.3.a|REQ-R11-4.A.2.a.3,Computers and Electronics|Critical Thinking|English Language|Evaluating Information to Determine Compliance with Standards|Getting Information|Reading Comprehension|Telecommunications|Updating and Using Relevant Knowledge|Working with Computers,9,4,Essential Skills|Knowledge|Work Activities,0.323919,0.141229,32.39,14.12,40,free,0,ISC2 CC,3,ไม่มี,foundation,certification_only|both,3,verified,2026-08-31,ผู้วิจัย (ตรวจด้วยการดึงหน้าเว็บ 31 ส.ค. 2026),,CORPUS-IS68076026-v1.5R-01OCT26,ONET31.0-IS68076026-v1.0,v0.9_core
CRT-R11-04,certification,R11,นักวิเคราะห์ความมั่นคงปลอดภัย / SOC,Information Security / SOC Analyst,15-1212.00,security,exact,4,ISC2 Systems Security Certified Practitioner (SSCP),ISC2,vendor_or_body,ISC2,https://www.isc2.org/certifications/sscp,vendor_neutral_cert,Intermediate,2,proctored exam,English,ใบรับรองเชิงปฏิบัติการที่อยู่ระหว่าง Security+ กับ CISSP เหมาะกับผู้ดูแลระบบความปลอดภัยประจำวัน,Access controls|Security operations|Incident response|Cryptography|Network security,Vendor-neutral,no,REQ-R11-2.A.1.a|REQ-R11-2.A.2.a|REQ-R11-2.A.2.d|REQ-R11-2.B.2.i|REQ-R11-2.B.4.g|REQ-R11-2.C.3.a|REQ-R11-2.C.7.a|REQ-R11-2.C.9.a|REQ-R11-4.A.1.a.1|REQ-R11-4.A.1.a.2|REQ-R11-4.A.1.b.1|REQ-R11-4.A.2.a.3|REQ-R11-4.A.2.b.1|REQ-R11-4.A.2.b.3|REQ-R11-4.A.2.b.6|REQ-R11-4.A.3.b.1,REQ-R11-2.A.2.d|REQ-R11-2.C.3.a|REQ-R11-4.A.1.a.2|REQ-R11-4.A.1.b.1|REQ-R11-4.A.2.a.3,"Complex Problem Solving|Computers and Electronics|Critical Thinking|English Language|Evaluating Information to Determine Compliance with Standards|Getting Information|Identifying Objects, Actions, and Events|Making Decisions and Solving Problems|Monitoring|Monitoring Processes, Materials, or Surroundings|Organizing, Planning, and Prioritizing Work|Reading Comprehension|Systems Analysis|Telecommunications|Updating and Using Relevant Knowledge|Working with Computers",16,5,Essential Skills|Knowledge|Transferable Skills|Work Activities,0.551353,0.173275,55.14,17.33,120,exam-fee-required,249,SSCP,3,ประสบการณ์ 1 ปี,advanced_or_cert_prep,certification_only|both,3,verified,2026-08-31,ผู้วิจัย (ตรวจด้วยการดึงหน้าเว็บ 31 ส.ค. 2026),,CORPUS-IS68076026-v1.5R-01OCT26,ONET31.0-IS68076026-v1.0,v0.9_core
CRT-R11-05,certification,R11,นักวิเคราะห์ความมั่นคงปลอดภัย / SOC,Information Security / SOC Analyst,15-1212.00,security,exact,5,Microsoft Certified: Security Operations Analyst Associate,Microsoft,vendor_or_body,Microsoft Learn,https://learn.microsoft.com/en-us/credentials/certifications/security-operations-analyst/,vendor_cert,Intermediate,2,proctored exam,English,ยืนยันความสามารถใช้ Microsoft Sentinel และ Defender ในการล่าและตอบสนองภัยคุกคาม,Microsoft Sentinel|Defender XDR|KQL|Threat hunting|Incident investigation,Microsoft Sentinel|Defender|KQL,no,REQ-R11-2.A.1.a|REQ-R11-2.A.2.a|REQ-R11-2.A.2.d|REQ-R11-2.B.2.i|REQ-R11-2.C.3.a|REQ-R11-2.C.7.a|REQ-R11-4.A.1.a.1|REQ-R11-4.A.1.a.2|REQ-R11-4.A.1.b.1|REQ-R11-4.A.2.a.2|REQ-R11-4.A.2.a.4|REQ-R11-4.A.2.b.1|REQ-R11-4.A.2.b.3|REQ-R11-4.A.2.b.6|REQ-R11-4.A.3.b.1,REQ-R11-2.A.2.d|REQ-R11-4.A.1.a.2|REQ-R11-4.A.1.b.1|REQ-R11-4.A.2.a.4|REQ-R11-4.A.3.b.1,"Analyzing Data or Information|Complex Problem Solving|Computers and Electronics|Critical Thinking|English Language|Getting Information|Identifying Objects, Actions, and Events|Making Decisions and Solving Problems|Monitoring|Monitoring Processes, Materials, or Surroundings|Organizing, Planning, and Prioritizing Work|Processing Information|Reading Comprehension|Updating and Using Relevant Knowledge|Working with Computers",15,5,Essential Skills|Knowledge|Transferable Skills|Work Activities,0.525698,0.175952,52.57,17.60,110,exam-fee-required,165,SC-200,1,SC-900 หรือพื้นฐาน Azure,advanced_or_cert_prep,certification_only|both,3,verified,2026-08-31,ผู้วิจัย (ตรวจด้วยการดึงหน้าเว็บ 31 ส.ค. 2026),,CORPUS-IS68076026-v1.5R-01OCT26,ONET31.0-IS68076026-v1.0,v0.9_core
CRT-R11-06,certification,R11,นักวิเคราะห์ความมั่นคงปลอดภัย / SOC,Information Security / SOC Analyst,15-1212.00,security,exact,6,Splunk Core Certified Power User,Splunk,vendor_or_body,Splunk Certification,https://www.splunk.com/en_us/training/certification-track/splunk-core-certified-power-user.html,vendor_cert,Intermediate,2,proctored exam,English,ยืนยันความสามารถใช้ SIEM ที่อยู่ในรายการ In-Demand อันดับต้นของบทบาทนี้,Splunk SPL|Field extraction|Data models|Dashboards|Reports and alerts,Splunk Enterprise,no,REQ-R11-2.A.1.a|REQ-R11-2.A.1.c|REQ-R11-2.A.2.a|REQ-R11-2.A.2.d|REQ-R11-2.B.2.i|REQ-R11-2.C.3.a|REQ-R11-2.C.7.a|REQ-R11-4.A.1.a.1|REQ-R11-4.A.1.a.2|REQ-R11-4.A.1.b.1|REQ-R11-4.A.2.a.2|REQ-R11-4.A.2.a.4|REQ-R11-4.A.2.b.1|REQ-R11-4.A.2.b.3|REQ-R11-4.A.3.b.1|REQ-R11-4.A.3.b.6,REQ-R11-4.A.1.b.1|REQ-R11-4.A.2.a.2|REQ-R11-4.A.2.a.4|REQ-R11-4.A.3.b.1|REQ-R11-4.A.3.b.6,"Analyzing Data or Information|Complex Problem Solving|Computers and Electronics|Critical Thinking|Documenting/Recording Information|English Language|Getting Information|Identifying Objects, Actions, and Events|Making Decisions and Solving Problems|Monitoring|Monitoring Processes, Materials, or Surroundings|Processing Information|Reading Comprehension|Updating and Using Relevant Knowledge|Working with Computers|Writing",16,5,Essential Skills|Knowledge|Transferable Skills|Work Activities,0.559039,0.183035,55.90,18.30,60,exam-fee-required,130,SPLK-1002,3,Splunk Core Certified User,advanced_or_cert_prep,certification_only|both,3,verified,2026-08-31,ผู้วิจัย (ตรวจด้วยการดึงหน้าเว็บ 31 ส.ค. 2026),,CORPUS-IS68076026-v1.5R-01OCT26,ONET31.0-IS68076026-v1.0,v0.9_core
CRT-R11-07,certification,R11,นักวิเคราะห์ความมั่นคงปลอดภัย / SOC,Information Security / SOC Analyst,15-1212.00,security,exact,7,GIAC Security Essentials (GSEC),GIAC (SANS),vendor_or_body,GIAC,https://www.giac.org/certifications/security-essentials-gsec/,vendor_neutral_cert,Advanced,3,proctored exam,English,ใบรับรองระดับสูงที่นายจ้างระดับองค์กรและหน่วยงานภาครัฐให้ค่ามาก แต่มีต้นทุนสูงที่สุดในกลุ่ม,Defense in depth|Network security|Cryptography|Incident handling|Windows and Linux security,Vendor-neutral,no,REQ-R11-2.A.1.a|REQ-R11-2.A.2.a|REQ-R11-2.B.2.i|REQ-R11-2.C.1.a|REQ-R11-2.C.3.a|REQ-R11-2.C.7.a|REQ-R11-2.C.9.a|REQ-R11-4.A.1.a.1|REQ-R11-4.A.1.a.2|REQ-R11-4.A.1.b.1|REQ-R11-4.A.2.a.3|REQ-R11-4.A.2.b.1|REQ-R11-4.A.2.b.3|REQ-R11-4.A.2.b.6|REQ-R11-4.A.3.b.1,REQ-R11-2.A.1.a|REQ-R11-2.A.2.a|REQ-R11-2.C.3.a|REQ-R11-4.A.1.a.2|REQ-R11-4.A.2.a.3,"Administration and Management|Complex Problem Solving|Computers and Electronics|Critical Thinking|English Language|Evaluating Information to Determine Compliance with Standards|Getting Information|Identifying Objects, Actions, and Events|Making Decisions and Solving Problems|Monitoring Processes, Materials, or Surroundings|Organizing, Planning, and Prioritizing Work|Reading Comprehension|Telecommunications|Updating and Using Relevant Knowledge|Working with Computers",15,5,Essential Skills|Knowledge|Transferable Skills|Work Activities,0.524748,0.175089,52.47,17.51,150,exam-fee-required,999,GSEC,4,แนะนำผ่านหลักสูตร SANS SEC401,advanced_or_cert_prep,certification_only|both,3,verified,2026-08-31,ผู้วิจัย (ตรวจด้วยการดึงหน้าเว็บ 31 ส.ค. 2026),,CORPUS-IS68076026-v1.5R-01OCT26,ONET31.0-IS68076026-v1.0,v0.9_core
CRT-R11-08,certification,R11,นักวิเคราะห์ความมั่นคงปลอดภัย / SOC,Information Security / SOC Analyst,15-1212.00,security,exact,8,GIAC Certified Incident Handler (GCIH),GIAC (SANS),vendor_or_body,GIAC,https://www.giac.org/certifications/certified-incident-handler-gcih/,vendor_neutral_cert,Advanced,3,proctored exam,English,ยืนยันความสามารถตรวจจับ ตอบสนอง และกู้คืนจากเหตุการณ์ความมั่นคงปลอดภัยอย่างเป็นระบบ,Incident handling process|Attack techniques|Containment|Eradication|Recovery,Vendor-neutral,no,REQ-R11-2.A.1.a|REQ-R11-2.A.2.a|REQ-R11-2.B.2.i|REQ-R11-2.B.4.g|REQ-R11-2.C.3.a|REQ-R11-2.C.7.a|REQ-R11-4.A.1.a.1|REQ-R11-4.A.1.a.2|REQ-R11-4.A.1.b.1|REQ-R11-4.A.2.b.1|REQ-R11-4.A.2.b.3|REQ-R11-4.A.2.b.6|REQ-R11-4.A.3.b.1|REQ-R11-4.A.3.b.6,REQ-R11-2.A.2.a|REQ-R11-4.A.1.a.2|REQ-R11-4.A.1.b.1|REQ-R11-4.A.2.b.1|REQ-R11-4.A.3.b.6,"Complex Problem Solving|Computers and Electronics|Critical Thinking|Documenting/Recording Information|English Language|Getting Information|Identifying Objects, Actions, and Events|Making Decisions and Solving Problems|Monitoring Processes, Materials, or Surroundings|Organizing, Planning, and Prioritizing Work|Reading Comprehension|Systems Analysis|Updating and Using Relevant Knowledge|Working with Computers",14,5,Essential Skills|Knowledge|Transferable Skills|Work Activities,0.489937,0.173274,48.99,17.33,150,exam-fee-required,999,GCIH,4,แนะนำผ่านหลักสูตร SANS SEC504,advanced_or_cert_prep,certification_only|both,3,verified,2026-08-31,ผู้วิจัย (ตรวจด้วยการดึงหน้าเว็บ 31 ส.ค. 2026),,CORPUS-IS68076026-v1.5R-01OCT26,ONET31.0-IS68076026-v1.0,v0.9_core
CRT-R11-09,certification,R11,นักวิเคราะห์ความมั่นคงปลอดภัย / SOC,Information Security / SOC Analyst,15-1212.00,security,exact,9,EC-Council Certified SOC Analyst (CSA),EC-Council,vendor_or_body,EC-Council,https://www.eccouncil.org/train-certify/certified-soc-analyst-csa/,vendor_neutral_cert,Intermediate,2,proctored exam,English,ใบรับรองเฉพาะทาง SOC ที่ครอบคลุมกระบวนการทำงานระดับ Tier 1-2 และการใช้ SIEM,SOC processes|SIEM operations|Incident triage|Threat intelligence|Log management,Splunk|QRadar,no,REQ-R11-2.A.1.a|REQ-R11-2.A.2.a|REQ-R11-2.A.2.d|REQ-R11-2.B.2.i|REQ-R11-2.C.1.a|REQ-R11-2.C.3.a|REQ-R11-2.C.7.a|REQ-R11-4.A.1.a.1|REQ-R11-4.A.1.a.2|REQ-R11-4.A.1.b.1|REQ-R11-4.A.2.a.2|REQ-R11-4.A.2.a.4|REQ-R11-4.A.2.b.1|REQ-R11-4.A.2.b.3|REQ-R11-4.A.3.b.1|REQ-R11-4.A.3.b.6,REQ-R11-2.A.2.d|REQ-R11-4.A.1.a.2|REQ-R11-4.A.1.b.1|REQ-R11-4.A.2.a.4|REQ-R11-4.A.3.b.6,"Administration and Management|Analyzing Data or Information|Complex Problem Solving|Computers and Electronics|Critical Thinking|Documenting/Recording Information|English Language|Getting Information|Identifying Objects, Actions, and Events|Making Decisions and Solving Problems|Monitoring|Monitoring Processes, Materials, or Surroundings|Processing Information|Reading Comprehension|Updating and Using Relevant Knowledge|Working with Computers",16,5,Essential Skills|Knowledge|Transferable Skills|Work Activities,0.560594,0.170164,56.06,17.02,80,exam-fee-required,350,312-39,3,พื้นฐานเครือข่าย,advanced_or_cert_prep,certification_only|both,2,verified,2026-08-31,ผู้วิจัย (ตรวจด้วยการดึงหน้าเว็บ 31 ส.ค. 2026),,CORPUS-IS68076026-v1.5R-01OCT26,ONET31.0-IS68076026-v1.0,v0.9_core
CRT-R11-10,certification,R11,นักวิเคราะห์ความมั่นคงปลอดภัย / SOC,Information Security / SOC Analyst,15-1212.00,security,exact,10,Blue Team Level 1 (BTL1),Security Blue Team,vendor_or_body,Security Blue Team,https://www.centri.org/certifications/blue-team-level-1,vendor_neutral_cert,Intermediate,2,hands-on practical exam,English,ใบรับรองภาคปฏิบัติ 24 ชั่วโมงที่ได้รับการยอมรับสูงในชุมชน blue team และเน้นการลงมือทำจริง,Phishing analysis|Digital forensics|SIEM|Threat intelligence|Incident response,Splunk|Autopsy|Wireshark,yes,REQ-R11-2.A.1.a|REQ-R11-2.A.1.b|REQ-R11-2.A.1.d|REQ-R11-2.A.2.a|REQ-R11-2.B.2.i|REQ-R11-2.B.4.g|REQ-R11-2.C.3.a|REQ-R11-2.C.7.a|REQ-R11-4.A.1.a.1|REQ-R11-4.A.1.a.2|REQ-R11-4.A.1.b.1|REQ-R11-4.A.2.a.2|REQ-R11-4.A.2.a.4|REQ-R11-4.A.2.b.1|REQ-R11-4.A.2.b.3|REQ-R11-4.A.2.b.6|REQ-R11-4.A.3.b.1|REQ-R11-4.A.3.b.6|REQ-R11-4.A.4.a.1|REQ-R11-4.A.4.a.2|REQ-R11-4.A.4.a.4,REQ-R11-4.A.1.a.2|REQ-R11-4.A.1.b.1|REQ-R11-4.A.2.a.4|REQ-R11-4.A.3.b.6,"Active Listening|Analyzing Data or Information|Communicating with Supervisors, Peers, or Subordinates|Complex Problem Solving|Computers and Electronics|Critical Thinking|Documenting/Recording Information|English Language|Establishing and Maintaining Interpersonal Relationships|Getting Information|Identifying Objects, Actions, and Events|Interpreting the Meaning of Information for Others|Making Decisions and Solving Problems|Monitoring Processes, Materials, or Surroundings|Organizing, Planning, and Prioritizing Work|Processing Information|Reading Comprehension|Speaking|Systems Analysis|Updating and Using Relevant Knowledge|Working with Computers",21,4,Essential Skills|Knowledge|Transferable Skills|Work Activities,0.720825,0.140968,72.08,14.10,120,exam-fee-required,500,BTL1,3,พื้นฐานความมั่นคงปลอดภัย,advanced_or_cert_prep,certification_only|both,2,verified,2026-08-31,ผู้วิจัย (ตรวจด้วยการดึงหน้าเว็บ 31 ส.ค. 2026),แก้ URL ตามการเปลี่ยนเส้นทางที่ยืนยันแล้วเมื่อ 2026-08-31,CORPUS-IS68076026-v1.5R-01OCT26,ONET31.0-IS68076026-v1.0,v0.9_core
CRT-R11-11,certification,R11,นักวิเคราะห์ความมั่นคงปลอดภัย / SOC,Information Security / SOC Analyst,15-1212.00,security,exact,11,ITIL 4 Foundation,PeopleCert (AXELOS),vendor_or_body,PeopleCert,https://www.peoplecert.org/browse-certifications/it-governance-and-service-management/ITIL-1/itil-4-foundation-2565,vendor_neutral_cert,Beginner,1,proctored exam,English,เข้าใจหลักการบริหารบริการไอที การรับเรื่องและตอบสนองผู้ใช้บริการ และการส่งมอบคุณค่าให้ผู้รับบริการ,IT service management|Service value system|ITIL practices|Continual improvement,ITIL framework|ServiceNow,no,REQ-R11-2.C.1.e,REQ-R11-2.C.1.e,Customer and Personal Service,1,1,Knowledge,0.029541,0.029541,2.95,2.95,30,exam-fee-required,450,ITIL 4 Foundation,3,ไม่มี,core_gap_closure,certification_only|both,3,verified,2026-08-31,ผู้วิจัย (ตรวจด้วยการดึงหน้าเว็บ 31 ส.ค. 2026),ปิดช่องว่างด้านการบริการผู้ใช้ตาม DEC-09 · ต้องยืนยันค่าสอบและอายุใบรับรอง ณ วันตรวจ · ยืนยันการมีอยู่ของแหล่งข้อมูลด้วยการค้นเว็บเมื่อ 2026-08-31,CORPUS-IS68076026-v1.5R-01OCT26,ONET31.0-IS68076026-v1.0,v1.0_gap_closure
CRT-R11-12,certification,R11,นักวิเคราะห์ความมั่นคงปลอดภัย / SOC,Information Security / SOC Analyst,15-1212.00,security,exact,12,ISC2 Certified Information Systems Security Professional (CISSP),ISC2,vendor_or_body,ISC2,https://www.isc2.org/certifications/cissp,vendor_neutral_cert,Professional,4,proctored exam,English,ใบรับรองที่ถือเป็นมาตรฐานทองของสายงาน ครอบคลุม 8 โดเมนความมั่นคงปลอดภัยระดับองค์กร,Security and risk management|Asset security|Security architecture|IAM|Security operations|Software security,Vendor-neutral,no,REQ-R11-2.A.1.a|REQ-R11-2.B.4.e|REQ-R11-2.B.4.g|REQ-R11-2.C.1.a|REQ-R11-4.A.2.a.3,REQ-R11-2.A.1.a|REQ-R11-2.B.4.e|REQ-R11-2.B.4.g|REQ-R11-2.C.1.a|REQ-R11-4.A.2.a.3,Administration and Management|Evaluating Information to Determine Compliance with Standards|Judgment and Decision Making|Reading Comprehension|Systems Analysis,5,5,Essential Skills|Knowledge|Transferable Skills|Work Activities,0.160318,0.160318,16.03,16.03,200,exam-fee-required,749,CISSP,3,ประสบการณ์วิชาชีพ 5 ปีใน 2 โดเมน,advanced_or_cert_prep,certification_only|both,3,verified,2026-08-31,ผู้วิจัย (ตรวจด้วยการดึงหน้าเว็บ 31 ส.ค. 2026),DEC-16 ขยายข้ามบทบาทจาก CRT-R12-02 · คงชื่อ ผู้ให้บริการ URL ชั่วโมง และค่าใช้จ่ายเดิมทุกค่า · ต้องทบทวน mapping ก่อน FREEZE,CORPUS-IS68076026-v1.5R-01OCT26,ONET31.0-IS68076026-v1.0,v1.3_crossrole
CRS-R11-01,course,R11,นักวิเคราะห์ความมั่นคงปลอดภัย / SOC,Information Security / SOC Analyst,15-1212.00,security,exact,1,Google Cybersecurity Professional Certificate,Google,mooc_platform,Coursera,https://www.coursera.org/professional-certificates/google-cybersecurity,professional_certificate,Beginner,1,self-paced online,English,"ปูพื้นฐานงาน SOC ครบ ทั้งการจัดการเหตุการณ์ SIEM, Linux, SQL และการเขียน Python สำหรับงานความปลอดภัย",Security frameworks|SIEM|Incident response|Linux|SQL|Python for security|Risk assessment,Splunk|Chronicle|Linux|Python|Wireshark,yes,REQ-R11-2.A.1.a|REQ-R11-2.A.2.a|REQ-R11-2.B.2.i|REQ-R11-2.C.3.a|REQ-R11-2.C.7.a|REQ-R11-4.A.1.a.1|REQ-R11-4.A.1.a.2|REQ-R11-4.A.1.b.1|REQ-R11-4.A.2.a.2|REQ-R11-4.A.2.a.3|REQ-R11-4.A.2.a.4|REQ-R11-4.A.2.b.1|REQ-R11-4.A.2.b.3|REQ-R11-4.A.2.b.6|REQ-R11-4.A.3.b.1,REQ-R11-2.A.1.a|REQ-R11-2.A.2.a|REQ-R11-2.C.3.a|REQ-R11-2.C.7.a|REQ-R11-4.A.1.a.2|REQ-R11-4.A.1.b.1|REQ-R11-4.A.2.a.3,"Analyzing Data or Information|Complex Problem Solving|Computers and Electronics|Critical Thinking|English Language|Evaluating Information to Determine Compliance with Standards|Getting Information|Identifying Objects, Actions, and Events|Making Decisions and Solving Problems|Monitoring Processes, Materials, or Surroundings|Organizing, Planning, and Prioritizing Work|Processing Information|Reading Comprehension|Updating and Using Relevant Knowledge|Working with Computers",15,7,Essential Skills|Knowledge|Transferable Skills|Work Activities,0.532090,0.248942,53.21,24.89,170,paid,245,,,ไม่มี,core_gap_closure,course_only|both,3,verified,2026-08-31,ผู้วิจัย (ตรวจด้วยการดึงหน้าเว็บ 31 ส.ค. 2026),,CORPUS-IS68076026-v1.5R-01OCT26,ONET31.0-IS68076026-v1.0,v0.9_core
CRS-R11-02,course,R11,นักวิเคราะห์ความมั่นคงปลอดภัย / SOC,Information Security / SOC Analyst,15-1212.00,security,exact,2,IBM Cybersecurity Analyst Professional Certificate,IBM,mooc_platform,Coursera,https://www.coursera.org/professional-certificates/ibm-cybersecurity-analyst,professional_certificate,Beginner,1,self-paced online,English,ครอบคลุมงานนักวิเคราะห์ความมั่นคงปลอดภัยตั้งแต่เครื่องมือ การตอบสนองเหตุการณ์ จนถึงข่าวกรองภัยคุกคาม,Security tools|Threat intelligence|Incident response|Endpoint protection|Compliance frameworks,IBM QRadar|Wireshark|Kali Linux,yes,REQ-R11-2.A.1.a|REQ-R11-2.A.2.a|REQ-R11-2.B.2.i|REQ-R11-2.B.4.g|REQ-R11-2.C.3.a|REQ-R11-2.C.7.a|REQ-R11-4.A.1.a.1|REQ-R11-4.A.1.a.2|REQ-R11-4.A.1.b.1|REQ-R11-4.A.2.a.2|REQ-R11-4.A.2.a.3|REQ-R11-4.A.2.a.4|REQ-R11-4.A.2.b.1|REQ-R11-4.A.2.b.3|REQ-R11-4.A.2.b.6|REQ-R11-4.A.3.b.1,REQ-R11-2.A.1.a|REQ-R11-2.C.3.a|REQ-R11-4.A.1.a.2|REQ-R11-4.A.1.b.1|REQ-R11-4.A.2.a.3|REQ-R11-4.A.2.a.4,"Analyzing Data or Information|Complex Problem Solving|Computers and Electronics|Critical Thinking|English Language|Evaluating Information to Determine Compliance with Standards|Getting Information|Identifying Objects, Actions, and Events|Making Decisions and Solving Problems|Monitoring Processes, Materials, or Surroundings|Organizing, Planning, and Prioritizing Work|Processing Information|Reading Comprehension|Systems Analysis|Updating and Using Relevant Knowledge|Working with Computers",16,6,Essential Skills|Knowledge|Transferable Skills|Work Activities,0.561286,0.213872,56.13,21.39,180,paid,245,,,ไม่มี,core_gap_closure,course_only|both,3,verified,2026-08-31,ผู้วิจัย (ตรวจด้วยการดึงหน้าเว็บ 31 ส.ค. 2026),,CORPUS-IS68076026-v1.5R-01OCT26,ONET31.0-IS68076026-v1.0,v0.9_core
CRS-R11-03,course,R11,นักวิเคราะห์ความมั่นคงปลอดภัย / SOC,Information Security / SOC Analyst,15-1212.00,security,exact,3,Microsoft Cybersecurity Analyst Professional Certificate,Microsoft,mooc_platform,Coursera,https://www.coursera.org/professional-certificates/microsoft-cybersecurity-analyst,professional_certificate,Beginner,1,self-paced online,English,เน้นระบบนิเวศ Microsoft ซึ่งเป็นสภาพแวดล้อมจริงขององค์กรไทยส่วนใหญ่ พร้อมเตรียมสอบ SC-900,Microsoft Defender|Azure security|Identity management|Threat mitigation|Compliance,Microsoft Sentinel|Defender|Entra ID,yes,REQ-R11-2.A.1.a|REQ-R11-2.A.2.a|REQ-R11-2.B.2.i|REQ-R11-2.B.4.g|REQ-R11-2.C.1.a|REQ-R11-2.C.3.a|REQ-R11-2.C.7.a|REQ-R11-4.A.1.a.1|REQ-R11-4.A.1.a.2|REQ-R11-4.A.1.b.1|REQ-R11-4.A.2.a.2|REQ-R11-4.A.2.a.3|REQ-R11-4.A.2.a.4|REQ-R11-4.A.2.b.1|REQ-R11-4.A.2.b.3|REQ-R11-4.A.2.b.6|REQ-R11-4.A.3.b.1,REQ-R11-2.C.3.a|REQ-R11-4.A.1.a.2|REQ-R11-4.A.1.b.1|REQ-R11-4.A.2.a.3|REQ-R11-4.A.3.b.1,"Administration and Management|Analyzing Data or Information|Complex Problem Solving|Computers and Electronics|Critical Thinking|English Language|Evaluating Information to Determine Compliance with Standards|Getting Information|Identifying Objects, Actions, and Events|Making Decisions and Solving Problems|Monitoring Processes, Materials, or Surroundings|Organizing, Planning, and Prioritizing Work|Processing Information|Reading Comprehension|Systems Analysis|Updating and Using Relevant Knowledge|Working with Computers",17,5,Essential Skills|Knowledge|Transferable Skills|Work Activities,0.593073,0.184677,59.31,18.47,160,paid,245,,,ไม่มี,core_gap_closure,course_only|both,3,verified,2026-08-31,ผู้วิจัย (ตรวจด้วยการดึงหน้าเว็บ 31 ส.ค. 2026),,CORPUS-IS68076026-v1.5R-01OCT26,ONET31.0-IS68076026-v1.0,v0.9_core
CRS-R11-04,course,R11,นักวิเคราะห์ความมั่นคงปลอดภัย / SOC,Information Security / SOC Analyst,15-1212.00,security,exact,4,Cybersecurity Specialization,University of Maryland,mooc_platform,Coursera,https://www.coursera.org/specializations/cyber-security,specialization,Intermediate,2,self-paced online,English,เข้าใจรากฐานเชิงวิชาการของความมั่นคงปลอดภัย ทั้งการเข้ารหัส ความปลอดภัยซอฟต์แวร์ และปัจจัยมนุษย์,Cryptography|Software security|Usable security|Hardware security|Security principles,Cryptographic libraries,no,REQ-R11-2.A.1.a|REQ-R11-2.A.2.a|REQ-R11-2.B.2.i|REQ-R11-2.C.3.a|REQ-R11-2.C.7.a|REQ-R11-4.A.1.a.1|REQ-R11-4.A.1.b.1|REQ-R11-4.A.2.b.1|REQ-R11-4.A.2.b.3|REQ-R11-4.A.2.b.6|REQ-R11-4.A.3.b.1,REQ-R11-2.A.1.a|REQ-R11-2.A.2.a|REQ-R11-2.C.3.a,"Complex Problem Solving|Computers and Electronics|Critical Thinking|English Language|Getting Information|Identifying Objects, Actions, and Events|Making Decisions and Solving Problems|Organizing, Planning, and Prioritizing Work|Reading Comprehension|Updating and Using Relevant Knowledge|Working with Computers",11,3,Essential Skills|Knowledge|Transferable Skills|Work Activities,0.392071,0.105641,39.21,10.56,120,paid,245,,,พื้นฐานการเขียนโปรแกรม,advanced_or_cert_prep,course_only|both,3,verified,2026-08-31,ผู้วิจัย (ตรวจด้วยการดึงหน้าเว็บ 31 ส.ค. 2026),,CORPUS-IS68076026-v1.5R-01OCT26,ONET31.0-IS68076026-v1.0,v0.9_core
CRS-R11-05,course,R11,นักวิเคราะห์ความมั่นคงปลอดภัย / SOC,Information Security / SOC Analyst,15-1212.00,security,exact,5,Splunk Core Certified User eLearning,Splunk,vendor_or_body,Splunk Education,https://www.splunk.com/en_us/training.html,single_course,Beginner,1,self-paced online,English,ใช้ Splunk ซึ่งเป็น SIEM อันดับต้นในรายการ In-Demand ของบทบาทนี้ ค้นหาและวิเคราะห์ log ได้ด้วยตนเอง,Splunk SPL|Log search|Field extraction|Dashboards|Alerting,Splunk Enterprise,yes,REQ-R11-2.A.1.a|REQ-R11-2.A.2.a|REQ-R11-2.A.2.d|REQ-R11-2.B.2.i|REQ-R11-2.B.4.g|REQ-R11-2.C.3.a|REQ-R11-2.C.7.a|REQ-R11-4.A.1.a.1|REQ-R11-4.A.1.a.2|REQ-R11-4.A.1.b.1|REQ-R11-4.A.2.a.2|REQ-R11-4.A.2.a.4|REQ-R11-4.A.2.b.1|REQ-R11-4.A.2.b.3|REQ-R11-4.A.3.b.1,REQ-R11-4.A.1.a.2|REQ-R11-4.A.1.b.1|REQ-R11-4.A.2.a.2|REQ-R11-4.A.2.a.4|REQ-R11-4.A.3.b.1,"Analyzing Data or Information|Complex Problem Solving|Computers and Electronics|Critical Thinking|English Language|Getting Information|Identifying Objects, Actions, and Events|Making Decisions and Solving Problems|Monitoring|Monitoring Processes, Materials, or Surroundings|Processing Information|Reading Comprehension|Systems Analysis|Updating and Using Relevant Knowledge|Working with Computers",15,5,Essential Skills|Knowledge|Transferable Skills|Work Activities,0.523193,0.182085,52.32,18.21,25,free,0,,,ไม่มี,core_gap_closure,course_only|both,3,verified,2026-08-31,ผู้วิจัย (ตรวจด้วยการดึงหน้าเว็บ 31 ส.ค. 2026),,CORPUS-IS68076026-v1.5R-01OCT26,ONET31.0-IS68076026-v1.0,v0.9_core
CRS-R11-06,course,R11,นักวิเคราะห์ความมั่นคงปลอดภัย / SOC,Information Security / SOC Analyst,15-1212.00,security,exact,6,SOC Level 1 Learning Path,TryHackMe,vendor_or_body,TryHackMe,https://tryhackme.com/path/outline/soclevel1,specialization,Intermediate,2,self-paced online,English,"ฝึกปฏิบัติในห้องแล็บจำลอง SOC จริง ทั้งการวิเคราะห์ phishing, log, network traffic และ endpoint",SIEM operations|Phishing analysis|Network traffic analysis|Endpoint investigation|Threat detection,Splunk|ELK|Wireshark|Sysmon,yes,REQ-R11-2.A.1.a|REQ-R11-2.A.2.a|REQ-R11-2.A.2.d|REQ-R11-2.B.2.i|REQ-R11-2.B.4.g|REQ-R11-2.C.3.a|REQ-R11-2.C.7.a|REQ-R11-2.C.9.a|REQ-R11-4.A.1.a.1|REQ-R11-4.A.1.a.2|REQ-R11-4.A.1.b.1|REQ-R11-4.A.2.a.2|REQ-R11-4.A.2.a.4|REQ-R11-4.A.2.b.1|REQ-R11-4.A.2.b.3|REQ-R11-4.A.2.b.6|REQ-R11-4.A.3.b.1,REQ-R11-2.A.2.a|REQ-R11-2.A.2.d|REQ-R11-4.A.1.a.2|REQ-R11-4.A.1.b.1|REQ-R11-4.A.2.a.4,"Analyzing Data or Information|Complex Problem Solving|Computers and Electronics|Critical Thinking|English Language|Getting Information|Identifying Objects, Actions, and Events|Making Decisions and Solving Problems|Monitoring|Monitoring Processes, Materials, or Surroundings|Organizing, Planning, and Prioritizing Work|Processing Information|Reading Comprehension|Systems Analysis|Telecommunications|Updating and Using Relevant Knowledge|Working with Computers",17,5,Essential Skills|Knowledge|Transferable Skills|Work Activities,0.586336,0.168869,58.63,16.89,120,low-cost,168,,,พื้นฐานเครือข่ายและ Linux,core_gap_closure,course_only|both,2,verified,2026-08-31,ผู้วิจัย (ตรวจด้วยการดึงหน้าเว็บ 31 ส.ค. 2026),,CORPUS-IS68076026-v1.5R-01OCT26,ONET31.0-IS68076026-v1.0,v0.9_core
CRS-R11-07,course,R11,นักวิเคราะห์ความมั่นคงปลอดภัย / SOC,Information Security / SOC Analyst,15-1212.00,security,exact,7,Introduction to Cyber Security Specialization,New York University,mooc_platform,Coursera,https://www.coursera.org/specializations/intro-cyber-security,professional_certificate,Beginner,1,self-paced online,English,หลักสูตรจากมหาวิทยาลัยที่ให้กรอบคิดเชิงระบบเรื่องภัยคุกคาม การป้องกัน และการบริหารความเสี่ยง,Threat modeling|Risk management|Network security|Enterprise security architecture,Vendor-neutral,no,REQ-R11-2.A.1.a|REQ-R11-2.A.2.a|REQ-R11-2.B.4.g|REQ-R11-2.C.1.a|REQ-R11-2.C.3.a|REQ-R11-2.C.3.b|REQ-R11-2.C.7.a|REQ-R11-2.C.9.a|REQ-R11-4.A.1.a.1|REQ-R11-4.A.2.a.3|REQ-R11-4.A.2.a.4|REQ-R11-4.A.2.b.2|REQ-R11-4.A.2.b.3|REQ-R11-4.A.2.b.6|REQ-R11-4.A.3.b.1,REQ-R11-2.A.1.a|REQ-R11-2.A.2.a|REQ-R11-2.C.7.a|REQ-R11-4.A.2.a.3|REQ-R11-4.A.2.a.4,"Administration and Management|Analyzing Data or Information|Computers and Electronics|Critical Thinking|Engineering and Technology|English Language|Evaluating Information to Determine Compliance with Standards|Getting Information|Organizing, Planning, and Prioritizing Work|Reading Comprehension|Systems Analysis|Telecommunications|Thinking Creatively|Updating and Using Relevant Knowledge|Working with Computers",15,5,Essential Skills|Knowledge|Transferable Skills|Work Activities,0.514038,0.175693,51.40,17.57,100,paid,597,,,ไม่มี,foundation,course_only|both,3,verified,2026-08-31,ผู้วิจัย (ตรวจด้วยการดึงหน้าเว็บ 31 ส.ค. 2026),[FIX 2026-08-31] แก้ URL ตามหน้าปลายทางที่ยืนยันแล้ว,CORPUS-IS68076026-v1.5R-01OCT26,ONET31.0-IS68076026-v1.0,v0.9_core
CRS-R11-08,course,R11,นักวิเคราะห์ความมั่นคงปลอดภัย / SOC,Information Security / SOC Analyst,15-1212.00,security,exact,8,MAD20 ATT&CK Fundamentals,MAD20 Technologies,vendor_or_body,MAD20,https://mad20.com/individuals,single_course,Intermediate,2,self-paced online,English,เข้าใจกรอบ MITRE ATT&CK ซึ่งเป็นภาษากลางของ SOC ทั่วโลกและอยู่ในรายการ In-Demand ของบทบาทนี้,MITRE ATT&CK|Adversary tactics|Detection mapping|Threat-informed defense,MITRE ATT&CK Navigator,no,REQ-R11-2.A.1.a|REQ-R11-2.A.2.a|REQ-R11-2.A.2.d|REQ-R11-2.B.2.i|REQ-R11-2.C.3.a|REQ-R11-2.C.7.a|REQ-R11-4.A.1.a.1|REQ-R11-4.A.1.a.2|REQ-R11-4.A.1.b.1|REQ-R11-4.A.2.a.3|REQ-R11-4.A.2.a.4|REQ-R11-4.A.2.b.1|REQ-R11-4.A.2.b.3|REQ-R11-4.A.3.b.1,REQ-R11-2.A.1.a|REQ-R11-4.A.1.b.1|REQ-R11-4.A.2.a.3|REQ-R11-4.A.2.a.4|REQ-R11-4.A.2.b.3,"Analyzing Data or Information|Complex Problem Solving|Computers and Electronics|Critical Thinking|English Language|Evaluating Information to Determine Compliance with Standards|Getting Information|Identifying Objects, Actions, and Events|Making Decisions and Solving Problems|Monitoring|Monitoring Processes, Materials, or Surroundings|Reading Comprehension|Updating and Using Relevant Knowledge|Working with Computers",14,5,Essential Skills|Knowledge|Transferable Skills|Work Activities,0.494256,0.177420,49.43,17.74,20,free,0,,,พื้นฐานความมั่นคงปลอดภัย,core_gap_closure,course_only|both,3,verified,2026-08-31,ผู้วิจัย (ตรวจด้วยการดึงหน้าเว็บ 31 ส.ค. 2026),[FIX 2026-08-31] MITRE โอนหลักสูตร MAD ให้ MAD20 Technologies · โดเมนเดิมของ MITRE Engenuity ถูกแทนที่ด้วยเนื้อหาโฆษณา,CORPUS-IS68076026-v1.5R-01OCT26,ONET31.0-IS68076026-v1.0,v0.9_core
CRS-R11-09,course,R11,นักวิเคราะห์ความมั่นคงปลอดภัย / SOC,Information Security / SOC Analyst,15-1212.00,security,exact,9,Palo Alto Networks Cybersecurity Professional Certificate,Palo Alto Networks,mooc_platform,Coursera,https://www.coursera.org/professional-certificates/palo-alto-networks-cybersecurity-fundamentals,specialization,Intermediate,2,self-paced online,English,เรียนความมั่นคงปลอดภัยเครือข่ายจากผู้ผลิตไฟร์วอลล์ชั้นนำ ครอบคลุมทั้งพื้นฐานและการป้องกันเชิงลึก,Network security|Firewall configuration|Cloud security|Security operations|Zero trust,Palo Alto NGFW|Cortex XDR,no,REQ-R11-2.A.1.a|REQ-R11-2.A.2.a|REQ-R11-2.B.2.i|REQ-R11-2.C.3.a|REQ-R11-2.C.7.a|REQ-R11-2.C.9.a|REQ-R11-4.A.1.a.1|REQ-R11-4.A.1.a.2|REQ-R11-4.A.1.b.1|REQ-R11-4.A.2.a.3|REQ-R11-4.A.2.b.1|REQ-R11-4.A.2.b.3|REQ-R11-4.A.3.b.1,REQ-R11-2.C.3.a|REQ-R11-2.C.9.a|REQ-R11-4.A.1.a.2|REQ-R11-4.A.2.a.3,"Complex Problem Solving|Computers and Electronics|Critical Thinking|English Language|Evaluating Information to Determine Compliance with Standards|Getting Information|Identifying Objects, Actions, and Events|Making Decisions and Solving Problems|Monitoring Processes, Materials, or Surroundings|Reading Comprehension|Telecommunications|Updating and Using Relevant Knowledge|Working with Computers",13,4,Essential Skills|Knowledge|Transferable Skills|Work Activities,0.461260,0.138465,46.13,13.85,90,paid,245,,,พื้นฐานเครือข่าย,advanced_or_cert_prep,course_only|both,3,verified,2026-08-31,ผู้วิจัย (ตรวจด้วยการดึงหน้าเว็บ 31 ส.ค. 2026),[FIX 2026-08-31] แก้ URL ตามหน้าปลายทางที่ยืนยันแล้ว,CORPUS-IS68076026-v1.5R-01OCT26,ONET31.0-IS68076026-v1.0,v0.9_core
CRS-R11-10,course,R11,นักวิเคราะห์ความมั่นคงปลอดภัย / SOC,Information Security / SOC Analyst,15-1212.00,security,exact,10,LetsDefend SOC Analyst Path,LetsDefend,vendor_or_body,LetsDefend,https://letsdefend.io/,specialization,Intermediate,2,self-paced online,English,ฝึกทำงานบนแพลตฟอร์มจำลอง SOC ที่มี alert จริงให้ปิดเคส เหมาะกับการสร้างหลักฐานประสบการณ์ในเรซูเม,Alert triage|Incident handling|Malware analysis basics|Email security|Case documentation,SIEM simulation|Sandbox tools,yes,REQ-R11-2.A.1.a|REQ-R11-2.A.1.c|REQ-R11-2.A.2.a|REQ-R11-2.A.2.d|REQ-R11-2.B.2.i|REQ-R11-2.B.4.g|REQ-R11-2.C.3.a|REQ-R11-2.C.7.a|REQ-R11-4.A.1.a.1|REQ-R11-4.A.1.a.2|REQ-R11-4.A.1.b.1|REQ-R11-4.A.2.a.2|REQ-R11-4.A.2.a.4|REQ-R11-4.A.2.b.1|REQ-R11-4.A.2.b.3|REQ-R11-4.A.3.b.1|REQ-R11-4.A.3.b.6,REQ-R11-2.A.2.d|REQ-R11-4.A.1.a.2|REQ-R11-4.A.1.b.1|REQ-R11-4.A.2.a.4|REQ-R11-4.A.3.b.6,"Analyzing Data or Information|Complex Problem Solving|Computers and Electronics|Critical Thinking|Documenting/Recording Information|English Language|Getting Information|Identifying Objects, Actions, and Events|Making Decisions and Solving Problems|Monitoring|Monitoring Processes, Materials, or Surroundings|Processing Information|Reading Comprehension|Systems Analysis|Updating and Using Relevant Knowledge|Working with Computers|Writing",17,5,Essential Skills|Knowledge|Transferable Skills|Work Activities,0.588235,0.170164,58.82,17.02,80,low-cost,240,,,พื้นฐานความมั่นคงปลอดภัย,core_gap_closure,course_only|both,2,verified,2026-08-31,ผู้วิจัย (ตรวจด้วยการดึงหน้าเว็บ 31 ส.ค. 2026),,CORPUS-IS68076026-v1.5R-01OCT26,ONET31.0-IS68076026-v1.0,v0.9_core
CRS-R11-11,course,R11,นักวิเคราะห์ความมั่นคงปลอดภัย / SOC,Information Security / SOC Analyst,15-1212.00,security,exact,11,Improving Communication Skills,University of Pennsylvania (Wharton),mooc_platform,Coursera,https://www.coursera.org/learn/wharton-communication-skills,single_course,Beginner,1,self-paced online,English,สื่อสารเชิงวิชาชีพอย่างมีประสิทธิผล ฟังอย่างตั้งใจ ตีความสารของผู้อื่น สร้างความไว้วางใจ และสื่อสารกับผู้มีส่วนได้เสียทั้งในและนอกองค์กร,Active listening|Professional communication|Stakeholder communication|Building trust|Persuasion,,no,REQ-R11-2.A.1.b|REQ-R11-2.A.1.d|REQ-R11-4.A.4.a.1|REQ-R11-4.A.4.a.2|REQ-R11-4.A.4.a.4,REQ-R11-2.A.1.b|REQ-R11-2.A.1.d|REQ-R11-4.A.4.a.1|REQ-R11-4.A.4.a.2|REQ-R11-4.A.4.a.4,"Active Listening|Communicating with Supervisors, Peers, or Subordinates|Establishing and Maintaining Interpersonal Relationships|Interpreting the Meaning of Information for Others|Speaking",5,5,Essential Skills|Work Activities,0.160317,0.160317,16.03,16.03,10,low-cost,49,,,,core_gap_closure,course_only|both,2,verified,2026-08-31,ผู้วิจัย (ตรวจด้วยการดึงหน้าเว็บ 31 ส.ค. 2026),DEC-16 ขยายข้ามบทบาทจาก CRS-R07-11 · คงชื่อ ผู้ให้บริการ URL ชั่วโมง และค่าใช้จ่ายเดิมทุกค่า · ต้องทบทวน mapping ก่อน FREEZE,CORPUS-IS68076026-v1.5R-01OCT26,ONET31.0-IS68076026-v1.0,v1.3_crossrole
CRS-R11-12,course,R11,นักวิเคราะห์ความมั่นคงปลอดภัย / SOC,Information Security / SOC Analyst,15-1212.00,security,exact,12,Google Technical Writing Courses (One and Two),Google,vendor_or_body,Google for Developers,https://developers.google.com/tech-writing,single_course,Beginner,1,self-paced online,English,เขียนเอกสารทางเทคนิคที่ถูกต้องและอ่านเข้าใจง่าย จัดโครงสร้างเอกสาร บันทึกขั้นตอนการทำงาน และทบทวนงานเขียนของผู้อื่น,Technical writing|Documentation structure|Editing|Recording procedures,,no,REQ-R11-2.A.1.c|REQ-R11-4.A.3.b.6,REQ-R11-2.A.1.c|REQ-R11-4.A.3.b.6,Documenting/Recording Information|Writing,2,2,Essential Skills|Work Activities,0.065042,0.065042,6.50,6.50,16,free,0,,,,core_gap_closure,course_only|both,2,verified,2026-08-31,ผู้วิจัย (ตรวจด้วยการดึงหน้าเว็บ 31 ส.ค. 2026),DEC-16 ขยายข้ามบทบาทจาก CRS-R06-12 · คงชื่อ ผู้ให้บริการ URL ชั่วโมง และค่าใช้จ่ายเดิมทุกค่า · ต้องทบทวน mapping ก่อน FREEZE,CORPUS-IS68076026-v1.5R-01OCT26,ONET31.0-IS68076026-v1.0,v1.3_crossrole
CRS-R11-13,course,R11,นักวิเคราะห์ความมั่นคงปลอดภัย / SOC,Information Security / SOC Analyst,15-1212.00,security,exact,13,Foundations of Project Management,Google,mooc_platform,Coursera,https://www.coursera.org/learn/project-management-foundations,single_course,Beginner,1,self-paced online,English,กำหนดวัตถุประสงค์และกลยุทธ์ของโครงการ ตัดสินใจบนข้อมูลที่มี ประสานงานระหว่างทีม และประเมินทางเลือกอย่างเป็นระบบ,Project scoping|Objective setting|Decision making|Coordination|Stakeholder alignment,,no,REQ-R11-2.B.4.e|REQ-R11-4.A.2.b.2,REQ-R11-2.B.4.e|REQ-R11-4.A.2.b.2,Judgment and Decision Making|Thinking Creatively,2,2,Transferable Skills|Work Activities,0.059947,0.059947,5.99,5.99,26,low-cost,49,,,,core_gap_closure,course_only|both,2,verified,2026-08-31,ผู้วิจัย (ตรวจด้วยการดึงหน้าเว็บ 31 ส.ค. 2026),DEC-16 ขยายข้ามบทบาทจาก CRS-R02-11 · คงชื่อ ผู้ให้บริการ URL ชั่วโมง และค่าใช้จ่ายเดิมทุกค่า · ต้องทบทวน mapping ก่อน FREEZE,CORPUS-IS68076026-v1.5R-01OCT26,ONET31.0-IS68076026-v1.0,v1.3_crossrole
CRT-R12-01,certification,R12,วิศวกรความมั่นคงปลอดภัย,Security Engineer,15-1299.05,security,exact,1,CompTIA Security+,CompTIA,vendor_or_body,CompTIA,https://www.comptia.org/en-us/certifications/security/,vendor_neutral_cert,Intermediate,2,proctored exam,English,ใบรับรองฐานรากที่จำเป็นก่อนต่อยอดสู่ใบรับรองวิศวกรรมความปลอดภัยระดับสูง,Security architecture|Threats|Cryptography|Identity management|Governance,Vendor-neutral,no,REQ-R12-2.A.1.a|REQ-R12-2.A.2.a|REQ-R12-2.B.3.m|REQ-R12-2.B.4.g|REQ-R12-2.B.4.h|REQ-R12-2.C.3.a|REQ-R12-2.C.3.b|REQ-R12-2.C.7.a|REQ-R12-4.A.1.a.1|REQ-R12-4.A.1.b.1|REQ-R12-4.A.2.a.3|REQ-R12-4.A.2.b.1|REQ-R12-4.A.2.b.2|REQ-R12-4.A.2.b.3|REQ-R12-4.A.2.b.6|REQ-R12-4.A.3.b.1,REQ-R12-2.A.1.a|REQ-R12-2.A.2.a|REQ-R12-2.C.3.a|REQ-R12-4.A.2.a.3,"Computers and Electronics|Critical Thinking|Engineering and Technology|English Language|Evaluating Information to Determine Compliance with Standards|Getting Information|Identifying Objects, Actions, and Events|Making Decisions and Solving Problems|Organizing, Planning, and Prioritizing Work|Quality Control Analysis|Reading Comprehension|Systems Analysis|Systems Evaluation|Thinking Creatively|Updating and Using Relevant Knowledge|Working with Computers",16,4,Essential Skills|Knowledge|Transferable Skills|Work Activities,0.543931,0.142204,54.39,14.22,100,exam-fee-required,439,SY0-701,3,แนะนำประสบการณ์ 2 ปี,foundation,certification_only|both,3,verified,2026-08-31,ผู้วิจัย (ตรวจด้วยการดึงหน้าเว็บ 31 ส.ค. 2026),,CORPUS-IS68076026-v1.5R-01OCT26,ONET31.0-IS68076026-v1.0,v0.9_core
CRT-R12-02,certification,R12,วิศวกรความมั่นคงปลอดภัย,Security Engineer,15-1299.05,security,exact,2,ISC2 Certified Information Systems Security Professional (CISSP),ISC2,vendor_or_body,ISC2,https://www.isc2.org/certifications/cissp,vendor_neutral_cert,Professional,4,proctored exam,English,ใบรับรองที่ถือเป็นมาตรฐานทองของสายงาน ครอบคลุม 8 โดเมนความมั่นคงปลอดภัยระดับองค์กร,Security and risk management|Asset security|Security architecture|IAM|Security operations|Software security,Vendor-neutral,no,REQ-R12-2.A.1.a|REQ-R12-2.A.2.a|REQ-R12-2.B.4.g|REQ-R12-2.B.4.h|REQ-R12-2.C.3.a|REQ-R12-2.C.3.b|REQ-R12-2.C.7.a|REQ-R12-4.A.1.a.1|REQ-R12-4.A.1.b.1|REQ-R12-4.A.2.a.3|REQ-R12-4.A.2.b.1|REQ-R12-4.A.2.b.2|REQ-R12-4.A.2.b.3|REQ-R12-4.A.2.b.6|REQ-R12-4.A.3.b.1,REQ-R12-2.A.1.a|REQ-R12-2.B.4.g|REQ-R12-2.B.4.h|REQ-R12-4.A.2.a.3,"Computers and Electronics|Critical Thinking|Engineering and Technology|English Language|Evaluating Information to Determine Compliance with Standards|Getting Information|Identifying Objects, Actions, and Events|Making Decisions and Solving Problems|Organizing, Planning, and Prioritizing Work|Reading Comprehension|Systems Analysis|Systems Evaluation|Thinking Creatively|Updating and Using Relevant Knowledge|Working with Computers",15,4,Essential Skills|Knowledge|Transferable Skills|Work Activities,0.515321,0.126375,51.53,12.64,200,exam-fee-required,749,CISSP,3,ประสบการณ์วิชาชีพ 5 ปีใน 2 โดเมน,advanced_or_cert_prep,certification_only|both,3,verified,2026-08-31,ผู้วิจัย (ตรวจด้วยการดึงหน้าเว็บ 31 ส.ค. 2026),,CORPUS-IS68076026-v1.5R-01OCT26,ONET31.0-IS68076026-v1.0,v0.9_core
CRT-R12-03,certification,R12,วิศวกรความมั่นคงปลอดภัย,Security Engineer,15-1299.05,security,exact,3,ISC2 Certified Cloud Security Professional (CCSP),ISC2,vendor_or_body,ISC2,https://www.isc2.org/certifications/ccsp,vendor_neutral_cert,Professional,4,proctored exam,English,ใบรับรองเฉพาะทางความปลอดภัยบนคลาวด์ที่เป็นกลางต่อผู้ให้บริการ เหมาะกับองค์กรที่ใช้หลายคลาวด์,Cloud architecture security|Data security|Cloud platform security|Legal and compliance|Cloud operations,AWS|Azure|GCP,no,REQ-R12-2.A.1.a|REQ-R12-2.A.2.a|REQ-R12-2.B.3.m|REQ-R12-2.B.4.g|REQ-R12-2.B.4.h|REQ-R12-2.C.3.a|REQ-R12-2.C.3.b|REQ-R12-2.C.7.a|REQ-R12-4.A.1.a.1|REQ-R12-4.A.1.b.1|REQ-R12-4.A.2.a.2|REQ-R12-4.A.2.a.3|REQ-R12-4.A.2.a.4|REQ-R12-4.A.2.b.1|REQ-R12-4.A.2.b.2|REQ-R12-4.A.2.b.3|REQ-R12-4.A.2.b.6|REQ-R12-4.A.3.b.1,REQ-R12-2.B.4.g|REQ-R12-2.B.4.h|REQ-R12-4.A.2.a.3,"Analyzing Data or Information|Computers and Electronics|Critical Thinking|Engineering and Technology|English Language|Evaluating Information to Determine Compliance with Standards|Getting Information|Identifying Objects, Actions, and Events|Making Decisions and Solving Problems|Organizing, Planning, and Prioritizing Work|Processing Information|Quality Control Analysis|Reading Comprehension|Systems Analysis|Systems Evaluation|Thinking Creatively|Updating and Using Relevant Knowledge|Working with Computers",18,3,Essential Skills|Knowledge|Transferable Skills|Work Activities,0.616133,0.091501,61.61,9.15,160,exam-fee-required,599,CCSP,3,ประสบการณ์ 5 ปี (3 ปีด้านความปลอดภัย),advanced_or_cert_prep,certification_only|both,3,verified,2026-08-31,ผู้วิจัย (ตรวจด้วยการดึงหน้าเว็บ 31 ส.ค. 2026),,CORPUS-IS68076026-v1.5R-01OCT26,ONET31.0-IS68076026-v1.0,v0.9_core
CRT-R12-04,certification,R12,วิศวกรความมั่นคงปลอดภัย,Security Engineer,15-1299.05,security,exact,4,Microsoft Certified: Cloud and AI Security Engineer Associate,Microsoft,vendor_or_body,Microsoft Learn,https://learn.microsoft.com/en-us/credentials/certifications/cloud-and-ai-security-engineer-associate/,vendor_cert,Intermediate,2,proctored exam,English,วางมาตรการความปลอดภัยแบบครบวงจรสำหรับงานคลาวด์และงาน AI ตั้งแต่การระบุตัวตนจนถึงการตอบสนองภัยคุกคาม,Cloud security controls|AI workload security|Identity protection|Threat response,Microsoft Defender|Microsoft Entra|Microsoft Purview,no,REQ-R12-2.A.1.a|REQ-R12-2.A.2.a|REQ-R12-2.B.4.g|REQ-R12-2.C.3.a|REQ-R12-2.C.7.a|REQ-R12-4.A.1.a.1|REQ-R12-4.A.1.a.2|REQ-R12-4.A.1.b.1|REQ-R12-4.A.2.a.2|REQ-R12-4.A.2.a.3|REQ-R12-4.A.2.a.4|REQ-R12-4.A.2.b.1|REQ-R12-4.A.2.b.3|REQ-R12-4.A.2.b.6|REQ-R12-4.A.3.b.1,REQ-R12-2.B.4.g|REQ-R12-2.C.3.a|REQ-R12-4.A.1.a.2|REQ-R12-4.A.2.a.3,"Analyzing Data or Information|Computers and Electronics|Critical Thinking|English Language|Evaluating Information to Determine Compliance with Standards|Getting Information|Identifying Objects, Actions, and Events|Making Decisions and Solving Problems|Monitoring Processes, Materials, or Surroundings|Organizing, Planning, and Prioritizing Work|Processing Information|Reading Comprehension|Systems Analysis|Updating and Using Relevant Knowledge|Working with Computers",15,4,Essential Skills|Knowledge|Transferable Skills|Work Activities,0.524632,0.131962,52.46,13.20,120,exam-fee-required,165,SC-500,1,ประสบการณ์งานความมั่นคงปลอดภัยบนคลาวด์,advanced_or_cert_prep,certification_only|both,3,verified,2026-08-31,ผู้วิจัย (ตรวจด้วยการดึงหน้าเว็บ 31 ส.ค. 2026),"[REPLACE 2026-08-31] แทนที่ ""Microsoft Certified: Azure Security Engineer Associate"" ซึ่งผู้ให้บริการยกเลิกแล้ว · แทน AZ-500 ที่ยกเลิก 31 ส.ค. 2026 · Microsoft ระบุ SC-500 เป็นใบรับรองทดแทนโดยตรง · คง competency mapping เดิมไว้เพราะเป็นรายการทดแทนในสายสมรรถนะเดียวกัน ต้องทบทวน mapping อีกครั้งก่อนตรึง",CORPUS-IS68076026-v1.5R-01OCT26,ONET31.0-IS68076026-v1.0,v0.9_core
CRT-R12-05,certification,R12,วิศวกรความมั่นคงปลอดภัย,Security Engineer,15-1299.05,security,exact,5,AWS Certified Security – Specialty,Amazon Web Services,vendor_or_body,AWS Certification,https://aws.amazon.com/certification/certified-security-specialty/,vendor_cert,Advanced,3,proctored exam,English,ใบรับรองระดับ specialty ยืนยันความเชี่ยวชาญการออกแบบความปลอดภัยบน AWS เชิงลึก,AWS security architecture|Incident response|Logging and monitoring|Data protection|IAM design,AWS IAM|KMS|GuardDuty|CloudTrail,no,REQ-R12-2.A.1.a|REQ-R12-2.A.2.a|REQ-R12-2.A.2.d|REQ-R12-2.B.4.g|REQ-R12-2.B.4.h|REQ-R12-2.C.3.a|REQ-R12-2.C.3.b|REQ-R12-2.C.7.a|REQ-R12-4.A.1.a.1|REQ-R12-4.A.1.a.2|REQ-R12-4.A.1.b.1|REQ-R12-4.A.2.a.2|REQ-R12-4.A.2.a.3|REQ-R12-4.A.2.a.4|REQ-R12-4.A.2.b.1|REQ-R12-4.A.2.b.2|REQ-R12-4.A.2.b.3|REQ-R12-4.A.2.b.6|REQ-R12-4.A.3.b.1,REQ-R12-2.B.4.g|REQ-R12-2.B.4.h|REQ-R12-4.A.1.a.2|REQ-R12-4.A.2.a.3,"Analyzing Data or Information|Computers and Electronics|Critical Thinking|Engineering and Technology|English Language|Evaluating Information to Determine Compliance with Standards|Getting Information|Identifying Objects, Actions, and Events|Making Decisions and Solving Problems|Monitoring|Monitoring Processes, Materials, or Surroundings|Organizing, Planning, and Prioritizing Work|Processing Information|Reading Comprehension|Systems Analysis|Systems Evaluation|Thinking Creatively|Updating and Using Relevant Knowledge|Working with Computers",19,4,Essential Skills|Knowledge|Transferable Skills|Work Activities,0.648045,0.121381,64.80,12.14,150,exam-fee-required,300,SCS-C02,3,ประสบการณ์ AWS security 2 ปี,advanced_or_cert_prep,certification_only|both,3,verified,2026-08-31,ผู้วิจัย (ตรวจด้วยการดึงหน้าเว็บ 31 ส.ค. 2026),,CORPUS-IS68076026-v1.5R-01OCT26,ONET31.0-IS68076026-v1.0,v0.9_core
CRT-R12-06,certification,R12,วิศวกรความมั่นคงปลอดภัย,Security Engineer,15-1299.05,security,exact,6,Google Cloud Professional Cloud Security Engineer,Google Cloud,vendor_or_body,Google Cloud Certification,https://cloud.google.com/learn/certification/cloud-security-engineer,vendor_cert,Advanced,3,proctored exam,English,ยืนยันความสามารถออกแบบและติดตั้งมาตรการความปลอดภัยที่ปฏิบัติตามข้อกำหนดบน Google Cloud,GCP IAM|Network security|Data protection|Compliance|Security operations,Google Cloud IAM|VPC Service Controls|SCC,no,REQ-R12-2.A.1.a|REQ-R12-2.A.2.a|REQ-R12-2.B.3.m|REQ-R12-2.B.4.g|REQ-R12-2.C.3.a|REQ-R12-2.C.3.b|REQ-R12-2.C.7.a|REQ-R12-4.A.1.a.1|REQ-R12-4.A.1.a.2|REQ-R12-4.A.1.b.1|REQ-R12-4.A.2.a.2|REQ-R12-4.A.2.a.3|REQ-R12-4.A.2.a.4|REQ-R12-4.A.2.b.1|REQ-R12-4.A.2.b.2|REQ-R12-4.A.2.b.3|REQ-R12-4.A.2.b.6|REQ-R12-4.A.3.b.1,REQ-R12-2.B.4.g|REQ-R12-2.C.3.a|REQ-R12-4.A.1.a.2|REQ-R12-4.A.2.a.3,"Analyzing Data or Information|Computers and Electronics|Critical Thinking|Engineering and Technology|English Language|Evaluating Information to Determine Compliance with Standards|Getting Information|Identifying Objects, Actions, and Events|Making Decisions and Solving Problems|Monitoring Processes, Materials, or Surroundings|Organizing, Planning, and Prioritizing Work|Processing Information|Quality Control Analysis|Reading Comprehension|Systems Analysis|Thinking Creatively|Updating and Using Relevant Knowledge|Working with Computers",18,4,Essential Skills|Knowledge|Transferable Skills|Work Activities,0.617403,0.131962,61.74,13.20,130,exam-fee-required,200,PCSE,2,ประสบการณ์ GCP 3 ปี,advanced_or_cert_prep,certification_only|both,3,verified,2026-08-31,ผู้วิจัย (ตรวจด้วยการดึงหน้าเว็บ 31 ส.ค. 2026),,CORPUS-IS68076026-v1.5R-01OCT26,ONET31.0-IS68076026-v1.0,v0.9_core
CRT-R12-07,certification,R12,วิศวกรความมั่นคงปลอดภัย,Security Engineer,15-1299.05,security,exact,7,Certified Kubernetes Security Specialist (CKS),Cloud Native Computing Foundation,vendor_or_body,Linux Foundation Training,https://training.linuxfoundation.org/certification/certified-kubernetes-security-specialist/,vendor_neutral_cert,Advanced,3,hands-on proctored lab exam,English,สอบภาคปฏิบัติบนคลัสเตอร์จริง ยืนยันความสามารถรักษาความปลอดภัย Kubernetes ในทุกชั้น,Cluster hardening|Supply chain security|Runtime security|Network policies|Admission control,Kubernetes|Falco|Trivy|OPA Gatekeeper,no,REQ-R12-2.A.1.a|REQ-R12-2.A.2.a|REQ-R12-2.B.4.g|REQ-R12-2.C.3.a|REQ-R12-2.C.7.a|REQ-R12-4.A.1.a.1|REQ-R12-4.A.1.a.2|REQ-R12-4.A.1.b.1|REQ-R12-4.A.2.a.3|REQ-R12-4.A.2.b.1|REQ-R12-4.A.2.b.3|REQ-R12-4.A.2.b.6|REQ-R12-4.A.3.b.1,REQ-R12-2.B.4.g|REQ-R12-2.C.3.a|REQ-R12-4.A.1.a.2|REQ-R12-4.A.2.a.3,"Computers and Electronics|Critical Thinking|English Language|Evaluating Information to Determine Compliance with Standards|Getting Information|Identifying Objects, Actions, and Events|Making Decisions and Solving Problems|Monitoring Processes, Materials, or Surroundings|Organizing, Planning, and Prioritizing Work|Reading Comprehension|Systems Analysis|Updating and Using Relevant Knowledge|Working with Computers",13,4,Essential Skills|Knowledge|Transferable Skills|Work Activities,0.452430,0.131962,45.24,13.20,120,exam-fee-required,445,CKS,2,ต้องมี CKA ที่ยังไม่หมดอายุ,advanced_or_cert_prep,certification_only|both,3,verified,2026-08-31,ผู้วิจัย (ตรวจด้วยการดึงหน้าเว็บ 31 ส.ค. 2026),,CORPUS-IS68076026-v1.5R-01OCT26,ONET31.0-IS68076026-v1.0,v0.9_core
CRT-R12-08,certification,R12,วิศวกรความมั่นคงปลอดภัย,Security Engineer,15-1299.05,security,exact,8,GIAC Security Essentials (GSEC),GIAC (SANS),vendor_or_body,GIAC,https://www.giac.org/certifications/security-essentials-gsec/,vendor_neutral_cert,Advanced,3,proctored exam,English,"ใบรับรองเชิงเทคนิคที่ครอบคลุมทั้ง Windows, Linux, เครือข่าย และการเข้ารหัส",Defense in depth|System hardening|Cryptography|Network security|Incident handling,Vendor-neutral,no,REQ-R12-2.A.1.a|REQ-R12-2.A.2.a|REQ-R12-2.B.4.g|REQ-R12-2.B.4.h|REQ-R12-2.C.3.a|REQ-R12-2.C.7.a|REQ-R12-4.A.1.a.1|REQ-R12-4.A.1.a.2|REQ-R12-4.A.1.b.1|REQ-R12-4.A.2.a.3|REQ-R12-4.A.2.b.1|REQ-R12-4.A.2.b.3|REQ-R12-4.A.2.b.6|REQ-R12-4.A.3.b.1,REQ-R12-2.A.2.a|REQ-R12-2.C.3.a|REQ-R12-4.A.1.a.2|REQ-R12-4.A.2.a.3,"Computers and Electronics|Critical Thinking|English Language|Evaluating Information to Determine Compliance with Standards|Getting Information|Identifying Objects, Actions, and Events|Making Decisions and Solving Problems|Monitoring Processes, Materials, or Surroundings|Organizing, Planning, and Prioritizing Work|Reading Comprehension|Systems Analysis|Systems Evaluation|Updating and Using Relevant Knowledge|Working with Computers",14,4,Essential Skills|Knowledge|Transferable Skills|Work Activities,0.481040,0.137210,48.10,13.72,150,exam-fee-required,999,GSEC,4,แนะนำหลักสูตร SANS SEC401,advanced_or_cert_prep,certification_only|both,3,verified,2026-08-31,ผู้วิจัย (ตรวจด้วยการดึงหน้าเว็บ 31 ส.ค. 2026),,CORPUS-IS68076026-v1.5R-01OCT26,ONET31.0-IS68076026-v1.0,v0.9_core
CRT-R12-09,certification,R12,วิศวกรความมั่นคงปลอดภัย,Security Engineer,15-1299.05,security,exact,9,Palo Alto Networks Certified Network Security Engineer (PCNSE),Palo Alto Networks,vendor_or_body,Palo Alto Networks,https://www.paloaltonetworks.com/services/education/certification,vendor_cert,Advanced,3,proctored exam,English,ใบรับรองไฟร์วอลล์ที่ตลาดงานความมั่นคงปลอดภัยในไทยต้องการสูง เพราะองค์กรใหญ่ใช้ผลิตภัณฑ์นี้แพร่หลาย,PAN-OS|Firewall deployment|Security policy design|VPN|Troubleshooting,Palo Alto NGFW|Panorama,no,REQ-R12-2.A.1.a|REQ-R12-2.A.2.a|REQ-R12-2.C.3.a|REQ-R12-2.C.3.b|REQ-R12-2.C.7.a|REQ-R12-4.A.1.a.1|REQ-R12-4.A.1.a.2|REQ-R12-4.A.1.b.1|REQ-R12-4.A.2.a.3|REQ-R12-4.A.2.b.1|REQ-R12-4.A.2.b.2|REQ-R12-4.A.2.b.3|REQ-R12-4.A.2.b.6|REQ-R12-4.A.3.b.1,REQ-R12-2.C.3.a|REQ-R12-4.A.1.a.2|REQ-R12-4.A.2.a.3,"Computers and Electronics|Critical Thinking|Engineering and Technology|English Language|Evaluating Information to Determine Compliance with Standards|Getting Information|Identifying Objects, Actions, and Events|Making Decisions and Solving Problems|Monitoring Processes, Materials, or Surroundings|Organizing, Planning, and Prioritizing Work|Reading Comprehension|Thinking Creatively|Updating and Using Relevant Knowledge|Working with Computers",14,3,Essential Skills|Knowledge|Work Activities,0.487981,0.103352,48.80,10.34,100,exam-fee-required,175,PCNSE,2,ประสบการณ์ PAN-OS 3-5 ปี,advanced_or_cert_prep,certification_only|both,3,verified,2026-08-31,ผู้วิจัย (ตรวจด้วยการดึงหน้าเว็บ 31 ส.ค. 2026),,CORPUS-IS68076026-v1.5R-01OCT26,ONET31.0-IS68076026-v1.0,v0.9_core
CRT-R12-10,certification,R12,วิศวกรความมั่นคงปลอดภัย,Security Engineer,15-1299.05,security,exact,10,CompTIA SecurityX (formerly CASP+),CompTIA,vendor_or_body,CompTIA,https://www.comptia.org/en-us/certifications/securityx/,vendor_neutral_cert,Professional,4,proctored exam,English,ใบรับรองระดับผู้เชี่ยวชาญเชิงเทคนิคที่เน้นการออกแบบสถาปัตยกรรมความปลอดภัยองค์กร,Security architecture|Risk management|Enterprise security operations|Governance|Cryptography,Vendor-neutral,no,REQ-R12-2.A.1.a|REQ-R12-2.A.2.a|REQ-R12-2.B.3.m|REQ-R12-2.B.4.g|REQ-R12-2.B.4.h|REQ-R12-2.C.3.a|REQ-R12-2.C.3.b|REQ-R12-2.C.7.a|REQ-R12-4.A.1.a.1|REQ-R12-4.A.1.b.1|REQ-R12-4.A.2.a.3|REQ-R12-4.A.2.b.1|REQ-R12-4.A.2.b.2|REQ-R12-4.A.2.b.3|REQ-R12-4.A.2.b.6|REQ-R12-4.A.3.b.1,REQ-R12-2.B.4.g|REQ-R12-2.B.4.h|REQ-R12-4.A.2.a.3,"Computers and Electronics|Critical Thinking|Engineering and Technology|English Language|Evaluating Information to Determine Compliance with Standards|Getting Information|Identifying Objects, Actions, and Events|Making Decisions and Solving Problems|Organizing, Planning, and Prioritizing Work|Quality Control Analysis|Reading Comprehension|Systems Analysis|Systems Evaluation|Thinking Creatively|Updating and Using Relevant Knowledge|Working with Computers",16,3,Essential Skills|Knowledge|Transferable Skills|Work Activities,0.543931,0.091501,54.39,9.15,150,exam-fee-required,599,CAS-005,3,ประสบการณ์ 10 ปี (5 ปีเชิงเทคนิค),advanced_or_cert_prep,certification_only|both,3,verified,2026-08-31,ผู้วิจัย (ตรวจด้วยการดึงหน้าเว็บ 31 ส.ค. 2026),,CORPUS-IS68076026-v1.5R-01OCT26,ONET31.0-IS68076026-v1.0,v0.9_core
CRT-R12-11,certification,R12,วิศวกรความมั่นคงปลอดภัย,Security Engineer,15-1299.05,security,exact,11,AWS Certified Solutions Architect – Associate,Amazon Web Services,vendor_or_body,AWS Certification,https://aws.amazon.com/certification/certified-solutions-architect-associate/,vendor_cert,Intermediate,2,proctored exam,English,ยืนยันความสามารถออกแบบสถาปัตยกรรมที่ปลอดภัย ทนทาน มีประสิทธิภาพ และคุ้มค่าบน AWS,Cloud architecture|High availability design|Cost optimization|AWS networking|Security design,Amazon EC2|Amazon S3|Amazon VPC|Amazon RDS|AWS IAM,no,REQ-R12-2.B.4.g|REQ-R12-2.B.4.h|REQ-R12-2.C.3.a|REQ-R12-4.A.2.b.1,REQ-R12-2.B.4.g|REQ-R12-2.B.4.h|REQ-R12-2.C.3.a|REQ-R12-4.A.2.b.1,Computers and Electronics|Making Decisions and Solving Problems|Systems Analysis|Systems Evaluation,4,4,Knowledge|Transferable Skills|Work Activities,0.131708,0.131708,13.17,13.17,120,exam-fee-required,150,SAA-C03,3,ประสบการณ์ใช้งาน AWS,advanced_or_cert_prep,certification_only|both,3,verified,2026-08-31,ผู้วิจัย (ตรวจด้วยการดึงหน้าเว็บ 31 ส.ค. 2026),DEC-16 ขยายข้ามบทบาทจาก CRT-R01-02 · คงชื่อ ผู้ให้บริการ URL ชั่วโมง และค่าใช้จ่ายเดิมทุกค่า · ต้องทบทวน mapping ก่อน FREEZE,CORPUS-IS68076026-v1.5R-01OCT26,ONET31.0-IS68076026-v1.0,v1.3_crossrole
CRS-R12-01,course,R12,วิศวกรความมั่นคงปลอดภัย,Security Engineer,15-1299.05,security,exact,1,Google Cybersecurity Professional Certificate,Google,mooc_platform,Coursera,https://www.coursera.org/professional-certificates/google-cybersecurity,professional_certificate,Beginner,1,self-paced online,English,ปูพื้นฐานความมั่นคงปลอดภัยครบทุกด้านก่อนต่อยอดสู่งานวิศวกรรมความปลอดภัยเชิงลึก,Security frameworks|Network security|Linux|Python|SIEM|Risk management,Linux|Python|Splunk|Chronicle,yes,REQ-R12-2.A.1.a|REQ-R12-2.A.2.a|REQ-R12-2.C.3.a|REQ-R12-2.C.7.a|REQ-R12-4.A.1.a.1|REQ-R12-4.A.1.a.2|REQ-R12-4.A.1.b.1|REQ-R12-4.A.2.a.3|REQ-R12-4.A.2.b.1|REQ-R12-4.A.2.b.3|REQ-R12-4.A.2.b.6|REQ-R12-4.A.3.b.1,REQ-R12-2.A.1.a|REQ-R12-2.A.2.a|REQ-R12-2.C.3.a|REQ-R12-4.A.1.a.2|REQ-R12-4.A.2.a.3,"Computers and Electronics|Critical Thinking|English Language|Evaluating Information to Determine Compliance with Standards|Getting Information|Identifying Objects, Actions, and Events|Making Decisions and Solving Problems|Monitoring Processes, Materials, or Surroundings|Organizing, Planning, and Prioritizing Work|Reading Comprehension|Updating and Using Relevant Knowledge|Working with Computers",12,5,Essential Skills|Knowledge|Work Activities,0.423820,0.172084,42.38,17.21,170,paid,245,,,ไม่มี,foundation,course_only|both,3,verified,2026-08-31,ผู้วิจัย (ตรวจด้วยการดึงหน้าเว็บ 31 ส.ค. 2026),,CORPUS-IS68076026-v1.5R-01OCT26,ONET31.0-IS68076026-v1.0,v0.9_core
CRS-R12-02,course,R12,วิศวกรความมั่นคงปลอดภัย,Security Engineer,15-1299.05,security,exact,2,Secure Coding Practices Specialization,University of California Davis,mooc_platform,Coursera,https://www.coursera.org/specializations/secure-coding-practices,specialization,Intermediate,2,self-paced online,English,ฝังความปลอดภัยเข้าไปในโค้ด ป้องกันช่องโหว่ตาม OWASP Top 10 และออกแบบระบบให้ปลอดภัยตั้งแต่ต้น,Secure coding|OWASP Top 10|Input validation|Threat modeling|Cryptographic practices,OWASP tools|Static analysis,no,REQ-R12-2.A.1.a|REQ-R12-2.A.2.a|REQ-R12-2.B.3.m|REQ-R12-2.B.4.g|REQ-R12-2.B.4.h|REQ-R12-2.C.3.a|REQ-R12-2.C.3.b|REQ-R12-2.C.7.a|REQ-R12-4.A.1.a.1|REQ-R12-4.A.1.b.1|REQ-R12-4.A.2.a.2|REQ-R12-4.A.2.a.3|REQ-R12-4.A.2.a.4|REQ-R12-4.A.2.b.1|REQ-R12-4.A.2.b.2|REQ-R12-4.A.2.b.3|REQ-R12-4.A.3.b.1,REQ-R12-2.A.1.a|REQ-R12-2.A.2.a|REQ-R12-2.B.3.m|REQ-R12-4.A.2.a.3,"Analyzing Data or Information|Computers and Electronics|Critical Thinking|Engineering and Technology|English Language|Evaluating Information to Determine Compliance with Standards|Getting Information|Identifying Objects, Actions, and Events|Making Decisions and Solving Problems|Processing Information|Quality Control Analysis|Reading Comprehension|Systems Analysis|Systems Evaluation|Thinking Creatively|Updating and Using Relevant Knowledge|Working with Computers",17,4,Essential Skills|Knowledge|Transferable Skills|Work Activities,0.584052,0.131623,58.41,13.16,60,paid,245,,,พื้นฐานการเขียนโปรแกรม,core_gap_closure,course_only|both,3,verified,2026-08-31,ผู้วิจัย (ตรวจด้วยการดึงหน้าเว็บ 31 ส.ค. 2026),,CORPUS-IS68076026-v1.5R-01OCT26,ONET31.0-IS68076026-v1.0,v0.9_core
CRS-R12-03,course,R12,วิศวกรความมั่นคงปลอดภัย,Security Engineer,15-1299.05,security,exact,3,Kubernetes Security Fundamentals (LFS460),The Linux Foundation,vendor_or_body,Linux Foundation Training,https://training.linuxfoundation.org/training/kubernetes-security-fundamentals-lfs460/,single_course,Advanced,3,self-paced online,English,รักษาความปลอดภัยคลัสเตอร์ Kubernetes ซึ่งเป็นเทคโนโลยี In-Demand อันดับต้นของบทบาทนี้,Kubernetes security|RBAC|Network policies|Pod security|Supply chain security|Runtime security,Kubernetes|Falco|OPA,no,REQ-R12-2.A.1.a|REQ-R12-2.A.2.a|REQ-R12-2.B.4.g|REQ-R12-2.C.3.a|REQ-R12-2.C.7.a|REQ-R12-4.A.1.a.1|REQ-R12-4.A.1.a.2|REQ-R12-4.A.1.b.1|REQ-R12-4.A.2.a.3|REQ-R12-4.A.2.b.1|REQ-R12-4.A.2.b.3|REQ-R12-4.A.3.b.1,REQ-R12-2.B.4.g|REQ-R12-2.C.3.a|REQ-R12-4.A.1.a.2|REQ-R12-4.A.2.a.3,"Computers and Electronics|Critical Thinking|English Language|Evaluating Information to Determine Compliance with Standards|Getting Information|Identifying Objects, Actions, and Events|Making Decisions and Solving Problems|Monitoring Processes, Materials, or Surroundings|Reading Comprehension|Systems Analysis|Updating and Using Relevant Knowledge|Working with Computers",12,4,Essential Skills|Knowledge|Transferable Skills|Work Activities,0.420349,0.131962,42.03,13.20,50,paid,599,,,ประสบการณ์ Kubernetes,advanced_or_cert_prep,course_only|both,3,verified,2026-08-31,ผู้วิจัย (ตรวจด้วยการดึงหน้าเว็บ 31 ส.ค. 2026),,CORPUS-IS68076026-v1.5R-01OCT26,ONET31.0-IS68076026-v1.0,v0.9_core
CRS-R12-04,course,R12,วิศวกรความมั่นคงปลอดภัย,Security Engineer,15-1299.05,security,exact,4,AWS Security Fundamentals & Security Learning Plan,Amazon Web Services,vendor_or_body,AWS Skill Builder,https://skillbuilder.aws/,specialization,Intermediate,2,self-paced online,English,"เรียนฟรีจากผู้ผลิตโดยตรง ครอบคลุม IAM, การเข้ารหัส, การตรวจจับ และการตอบสนองบน AWS",AWS IAM|Encryption|Security monitoring|Incident response on AWS|Compliance,AWS IAM|KMS|GuardDuty|Security Hub,no,REQ-R12-2.A.1.a|REQ-R12-2.A.2.a|REQ-R12-2.A.2.d|REQ-R12-2.B.3.m|REQ-R12-2.B.4.g|REQ-R12-2.C.3.a|REQ-R12-2.C.7.a|REQ-R12-4.A.1.a.1|REQ-R12-4.A.1.a.2|REQ-R12-4.A.1.b.1|REQ-R12-4.A.2.a.3|REQ-R12-4.A.2.b.1|REQ-R12-4.A.2.b.3|REQ-R12-4.A.3.b.1,REQ-R12-2.B.4.g|REQ-R12-2.C.3.a|REQ-R12-4.A.1.a.2|REQ-R12-4.A.2.a.3,"Computers and Electronics|Critical Thinking|English Language|Evaluating Information to Determine Compliance with Standards|Getting Information|Identifying Objects, Actions, and Events|Making Decisions and Solving Problems|Monitoring|Monitoring Processes, Materials, or Surroundings|Quality Control Analysis|Reading Comprehension|Systems Analysis|Updating and Using Relevant Knowledge|Working with Computers",14,4,Essential Skills|Knowledge|Transferable Skills|Work Activities,0.479601,0.131962,47.96,13.20,40,free,0,,,พื้นฐาน AWS,core_gap_closure,course_only|both,3,verified,2026-08-31,ผู้วิจัย (ตรวจด้วยการดึงหน้าเว็บ 31 ส.ค. 2026),,CORPUS-IS68076026-v1.5R-01OCT26,ONET31.0-IS68076026-v1.0,v0.9_core
CRS-R12-05,course,R12,วิศวกรความมั่นคงปลอดภัย,Security Engineer,15-1299.05,security,exact,5,Microsoft Cybersecurity Architect Learning Path (SC-100),Microsoft,vendor_or_body,Microsoft Learn,https://learn.microsoft.com/en-us/training/browse/?products=azure&subjects=security,specialization,Advanced,3,self-paced online,English,ออกแบบสถาปัตยกรรมความปลอดภัยแบบ Zero Trust สำหรับองค์กรที่ใช้ Microsoft เป็นหลัก,Zero Trust architecture|Identity security|Data protection|Security governance|GRC,Microsoft Entra|Defender|Azure Policy,no,REQ-R12-2.A.1.a|REQ-R12-2.A.2.a|REQ-R12-2.B.3.m|REQ-R12-2.B.4.g|REQ-R12-2.B.4.h|REQ-R12-2.C.3.a|REQ-R12-2.C.3.b|REQ-R12-2.C.7.a|REQ-R12-4.A.1.a.1|REQ-R12-4.A.1.b.1|REQ-R12-4.A.2.a.2|REQ-R12-4.A.2.a.3|REQ-R12-4.A.2.a.4|REQ-R12-4.A.2.b.1|REQ-R12-4.A.2.b.2|REQ-R12-4.A.2.b.3|REQ-R12-4.A.3.b.1,REQ-R12-2.B.4.g|REQ-R12-2.B.4.h|REQ-R12-4.A.2.a.3,"Analyzing Data or Information|Computers and Electronics|Critical Thinking|Engineering and Technology|English Language|Evaluating Information to Determine Compliance with Standards|Getting Information|Identifying Objects, Actions, and Events|Making Decisions and Solving Problems|Processing Information|Quality Control Analysis|Reading Comprehension|Systems Analysis|Systems Evaluation|Thinking Creatively|Updating and Using Relevant Knowledge|Working with Computers",17,3,Essential Skills|Knowledge|Transferable Skills|Work Activities,0.584052,0.091501,58.41,9.15,70,free,0,,,AZ-500 หรือ SC-200,advanced_or_cert_prep,course_only|both,3,verified,2026-08-31,ผู้วิจัย (ตรวจด้วยการดึงหน้าเว็บ 31 ส.ค. 2026),,CORPUS-IS68076026-v1.5R-01OCT26,ONET31.0-IS68076026-v1.0,v0.9_core
CRS-R12-06,course,R12,วิศวกรความมั่นคงปลอดภัย,Security Engineer,15-1299.05,security,exact,6,Introduction to Cybersecurity Tools & Cyberattacks,IBM,mooc_platform,Coursera,https://www.coursera.org/learn/introduction-cybersecurity-cyber-attacks,single_course,Beginner,1,self-paced online,English,เข้าใจภูมิทัศน์ภัยคุกคามและเครื่องมือป้องกันหลัก ก่อนออกแบบระบบป้องกันขององค์กร,Threat landscape|Security tools|Attack vectors|Defense mechanisms,Vendor-neutral,no,REQ-R12-2.A.1.a|REQ-R12-2.B.4.g|REQ-R12-2.B.4.h|REQ-R12-2.C.3.a|REQ-R12-2.C.3.b|REQ-R12-2.C.7.a|REQ-R12-4.A.1.a.1|REQ-R12-4.A.1.b.1|REQ-R12-4.A.2.b.2|REQ-R12-4.A.2.b.3|REQ-R12-4.A.3.b.1,REQ-R12-2.A.1.a|REQ-R12-2.C.3.a|REQ-R12-2.C.3.b|REQ-R12-4.A.1.b.1,"Computers and Electronics|Engineering and Technology|English Language|Getting Information|Identifying Objects, Actions, and Events|Reading Comprehension|Systems Analysis|Systems Evaluation|Thinking Creatively|Updating and Using Relevant Knowledge|Working with Computers",11,4,Essential Skills|Knowledge|Transferable Skills|Work Activities,0.379804,0.145506,37.98,14.55,25,paid,49,,,ไม่มี,foundation,course_only|both,2,verified,2026-08-31,ผู้วิจัย (ตรวจด้วยการดึงหน้าเว็บ 31 ส.ค. 2026),,CORPUS-IS68076026-v1.5R-01OCT26,ONET31.0-IS68076026-v1.0,v0.9_core
CRS-R12-07,course,R12,วิศวกรความมั่นคงปลอดภัย,Security Engineer,15-1299.05,security,exact,7,Introduction to DevSecOps,Johns Hopkins University,mooc_platform,Coursera,https://www.coursera.org/learn/introduction-to-devsecops,single_course,Intermediate,2,self-paced online,English,ฝังการตรวจสอบความปลอดภัยเข้าไปใน CI/CD ทำให้ตรวจพบช่องโหว่ก่อนขึ้นระบบจริง,DevSecOps|SAST/DAST|Container scanning|Secrets management|Pipeline security,Jenkins|SonarQube|Trivy|Vault,no,REQ-R12-2.A.1.a|REQ-R12-2.A.2.a|REQ-R12-2.B.3.m|REQ-R12-2.B.4.g|REQ-R12-2.B.4.h|REQ-R12-2.C.3.a|REQ-R12-2.C.7.a|REQ-R12-4.A.1.a.1|REQ-R12-4.A.1.a.2|REQ-R12-4.A.1.b.1|REQ-R12-4.A.2.a.3|REQ-R12-4.A.2.b.1|REQ-R12-4.A.2.b.3|REQ-R12-4.A.3.b.1,REQ-R12-2.B.3.m|REQ-R12-2.B.4.g|REQ-R12-4.A.1.a.2|REQ-R12-4.A.2.a.3,"Computers and Electronics|Critical Thinking|English Language|Evaluating Information to Determine Compliance with Standards|Getting Information|Identifying Objects, Actions, and Events|Making Decisions and Solving Problems|Monitoring Processes, Materials, or Surroundings|Quality Control Analysis|Reading Comprehension|Systems Analysis|Systems Evaluation|Updating and Using Relevant Knowledge|Working with Computers",14,4,Essential Skills|Knowledge|Transferable Skills|Work Activities,0.477569,0.121381,47.76,12.14,20,paid,49,,,พื้นฐาน CI/CD,core_gap_closure,course_only|both,2,verified,2026-08-31,ผู้วิจัย (ตรวจด้วยการดึงหน้าเว็บ 31 ส.ค. 2026),[FIX 2026-08-31] แก้ URL ตามหน้าปลายทางที่ยืนยันแล้ว,CORPUS-IS68076026-v1.5R-01OCT26,ONET31.0-IS68076026-v1.0,v0.9_core
CRS-R12-08,course,R12,วิศวกรความมั่นคงปลอดภัย,Security Engineer,15-1299.05,security,exact,8,Google Cloud Security Engineer Learning Path,Google Cloud,vendor_or_body,Google Cloud Skills Boost,https://www.cloudskillsboost.google/paths/34,specialization,Advanced,3,self-paced online,English,ฝึกปฏิบัติผ่านห้องแล็บจริงเรื่องการควบคุมการเข้าถึง การป้องกันข้อมูล และการตรวจจับบน GCP,GCP IAM|VPC Service Controls|Data protection|Security Command Center|Compliance,Google Cloud IAM|Security Command Center,yes,REQ-R12-2.A.1.a|REQ-R12-2.A.2.a|REQ-R12-2.B.3.m|REQ-R12-2.B.4.g|REQ-R12-2.C.3.a|REQ-R12-2.C.7.a|REQ-R12-4.A.1.a.1|REQ-R12-4.A.1.a.2|REQ-R12-4.A.1.b.1|REQ-R12-4.A.2.a.2|REQ-R12-4.A.2.a.3|REQ-R12-4.A.2.a.4|REQ-R12-4.A.2.b.1|REQ-R12-4.A.2.b.3|REQ-R12-4.A.3.b.1,REQ-R12-2.B.4.g|REQ-R12-2.C.3.a|REQ-R12-4.A.1.a.2|REQ-R12-4.A.2.a.3,"Analyzing Data or Information|Computers and Electronics|Critical Thinking|English Language|Evaluating Information to Determine Compliance with Standards|Getting Information|Identifying Objects, Actions, and Events|Making Decisions and Solving Problems|Monitoring Processes, Materials, or Surroundings|Processing Information|Quality Control Analysis|Reading Comprehension|Systems Analysis|Updating and Using Relevant Knowledge|Working with Computers",15,4,Essential Skills|Knowledge|Transferable Skills|Work Activities,0.521161,0.131962,52.12,13.20,60,low-cost,348,,,พื้นฐาน GCP,advanced_or_cert_prep,course_only|both,3,pending_verification,,,[FETCH_ERROR] ตอบ 403 ต้องตรวจซ้ำ (โดเมนย้ายไป skills.google),CORPUS-IS68076026-v1.5R-01OCT26,ONET31.0-IS68076026-v1.0,v0.9_core
CRS-R12-09,course,R12,วิศวกรความมั่นคงปลอดภัย,Security Engineer,15-1299.05,security,exact,9,Palo Alto Networks Network Security Fundamentals,Palo Alto Networks,mooc_platform,Coursera,https://www.coursera.org/learn/palo-alto-networks-network-security-fundamentals,specialization,Intermediate,2,self-paced online,English,ตั้งค่าและดูแลไฟร์วอลล์รุ่นใหม่ ซึ่งเป็นงานหลักตามนิยาม O*NET ของบทบาทนี้,Next-generation firewall|Security policies|VPN|Threat prevention|Network segmentation,Palo Alto NGFW|PAN-OS,no,REQ-R12-2.A.1.a|REQ-R12-2.A.2.a|REQ-R12-2.C.3.a|REQ-R12-2.C.7.a|REQ-R12-4.A.1.a.1|REQ-R12-4.A.1.a.2|REQ-R12-4.A.1.b.1|REQ-R12-4.A.2.a.3|REQ-R12-4.A.2.b.1|REQ-R12-4.A.2.b.3|REQ-R12-4.A.3.b.1,REQ-R12-2.C.3.a|REQ-R12-4.A.1.a.2|REQ-R12-4.A.2.a.3,"Computers and Electronics|Critical Thinking|English Language|Evaluating Information to Determine Compliance with Standards|Getting Information|Identifying Objects, Actions, and Events|Making Decisions and Solving Problems|Monitoring Processes, Materials, or Surroundings|Reading Comprehension|Updating and Using Relevant Knowledge|Working with Computers",11,3,Essential Skills|Knowledge|Work Activities,0.391739,0.103352,39.17,10.34,90,paid,245,,,พื้นฐานเครือข่าย,core_gap_closure,course_only|both,3,verified,2026-08-31,ผู้วิจัย (ตรวจด้วยการดึงหน้าเว็บ 31 ส.ค. 2026),[FIX 2026-08-31] แก้ URL ตามหน้าปลายทางที่ยืนยันแล้ว,CORPUS-IS68076026-v1.5R-01OCT26,ONET31.0-IS68076026-v1.0,v0.9_core
CRS-R12-10,course,R12,วิศวกรความมั่นคงปลอดภัย,Security Engineer,15-1299.05,security,exact,10,Identity and Access Management Learning Path,Okta,vendor_or_body,Okta Learning,https://www.okta.com/services/training/,specialization,Intermediate,2,self-paced online,English,"เข้าใจ SSO, MFA และการบริหารตัวตน ซึ่งเป็นรายการ In-Demand ที่ระบุไว้ในบทบาทนี้",Identity and access management|SSO|MFA|SAML|OAuth 2.0|Directory integration,Okta|Active Directory|SAML|OIDC,no,REQ-R12-2.A.1.a|REQ-R12-2.A.2.a|REQ-R12-2.B.4.g|REQ-R12-2.B.4.h|REQ-R12-2.C.3.a|REQ-R12-2.C.7.a|REQ-R12-4.A.1.a.1|REQ-R12-4.A.1.a.2|REQ-R12-4.A.1.b.1|REQ-R12-4.A.2.a.3|REQ-R12-4.A.2.b.1|REQ-R12-4.A.2.b.3|REQ-R12-4.A.3.b.1,REQ-R12-2.B.4.g|REQ-R12-2.C.3.a|REQ-R12-4.A.1.a.2|REQ-R12-4.A.2.a.3,"Computers and Electronics|Critical Thinking|English Language|Evaluating Information to Determine Compliance with Standards|Getting Information|Identifying Objects, Actions, and Events|Making Decisions and Solving Problems|Monitoring Processes, Materials, or Surroundings|Reading Comprehension|Systems Analysis|Systems Evaluation|Updating and Using Relevant Knowledge|Working with Computers",13,4,Essential Skills|Knowledge|Transferable Skills|Work Activities,0.448959,0.131962,44.90,13.20,30,free,0,,,พื้นฐานความมั่นคงปลอดภัย,core_gap_closure,course_only|both,2,verified,2026-08-31,ผู้วิจัย (ตรวจด้วยการดึงหน้าเว็บ 31 ส.ค. 2026),,CORPUS-IS68076026-v1.5R-01OCT26,ONET31.0-IS68076026-v1.0,v0.9_core
CRS-R12-11,course,R12,วิศวกรความมั่นคงปลอดภัย,Security Engineer,15-1299.05,security,exact,11,Improving Communication Skills,University of Pennsylvania (Wharton),mooc_platform,Coursera,https://www.coursera.org/learn/wharton-communication-skills,single_course,Beginner,1,self-paced online,English,สื่อสารเชิงวิชาชีพอย่างมีประสิทธิผล ฟังอย่างตั้งใจ ตีความสารของผู้อื่น สร้างความไว้วางใจ และสื่อสารกับผู้มีส่วนได้เสียทั้งในและนอกองค์กร,Active listening|Professional communication|Stakeholder communication|Building trust|Persuasion,,no,REQ-R12-2.A.1.b|REQ-R12-2.A.1.d|REQ-R12-4.A.4.a.1|REQ-R12-4.A.4.a.2|REQ-R12-4.A.4.a.3|REQ-R12-4.A.4.b.6,REQ-R12-2.A.1.b|REQ-R12-2.A.1.d|REQ-R12-4.A.4.a.1|REQ-R12-4.A.4.a.2|REQ-R12-4.A.4.a.3|REQ-R12-4.A.4.b.6,"Active Listening|Communicating with People Outside the Organization|Communicating with Supervisors, Peers, or Subordinates|Interpreting the Meaning of Information for Others|Providing Consultation and Advice to Others|Speaking",6,6,Essential Skills|Work Activities,0.193837,0.193837,19.38,19.38,10,low-cost,49,,,,core_gap_closure,course_only|both,2,verified,2026-08-31,ผู้วิจัย (ตรวจด้วยการดึงหน้าเว็บ 31 ส.ค. 2026),ปิดช่องว่างกลุ่มการสื่อสารตาม DEC-09 · ยืนยันการมีอยู่ของแหล่งข้อมูลด้วยการค้นเว็บเมื่อ 2026-08-31,CORPUS-IS68076026-v1.5R-01OCT26,ONET31.0-IS68076026-v1.0,v1.0_gap_closure
CRS-R12-12,course,R12,วิศวกรความมั่นคงปลอดภัย,Security Engineer,15-1299.05,security,exact,12,Google Technical Writing Courses (One and Two),Google,vendor_or_body,Google for Developers,https://developers.google.com/tech-writing,single_course,Beginner,1,self-paced online,English,เขียนเอกสารทางเทคนิคที่ถูกต้องและอ่านเข้าใจง่าย จัดโครงสร้างเอกสาร บันทึกขั้นตอนการทำงาน และทบทวนงานเขียนของผู้อื่น,Technical writing|Documentation structure|Editing|Recording procedures,,no,REQ-R12-2.A.1.c|REQ-R12-4.A.3.b.6,REQ-R12-2.A.1.c|REQ-R12-4.A.3.b.6,Documenting/Recording Information|Writing,2,2,Essential Skills|Work Activities,0.065854,0.065854,6.59,6.59,16,free,0,,,,core_gap_closure,course_only|both,2,verified,2026-08-31,ผู้วิจัย (ตรวจด้วยการดึงหน้าเว็บ 31 ส.ค. 2026),ปิดช่องว่างกลุ่มการเขียนและการจัดทำเอกสารตาม DEC-09 · ยืนยันการมีอยู่ของแหล่งข้อมูลด้วยการค้นเว็บเมื่อ 2026-08-31,CORPUS-IS68076026-v1.5R-01OCT26,ONET31.0-IS68076026-v1.0,v1.0_gap_closure
CRS-R12-13,course,R12,วิศวกรความมั่นคงปลอดภัย,Security Engineer,15-1299.05,security,exact,13,Leading Teams,University of Michigan,mooc_platform,Coursera,https://www.coursera.org/learn/leading-teams,single_course,Intermediate,2,self-paced online,English,สร้างและพัฒนาทีม มอบหมายงานตามความถนัด สอนงานเพื่อนร่วมทีม และประเมินผลการทำงานของทีม,Team building|Coaching|Delegation|Team performance,,no,REQ-R12-4.A.4.b.2|REQ-R12-4.A.4.b.3,REQ-R12-4.A.4.b.2|REQ-R12-4.A.4.b.3,Developing and Building Teams|Training and Teaching Others,2,2,Work Activities,0.063653,0.063653,6.37,6.37,15,low-cost,49,,,,core_gap_closure,course_only|both,2,verified,2026-08-31,ผู้วิจัย (ตรวจด้วยการดึงหน้าเว็บ 31 ส.ค. 2026),ปิดช่องว่างการสร้างทีมและการสอนงานตาม DEC-09 · ยืนยันการมีอยู่ของแหล่งข้อมูลด้วยการค้นเว็บเมื่อ 2026-08-31,CORPUS-IS68076026-v1.5R-01OCT26,ONET31.0-IS68076026-v1.0,v1.0_gap_closure
CRS-R12-14,course,R12,วิศวกรความมั่นคงปลอดภัย,Security Engineer,15-1299.05,security,exact,14,Site Reliability Engineering: Measuring and Managing Reliability,Google Cloud,mooc_platform,Coursera,https://www.coursera.org/learn/site-reliability-engineering-slos,single_course,Intermediate,2,self-paced online,English,กำหนด SLI/SLO/error budget ซึ่งเป็นแนวคิดแกนกลางที่แยก SRE ออกจากงานดูแลระบบแบบเดิม,SLI/SLO design|Error budgets|Reliability measurement|Incident response|Toil reduction,Prometheus|Grafana|Cloud Monitoring,no,REQ-R12-2.A.2.d|REQ-R12-4.A.1.a.2|REQ-R12-4.A.2.a.4,REQ-R12-2.A.2.d|REQ-R12-4.A.1.a.2|REQ-R12-4.A.2.a.4,"Analyzing Data or Information|Monitoring|Monitoring Processes, Materials, or Surroundings",3,3,Essential Skills|Work Activities,0.097512,0.097512,9.75,9.75,15,paid,49,,,พื้นฐานการดูแลระบบ,core_gap_closure,course_only|both,3,verified,2026-08-31,ผู้วิจัย (ตรวจด้วยการดึงหน้าเว็บ 31 ส.ค. 2026),DEC-16 ขยายข้ามบทบาทจาก CRS-R17-02 · คงชื่อ ผู้ให้บริการ URL ชั่วโมง และค่าใช้จ่ายเดิมทุกค่า · ต้องทบทวน mapping ก่อน FREEZE,CORPUS-IS68076026-v1.5R-01OCT26,ONET31.0-IS68076026-v1.0,v1.3_crossrole
CRS-R12-15,course,R12,วิศวกรความมั่นคงปลอดภัย,Security Engineer,15-1299.05,security,exact,15,Foundations of Project Management,Google,mooc_platform,Coursera,https://www.coursera.org/learn/project-management-foundations,single_course,Beginner,1,self-paced online,English,กำหนดวัตถุประสงค์และกลยุทธ์ของโครงการ ตัดสินใจบนข้อมูลที่มี ประสานงานระหว่างทีม และประเมินทางเลือกอย่างเป็นระบบ,Project scoping|Objective setting|Decision making|Coordination|Stakeholder alignment,,no,REQ-R12-4.A.2.b.2,REQ-R12-4.A.2.b.2,Thinking Creatively,1,1,Work Activities,0.030303,0.030303,3.03,3.03,26,low-cost,49,,,,core_gap_closure,course_only|both,2,verified,2026-08-31,ผู้วิจัย (ตรวจด้วยการดึงหน้าเว็บ 31 ส.ค. 2026),DEC-16 ขยายข้ามบทบาทจาก CRS-R02-11 · คงชื่อ ผู้ให้บริการ URL ชั่วโมง และค่าใช้จ่ายเดิมทุกค่า · ต้องทบทวน mapping ก่อน FREEZE,CORPUS-IS68076026-v1.5R-01OCT26,ONET31.0-IS68076026-v1.0,v1.3_crossrole
CRS-R12-16,course,R12,วิศวกรความมั่นคงปลอดภัย,Security Engineer,15-1299.05,security,exact,16,Introduction to Linux (LFS101),The Linux Foundation,mooc_platform,edX,https://www.edx.org/course/introduction-to-linux,single_course,Beginner,1,self-paced online,English,DBA ส่วนใหญ่ทำงานบน Linux หลักสูตรนี้ปิดช่องว่างด้านระบบปฏิบัติการที่พบบ่อยในผู้เริ่มต้น,Linux command line|File systems|Process management|Shell scripting|System administration,Linux|Bash,no,REQ-R12-2.C.3.a|REQ-R12-4.A.1.a.2|REQ-R12-4.A.3.b.1,REQ-R12-2.C.3.a|REQ-R12-4.A.1.a.2|REQ-R12-4.A.3.b.1,"Computers and Electronics|Monitoring Processes, Materials, or Surroundings|Working with Computers",3,3,Knowledge|Work Activities,0.110463,0.110463,11.05,11.05,60,free,0,,,ไม่มี,foundation,course_only|both,3,verified,2026-08-31,ผู้วิจัย (ตรวจด้วยการดึงหน้าเว็บ 31 ส.ค. 2026),DEC-16 ขยายข้ามบทบาทจาก CRS-R10-10 · คงชื่อ ผู้ให้บริการ URL ชั่วโมง และค่าใช้จ่ายเดิมทุกค่า · ต้องทบทวน mapping ก่อน FREEZE,CORPUS-IS68076026-v1.5R-01OCT26,ONET31.0-IS68076026-v1.0,v1.3_crossrole
CRT-R13-01,certification,R13,ผู้ทดสอบเจาะระบบ,Penetration Tester,15-1299.04,security,exact,1,OffSec Certified Professional (OSCP),OffSec,vendor_or_body,OffSec,https://www.offsec.com/courses/pen-200/,vendor_neutral_cert,Advanced,3,24-hour hands-on exam + report,English,ใบรับรองที่ตลาดงานทดสอบเจาะระบบยอมรับสูงที่สุด สอบภาคปฏิบัติ 24 ชั่วโมงพร้อมเขียนรายงาน,Exploitation|Privilege escalation|Active Directory attacks|Pivoting|Professional reporting,Kali Linux|Metasploit|Burp Suite,yes,REQ-R13-2.A.1.a|REQ-R13-2.A.1.c|REQ-R13-2.A.2.a|REQ-R13-2.A.2.b|REQ-R13-2.B.2.i|REQ-R13-2.B.3.e|REQ-R13-2.B.4.h|REQ-R13-2.C.3.a|REQ-R13-2.C.7.a|REQ-R13-4.A.1.a.1|REQ-R13-4.A.1.b.1|REQ-R13-4.A.2.a.2|REQ-R13-4.A.2.a.4|REQ-R13-4.A.2.b.1|REQ-R13-4.A.2.b.3|REQ-R13-4.A.2.b.6|REQ-R13-4.A.3.b.1|REQ-R13-4.A.3.b.6,REQ-R13-2.A.1.c|REQ-R13-2.A.2.a|REQ-R13-2.B.2.i|REQ-R13-2.B.3.e|REQ-R13-4.A.1.b.1|REQ-R13-4.A.3.b.6,"Active Learning|Analyzing Data or Information|Complex Problem Solving|Computers and Electronics|Critical Thinking|Documenting/Recording Information|English Language|Getting Information|Identifying Objects, Actions, and Events|Making Decisions and Solving Problems|Organizing, Planning, and Prioritizing Work|Processing Information|Programming|Reading Comprehension|Systems Evaluation|Updating and Using Relevant Knowledge|Working with Computers|Writing",18,6,Essential Skills|Knowledge|Transferable Skills|Work Activities,0.614989,0.200949,61.50,20.09,300,exam-fee-required,1749,OSCP,ไม่หมดอายุ,PEN-200 หรือประสบการณ์เทียบเท่า,advanced_or_cert_prep,certification_only|both,3,verified,2026-08-31,ผู้วิจัย (ตรวจด้วยการดึงหน้าเว็บ 31 ส.ค. 2026),,CORPUS-IS68076026-v1.5R-01OCT26,ONET31.0-IS68076026-v1.0,v0.9_core
CRT-R13-02,certification,R13,ผู้ทดสอบเจาะระบบ,Penetration Tester,15-1299.04,security,exact,2,OffSec Web Assessor (OSWA),OffSec,vendor_or_body,OffSec,https://www.offsec.com/courses/web-200/,vendor_neutral_cert,Advanced,3,24-hour hands-on exam + report,English,ใบรับรองเฉพาะทางการทดสอบเจาะระบบเว็บแบบ black-box ซึ่งเป็นงานที่พบบ่อยที่สุดในไทย,Web application testing|XSS|SQL injection|Authentication bypass|Reporting,Burp Suite|OWASP ZAP,yes,REQ-R13-2.A.1.a|REQ-R13-2.A.1.c|REQ-R13-2.A.2.a|REQ-R13-2.A.2.b|REQ-R13-2.B.2.i|REQ-R13-2.B.3.e|REQ-R13-2.B.4.h|REQ-R13-2.C.3.a|REQ-R13-2.C.7.a|REQ-R13-4.A.1.a.1|REQ-R13-4.A.1.b.1|REQ-R13-4.A.2.a.2|REQ-R13-4.A.2.a.3|REQ-R13-4.A.2.a.4|REQ-R13-4.A.2.b.1|REQ-R13-4.A.2.b.3|REQ-R13-4.A.2.b.6|REQ-R13-4.A.3.b.1|REQ-R13-4.A.3.b.6,REQ-R13-2.A.1.c|REQ-R13-2.A.2.a|REQ-R13-2.B.2.i|REQ-R13-2.B.3.e,"Active Learning|Analyzing Data or Information|Complex Problem Solving|Computers and Electronics|Critical Thinking|Documenting/Recording Information|English Language|Evaluating Information to Determine Compliance with Standards|Getting Information|Identifying Objects, Actions, and Events|Making Decisions and Solving Problems|Organizing, Planning, and Prioritizing Work|Processing Information|Programming|Reading Comprehension|Systems Evaluation|Updating and Using Relevant Knowledge|Working with Computers|Writing",19,4,Essential Skills|Knowledge|Transferable Skills|Work Activities,0.651576,0.129785,65.16,12.98,150,exam-fee-required,1749,OSWA,ไม่หมดอายุ,WEB-200 หรือประสบการณ์เว็บ,advanced_or_cert_prep,certification_only|both,3,pending_verification,,,[UNCLEAR] ดึงได้แต่ไม่มีเนื้อหา ต้องตรวจด้วยตา,CORPUS-IS68076026-v1.5R-01OCT26,ONET31.0-IS68076026-v1.0,v0.9_core
CRT-R13-03,certification,R13,ผู้ทดสอบเจาะระบบ,Penetration Tester,15-1299.04,security,exact,3,CompTIA PenTest+,CompTIA,vendor_or_body,CompTIA,https://www.comptia.org/en-us/certifications/pentest/,vendor_neutral_cert,Advanced,3,proctored exam,English,ใบรับรองที่เป็นกลางและครอบคลุมทั้งวงจรการทดสอบ ตั้งแต่การวางขอบเขต กฎหมาย จนถึงการรายงาน,Planning and scoping|Information gathering|Attacks and exploits|Reporting|Legal compliance,Nmap|Metasploit|Burp Suite,no,REQ-R13-2.A.1.a|REQ-R13-2.A.1.c|REQ-R13-2.A.2.a|REQ-R13-2.A.2.b|REQ-R13-2.B.2.i|REQ-R13-2.C.3.a|REQ-R13-2.C.7.a|REQ-R13-4.A.1.a.1|REQ-R13-4.A.1.b.1|REQ-R13-4.A.2.a.2|REQ-R13-4.A.2.a.3|REQ-R13-4.A.2.a.4|REQ-R13-4.A.2.b.1|REQ-R13-4.A.2.b.3|REQ-R13-4.A.2.b.4|REQ-R13-4.A.2.b.6|REQ-R13-4.A.3.b.1|REQ-R13-4.A.3.b.6,REQ-R13-2.A.1.a|REQ-R13-2.A.1.c|REQ-R13-2.A.2.a|REQ-R13-4.A.2.a.3|REQ-R13-4.A.3.b.6,"Active Learning|Analyzing Data or Information|Complex Problem Solving|Computers and Electronics|Critical Thinking|Developing Objectives and Strategies|Documenting/Recording Information|English Language|Evaluating Information to Determine Compliance with Standards|Getting Information|Identifying Objects, Actions, and Events|Making Decisions and Solving Problems|Organizing, Planning, and Prioritizing Work|Processing Information|Reading Comprehension|Updating and Using Relevant Knowledge|Working with Computers|Writing",18,5,Essential Skills|Knowledge|Transferable Skills|Work Activities,0.620215,0.173528,62.02,17.35,120,exam-fee-required,439,PT0-003,3,Network+ และ Security+ หรือประสบการณ์ 3-4 ปี,advanced_or_cert_prep,certification_only|both,3,verified,2026-08-31,ผู้วิจัย (ตรวจด้วยการดึงหน้าเว็บ 31 ส.ค. 2026),,CORPUS-IS68076026-v1.5R-01OCT26,ONET31.0-IS68076026-v1.0,v0.9_core
CRT-R13-04,certification,R13,ผู้ทดสอบเจาะระบบ,Penetration Tester,15-1299.04,security,exact,4,EC-Council Certified Ethical Hacker (CEH),EC-Council,vendor_or_body,EC-Council,https://www.eccouncil.org/train-certify/certified-ethical-hacker-ceh/,vendor_neutral_cert,Intermediate,2,proctored exam,English,ใบรับรองที่หน่วยงานราชการไทยและบริษัทจัดจ้างระบุถึงบ่อยที่สุดในประกาศรับสมัคร,Hacking methodology|Reconnaissance|System hacking|Web attacks|Cloud and IoT attacks,Kali Linux|Nmap|Metasploit|Wireshark,no,REQ-R13-2.A.1.a|REQ-R13-2.A.2.a|REQ-R13-2.A.2.b|REQ-R13-2.B.2.i|REQ-R13-2.B.4.h|REQ-R13-2.C.3.a|REQ-R13-2.C.7.a|REQ-R13-2.C.9.a|REQ-R13-4.A.1.a.1|REQ-R13-4.A.1.b.1|REQ-R13-4.A.2.a.2|REQ-R13-4.A.2.a.4|REQ-R13-4.A.2.b.1|REQ-R13-4.A.2.b.3|REQ-R13-4.A.2.b.6|REQ-R13-4.A.3.b.1,REQ-R13-2.A.1.a|REQ-R13-2.A.2.a|REQ-R13-2.C.3.a|REQ-R13-2.C.9.a|REQ-R13-4.A.1.b.1,"Active Learning|Analyzing Data or Information|Complex Problem Solving|Computers and Electronics|Critical Thinking|English Language|Getting Information|Identifying Objects, Actions, and Events|Making Decisions and Solving Problems|Organizing, Planning, and Prioritizing Work|Processing Information|Reading Comprehension|Systems Evaluation|Telecommunications|Updating and Using Relevant Knowledge|Working with Computers",16,5,Essential Skills|Knowledge|Transferable Skills|Work Activities,0.547604,0.174333,54.76,17.43,120,exam-fee-required,1199,312-50,3,อบรมทางการหรือประสบการณ์ 2 ปี,advanced_or_cert_prep,certification_only|both,3,verified,2026-08-31,ผู้วิจัย (ตรวจด้วยการดึงหน้าเว็บ 31 ส.ค. 2026),,CORPUS-IS68076026-v1.5R-01OCT26,ONET31.0-IS68076026-v1.0,v0.9_core
CRT-R13-05,certification,R13,ผู้ทดสอบเจาะระบบ,Penetration Tester,15-1299.04,security,exact,5,EC-Council CEH Practical,EC-Council,vendor_or_body,EC-Council,https://www.eccouncil.org/train-certify/certified-ethical-hacker-ceh-practical/,vendor_neutral_cert,Advanced,3,hands-on practical exam,English,ส่วนภาคปฏิบัติ 6 ชั่วโมงที่พิสูจน์ว่าผู้ถือ CEH ลงมือทำได้จริง ไม่ใช่เพียงท่องทฤษฎี,Practical exploitation|Vulnerability analysis|System hacking|Network scanning,Kali Linux|Metasploit,yes,REQ-R13-2.A.1.a|REQ-R13-2.A.2.a|REQ-R13-2.A.2.b|REQ-R13-2.B.2.i|REQ-R13-2.B.3.e|REQ-R13-2.B.4.h|REQ-R13-2.C.3.a|REQ-R13-2.C.7.a|REQ-R13-2.C.9.a|REQ-R13-4.A.1.a.1|REQ-R13-4.A.1.b.1|REQ-R13-4.A.2.a.2|REQ-R13-4.A.2.a.4|REQ-R13-4.A.2.b.1|REQ-R13-4.A.2.b.3|REQ-R13-4.A.3.b.1,REQ-R13-2.A.2.a|REQ-R13-2.B.2.i|REQ-R13-2.B.3.e|REQ-R13-4.A.1.b.1,"Active Learning|Analyzing Data or Information|Complex Problem Solving|Computers and Electronics|Critical Thinking|English Language|Getting Information|Identifying Objects, Actions, and Events|Making Decisions and Solving Problems|Processing Information|Programming|Reading Comprehension|Systems Evaluation|Telecommunications|Updating and Using Relevant Knowledge|Working with Computers",16,4,Essential Skills|Knowledge|Transferable Skills|Work Activities,0.546237,0.131393,54.62,13.14,60,exam-fee-required,550,CEH Practical,3,CEH,advanced_or_cert_prep,certification_only|both,3,verified,2026-08-31,ผู้วิจัย (ตรวจด้วยการดึงหน้าเว็บ 31 ส.ค. 2026),,CORPUS-IS68076026-v1.5R-01OCT26,ONET31.0-IS68076026-v1.0,v0.9_core
CRT-R13-06,certification,R13,ผู้ทดสอบเจาะระบบ,Penetration Tester,15-1299.04,security,exact,6,GIAC Penetration Tester (GPEN),GIAC (SANS),vendor_or_body,GIAC,https://www.giac.org/certifications/penetration-tester-gpen/,vendor_neutral_cert,Advanced,3,proctored exam,English,ใบรับรองระดับสูงที่หน่วยงานภาครัฐและองค์กรขนาดใหญ่ให้ค่ามาก ครอบคลุมการทดสอบระดับองค์กร,Penetration testing methodology|Password attacks|Azure AD attacks|Exploitation|Reporting,Metasploit|PowerShell|BloodHound,no,REQ-R13-2.A.1.a|REQ-R13-2.A.1.c|REQ-R13-2.A.2.a|REQ-R13-2.A.2.b|REQ-R13-2.B.2.i|REQ-R13-2.B.3.e|REQ-R13-2.C.3.a|REQ-R13-2.C.7.a|REQ-R13-4.A.1.a.1|REQ-R13-4.A.1.b.1|REQ-R13-4.A.2.a.2|REQ-R13-4.A.2.a.3|REQ-R13-4.A.2.a.4|REQ-R13-4.A.2.b.1|REQ-R13-4.A.2.b.3|REQ-R13-4.A.2.b.6|REQ-R13-4.A.3.b.1|REQ-R13-4.A.3.b.6|REQ-R13-4.A.4.a.1,REQ-R13-2.A.1.c|REQ-R13-2.A.2.a|REQ-R13-2.B.2.i|REQ-R13-2.B.3.e|REQ-R13-4.A.4.a.1,"Active Learning|Analyzing Data or Information|Complex Problem Solving|Computers and Electronics|Critical Thinking|Documenting/Recording Information|English Language|Evaluating Information to Determine Compliance with Standards|Getting Information|Identifying Objects, Actions, and Events|Interpreting the Meaning of Information for Others|Making Decisions and Solving Problems|Organizing, Planning, and Prioritizing Work|Processing Information|Programming|Reading Comprehension|Updating and Using Relevant Knowledge|Working with Computers|Writing",19,5,Essential Skills|Knowledge|Transferable Skills|Work Activities,0.656642,0.163960,65.66,16.40,150,exam-fee-required,999,GPEN,4,แนะนำหลักสูตร SEC560,advanced_or_cert_prep,certification_only|both,3,verified,2026-08-31,ผู้วิจัย (ตรวจด้วยการดึงหน้าเว็บ 31 ส.ค. 2026),,CORPUS-IS68076026-v1.5R-01OCT26,ONET31.0-IS68076026-v1.0,v0.9_core
CRT-R13-07,certification,R13,ผู้ทดสอบเจาะระบบ,Penetration Tester,15-1299.04,security,exact,7,GIAC Web Application Penetration Tester (GWAPT),GIAC (SANS),vendor_or_body,GIAC,https://www.giac.org/certifications/web-application-penetration-tester-gwapt/,vendor_neutral_cert,Advanced,3,proctored exam,English,ใบรับรองเฉพาะทางเว็บระดับสูง เหมาะกับผู้ที่จะทำงานตรวจสอบระบบธนาคารและอีคอมเมิร์ซ,Web application security testing|Injection attacks|Session management|Client-side attacks,Burp Suite|OWASP ZAP,no,REQ-R13-2.A.1.a|REQ-R13-2.A.1.c|REQ-R13-2.A.2.a|REQ-R13-2.A.2.b|REQ-R13-2.B.2.i|REQ-R13-2.B.3.e|REQ-R13-2.B.4.h|REQ-R13-2.C.3.a|REQ-R13-2.C.7.a|REQ-R13-4.A.1.a.1|REQ-R13-4.A.1.b.1|REQ-R13-4.A.2.a.3|REQ-R13-4.A.2.b.1|REQ-R13-4.A.2.b.3|REQ-R13-4.A.2.b.6|REQ-R13-4.A.3.b.1,REQ-R13-2.A.1.c|REQ-R13-2.A.2.a|REQ-R13-2.B.2.i|REQ-R13-2.B.3.e,"Active Learning|Complex Problem Solving|Computers and Electronics|Critical Thinking|English Language|Evaluating Information to Determine Compliance with Standards|Getting Information|Identifying Objects, Actions, and Events|Making Decisions and Solving Problems|Organizing, Planning, and Prioritizing Work|Programming|Reading Comprehension|Systems Evaluation|Updating and Using Relevant Knowledge|Working with Computers|Writing",16,4,Essential Skills|Knowledge|Transferable Skills|Work Activities,0.543262,0.129785,54.33,12.98,150,exam-fee-required,999,GWAPT,4,แนะนำหลักสูตร SEC542,advanced_or_cert_prep,certification_only|both,3,verified,2026-08-31,ผู้วิจัย (ตรวจด้วยการดึงหน้าเว็บ 31 ส.ค. 2026),,CORPUS-IS68076026-v1.5R-01OCT26,ONET31.0-IS68076026-v1.0,v0.9_core
CRT-R13-08,certification,R13,ผู้ทดสอบเจาะระบบ,Penetration Tester,15-1299.04,security,exact,8,eLearnSecurity Junior Penetration Tester (eJPT),INE Security,vendor_or_body,INE,https://ine.com/security/certifications/ejpt-certification,vendor_neutral_cert,Beginner,1,hands-on practical exam,English,ใบรับรองภาคปฏิบัติราคาเข้าถึงได้ เหมาะเป็นก้าวแรกของนักศึกษาที่จะเข้าสายทดสอบเจาะระบบ,Network scanning|Web application testing|Exploitation basics|Reporting,Kali Linux|Nmap|Metasploit,yes,REQ-R13-2.A.1.a|REQ-R13-2.A.1.c|REQ-R13-2.A.2.a|REQ-R13-2.A.2.b|REQ-R13-2.B.2.i|REQ-R13-2.B.3.e|REQ-R13-2.B.4.h|REQ-R13-2.C.3.a|REQ-R13-2.C.7.a|REQ-R13-2.C.9.a|REQ-R13-4.A.1.a.1|REQ-R13-4.A.1.b.1|REQ-R13-4.A.2.a.2|REQ-R13-4.A.2.a.3|REQ-R13-4.A.2.a.4|REQ-R13-4.A.2.b.1|REQ-R13-4.A.2.b.3|REQ-R13-4.A.3.b.1|REQ-R13-4.A.3.b.6,REQ-R13-2.A.1.a|REQ-R13-2.A.2.a|REQ-R13-2.B.3.e|REQ-R13-4.A.1.b.1,"Active Learning|Analyzing Data or Information|Complex Problem Solving|Computers and Electronics|Critical Thinking|Documenting/Recording Information|English Language|Evaluating Information to Determine Compliance with Standards|Getting Information|Identifying Objects, Actions, and Events|Making Decisions and Solving Problems|Processing Information|Programming|Reading Comprehension|Systems Evaluation|Telecommunications|Updating and Using Relevant Knowledge|Working with Computers|Writing",19,4,Essential Skills|Knowledge|Transferable Skills|Work Activities,0.652380,0.132358,65.24,13.24,80,exam-fee-required,249,eJPT,3,ไม่มี,core_gap_closure,certification_only|both,2,verified,2026-08-31,ผู้วิจัย (ตรวจด้วยการดึงหน้าเว็บ 31 ส.ค. 2026),แก้ URL ตามการเปลี่ยนเส้นทางที่ยืนยันแล้วเมื่อ 2026-08-31,CORPUS-IS68076026-v1.5R-01OCT26,ONET31.0-IS68076026-v1.0,v0.9_core
CRT-R13-09,certification,R13,ผู้ทดสอบเจาะระบบ,Penetration Tester,15-1299.04,security,exact,9,eLearnSecurity Certified Professional Penetration Tester (eCPPT),INE Security,vendor_or_body,INE,https://ine.com/security/certifications/ecppt-certification,vendor_neutral_cert,Advanced,3,hands-on exam + report,English,ใบรับรองระดับกลางที่เน้นการเขียนรายงานเชิงวิชาชีพ ซึ่งตรงกับสมรรถนะ Writing (IM 4.00) ของบทบาทนี้,Network penetration testing|Web attacks|Privilege escalation|Professional report writing,Metasploit|Burp Suite|PowerShell,yes,REQ-R13-2.A.1.a|REQ-R13-2.A.1.c|REQ-R13-2.A.2.a|REQ-R13-2.A.2.b|REQ-R13-2.B.2.i|REQ-R13-2.B.3.e|REQ-R13-2.C.3.a|REQ-R13-2.C.7.a|REQ-R13-2.C.9.a|REQ-R13-4.A.1.a.1|REQ-R13-4.A.1.b.1|REQ-R13-4.A.2.a.2|REQ-R13-4.A.2.a.3|REQ-R13-4.A.2.a.4|REQ-R13-4.A.2.b.1|REQ-R13-4.A.2.b.3|REQ-R13-4.A.2.b.6|REQ-R13-4.A.3.b.1|REQ-R13-4.A.3.b.6,REQ-R13-2.A.1.c|REQ-R13-2.A.2.a|REQ-R13-2.B.2.i|REQ-R13-2.B.3.e|REQ-R13-4.A.3.b.6,"Active Learning|Analyzing Data or Information|Complex Problem Solving|Computers and Electronics|Critical Thinking|Documenting/Recording Information|English Language|Evaluating Information to Determine Compliance with Standards|Getting Information|Identifying Objects, Actions, and Events|Making Decisions and Solving Problems|Organizing, Planning, and Prioritizing Work|Processing Information|Programming|Reading Comprehension|Telecommunications|Updating and Using Relevant Knowledge|Working with Computers|Writing",19,5,Essential Skills|Knowledge|Transferable Skills|Work Activities,0.655838,0.167176,65.58,16.72,150,exam-fee-required,400,eCPPT,3,eJPT หรือประสบการณ์เทียบเท่า,advanced_or_cert_prep,certification_only|both,2,verified,2026-08-31,ผู้วิจัย (ตรวจด้วยการดึงหน้าเว็บ 31 ส.ค. 2026),แก้ URL ตามการเปลี่ยนเส้นทางที่ยืนยันแล้วเมื่อ 2026-08-31,CORPUS-IS68076026-v1.5R-01OCT26,ONET31.0-IS68076026-v1.0,v0.9_core
CRT-R13-10,certification,R13,ผู้ทดสอบเจาะระบบ,Penetration Tester,15-1299.04,security,exact,10,HTB Certified Penetration Testing Specialist (CPTS),Hack The Box,vendor_or_body,Hack The Box,https://academy.hackthebox.com/preview/certifications/htb-certified-penetration-testing-specialist,vendor_neutral_cert,Advanced,3,10-day hands-on exam + report,English,ใบรับรองภาคปฏิบัติ 10 วันที่ได้รับการยอมรับเพิ่มขึ้นอย่างรวดเร็ว และเน้นรายงานระดับลูกค้าจริง,Enterprise penetration testing|Active Directory|Pivoting|Client-grade reporting,Kali Linux|BloodHound|Impacket,yes,REQ-R13-2.A.1.a|REQ-R13-2.A.1.c|REQ-R13-2.A.2.a|REQ-R13-2.A.2.b|REQ-R13-2.B.2.i|REQ-R13-2.C.1.e|REQ-R13-2.C.3.a|REQ-R13-2.C.7.a|REQ-R13-4.A.1.a.1|REQ-R13-4.A.1.b.1|REQ-R13-4.A.2.a.2|REQ-R13-4.A.2.a.3|REQ-R13-4.A.2.a.4|REQ-R13-4.A.2.b.1|REQ-R13-4.A.2.b.3|REQ-R13-4.A.2.b.6|REQ-R13-4.A.3.b.1|REQ-R13-4.A.3.b.6,REQ-R13-2.A.1.c|REQ-R13-2.A.2.a|REQ-R13-2.B.2.i|REQ-R13-4.A.1.b.1|REQ-R13-4.A.3.b.6,"Active Learning|Analyzing Data or Information|Complex Problem Solving|Computers and Electronics|Critical Thinking|Customer and Personal Service|Documenting/Recording Information|English Language|Evaluating Information to Determine Compliance with Standards|Getting Information|Identifying Objects, Actions, and Events|Making Decisions and Solving Problems|Organizing, Planning, and Prioritizing Work|Processing Information|Reading Comprehension|Updating and Using Relevant Knowledge|Working with Computers|Writing",18,5,Essential Skills|Knowledge|Transferable Skills|Work Activities,0.621421,0.169749,62.14,16.97,250,exam-fee-required,490,CPTS,ไม่หมดอายุ,Penetration Tester Job Role Path,advanced_or_cert_prep,certification_only|both,2,verified,2026-08-31,ผู้วิจัย (ตรวจด้วยการดึงหน้าเว็บ 31 ส.ค. 2026),,CORPUS-IS68076026-v1.5R-01OCT26,ONET31.0-IS68076026-v1.0,v0.9_core
CRT-R13-11,certification,R13,ผู้ทดสอบเจาะระบบ,Penetration Tester,15-1299.04,security,exact,11,AWS Certified Solutions Architect – Associate,Amazon Web Services,vendor_or_body,AWS Certification,https://aws.amazon.com/certification/certified-solutions-architect-associate/,vendor_cert,Intermediate,2,proctored exam,English,ยืนยันความสามารถออกแบบสถาปัตยกรรมที่ปลอดภัย ทนทาน มีประสิทธิภาพ และคุ้มค่าบน AWS,Cloud architecture|High availability design|Cost optimization|AWS networking|Security design,Amazon EC2|Amazon S3|Amazon VPC|Amazon RDS|AWS IAM,no,REQ-R13-2.B.4.h|REQ-R13-2.C.3.a|REQ-R13-4.A.2.b.1,REQ-R13-2.B.4.h|REQ-R13-2.C.3.a|REQ-R13-4.A.2.b.1,Computers and Electronics|Making Decisions and Solving Problems|Systems Evaluation,3,3,Knowledge|Transferable Skills|Work Activities,0.105902,0.105902,10.59,10.59,120,exam-fee-required,150,SAA-C03,3,ประสบการณ์ใช้งาน AWS,advanced_or_cert_prep,certification_only|both,3,verified,2026-08-31,ผู้วิจัย (ตรวจด้วยการดึงหน้าเว็บ 31 ส.ค. 2026),DEC-16 ขยายข้ามบทบาทจาก CRT-R01-02 · คงชื่อ ผู้ให้บริการ URL ชั่วโมง และค่าใช้จ่ายเดิมทุกค่า · ต้องทบทวน mapping ก่อน FREEZE,CORPUS-IS68076026-v1.5R-01OCT26,ONET31.0-IS68076026-v1.0,v1.3_crossrole
CRT-R13-12,certification,R13,ผู้ทดสอบเจาะระบบ,Penetration Tester,15-1299.04,security,exact,12,ITIL 4 Foundation,PeopleCert (AXELOS),vendor_or_body,PeopleCert,https://www.peoplecert.org/browse-certifications/it-governance-and-service-management/ITIL-1/itil-4-foundation-2565,vendor_neutral_cert,Beginner,1,proctored exam,English,กรอบการบริหารบริการไอทีที่องค์กรไทยใช้เป็นมาตรฐาน ช่วยให้ PM เข้าใจงานปฏิบัติการหลังส่งมอบโครงการ,IT service management|Service value system|ITIL practices|Continual improvement,ITIL framework|ServiceNow,no,REQ-R13-2.C.1.e|REQ-R13-4.A.2.a.3|REQ-R13-4.A.2.b.4,REQ-R13-2.C.1.e|REQ-R13-4.A.2.a.3|REQ-R13-4.A.2.b.4,Customer and Personal Service|Developing Objectives and Strategies|Evaluating Information to Determine Compliance with Standards,3,3,Knowledge|Work Activities,0.095689,0.095689,9.57,9.57,30,exam-fee-required,450,ITIL 4 Foundation,3,ไม่มี,core_gap_closure,certification_only|both,3,verified,2026-08-31,ผู้วิจัย (ตรวจด้วยการดึงหน้าเว็บ 31 ส.ค. 2026),DEC-16 ขยายข้ามบทบาทจาก CRT-R19-09 · คงชื่อ ผู้ให้บริการ URL ชั่วโมง และค่าใช้จ่ายเดิมทุกค่า · ต้องทบทวน mapping ก่อน FREEZE,CORPUS-IS68076026-v1.5R-01OCT26,ONET31.0-IS68076026-v1.0,v1.3_crossrole
CRS-R13-01,course,R13,ผู้ทดสอบเจาะระบบ,Penetration Tester,15-1299.04,security,exact,1,"Penetration Testing, Incident Response and Forensics",IBM,mooc_platform,Coursera,https://www.coursera.org/learn/ibm-penetration-testing-incident-response-forensics,single_course,Intermediate,2,self-paced online,English,เข้าใจกระบวนการทดสอบเจาะระบบอย่างเป็นระบบ ตั้งแต่การวางแผนจนถึงการเขียนรายงานผล,Penetration testing process|Incident response|Digital forensics basics|Reporting,Kali Linux|Metasploit,no,REQ-R13-2.A.1.a|REQ-R13-2.A.1.c|REQ-R13-2.A.2.a|REQ-R13-2.A.2.b|REQ-R13-2.B.2.i|REQ-R13-2.B.4.h|REQ-R13-2.C.3.a|REQ-R13-2.C.7.a|REQ-R13-4.A.1.a.1|REQ-R13-4.A.1.b.1|REQ-R13-4.A.2.a.2|REQ-R13-4.A.2.a.3|REQ-R13-4.A.2.a.4|REQ-R13-4.A.2.b.1|REQ-R13-4.A.2.b.3|REQ-R13-4.A.2.b.4|REQ-R13-4.A.3.b.1|REQ-R13-4.A.3.b.6,REQ-R13-2.A.1.a|REQ-R13-2.A.1.c|REQ-R13-2.A.2.a|REQ-R13-4.A.1.b.1|REQ-R13-4.A.3.b.6,"Active Learning|Analyzing Data or Information|Complex Problem Solving|Computers and Electronics|Critical Thinking|Developing Objectives and Strategies|Documenting/Recording Information|English Language|Evaluating Information to Determine Compliance with Standards|Getting Information|Identifying Objects, Actions, and Events|Making Decisions and Solving Problems|Processing Information|Reading Comprehension|Systems Evaluation|Updating and Using Relevant Knowledge|Working with Computers|Writing",18,5,Essential Skills|Knowledge|Transferable Skills|Work Activities,0.616757,0.170714,61.68,17.07,25,paid,49,,,พื้นฐานความมั่นคงปลอดภัย,foundation,course_only|both,3,verified,2026-08-31,ผู้วิจัย (ตรวจด้วยการดึงหน้าเว็บ 31 ส.ค. 2026),,CORPUS-IS68076026-v1.5R-01OCT26,ONET31.0-IS68076026-v1.0,v0.9_core
CRS-R13-02,course,R13,ผู้ทดสอบเจาะระบบ,Penetration Tester,15-1299.04,security,exact,2,PEN-200: Penetration Testing with Kali Linux,OffSec,vendor_or_body,OffSec,https://www.offsec.com/courses/pen-200/,single_course,Advanced,3,self-paced online,English,หลักสูตรภาคปฏิบัติที่เข้มข้นที่สุดในสายงาน ฝึกเจาะระบบในห้องแล็บจริงและเตรียมสอบ OSCP,Exploitation|Privilege escalation|Active Directory attacks|Buffer overflow|Report writing,Kali Linux|Metasploit|Burp Suite|Nmap,yes,REQ-R13-2.A.1.a|REQ-R13-2.A.1.c|REQ-R13-2.A.2.a|REQ-R13-2.A.2.b|REQ-R13-2.B.2.i|REQ-R13-2.B.3.e|REQ-R13-2.B.4.h|REQ-R13-2.C.3.a|REQ-R13-2.C.7.a|REQ-R13-4.A.1.a.1|REQ-R13-4.A.1.b.1|REQ-R13-4.A.2.a.2|REQ-R13-4.A.2.a.3|REQ-R13-4.A.2.a.4|REQ-R13-4.A.2.b.1|REQ-R13-4.A.2.b.3|REQ-R13-4.A.2.b.6|REQ-R13-4.A.3.b.1|REQ-R13-4.A.3.b.6,REQ-R13-2.A.1.c|REQ-R13-2.A.2.a|REQ-R13-2.B.2.i|REQ-R13-2.B.3.e|REQ-R13-2.C.3.a|REQ-R13-4.A.1.b.1,"Active Learning|Analyzing Data or Information|Complex Problem Solving|Computers and Electronics|Critical Thinking|Documenting/Recording Information|English Language|Evaluating Information to Determine Compliance with Standards|Getting Information|Identifying Objects, Actions, and Events|Making Decisions and Solving Problems|Organizing, Planning, and Prioritizing Work|Processing Information|Programming|Reading Comprehension|Systems Evaluation|Updating and Using Relevant Knowledge|Working with Computers|Writing",19,6,Essential Skills|Knowledge|Transferable Skills|Work Activities,0.651576,0.203362,65.16,20.34,300,paid,1749,,,"พื้นฐาน Linux, เครือข่าย และการเขียนสคริปต์",advanced_or_cert_prep,course_only|both,3,verified,2026-08-31,ผู้วิจัย (ตรวจด้วยการดึงหน้าเว็บ 31 ส.ค. 2026),,CORPUS-IS68076026-v1.5R-01OCT26,ONET31.0-IS68076026-v1.0,v0.9_core
CRS-R13-03,course,R13,ผู้ทดสอบเจาะระบบ,Penetration Tester,15-1299.04,security,exact,3,Jr Penetration Tester Learning Path,TryHackMe,vendor_or_body,TryHackMe,https://tryhackme.com/path/outline/jrpenetrationtester,specialization,Intermediate,2,self-paced online,English,เส้นทางฝึกเจาะระบบสำหรับผู้เริ่มต้น ราคาเข้าถึงได้และมีห้องแล็บให้ลงมือทำทุกบทเรียน,Reconnaissance|Web exploitation|Network exploitation|Privilege escalation|Metasploit,Kali Linux|Burp Suite|Nmap|Metasploit,yes,REQ-R13-2.A.1.a|REQ-R13-2.A.2.a|REQ-R13-2.A.2.b|REQ-R13-2.B.2.i|REQ-R13-2.B.3.e|REQ-R13-2.B.4.h|REQ-R13-2.C.3.a|REQ-R13-2.C.7.a|REQ-R13-2.C.9.a|REQ-R13-4.A.1.a.1|REQ-R13-4.A.1.b.1|REQ-R13-4.A.2.a.3|REQ-R13-4.A.2.b.1|REQ-R13-4.A.2.b.3|REQ-R13-4.A.2.b.6|REQ-R13-4.A.3.b.1,REQ-R13-2.A.2.a|REQ-R13-2.A.2.b|REQ-R13-2.B.2.i|REQ-R13-2.B.3.e|REQ-R13-4.A.1.b.1,"Active Learning|Complex Problem Solving|Computers and Electronics|Critical Thinking|English Language|Evaluating Information to Determine Compliance with Standards|Getting Information|Identifying Objects, Actions, and Events|Making Decisions and Solving Problems|Organizing, Planning, and Prioritizing Work|Programming|Reading Comprehension|Systems Evaluation|Telecommunications|Updating and Using Relevant Knowledge|Working with Computers",16,5,Essential Skills|Knowledge|Transferable Skills|Work Activities,0.544468,0.160502,54.45,16.05,100,low-cost,168,,,พื้นฐานเครือข่ายและ Linux,core_gap_closure,course_only|both,2,verified,2026-08-31,ผู้วิจัย (ตรวจด้วยการดึงหน้าเว็บ 31 ส.ค. 2026),,CORPUS-IS68076026-v1.5R-01OCT26,ONET31.0-IS68076026-v1.0,v0.9_core
CRS-R13-04,course,R13,ผู้ทดสอบเจาะระบบ,Penetration Tester,15-1299.04,security,exact,4,Penetration Tester Job Role Path,Hack The Box,vendor_or_body,HTB Academy,https://academy.hackthebox.com/path/preview/penetration-tester,specialization,Advanced,3,self-paced online,English,เส้นทางเตรียมสอบ CPTS ที่ครอบคลุมทั้งการเจาะระบบและการเขียนรายงานระดับมืออาชีพ,Active Directory exploitation|Web attacks|Pivoting|Post-exploitation|Professional reporting,Kali Linux|BloodHound|Burp Suite|Impacket,yes,REQ-R13-2.A.1.a|REQ-R13-2.A.1.c|REQ-R13-2.A.2.a|REQ-R13-2.A.2.b|REQ-R13-2.B.2.i|REQ-R13-2.B.3.e|REQ-R13-2.B.4.h|REQ-R13-2.C.3.a|REQ-R13-2.C.7.a|REQ-R13-4.A.1.a.1|REQ-R13-4.A.1.b.1|REQ-R13-4.A.2.a.2|REQ-R13-4.A.2.a.3|REQ-R13-4.A.2.a.4|REQ-R13-4.A.2.b.1|REQ-R13-4.A.2.b.3|REQ-R13-4.A.2.b.6|REQ-R13-4.A.3.b.1|REQ-R13-4.A.3.b.6,REQ-R13-2.A.1.c|REQ-R13-2.A.2.a|REQ-R13-2.B.2.i|REQ-R13-2.B.3.e|REQ-R13-4.A.1.b.1|REQ-R13-4.A.3.b.6,"Active Learning|Analyzing Data or Information|Complex Problem Solving|Computers and Electronics|Critical Thinking|Documenting/Recording Information|English Language|Evaluating Information to Determine Compliance with Standards|Getting Information|Identifying Objects, Actions, and Events|Making Decisions and Solving Problems|Organizing, Planning, and Prioritizing Work|Processing Information|Programming|Reading Comprehension|Systems Evaluation|Updating and Using Relevant Knowledge|Working with Computers|Writing",19,6,Essential Skills|Knowledge|Transferable Skills|Work Activities,0.651576,0.200949,65.16,20.09,250,low-cost,490,,,พื้นฐานความมั่นคงปลอดภัยและ Linux,advanced_or_cert_prep,course_only|both,3,verified,2026-08-31,ผู้วิจัย (ตรวจด้วยการดึงหน้าเว็บ 31 ส.ค. 2026),,CORPUS-IS68076026-v1.5R-01OCT26,ONET31.0-IS68076026-v1.0,v0.9_core
CRS-R13-05,course,R13,ผู้ทดสอบเจาะระบบ,Penetration Tester,15-1299.04,security,exact,5,Penetration Testing Student (PTS) Learning Path,INE Security,vendor_or_body,INE,https://ine.com/,specialization,Beginner,1,self-paced online,English,หลักสูตรเริ่มต้นที่ออกแบบมาสำหรับผู้ไม่มีพื้นฐาน เตรียมสอบ eJPT ซึ่งเป็นใบรับรองแรกของสายงาน,Networking basics|Web application testing|System exploitation|Reporting fundamentals,Kali Linux|Burp Suite|Nmap,yes,REQ-R13-2.A.1.a|REQ-R13-2.A.1.c|REQ-R13-2.A.2.a|REQ-R13-2.A.2.b|REQ-R13-2.B.2.i|REQ-R13-2.B.4.h|REQ-R13-2.C.3.a|REQ-R13-2.C.3.b|REQ-R13-2.C.7.a|REQ-R13-2.C.9.a|REQ-R13-4.A.1.a.1|REQ-R13-4.A.1.b.1|REQ-R13-4.A.2.a.2|REQ-R13-4.A.2.a.3|REQ-R13-4.A.2.a.4|REQ-R13-4.A.2.b.1|REQ-R13-4.A.2.b.2|REQ-R13-4.A.2.b.3|REQ-R13-4.A.3.b.1|REQ-R13-4.A.3.b.6,REQ-R13-2.A.1.a|REQ-R13-2.A.2.a|REQ-R13-2.A.2.b|REQ-R13-2.C.3.b|REQ-R13-4.A.1.b.1,"Active Learning|Analyzing Data or Information|Complex Problem Solving|Computers and Electronics|Critical Thinking|Documenting/Recording Information|Engineering and Technology|English Language|Evaluating Information to Determine Compliance with Standards|Getting Information|Identifying Objects, Actions, and Events|Making Decisions and Solving Problems|Processing Information|Reading Comprehension|Systems Evaluation|Telecommunications|Thinking Creatively|Updating and Using Relevant Knowledge|Working with Computers|Writing",20,5,Essential Skills|Knowledge|Transferable Skills|Work Activities,0.687118,0.162030,68.71,16.20,80,low-cost,299,,,ไม่มี,foundation,course_only|both,2,verified,2026-08-31,ผู้วิจัย (ตรวจด้วยการดึงหน้าเว็บ 31 ส.ค. 2026),,CORPUS-IS68076026-v1.5R-01OCT26,ONET31.0-IS68076026-v1.0,v0.9_core
CRS-R13-06,course,R13,ผู้ทดสอบเจาะระบบ,Penetration Tester,15-1299.04,security,exact,6,Ethical Hacking Essentials (EHE),EC-Council,mooc_platform,Coursera,https://www.coursera.org/learn/ethical-hacking-essentials-ehe,single_course,Beginner,1,self-paced online,English,ปูพื้นฐานการแฮ็กเชิงจริยธรรมตามกรอบของ EC-Council พร้อมความเข้าใจด้านกฎหมายและจริยธรรม,Ethical hacking concepts|Attack methodologies|Web application threats|Wireless attacks,Kali Linux|Nmap,no,REQ-R13-2.A.1.a|REQ-R13-2.A.2.a|REQ-R13-2.A.2.b|REQ-R13-2.C.3.a|REQ-R13-2.C.7.a|REQ-R13-2.C.9.a|REQ-R13-4.A.1.a.1|REQ-R13-4.A.1.b.1|REQ-R13-4.A.2.a.2|REQ-R13-4.A.2.a.4|REQ-R13-4.A.2.b.3|REQ-R13-4.A.3.b.1,REQ-R13-2.A.1.a|REQ-R13-2.A.2.a|REQ-R13-4.A.1.b.1,"Active Learning|Analyzing Data or Information|Computers and Electronics|Critical Thinking|English Language|Getting Information|Identifying Objects, Actions, and Events|Processing Information|Reading Comprehension|Telecommunications|Updating and Using Relevant Knowledge|Working with Computers",12,3,Essential Skills|Knowledge|Work Activities,0.417739,0.101158,41.77,10.12,30,paid,49,,,ไม่มี,foundation,course_only|both,2,verified,2026-08-31,ผู้วิจัย (ตรวจด้วยการดึงหน้าเว็บ 31 ส.ค. 2026),,CORPUS-IS68076026-v1.5R-01OCT26,ONET31.0-IS68076026-v1.0,v0.9_core
CRS-R13-07,course,R13,ผู้ทดสอบเจาะระบบ,Penetration Tester,15-1299.04,security,exact,7,Web Security Academy,PortSwigger,vendor_or_body,PortSwigger,https://portswigger.net/web-security,specialization,Intermediate,2,self-paced online,English,แหล่งเรียนช่องโหว่เว็บที่ดีที่สุดและฟรี มีห้องปฏิบัติการกว่า 200 ห้องจากผู้สร้าง Burp Suite,Web vulnerabilities|SQL injection|XSS|SSRF|Access control flaws|Burp Suite,Burp Suite|OWASP ZAP,yes,REQ-R13-2.A.1.a|REQ-R13-2.A.2.a|REQ-R13-2.A.2.b|REQ-R13-2.B.2.i|REQ-R13-2.B.3.e|REQ-R13-2.C.3.a|REQ-R13-2.C.7.a|REQ-R13-4.A.1.a.1|REQ-R13-4.A.1.b.1|REQ-R13-4.A.2.a.2|REQ-R13-4.A.2.a.4|REQ-R13-4.A.2.b.1|REQ-R13-4.A.2.b.3|REQ-R13-4.A.2.b.6|REQ-R13-4.A.3.b.1,REQ-R13-2.A.2.a|REQ-R13-2.A.2.b|REQ-R13-2.B.2.i|REQ-R13-2.B.3.e|REQ-R13-4.A.1.b.1,"Active Learning|Analyzing Data or Information|Complex Problem Solving|Computers and Electronics|Critical Thinking|English Language|Getting Information|Identifying Objects, Actions, and Events|Making Decisions and Solving Problems|Organizing, Planning, and Prioritizing Work|Processing Information|Programming|Reading Comprehension|Updating and Using Relevant Knowledge|Working with Computers",15,5,Essential Skills|Knowledge|Transferable Skills|Work Activities,0.516324,0.160502,51.63,16.05,120,free,0,,,พื้นฐาน HTTP และเว็บ,core_gap_closure,course_only|both,3,verified,2026-08-31,ผู้วิจัย (ตรวจด้วยการดึงหน้าเว็บ 31 ส.ค. 2026),,CORPUS-IS68076026-v1.5R-01OCT26,ONET31.0-IS68076026-v1.0,v0.9_core
CRS-R13-08,course,R13,ผู้ทดสอบเจาะระบบ,Penetration Tester,15-1299.04,security,exact,8,SEC560: Enterprise Penetration Testing,SANS Institute,vendor_or_body,SANS,https://www.sans.org/cyber-security-courses/enterprise-penetration-testing/,single_course,Advanced,3,self-paced online,English,หลักสูตรระดับองค์กรที่เตรียมสอบ GPEN ครอบคลุมการทดสอบเจาะระบบขนาดใหญ่และการรายงานเชิงธุรกิจ,Enterprise penetration testing|Azure AD attacks|Password attacks|Lateral movement|Executive reporting,Metasploit|BloodHound|PowerShell Empire,no,REQ-R13-2.A.1.a|REQ-R13-2.A.1.c|REQ-R13-2.A.2.a|REQ-R13-2.A.2.b|REQ-R13-2.B.2.i|REQ-R13-2.B.4.h|REQ-R13-2.C.3.a|REQ-R13-2.C.7.a|REQ-R13-4.A.1.a.1|REQ-R13-4.A.1.b.1|REQ-R13-4.A.2.a.2|REQ-R13-4.A.2.a.3|REQ-R13-4.A.2.a.4|REQ-R13-4.A.2.b.1|REQ-R13-4.A.2.b.3|REQ-R13-4.A.3.b.1|REQ-R13-4.A.3.b.6|REQ-R13-4.A.4.a.1|REQ-R13-4.A.4.b.6,REQ-R13-2.A.1.c|REQ-R13-2.A.2.a|REQ-R13-2.B.2.i|REQ-R13-4.A.4.a.1|REQ-R13-4.A.4.b.6,"Active Learning|Analyzing Data or Information|Complex Problem Solving|Computers and Electronics|Critical Thinking|Documenting/Recording Information|English Language|Evaluating Information to Determine Compliance with Standards|Getting Information|Identifying Objects, Actions, and Events|Interpreting the Meaning of Information for Others|Making Decisions and Solving Problems|Processing Information|Providing Consultation and Advice to Others|Reading Comprehension|Systems Evaluation|Updating and Using Relevant Knowledge|Working with Computers|Writing",19,5,Essential Skills|Knowledge|Transferable Skills|Work Activities,0.652138,0.162914,65.21,16.29,60,paid,8780,,,ประสบการณ์ความมั่นคงปลอดภัย,advanced_or_cert_prep,course_only|both,3,verified,2026-08-31,ผู้วิจัย (ตรวจด้วยการดึงหน้าเว็บ 31 ส.ค. 2026),,CORPUS-IS68076026-v1.5R-01OCT26,ONET31.0-IS68076026-v1.0,v0.9_core
CRS-R13-09,course,R13,ผู้ทดสอบเจาะระบบ,Penetration Tester,15-1299.04,security,exact,9,Google Cybersecurity Professional Certificate,Google,mooc_platform,Coursera,https://www.coursera.org/professional-certificates/google-cybersecurity,professional_certificate,Beginner,1,self-paced online,English,ปิดช่องว่างพื้นฐานด้านความมั่นคงปลอดภัยและ Python ก่อนเข้าสู่การฝึกเจาะระบบเชิงลึก,Security fundamentals|Linux|SQL|Python|Network security,Linux|Python|Wireshark,yes,REQ-R13-2.A.1.a|REQ-R13-2.A.2.a|REQ-R13-2.A.2.b|REQ-R13-2.B.2.i|REQ-R13-2.B.3.e|REQ-R13-2.B.4.h|REQ-R13-2.C.3.a|REQ-R13-2.C.7.a|REQ-R13-2.C.9.a|REQ-R13-4.A.1.a.1|REQ-R13-4.A.1.b.1|REQ-R13-4.A.2.a.2|REQ-R13-4.A.2.a.4|REQ-R13-4.A.2.b.1|REQ-R13-4.A.2.b.3|REQ-R13-4.A.2.b.6|REQ-R13-4.A.3.b.1,REQ-R13-2.A.1.a|REQ-R13-2.A.2.a|REQ-R13-2.B.3.e|REQ-R13-2.C.3.a,"Active Learning|Analyzing Data or Information|Complex Problem Solving|Computers and Electronics|Critical Thinking|English Language|Getting Information|Identifying Objects, Actions, and Events|Making Decisions and Solving Problems|Organizing, Planning, and Prioritizing Work|Processing Information|Programming|Reading Comprehension|Systems Evaluation|Telecommunications|Updating and Using Relevant Knowledge|Working with Computers",17,4,Essential Skills|Knowledge|Transferable Skills|Work Activities,0.578804,0.138389,57.88,13.84,170,paid,245,,,ไม่มี,foundation,course_only|both,3,verified,2026-08-31,ผู้วิจัย (ตรวจด้วยการดึงหน้าเว็บ 31 ส.ค. 2026),,CORPUS-IS68076026-v1.5R-01OCT26,ONET31.0-IS68076026-v1.0,v0.9_core
CRS-R13-10,course,R13,ผู้ทดสอบเจาะระบบ,Penetration Tester,15-1299.04,security,exact,10,Python for Cybersecurity Specialization,Infosec Institute,mooc_platform,Coursera,https://www.coursera.org/specializations/pythonforcybersecurity,specialization,Intermediate,2,self-paced online,English,เขียน Python สร้างเครื่องมือทดสอบเจาะระบบเอง ซึ่งเป็นสมรรถนะ Programming (IM 3.88) ของบทบาทนี้,Python scripting|Automation for security|MITRE ATT&CK mapping|Tool development,Python|MITRE ATT&CK,yes,REQ-R13-2.A.1.a|REQ-R13-2.A.2.a|REQ-R13-2.A.2.b|REQ-R13-2.B.2.i|REQ-R13-2.B.3.e|REQ-R13-2.B.4.h|REQ-R13-2.C.3.a|REQ-R13-2.C.7.a|REQ-R13-4.A.1.a.1|REQ-R13-4.A.1.b.1|REQ-R13-4.A.2.b.1|REQ-R13-4.A.2.b.3|REQ-R13-4.A.3.b.1,REQ-R13-2.A.2.a|REQ-R13-2.B.2.i|REQ-R13-2.B.3.e|REQ-R13-4.A.1.b.1,"Active Learning|Complex Problem Solving|Computers and Electronics|Critical Thinking|English Language|Getting Information|Identifying Objects, Actions, and Events|Making Decisions and Solving Problems|Programming|Reading Comprehension|Systems Evaluation|Updating and Using Relevant Knowledge|Working with Computers",13,4,Essential Skills|Knowledge|Transferable Skills|Work Activities,0.441943,0.131393,44.19,13.14,40,paid,245,,,พื้นฐาน Python,core_gap_closure,course_only|both,2,verified,2026-08-31,ผู้วิจัย (ตรวจด้วยการดึงหน้าเว็บ 31 ส.ค. 2026),,CORPUS-IS68076026-v1.5R-01OCT26,ONET31.0-IS68076026-v1.0,v0.9_core
CRS-R13-11,course,R13,ผู้ทดสอบเจาะระบบ,Penetration Tester,15-1299.04,security,exact,11,Improving Communication Skills,University of Pennsylvania (Wharton),mooc_platform,Coursera,https://www.coursera.org/learn/wharton-communication-skills,single_course,Beginner,1,self-paced online,English,สื่อสารเชิงวิชาชีพอย่างมีประสิทธิผล ฟังอย่างตั้งใจ ตีความสารของผู้อื่น สร้างความไว้วางใจ และสื่อสารกับผู้มีส่วนได้เสียทั้งในและนอกองค์กร,Active listening|Professional communication|Stakeholder communication|Building trust|Persuasion,,no,REQ-R13-2.A.1.b|REQ-R13-4.A.4.a.1|REQ-R13-4.A.4.a.2|REQ-R13-4.A.4.a.3|REQ-R13-4.A.4.b.6,REQ-R13-2.A.1.b|REQ-R13-4.A.4.a.1|REQ-R13-4.A.4.a.2|REQ-R13-4.A.4.a.3|REQ-R13-4.A.4.b.6,"Active Listening|Communicating with People Outside the Organization|Communicating with Supervisors, Peers, or Subordinates|Interpreting the Meaning of Information for Others|Providing Consultation and Advice to Others",5,5,Essential Skills|Work Activities,0.160663,0.160663,16.07,16.07,10,low-cost,49,,,,core_gap_closure,course_only|both,2,verified,2026-08-31,ผู้วิจัย (ตรวจด้วยการดึงหน้าเว็บ 31 ส.ค. 2026),ปิดช่องว่างกลุ่มการสื่อสารตาม DEC-09 · ยืนยันการมีอยู่ของแหล่งข้อมูลด้วยการค้นเว็บเมื่อ 2026-08-31,CORPUS-IS68076026-v1.5R-01OCT26,ONET31.0-IS68076026-v1.0,v1.0_gap_closure
CRS-R13-12,course,R13,ผู้ทดสอบเจาะระบบ,Penetration Tester,15-1299.04,security,exact,12,Site Reliability Engineering: Measuring and Managing Reliability,Google Cloud,mooc_platform,Coursera,https://www.coursera.org/learn/site-reliability-engineering-slos,single_course,Intermediate,2,self-paced online,English,กำหนดตัวชี้วัดระดับบริการ เฝ้าระวังสถานะระบบอย่างต่อเนื่อง ตรวจสอบความผิดปกติของโครงสร้างพื้นฐาน และจัดการเหตุขัดข้อง,SLI/SLO design|Error budgets|Reliability measurement|Incident response|Toil reduction,Prometheus|Grafana|Cloud Monitoring,no,REQ-R13-4.A.1.a.2,REQ-R13-4.A.1.a.2,"Monitoring Processes, Materials, or Surroundings",1,1,Work Activities,0.029350,0.029350,2.94,2.94,15,paid,49,,,พื้นฐานการดูแลระบบ,core_gap_closure,course_only|both,3,verified,2026-08-31,ผู้วิจัย (ตรวจด้วยการดึงหน้าเว็บ 31 ส.ค. 2026),ปิดช่องว่างกลุ่มการเฝ้าระวังและตรวจสอบระบบตาม DEC-09 · ยืนยันการมีอยู่ของแหล่งข้อมูลด้วยการค้นเว็บเมื่อ 2026-08-31,CORPUS-IS68076026-v1.5R-01OCT26,ONET31.0-IS68076026-v1.0,v1.0_gap_closure
CRS-R13-13,course,R13,ผู้ทดสอบเจาะระบบ,Penetration Tester,15-1299.04,security,exact,13,Foundations of Project Management,Google,mooc_platform,Coursera,https://www.coursera.org/learn/project-management-foundations,single_course,Beginner,1,self-paced online,English,กำหนดวัตถุประสงค์และกลยุทธ์ของโครงการ ตัดสินใจบนข้อมูลที่มี ประสานงานระหว่างทีม และประเมินทางเลือกอย่างเป็นระบบ,Project scoping|Objective setting|Decision making|Coordination|Stakeholder alignment,,no,REQ-R13-4.A.2.b.2|REQ-R13-4.A.2.b.4,REQ-R13-4.A.2.b.2|REQ-R13-4.A.2.b.4,Developing Objectives and Strategies|Thinking Creatively,2,2,Work Activities,0.063123,0.063123,6.31,6.31,26,low-cost,49,,,,core_gap_closure,course_only|both,2,verified,2026-08-31,ผู้วิจัย (ตรวจด้วยการดึงหน้าเว็บ 31 ส.ค. 2026),DEC-16 ขยายข้ามบทบาทจาก CRS-R02-11 · คงชื่อ ผู้ให้บริการ URL ชั่วโมง และค่าใช้จ่ายเดิมทุกค่า · ต้องทบทวน mapping ก่อน FREEZE,CORPUS-IS68076026-v1.5R-01OCT26,ONET31.0-IS68076026-v1.0,v1.3_crossrole
CRS-R13-14,course,R13,ผู้ทดสอบเจาะระบบ,Penetration Tester,15-1299.04,security,exact,14,Introduction to Linux (LFS101),The Linux Foundation,mooc_platform,edX,https://www.edx.org/course/introduction-to-linux,single_course,Beginner,1,self-paced online,English,DBA ส่วนใหญ่ทำงานบน Linux หลักสูตรนี้ปิดช่องว่างด้านระบบปฏิบัติการที่พบบ่อยในผู้เริ่มต้น,Linux command line|File systems|Process management|Shell scripting|System administration,Linux|Bash,no,REQ-R13-2.B.3.e|REQ-R13-2.C.3.a|REQ-R13-4.A.1.a.2|REQ-R13-4.A.3.b.1,REQ-R13-2.B.3.e|REQ-R13-2.C.3.a|REQ-R13-4.A.1.a.2|REQ-R13-4.A.3.b.1,"Computers and Electronics|Monitoring Processes, Materials, or Surroundings|Programming|Working with Computers",4,4,Knowledge|Transferable Skills|Work Activities,0.140560,0.140560,14.06,14.06,60,free,0,,,ไม่มี,foundation,course_only|both,3,verified,2026-08-31,ผู้วิจัย (ตรวจด้วยการดึงหน้าเว็บ 31 ส.ค. 2026),DEC-16 ขยายข้ามบทบาทจาก CRS-R10-10 · คงชื่อ ผู้ให้บริการ URL ชั่วโมง และค่าใช้จ่ายเดิมทุกค่า · ต้องทบทวน mapping ก่อน FREEZE,CORPUS-IS68076026-v1.5R-01OCT26,ONET31.0-IS68076026-v1.0,v1.3_crossrole
CRT-R14-01,certification,R14,นักนิติวิทยาศาสตร์ดิจิทัล / IR,Digital Forensics & Incident Response,15-1299.06,security,exact,1,GIAC Certified Forensic Analyst (GCFA),GIAC (SANS),vendor_or_body,GIAC,https://www.giac.org/certifications/certified-forensic-analyst-gcfa/,vendor_neutral_cert,Professional,4,proctored exam,English,ใบรับรองอ้างอิงของงาน DFIR ระดับองค์กร ยืนยันความสามารถสืบสวนการบุกรุกที่ซับซ้อน,Advanced incident response|Memory forensics|Timeline analysis|Anti-forensics detection|APT investigation,Volatility|KAPE|Velociraptor,no,REQ-R14-2.A.1.a|REQ-R14-2.A.1.c|REQ-R14-2.A.2.b|REQ-R14-2.B.2.i|REQ-R14-2.B.4.g|REQ-R14-2.C.3.a|REQ-R14-2.C.7.a|REQ-R14-2.C.8.b|REQ-R14-4.A.1.a.1|REQ-R14-4.A.1.a.2|REQ-R14-4.A.1.b.1|REQ-R14-4.A.2.a.2|REQ-R14-4.A.2.a.4|REQ-R14-4.A.2.b.1|REQ-R14-4.A.2.b.3|REQ-R14-4.A.2.b.6|REQ-R14-4.A.3.b.1|REQ-R14-4.A.3.b.5|REQ-R14-4.A.3.b.6,REQ-R14-2.A.1.c|REQ-R14-2.B.2.i|REQ-R14-2.C.8.b|REQ-R14-4.A.1.b.1|REQ-R14-4.A.2.a.4|REQ-R14-4.A.3.b.6,"Active Learning|Analyzing Data or Information|Complex Problem Solving|Computers and Electronics|Documenting/Recording Information|English Language|Getting Information|Identifying Objects, Actions, and Events|Law and Government|Making Decisions and Solving Problems|Monitoring Processes, Materials, or Surroundings|Organizing, Planning, and Prioritizing Work|Processing Information|Reading Comprehension|Repairing and Maintaining Electronic Equipment|Systems Analysis|Updating and Using Relevant Knowledge|Working with Computers|Writing",19,6,Essential Skills|Knowledge|Transferable Skills|Work Activities,0.652515,0.204392,65.25,20.44,180,exam-fee-required,999,GCFA,4,แนะนำหลักสูตร FOR508,advanced_or_cert_prep,certification_only|both,3,verified,2026-08-31,ผู้วิจัย (ตรวจด้วยการดึงหน้าเว็บ 31 ส.ค. 2026),,CORPUS-IS68076026-v1.5R-01OCT26,ONET31.0-IS68076026-v1.0,v0.9_core
CRT-R14-02,certification,R14,นักนิติวิทยาศาสตร์ดิจิทัล / IR,Digital Forensics & Incident Response,15-1299.06,security,exact,2,GIAC Certified Forensic Examiner (GCFE),GIAC (SANS),vendor_or_body,GIAC,https://www.giac.org/certifications/certified-forensic-examiner-gcfe/,vendor_neutral_cert,Advanced,3,proctored exam,English,ใบรับรองด้านการตรวจพิสูจน์หลักฐานบน Windows ซึ่งเป็นงานหลักของนักนิติวิทยาศาสตร์ดิจิทัล,Windows forensics|Registry analysis|Browser artifacts|Email forensics|Evidence reporting,KAPE|Registry Explorer|Autopsy,no,REQ-R14-2.A.1.a|REQ-R14-2.A.1.c|REQ-R14-2.A.2.b|REQ-R14-2.B.2.i|REQ-R14-2.B.4.g|REQ-R14-2.C.3.a|REQ-R14-2.C.7.a|REQ-R14-2.C.8.b|REQ-R14-4.A.1.a.1|REQ-R14-4.A.1.b.1|REQ-R14-4.A.2.a.2|REQ-R14-4.A.2.a.4|REQ-R14-4.A.2.b.1|REQ-R14-4.A.2.b.3|REQ-R14-4.A.2.b.6|REQ-R14-4.A.3.b.1|REQ-R14-4.A.3.b.6,REQ-R14-2.A.1.a|REQ-R14-2.C.8.b|REQ-R14-4.A.1.b.1|REQ-R14-4.A.2.a.4|REQ-R14-4.A.3.b.6,"Active Learning|Analyzing Data or Information|Complex Problem Solving|Computers and Electronics|Documenting/Recording Information|English Language|Getting Information|Identifying Objects, Actions, and Events|Law and Government|Making Decisions and Solving Problems|Organizing, Planning, and Prioritizing Work|Processing Information|Reading Comprehension|Systems Analysis|Updating and Using Relevant Knowledge|Working with Computers|Writing",17,5,Essential Skills|Knowledge|Transferable Skills|Work Activities,0.591993,0.177330,59.20,17.73,180,exam-fee-required,999,GCFE,4,แนะนำหลักสูตร FOR500,advanced_or_cert_prep,certification_only|both,3,verified,2026-08-31,ผู้วิจัย (ตรวจด้วยการดึงหน้าเว็บ 31 ส.ค. 2026),,CORPUS-IS68076026-v1.5R-01OCT26,ONET31.0-IS68076026-v1.0,v0.9_core
CRT-R14-03,certification,R14,นักนิติวิทยาศาสตร์ดิจิทัล / IR,Digital Forensics & Incident Response,15-1299.06,security,exact,3,GIAC Certified Incident Handler (GCIH),GIAC (SANS),vendor_or_body,GIAC,https://www.giac.org/certifications/certified-incident-handler-gcih/,vendor_neutral_cert,Advanced,3,proctored exam,English,ยืนยันความสามารถจัดการเหตุการณ์ความมั่นคงปลอดภัยตั้งแต่ตรวจพบจนถึงกู้คืนระบบ,Incident handling|Attack detection|Containment strategy|Eradication|Recovery,Vendor-neutral,no,REQ-R14-2.A.1.a|REQ-R14-2.A.2.b|REQ-R14-2.B.2.i|REQ-R14-2.B.4.e|REQ-R14-2.B.4.g|REQ-R14-2.C.3.a|REQ-R14-2.C.7.a|REQ-R14-4.A.1.a.1|REQ-R14-4.A.1.a.2|REQ-R14-4.A.1.b.1|REQ-R14-4.A.2.b.1|REQ-R14-4.A.2.b.3|REQ-R14-4.A.2.b.6|REQ-R14-4.A.3.b.1|REQ-R14-4.A.3.b.5|REQ-R14-4.A.3.b.6,REQ-R14-4.A.1.a.2|REQ-R14-4.A.1.b.1|REQ-R14-4.A.2.b.1|REQ-R14-4.A.3.b.6,"Active Learning|Complex Problem Solving|Computers and Electronics|Documenting/Recording Information|English Language|Getting Information|Identifying Objects, Actions, and Events|Judgment and Decision Making|Making Decisions and Solving Problems|Monitoring Processes, Materials, or Surroundings|Organizing, Planning, and Prioritizing Work|Reading Comprehension|Repairing and Maintaining Electronic Equipment|Systems Analysis|Updating and Using Relevant Knowledge|Working with Computers",16,4,Essential Skills|Knowledge|Transferable Skills|Work Activities,0.544786,0.140671,54.48,14.07,150,exam-fee-required,999,GCIH,4,แนะนำหลักสูตร SEC504,advanced_or_cert_prep,certification_only|both,3,verified,2026-08-31,ผู้วิจัย (ตรวจด้วยการดึงหน้าเว็บ 31 ส.ค. 2026),,CORPUS-IS68076026-v1.5R-01OCT26,ONET31.0-IS68076026-v1.0,v0.9_core
CRT-R14-04,certification,R14,นักนิติวิทยาศาสตร์ดิจิทัล / IR,Digital Forensics & Incident Response,15-1299.06,security,exact,4,EC-Council Computer Hacking Forensic Investigator (CHFI),EC-Council,vendor_or_body,EC-Council,https://www.eccouncil.org/train-certify/computer-hacking-forensic-investigator-chfi/,vendor_neutral_cert,Advanced,3,proctored exam,English,ใบรับรองนิติวิทยาศาสตร์ที่หน่วยงานบังคับใช้กฎหมายและองค์กรในเอเชียยอมรับแพร่หลาย,Forensic investigation process|Evidence acquisition|OS forensics|Network forensics|Legal reporting,FTK|EnCase|Autopsy,no,REQ-R14-2.A.1.a|REQ-R14-2.A.1.c|REQ-R14-2.A.2.b|REQ-R14-2.B.2.i|REQ-R14-2.C.3.a|REQ-R14-2.C.7.a|REQ-R14-2.C.8.b|REQ-R14-4.A.1.a.1|REQ-R14-4.A.1.b.1|REQ-R14-4.A.2.a.2|REQ-R14-4.A.2.a.3|REQ-R14-4.A.2.a.4|REQ-R14-4.A.2.b.1|REQ-R14-4.A.2.b.3|REQ-R14-4.A.2.b.6|REQ-R14-4.A.3.b.1|REQ-R14-4.A.3.b.6,REQ-R14-2.A.1.a|REQ-R14-2.C.8.b|REQ-R14-4.A.1.b.1|REQ-R14-4.A.2.a.3|REQ-R14-4.A.3.b.6,"Active Learning|Analyzing Data or Information|Complex Problem Solving|Computers and Electronics|Documenting/Recording Information|English Language|Evaluating Information to Determine Compliance with Standards|Getting Information|Identifying Objects, Actions, and Events|Law and Government|Making Decisions and Solving Problems|Organizing, Planning, and Prioritizing Work|Processing Information|Reading Comprehension|Updating and Using Relevant Knowledge|Working with Computers|Writing",17,5,Essential Skills|Knowledge|Transferable Skills|Work Activities,0.595451,0.169030,59.55,16.90,120,exam-fee-required,999,312-49,3,แนะนำ CEH หรือประสบการณ์ 2 ปี,advanced_or_cert_prep,certification_only|both,3,verified,2026-08-31,ผู้วิจัย (ตรวจด้วยการดึงหน้าเว็บ 31 ส.ค. 2026),,CORPUS-IS68076026-v1.5R-01OCT26,ONET31.0-IS68076026-v1.0,v0.9_core
CRT-R14-05,certification,R14,นักนิติวิทยาศาสตร์ดิจิทัล / IR,Digital Forensics & Incident Response,15-1299.06,security,exact,5,EC-Council Certified Incident Handler (ECIH),EC-Council,vendor_or_body,EC-Council,https://www.eccouncil.org/train-certify/ec-council-certified-incident-handler-ecih/,vendor_neutral_cert,Intermediate,2,proctored exam,English,ใบรับรองระดับกลางที่ครอบคลุมกระบวนการตอบสนองเหตุการณ์ตามมาตรฐานสากล,Incident handling process|Malware incidents|Email security incidents|Cloud incidents|Forensic readiness,Vendor-neutral,no,REQ-R14-2.A.1.a|REQ-R14-2.A.2.b|REQ-R14-2.B.2.i|REQ-R14-2.C.3.a|REQ-R14-2.C.7.a|REQ-R14-4.A.1.a.1|REQ-R14-4.A.1.a.2|REQ-R14-4.A.1.b.1|REQ-R14-4.A.2.b.1|REQ-R14-4.A.2.b.3|REQ-R14-4.A.3.b.1|REQ-R14-4.A.3.b.5|REQ-R14-4.A.3.b.6,REQ-R14-4.A.1.a.2|REQ-R14-4.A.2.b.1|REQ-R14-4.A.3.b.6,"Active Learning|Complex Problem Solving|Computers and Electronics|Documenting/Recording Information|English Language|Getting Information|Identifying Objects, Actions, and Events|Making Decisions and Solving Problems|Monitoring Processes, Materials, or Surroundings|Reading Comprehension|Repairing and Maintaining Electronic Equipment|Updating and Using Relevant Knowledge|Working with Computers",13,3,Essential Skills|Knowledge|Transferable Skills|Work Activities,0.453311,0.105049,45.33,10.50,80,exam-fee-required,599,212-89,3,ประสบการณ์ 1 ปี,core_gap_closure,certification_only|both,2,verified,2026-08-31,ผู้วิจัย (ตรวจด้วยการดึงหน้าเว็บ 31 ส.ค. 2026),,CORPUS-IS68076026-v1.5R-01OCT26,ONET31.0-IS68076026-v1.0,v0.9_core
CRT-R14-06,certification,R14,นักนิติวิทยาศาสตร์ดิจิทัล / IR,Digital Forensics & Incident Response,15-1299.06,security,exact,6,GIAC Advanced Smartphone Forensics (GASF),GIAC,vendor_or_body,GIAC,https://www.giac.org/certifications/advanced-smartphone-forensics-gasf/,vendor_neutral_cert,Advanced,3,online exam,English,สกัดและวิเคราะห์หลักฐานจากอุปกรณ์เคลื่อนที่ ตีความข้อมูลแอปพลิเคชัน และจัดทำรายงานที่ใช้ในกระบวนการยุติธรรมได้,Mobile device forensics|Application data analysis|Evidence reporting|Anti-forensics detection,Cellebrite|Magnet AXIOM|Autopsy,no,REQ-R14-2.A.1.a|REQ-R14-2.A.1.c|REQ-R14-2.A.2.b|REQ-R14-2.B.2.i|REQ-R14-2.B.4.g|REQ-R14-2.C.3.a|REQ-R14-2.C.7.a|REQ-R14-4.A.1.a.1|REQ-R14-4.A.1.b.1|REQ-R14-4.A.2.a.2|REQ-R14-4.A.2.a.3|REQ-R14-4.A.2.a.4|REQ-R14-4.A.2.b.1|REQ-R14-4.A.2.b.3|REQ-R14-4.A.3.b.1|REQ-R14-4.A.3.b.6,REQ-R14-4.A.1.b.1|REQ-R14-4.A.2.a.3|REQ-R14-4.A.3.b.1|REQ-R14-4.A.3.b.6,"Active Learning|Analyzing Data or Information|Complex Problem Solving|Computers and Electronics|Documenting/Recording Information|English Language|Evaluating Information to Determine Compliance with Standards|Getting Information|Identifying Objects, Actions, and Events|Making Decisions and Solving Problems|Processing Information|Reading Comprehension|Systems Analysis|Updating and Using Relevant Knowledge|Working with Computers|Writing",16,4,Essential Skills|Knowledge|Transferable Skills|Work Activities,0.556026,0.146377,55.60,14.64,90,exam-fee-required,999,GASF,4,พื้นฐานนิติวิทยาศาสตร์ดิจิทัล,advanced_or_cert_prep,certification_only|both,3,verified,2026-08-31,ผู้วิจัย (ตรวจด้วยการดึงหน้าเว็บ 31 ส.ค. 2026),"[REPLACE 2026-08-31] แทนที่ ""AccessData Certified Examiner (ACE)"" ซึ่งผู้ให้บริการยกเลิกแล้ว · แทน AccessData Certified Examiner ที่ไม่มีหน้าทางการหลัง Exterro เข้าซื้อกิจการ · คง competency mapping เดิมไว้เพราะเป็นรายการทดแทนในสายสมรรถนะเดียวกัน ต้องทบทวน mapping อีกครั้งก่อนตรึง",CORPUS-IS68076026-v1.5R-01OCT26,ONET31.0-IS68076026-v1.0,v0.9_core
CRT-R14-07,certification,R14,นักนิติวิทยาศาสตร์ดิจิทัล / IR,Digital Forensics & Incident Response,15-1299.06,security,exact,7,Cellebrite Certified Operator (CCO),Cellebrite,vendor_or_body,Cellebrite,https://cellebrite.com/en/training/,vendor_cert,Intermediate,2,proctored exam,English,ใบรับรองการตรวจพิสูจน์หลักฐานจากอุปกรณ์เคลื่อนที่ ซึ่งเป็นหลักฐานสำคัญที่สุดในคดีปัจจุบัน,Mobile forensics|Device extraction|Data parsing|Evidence validation|Legal procedures,Cellebrite UFED|Physical Analyzer,no,REQ-R14-2.A.1.a|REQ-R14-2.A.2.b|REQ-R14-2.B.2.i|REQ-R14-2.C.3.a|REQ-R14-2.C.7.a|REQ-R14-2.C.8.b|REQ-R14-4.A.1.a.1|REQ-R14-4.A.1.b.1|REQ-R14-4.A.2.a.2|REQ-R14-4.A.2.a.3|REQ-R14-4.A.2.a.4|REQ-R14-4.A.2.b.1|REQ-R14-4.A.2.b.3|REQ-R14-4.A.3.b.1|REQ-R14-4.A.3.b.6,REQ-R14-2.C.8.b|REQ-R14-4.A.1.b.1|REQ-R14-4.A.3.b.1|REQ-R14-4.A.3.b.6,"Active Learning|Analyzing Data or Information|Complex Problem Solving|Computers and Electronics|Documenting/Recording Information|English Language|Evaluating Information to Determine Compliance with Standards|Getting Information|Identifying Objects, Actions, and Events|Law and Government|Making Decisions and Solving Problems|Processing Information|Reading Comprehension|Updating and Using Relevant Knowledge|Working with Computers",15,4,Essential Skills|Knowledge|Transferable Skills|Work Activities,0.530952,0.148106,53.10,14.81,40,exam-fee-required,500,CCO,2,อบรมทางการของ Cellebrite,advanced_or_cert_prep,certification_only|both,2,verified,2026-08-31,ผู้วิจัย (ตรวจด้วยการดึงหน้าเว็บ 31 ส.ค. 2026),[FIX 2026-08-31] แก้ URL ตามหน้าปลายทางที่ยืนยันแล้ว,CORPUS-IS68076026-v1.5R-01OCT26,ONET31.0-IS68076026-v1.0,v0.9_core
CRT-R14-08,certification,R14,นักนิติวิทยาศาสตร์ดิจิทัล / IR,Digital Forensics & Incident Response,15-1299.06,security,exact,8,IACIS Certified Forensic Computer Examiner (CFCE),IACIS,vendor_or_body,IACIS,https://www.iacis.com/certification/cfce/,vendor_neutral_cert,Professional,4,peer review + proctored exam,English,ใบรับรองที่เน้นความถูกต้องเชิงกระบวนการและเป็นที่ยอมรับในศาล เหมาะกับงานที่ต้องเป็นพยานผู้เชี่ยวชาญ,Forensic methodology|Peer review process|Evidence handling|Expert testimony|Report writing,Multiple forensic toolkits,no,REQ-R14-2.A.1.a|REQ-R14-2.A.1.c|REQ-R14-2.A.2.b|REQ-R14-2.B.2.i|REQ-R14-2.C.3.a|REQ-R14-2.C.7.a|REQ-R14-2.C.8.b|REQ-R14-4.A.1.a.1|REQ-R14-4.A.1.b.1|REQ-R14-4.A.2.a.2|REQ-R14-4.A.2.a.3|REQ-R14-4.A.2.a.4|REQ-R14-4.A.2.b.1|REQ-R14-4.A.2.b.3|REQ-R14-4.A.2.b.6|REQ-R14-4.A.3.b.1|REQ-R14-4.A.3.b.6,REQ-R14-2.A.1.a|REQ-R14-2.A.1.c|REQ-R14-2.C.8.b|REQ-R14-4.A.2.a.3|REQ-R14-4.A.3.b.6,"Active Learning|Analyzing Data or Information|Complex Problem Solving|Computers and Electronics|Documenting/Recording Information|English Language|Evaluating Information to Determine Compliance with Standards|Getting Information|Identifying Objects, Actions, and Events|Law and Government|Making Decisions and Solving Problems|Organizing, Planning, and Prioritizing Work|Processing Information|Reading Comprehension|Updating and Using Relevant Knowledge|Working with Computers|Writing",17,5,Essential Skills|Knowledge|Transferable Skills|Work Activities,0.595451,0.163669,59.55,16.37,200,exam-fee-required,750,CFCE,3,อบรม IACIS หรือประสบการณ์,advanced_or_cert_prep,certification_only|both,3,verified,2026-08-31,ผู้วิจัย (ตรวจด้วยการดึงหน้าเว็บ 31 ส.ค. 2026),,CORPUS-IS68076026-v1.5R-01OCT26,ONET31.0-IS68076026-v1.0,v0.9_core
CRT-R14-09,certification,R14,นักนิติวิทยาศาสตร์ดิจิทัล / IR,Digital Forensics & Incident Response,15-1299.06,security,exact,9,CompTIA CySA+,CompTIA,vendor_or_body,CompTIA,https://www.comptia.org/en-us/certifications/cybersecurity-analyst/,vendor_neutral_cert,Advanced,3,proctored exam,English,ใบรับรองที่เป็นกลางและครอบคลุมการตรวจจับกับการตอบสนองเหตุการณ์ (เวอร์ชันปัจจุบัน CS0-004),Threat detection|Incident response|Vulnerability management|Forensic analysis basics|Reporting,SIEM|Forensic tools,no,REQ-R14-2.A.1.a|REQ-R14-2.A.1.c|REQ-R14-2.A.2.b|REQ-R14-2.B.2.i|REQ-R14-2.B.4.g|REQ-R14-2.C.3.a|REQ-R14-2.C.7.a|REQ-R14-4.A.1.a.1|REQ-R14-4.A.1.a.2|REQ-R14-4.A.1.b.1|REQ-R14-4.A.2.a.2|REQ-R14-4.A.2.a.3|REQ-R14-4.A.2.a.4|REQ-R14-4.A.2.b.1|REQ-R14-4.A.2.b.3|REQ-R14-4.A.2.b.6|REQ-R14-4.A.3.b.1|REQ-R14-4.A.3.b.5|REQ-R14-4.A.3.b.6|REQ-R14-4.A.4.c.1,REQ-R14-4.A.1.a.2|REQ-R14-4.A.1.b.1|REQ-R14-4.A.2.a.3|REQ-R14-4.A.2.a.4|REQ-R14-4.A.3.b.6,"Active Learning|Analyzing Data or Information|Complex Problem Solving|Computers and Electronics|Documenting/Recording Information|English Language|Evaluating Information to Determine Compliance with Standards|Getting Information|Identifying Objects, Actions, and Events|Making Decisions and Solving Problems|Monitoring Processes, Materials, or Surroundings|Organizing, Planning, and Prioritizing Work|Performing Administrative Activities|Processing Information|Reading Comprehension|Repairing and Maintaining Electronic Equipment|Systems Analysis|Updating and Using Relevant Knowledge|Working with Computers|Writing",20,5,Essential Skills|Knowledge|Transferable Skills|Work Activities,0.679404,0.174909,67.94,17.49,120,exam-fee-required,439,CS0-004,3,Security+ หรือประสบการณ์ 4 ปี,core_gap_closure,certification_only|both,3,verified,2026-08-31,ผู้วิจัย (ตรวจด้วยการดึงหน้าเว็บ 31 ส.ค. 2026),,CORPUS-IS68076026-v1.5R-01OCT26,ONET31.0-IS68076026-v1.0,v0.9_core
CRT-R14-10,certification,R14,นักนิติวิทยาศาสตร์ดิจิทัล / IR,Digital Forensics & Incident Response,15-1299.06,security,exact,10,Magnet Certified Forensics Examiner (MCFE),Magnet Forensics,vendor_or_body,Magnet Forensics,https://www.magnetforensics.com/training/,vendor_cert,Intermediate,2,proctored exam,English,ใบรับรองเครื่องมือ AXIOM ที่ใช้แพร่หลายในการสืบสวนคดีอาชญากรรมทางไซเบอร์,Magnet AXIOM|Artifact analysis|Mobile and computer forensics|Case management|Reporting,Magnet AXIOM|Magnet ACQUIRE,no,REQ-R14-2.A.1.a|REQ-R14-2.A.1.c|REQ-R14-2.A.2.b|REQ-R14-2.B.2.i|REQ-R14-2.B.4.g|REQ-R14-2.C.3.a|REQ-R14-2.C.7.a|REQ-R14-4.A.1.a.1|REQ-R14-4.A.1.b.1|REQ-R14-4.A.2.a.2|REQ-R14-4.A.2.a.4|REQ-R14-4.A.2.b.1|REQ-R14-4.A.2.b.3|REQ-R14-4.A.3.b.1|REQ-R14-4.A.3.b.6|REQ-R14-4.A.4.c.1,REQ-R14-4.A.1.b.1|REQ-R14-4.A.2.a.4|REQ-R14-4.A.3.b.1|REQ-R14-4.A.3.b.6|REQ-R14-4.A.4.c.1,"Active Learning|Analyzing Data or Information|Complex Problem Solving|Computers and Electronics|Documenting/Recording Information|English Language|Getting Information|Identifying Objects, Actions, and Events|Making Decisions and Solving Problems|Performing Administrative Activities|Processing Information|Reading Comprehension|Systems Analysis|Updating and Using Relevant Knowledge|Working with Computers|Writing",16,5,Essential Skills|Knowledge|Transferable Skills|Work Activities,0.554210,0.183295,55.42,18.33,50,exam-fee-required,500,MCFE,2,อบรมทางการของ Magnet,advanced_or_cert_prep,certification_only|both,2,verified,2026-08-31,ผู้วิจัย (ตรวจด้วยการดึงหน้าเว็บ 31 ส.ค. 2026),,CORPUS-IS68076026-v1.5R-01OCT26,ONET31.0-IS68076026-v1.0,v0.9_core
CRT-R14-11,certification,R14,นักนิติวิทยาศาสตร์ดิจิทัล / IR,Digital Forensics & Incident Response,15-1299.06,security,exact,11,Certified Kubernetes Application Developer (CKAD),Cloud Native Computing Foundation,vendor_or_body,Linux Foundation Training,https://training.linuxfoundation.org/certification/certified-kubernetes-application-developer-ckad/,vendor_neutral_cert,Intermediate,2,hands-on proctored lab exam,English,สอบภาคปฏิบัติบนคลัสเตอร์จริง ยืนยันว่าออกแบบ สร้าง และ deploy แอปพลิเคชันบน Kubernetes ได้,Kubernetes workloads|ConfigMaps and Secrets|Observability|Pod design|Service networking,Kubernetes|kubectl|Helm,no,REQ-R14-2.B.4.g|REQ-R14-2.C.3.a|REQ-R14-4.A.1.a.2|REQ-R14-4.A.3.b.1,REQ-R14-2.B.4.g|REQ-R14-2.C.3.a|REQ-R14-4.A.1.a.2|REQ-R14-4.A.3.b.1,"Computers and Electronics|Monitoring Processes, Materials, or Surroundings|Systems Analysis|Working with Computers",4,4,Knowledge|Transferable Skills|Work Activities,0.141103,0.141103,14.11,14.11,100,exam-fee-required,445,CKAD,2,ใช้ container และ Kubernetes พื้นฐานได้,advanced_or_cert_prep,certification_only|both,3,verified,2026-08-31,ผู้วิจัย (ตรวจด้วยการดึงหน้าเว็บ 31 ส.ค. 2026),DEC-16 ขยายข้ามบทบาทจาก CRT-R01-05 · คงชื่อ ผู้ให้บริการ URL ชั่วโมง และค่าใช้จ่ายเดิมทุกค่า · ต้องทบทวน mapping ก่อน FREEZE,CORPUS-IS68076026-v1.5R-01OCT26,ONET31.0-IS68076026-v1.0,v1.3_crossrole
CRS-R14-01,course,R14,นักนิติวิทยาศาสตร์ดิจิทัล / IR,Digital Forensics & Incident Response,15-1299.06,security,exact,1,"Penetration Testing, Incident Response and Forensics",IBM,mooc_platform,Coursera,https://www.coursera.org/learn/ibm-penetration-testing-incident-response-forensics,single_course,Intermediate,2,self-paced online,English,เข้าใจกระบวนการตอบสนองเหตุการณ์และการเก็บหลักฐานดิจิทัลตามลำดับขั้นมาตรฐาน,Incident response process|Digital forensics|Evidence handling|Chain of custody|Reporting,Autopsy|Wireshark,no,REQ-R14-2.A.1.a|REQ-R14-2.A.1.c|REQ-R14-2.A.2.b|REQ-R14-2.B.2.i|REQ-R14-2.C.3.a|REQ-R14-2.C.7.a|REQ-R14-2.C.8.b|REQ-R14-4.A.1.a.1|REQ-R14-4.A.1.b.1|REQ-R14-4.A.2.a.2|REQ-R14-4.A.2.a.3|REQ-R14-4.A.2.a.4|REQ-R14-4.A.2.b.1|REQ-R14-4.A.2.b.3|REQ-R14-4.A.3.b.1|REQ-R14-4.A.3.b.5|REQ-R14-4.A.3.b.6,REQ-R14-2.A.1.a|REQ-R14-2.A.1.c|REQ-R14-2.C.8.b|REQ-R14-4.A.1.b.1|REQ-R14-4.A.3.b.6,"Active Learning|Analyzing Data or Information|Complex Problem Solving|Computers and Electronics|Documenting/Recording Information|English Language|Evaluating Information to Determine Compliance with Standards|Getting Information|Identifying Objects, Actions, and Events|Law and Government|Making Decisions and Solving Problems|Processing Information|Reading Comprehension|Repairing and Maintaining Electronic Equipment|Updating and Using Relevant Knowledge|Working with Computers|Writing",17,5,Essential Skills|Knowledge|Transferable Skills|Work Activities,0.590004,0.168857,59.00,16.89,25,paid,49,,,พื้นฐานความมั่นคงปลอดภัย,foundation,course_only|both,3,verified,2026-08-31,ผู้วิจัย (ตรวจด้วยการดึงหน้าเว็บ 31 ส.ค. 2026),,CORPUS-IS68076026-v1.5R-01OCT26,ONET31.0-IS68076026-v1.0,v0.9_core
CRS-R14-02,course,R14,นักนิติวิทยาศาสตร์ดิจิทัล / IR,Digital Forensics & Incident Response,15-1299.06,security,exact,2,Computer Forensics,Rochester Institute of Technology (RITx),mooc_platform,edX,https://www.edx.org/learn/computer-forensics,single_course,Intermediate,2,self-paced online,English,เรียนนิติวิทยาศาสตร์คอมพิวเตอร์เชิงวิชาการ ครอบคลุมทั้งด้านเทคนิคและข้อกำหนดทางกฎหมาย,Forensic methodology|File system analysis|Evidence acquisition|Legal considerations|Expert testimony,FTK Imager|Autopsy,no,REQ-R14-2.A.1.a|REQ-R14-2.A.2.b|REQ-R14-2.B.2.i|REQ-R14-2.B.4.g|REQ-R14-2.C.3.a|REQ-R14-2.C.7.a|REQ-R14-2.C.8.b|REQ-R14-4.A.1.a.1|REQ-R14-4.A.1.b.1|REQ-R14-4.A.2.a.2|REQ-R14-4.A.2.a.3|REQ-R14-4.A.2.a.4|REQ-R14-4.A.2.b.1|REQ-R14-4.A.2.b.3|REQ-R14-4.A.3.b.1|REQ-R14-4.A.3.b.6,REQ-R14-2.A.1.a|REQ-R14-2.C.8.b|REQ-R14-4.A.1.b.1|REQ-R14-4.A.2.a.3|REQ-R14-4.A.3.b.6,"Active Learning|Analyzing Data or Information|Complex Problem Solving|Computers and Electronics|Documenting/Recording Information|English Language|Evaluating Information to Determine Compliance with Standards|Getting Information|Identifying Objects, Actions, and Events|Law and Government|Making Decisions and Solving Problems|Processing Information|Reading Comprehension|Systems Analysis|Updating and Using Relevant Knowledge|Working with Computers",16,5,Essential Skills|Knowledge|Transferable Skills|Work Activities,0.557928,0.169030,55.79,16.90,60,paid,249,,,พื้นฐานระบบปฏิบัติการ,core_gap_closure,course_only|both,3,verified,2026-08-31,ผู้วิจัย (ตรวจด้วยการดึงหน้าเว็บ 31 ส.ค. 2026),,CORPUS-IS68076026-v1.5R-01OCT26,ONET31.0-IS68076026-v1.0,v0.9_core
CRS-R14-03,course,R14,นักนิติวิทยาศาสตร์ดิจิทัล / IR,Digital Forensics & Incident Response,15-1299.06,security,exact,3,Digital Forensics Essentials (DFE),EC-Council,mooc_platform,Coursera,https://www.coursera.org/learn/digital-forensics-essentials-dfe,single_course,Beginner,1,self-paced online,English,"ปูพื้นฐานนิติวิทยาศาสตร์ดิจิทัลตามกรอบ EC-Council ทั้ง Windows, Linux, เครือข่าย และมัลแวร์",Digital evidence|Windows forensics|Linux forensics|Network forensics|Malware forensics,Autopsy|Volatility|Wireshark,no,REQ-R14-2.A.1.a|REQ-R14-2.A.2.b|REQ-R14-2.C.3.a|REQ-R14-2.C.7.a|REQ-R14-4.A.1.a.1|REQ-R14-4.A.1.b.1|REQ-R14-4.A.2.b.3|REQ-R14-4.A.3.b.1|REQ-R14-4.A.3.b.6,REQ-R14-2.A.1.a|REQ-R14-2.C.3.a|REQ-R14-4.A.1.b.1|REQ-R14-4.A.3.b.6,"Active Learning|Computers and Electronics|Documenting/Recording Information|English Language|Getting Information|Identifying Objects, Actions, and Events|Reading Comprehension|Updating and Using Relevant Knowledge|Working with Computers",9,4,Essential Skills|Knowledge|Work Activities,0.328635,0.146896,32.86,14.69,30,paid,49,,,ไม่มี,foundation,course_only|both,2,verified,2026-08-31,ผู้วิจัย (ตรวจด้วยการดึงหน้าเว็บ 31 ส.ค. 2026),,CORPUS-IS68076026-v1.5R-01OCT26,ONET31.0-IS68076026-v1.0,v0.9_core
CRS-R14-04,course,R14,นักนิติวิทยาศาสตร์ดิจิทัล / IR,Digital Forensics & Incident Response,15-1299.06,security,exact,4,Cyber Incident Response Specialization,Infosec Institute,mooc_platform,Coursera,https://www.coursera.org/specializations/cyber-incident-response,specialization,Intermediate,2,self-paced online,English,ฝึกกระบวนการตอบสนองเหตุการณ์ตั้งแต่การเตรียมความพร้อมจนถึงบทเรียนหลังเหตุการณ์,Incident response lifecycle|Containment|Eradication|Recovery|Post-incident review|Playbooks,SIEM|Forensic toolkits,no,REQ-R14-2.A.1.a|REQ-R14-2.A.1.c|REQ-R14-2.A.2.b|REQ-R14-2.B.2.i|REQ-R14-2.C.3.a|REQ-R14-2.C.7.a|REQ-R14-4.A.1.a.1|REQ-R14-4.A.1.a.2|REQ-R14-4.A.1.b.1|REQ-R14-4.A.2.b.1|REQ-R14-4.A.2.b.3|REQ-R14-4.A.3.b.1|REQ-R14-4.A.3.b.5|REQ-R14-4.A.3.b.6,REQ-R14-2.A.1.c|REQ-R14-4.A.1.a.2|REQ-R14-4.A.2.b.1|REQ-R14-4.A.3.b.6,"Active Learning|Complex Problem Solving|Computers and Electronics|Documenting/Recording Information|English Language|Getting Information|Identifying Objects, Actions, and Events|Making Decisions and Solving Problems|Monitoring Processes, Materials, or Surroundings|Reading Comprehension|Repairing and Maintaining Electronic Equipment|Updating and Using Relevant Knowledge|Working with Computers|Writing",14,4,Essential Skills|Knowledge|Transferable Skills|Work Activities,0.483572,0.135310,48.36,13.53,60,paid,245,,,พื้นฐานความมั่นคงปลอดภัย,core_gap_closure,course_only|both,3,verified,2026-08-31,ผู้วิจัย (ตรวจด้วยการดึงหน้าเว็บ 31 ส.ค. 2026),[FIX 2026-08-31] แก้ URL ตามหน้าปลายทางที่ยืนยันแล้ว,CORPUS-IS68076026-v1.5R-01OCT26,ONET31.0-IS68076026-v1.0,v0.9_core
CRS-R14-05,course,R14,นักนิติวิทยาศาสตร์ดิจิทัล / IR,Digital Forensics & Incident Response,15-1299.06,security,exact,5,Digital Forensics Concepts,Infosec Institute,mooc_platform,Coursera,https://www.coursera.org/learn/digital-forensics-concepts,single_course,Beginner,1,self-paced online,English,เข้าใจหลักการรักษาความสมบูรณ์ของหลักฐานและห่วงโซ่การครอบครอง ซึ่งเป็นหัวใจของงานที่ต้องขึ้นศาล,Evidence integrity|Chain of custody|Forensic imaging|Hashing|Documentation standards,FTK Imager|hashing tools,no,REQ-R14-2.A.1.a|REQ-R14-2.A.1.c|REQ-R14-2.A.2.b|REQ-R14-2.C.3.a|REQ-R14-2.C.7.a|REQ-R14-2.C.8.b|REQ-R14-4.A.1.a.1|REQ-R14-4.A.2.a.3|REQ-R14-4.A.2.b.3|REQ-R14-4.A.3.b.1|REQ-R14-4.A.3.b.6,REQ-R14-2.A.1.a|REQ-R14-2.C.8.b|REQ-R14-4.A.2.a.3|REQ-R14-4.A.3.b.6,Active Learning|Computers and Electronics|Documenting/Recording Information|English Language|Evaluating Information to Determine Compliance with Standards|Getting Information|Law and Government|Reading Comprehension|Updating and Using Relevant Knowledge|Working with Computers|Writing,11,4,Essential Skills|Knowledge|Work Activities,0.385871,0.133408,38.59,13.34,20,paid,49,,,ไม่มี,foundation,course_only|both,2,verified,2026-08-31,ผู้วิจัย (ตรวจด้วยการดึงหน้าเว็บ 31 ส.ค. 2026),,CORPUS-IS68076026-v1.5R-01OCT26,ONET31.0-IS68076026-v1.0,v0.9_core
CRS-R14-06,course,R14,นักนิติวิทยาศาสตร์ดิจิทัล / IR,Digital Forensics & Incident Response,15-1299.06,security,exact,6,FOR500: Windows Forensic Analysis,SANS Institute,vendor_or_body,SANS,https://www.sans.org/cyber-security-courses/windows-forensic-analysis/,single_course,Advanced,3,self-paced online,English,หลักสูตรอ้างอิงของการวิเคราะห์หลักฐานบน Windows ซึ่งเป็นระบบปฏิบัติการหลักขององค์กรไทย,Windows artifacts|Registry analysis|Timeline analysis|USB forensics|Browser forensics,EnCase|Autopsy|KAPE|Registry Explorer,yes,REQ-R14-2.A.1.a|REQ-R14-2.A.2.b|REQ-R14-2.B.2.i|REQ-R14-2.B.4.g|REQ-R14-2.C.3.a|REQ-R14-2.C.7.a|REQ-R14-4.A.1.a.1|REQ-R14-4.A.1.b.1|REQ-R14-4.A.2.a.2|REQ-R14-4.A.2.a.4|REQ-R14-4.A.2.b.1|REQ-R14-4.A.2.b.3|REQ-R14-4.A.3.b.1|REQ-R14-4.A.3.b.6,REQ-R14-2.A.1.a|REQ-R14-2.C.3.a|REQ-R14-4.A.1.b.1|REQ-R14-4.A.2.a.4|REQ-R14-4.A.3.b.6,"Active Learning|Analyzing Data or Information|Complex Problem Solving|Computers and Electronics|Documenting/Recording Information|English Language|Getting Information|Identifying Objects, Actions, and Events|Making Decisions and Solving Problems|Processing Information|Reading Comprehension|Systems Analysis|Updating and Using Relevant Knowledge|Working with Computers",14,5,Essential Skills|Knowledge|Transferable Skills|Work Activities,0.495331,0.185630,49.53,18.56,60,paid,8780,,,พื้นฐาน Windows internals,advanced_or_cert_prep,course_only|both,3,verified,2026-08-31,ผู้วิจัย (ตรวจด้วยการดึงหน้าเว็บ 31 ส.ค. 2026),,CORPUS-IS68076026-v1.5R-01OCT26,ONET31.0-IS68076026-v1.0,v0.9_core
CRS-R14-07,course,R14,นักนิติวิทยาศาสตร์ดิจิทัล / IR,Digital Forensics & Incident Response,15-1299.06,security,exact,7,"FOR508: Advanced Incident Response, Threat Hunting and Digital Forensics",SANS Institute,vendor_or_body,SANS,https://www.sans.org/cyber-security-courses/advanced-incident-response-threat-hunting-training/,single_course,Advanced,3,self-paced online,English,หลักสูตรระดับสูงสำหรับการสืบสวนการบุกรุกขนาดใหญ่และการล่าภัยคุกคามในองค์กร,Enterprise IR|Threat hunting|Memory forensics|Lateral movement detection|APT investigation,Volatility|Velociraptor|KAPE,yes,REQ-R14-2.A.1.a|REQ-R14-2.A.1.c|REQ-R14-2.A.2.b|REQ-R14-2.B.2.i|REQ-R14-2.C.3.a|REQ-R14-2.C.7.a|REQ-R14-4.A.1.a.1|REQ-R14-4.A.1.a.2|REQ-R14-4.A.1.b.1|REQ-R14-4.A.2.a.4|REQ-R14-4.A.2.b.1|REQ-R14-4.A.2.b.3|REQ-R14-4.A.3.b.1|REQ-R14-4.A.3.b.5,REQ-R14-2.A.1.c|REQ-R14-2.B.2.i|REQ-R14-4.A.1.a.2|REQ-R14-4.A.1.b.1|REQ-R14-4.A.2.a.4,"Active Learning|Analyzing Data or Information|Complex Problem Solving|Computers and Electronics|English Language|Getting Information|Identifying Objects, Actions, and Events|Making Decisions and Solving Problems|Monitoring Processes, Materials, or Surroundings|Reading Comprehension|Repairing and Maintaining Electronic Equipment|Updating and Using Relevant Knowledge|Working with Computers|Writing",14,5,Essential Skills|Knowledge|Transferable Skills|Work Activities,0.483918,0.165572,48.39,16.56,60,paid,8780,,,FOR500 หรือประสบการณ์ IR,advanced_or_cert_prep,course_only|both,3,verified,2026-08-31,ผู้วิจัย (ตรวจด้วยการดึงหน้าเว็บ 31 ส.ค. 2026),,CORPUS-IS68076026-v1.5R-01OCT26,ONET31.0-IS68076026-v1.0,v0.9_core
CRS-R14-08,course,R14,นักนิติวิทยาศาสตร์ดิจิทัล / IR,Digital Forensics & Incident Response,15-1299.06,security,exact,8,Autopsy Basics and Hands On,Basis Technology / Sleuth Kit,vendor_or_body,Autopsy Training,https://www.autopsy.com/support/training/,single_course,Beginner,1,self-paced online,English,ใช้เครื่องมือนิติวิทยาศาสตร์โอเพนซอร์สที่ไม่มีค่าลิขสิทธิ์ เหมาะกับการฝึกและงบประมาณจำกัด,Autopsy|Disk image analysis|Keyword search|Artifact extraction|Report generation,Autopsy|The Sleuth Kit,yes,REQ-R14-2.A.1.a|REQ-R14-2.A.1.c|REQ-R14-2.A.2.b|REQ-R14-2.B.2.i|REQ-R14-2.B.4.g|REQ-R14-2.C.3.a|REQ-R14-2.C.7.a|REQ-R14-4.A.1.a.1|REQ-R14-4.A.1.b.1|REQ-R14-4.A.2.a.2|REQ-R14-4.A.2.a.4|REQ-R14-4.A.2.b.1|REQ-R14-4.A.2.b.3|REQ-R14-4.A.3.b.1|REQ-R14-4.A.3.b.6|REQ-R14-4.A.4.c.1,REQ-R14-4.A.1.b.1|REQ-R14-4.A.2.a.4|REQ-R14-4.A.3.b.1|REQ-R14-4.A.3.b.6,"Active Learning|Analyzing Data or Information|Complex Problem Solving|Computers and Electronics|Documenting/Recording Information|English Language|Getting Information|Identifying Objects, Actions, and Events|Making Decisions and Solving Problems|Performing Administrative Activities|Processing Information|Reading Comprehension|Systems Analysis|Updating and Using Relevant Knowledge|Working with Computers|Writing",16,4,Essential Skills|Knowledge|Transferable Skills|Work Activities,0.554210,0.154677,55.42,15.47,15,free,0,,,ไม่มี,foundation,course_only|both,2,verified,2026-08-31,ผู้วิจัย (ตรวจด้วยการดึงหน้าเว็บ 31 ส.ค. 2026),,CORPUS-IS68076026-v1.5R-01OCT26,ONET31.0-IS68076026-v1.0,v0.9_core
CRS-R14-09,course,R14,นักนิติวิทยาศาสตร์ดิจิทัล / IR,Digital Forensics & Incident Response,15-1299.06,security,exact,9,Malware and Memory Forensics Training,Volatility Foundation,vendor_or_body,Volatility Foundation,https://volatilityfoundation.org/volatility-training/,single_course,Advanced,3,self-paced online,English,วิเคราะห์หน่วยความจำเพื่อตรวจจับมัลแวร์ที่ไม่ทิ้งร่องรอยบนดิสก์ ซึ่งเป็นทักษะที่ขาดแคลนสูง,Memory acquisition|Volatility framework|Rootkit detection|Process analysis|Malware artifacts,Volatility|WinPmem|Rekall,yes,REQ-R14-2.A.1.a|REQ-R14-2.A.2.b|REQ-R14-2.B.2.i|REQ-R14-2.B.4.g|REQ-R14-2.C.3.a|REQ-R14-2.C.7.a|REQ-R14-4.A.1.a.1|REQ-R14-4.A.1.a.2|REQ-R14-4.A.1.b.1|REQ-R14-4.A.2.a.2|REQ-R14-4.A.2.a.4|REQ-R14-4.A.2.b.1|REQ-R14-4.A.2.b.3|REQ-R14-4.A.3.b.1,REQ-R14-2.B.2.i|REQ-R14-2.C.3.a|REQ-R14-4.A.1.b.1|REQ-R14-4.A.2.a.4,"Active Learning|Analyzing Data or Information|Complex Problem Solving|Computers and Electronics|English Language|Getting Information|Identifying Objects, Actions, and Events|Making Decisions and Solving Problems|Monitoring Processes, Materials, or Surroundings|Processing Information|Reading Comprehension|Systems Analysis|Updating and Using Relevant Knowledge|Working with Computers",14,4,Essential Skills|Knowledge|Transferable Skills|Work Activities,0.488674,0.144043,48.87,14.40,30,paid,1200,,,พื้นฐาน OS internals,advanced_or_cert_prep,course_only|both,2,verified,2026-08-31,ผู้วิจัย (ตรวจด้วยการดึงหน้าเว็บ 31 ส.ค. 2026),[FIX 2026-08-31] แก้ URL ตามหน้าปลายทางที่ยืนยันแล้ว,CORPUS-IS68076026-v1.5R-01OCT26,ONET31.0-IS68076026-v1.0,v0.9_core
CRS-R14-10,course,R14,นักนิติวิทยาศาสตร์ดิจิทัล / IR,Digital Forensics & Incident Response,15-1299.06,security,exact,10,SOC Level 2 / DFIR Learning Path,TryHackMe,vendor_or_body,TryHackMe,https://tryhackme.com/path/outline/soclevel2,specialization,Advanced,3,self-paced online,English,ฝึกงานสืบสวนดิจิทัลในห้องแล็บจำลอง ทั้งการวิเคราะห์มัลแวร์ การล่าภัยคุกคาม และการทำ timeline,Advanced threat detection|Malware analysis|Threat hunting|DFIR workflows|Timeline reconstruction,Volatility|Velociraptor|Splunk|YARA,yes,REQ-R14-2.A.1.a|REQ-R14-2.A.2.b|REQ-R14-2.B.2.i|REQ-R14-2.B.4.g|REQ-R14-2.C.3.a|REQ-R14-2.C.7.a|REQ-R14-4.A.1.a.1|REQ-R14-4.A.1.a.2|REQ-R14-4.A.1.b.1|REQ-R14-4.A.2.a.2|REQ-R14-4.A.2.a.4|REQ-R14-4.A.2.b.1|REQ-R14-4.A.2.b.3|REQ-R14-4.A.2.b.6|REQ-R14-4.A.3.b.1|REQ-R14-4.A.3.b.6,REQ-R14-2.B.2.i|REQ-R14-4.A.1.a.2|REQ-R14-4.A.1.b.1|REQ-R14-4.A.2.a.4|REQ-R14-4.A.3.b.6,"Active Learning|Analyzing Data or Information|Complex Problem Solving|Computers and Electronics|Documenting/Recording Information|English Language|Getting Information|Identifying Objects, Actions, and Events|Making Decisions and Solving Problems|Monitoring Processes, Materials, or Surroundings|Organizing, Planning, and Prioritizing Work|Processing Information|Reading Comprehension|Systems Analysis|Updating and Using Relevant Knowledge|Working with Computers",16,5,Essential Skills|Knowledge|Transferable Skills|Work Activities,0.561300,0.173699,56.13,17.37,120,low-cost,168,,,SOC Level 1 หรือเทียบเท่า,core_gap_closure,course_only|both,2,verified,2026-08-31,ผู้วิจัย (ตรวจด้วยการดึงหน้าเว็บ 31 ส.ค. 2026),,CORPUS-IS68076026-v1.5R-01OCT26,ONET31.0-IS68076026-v1.0,v0.9_core
CRS-R14-11,course,R14,นักนิติวิทยาศาสตร์ดิจิทัล / IR,Digital Forensics & Incident Response,15-1299.06,security,exact,11,Improving Communication Skills,University of Pennsylvania (Wharton),mooc_platform,Coursera,https://www.coursera.org/learn/wharton-communication-skills,single_course,Beginner,1,self-paced online,English,สื่อสารเชิงวิชาชีพอย่างมีประสิทธิผล ฟังอย่างตั้งใจ ตีความสารของผู้อื่น สร้างความไว้วางใจ และสื่อสารกับผู้มีส่วนได้เสียทั้งในและนอกองค์กร,Active listening|Professional communication|Stakeholder communication|Building trust|Persuasion,,no,REQ-R14-2.A.1.b|REQ-R14-2.A.1.d|REQ-R14-4.A.4.a.1|REQ-R14-4.A.4.a.2|REQ-R14-4.A.4.a.3|REQ-R14-4.A.4.a.4|REQ-R14-4.A.4.b.6,REQ-R14-2.A.1.b|REQ-R14-2.A.1.d|REQ-R14-4.A.4.a.1|REQ-R14-4.A.4.a.2|REQ-R14-4.A.4.a.3|REQ-R14-4.A.4.a.4|REQ-R14-4.A.4.b.6,"Active Listening|Communicating with People Outside the Organization|Communicating with Supervisors, Peers, or Subordinates|Establishing and Maintaining Interpersonal Relationships|Interpreting the Meaning of Information for Others|Providing Consultation and Advice to Others|Speaking",7,7,Essential Skills|Work Activities,0.226180,0.226180,22.62,22.62,10,low-cost,49,,,,core_gap_closure,course_only|both,2,verified,2026-08-31,ผู้วิจัย (ตรวจด้วยการดึงหน้าเว็บ 31 ส.ค. 2026),ปิดช่องว่างกลุ่มการสื่อสารตาม DEC-09 · ยืนยันการมีอยู่ของแหล่งข้อมูลด้วยการค้นเว็บเมื่อ 2026-08-31,CORPUS-IS68076026-v1.5R-01OCT26,ONET31.0-IS68076026-v1.0,v1.0_gap_closure
CRS-R14-12,course,R14,นักนิติวิทยาศาสตร์ดิจิทัล / IR,Digital Forensics & Incident Response,15-1299.06,security,exact,12,Foundations of Project Management,Google,mooc_platform,Coursera,https://www.coursera.org/learn/project-management-foundations,single_course,Beginner,1,self-paced online,English,กำหนดวัตถุประสงค์และกลยุทธ์ของโครงการ ตัดสินใจบนข้อมูลที่มี ประสานงานระหว่างทีม และประเมินทางเลือกอย่างเป็นระบบ,Project scoping|Objective setting|Decision making|Coordination|Stakeholder alignment,,no,REQ-R14-2.B.4.e|REQ-R14-4.A.2.b.2,REQ-R14-2.B.4.e|REQ-R14-4.A.2.b.2,Judgment and Decision Making|Thinking Creatively,2,2,Transferable Skills|Work Activities,0.062251,0.062251,6.23,6.23,26,low-cost,49,,,,core_gap_closure,course_only|both,2,verified,2026-08-31,ผู้วิจัย (ตรวจด้วยการดึงหน้าเว็บ 31 ส.ค. 2026),ปิดช่องว่างกลุ่มการวางเป้าหมายและการตัดสินใจตาม DEC-09 · ยืนยันการมีอยู่ของแหล่งข้อมูลด้วยการค้นเว็บเมื่อ 2026-08-31,CORPUS-IS68076026-v1.5R-01OCT26,ONET31.0-IS68076026-v1.0,v1.0_gap_closure
CRT-R15-01,certification,R15,วิศวกร/สถาปนิกเครือข่าย,Network Engineer / Architect,15-1241.00,network,exact,1,Cisco Certified Network Associate (CCNA),Cisco,vendor_or_body,Cisco Certification,https://www.cisco.com/site/us/en/learn/training-certifications/certifications/enterprise/ccna/index.html,vendor_cert,Intermediate,2,proctored exam,English,ใบรับรองเครือข่ายที่ประกาศรับสมัครงานในไทยระบุถึงมากที่สุด และเป็นบันไดขั้นแรกของสายงาน,Network fundamentals|IP connectivity|Security fundamentals|Automation basics|IP services,Cisco IOS|Packet Tracer,no,REQ-R15-2.A.1.a|REQ-R15-2.A.2.a|REQ-R15-2.B.2.i|REQ-R15-2.C.3.a|REQ-R15-2.C.3.b|REQ-R15-2.C.7.a|REQ-R15-2.C.9.a|REQ-R15-4.A.1.a.1|REQ-R15-4.A.1.a.2|REQ-R15-4.A.1.b.1|REQ-R15-4.A.2.b.1|REQ-R15-4.A.2.b.3|REQ-R15-4.A.2.b.6|REQ-R15-4.A.3.b.1,REQ-R15-2.C.3.a|REQ-R15-2.C.3.b|REQ-R15-2.C.9.a|REQ-R15-4.A.1.a.2|REQ-R15-4.A.1.b.1,"Complex Problem Solving|Computers and Electronics|Critical Thinking|Engineering and Technology|English Language|Getting Information|Identifying Objects, Actions, and Events|Making Decisions and Solving Problems|Monitoring Processes, Materials, or Surroundings|Organizing, Planning, and Prioritizing Work|Reading Comprehension|Telecommunications|Updating and Using Relevant Knowledge|Working with Computers",14,5,Essential Skills|Knowledge|Transferable Skills|Work Activities,0.491646,0.178812,49.16,17.88,150,exam-fee-required,300,200-301,3,แนะนำประสบการณ์ 1 ปี,core_gap_closure,certification_only|both,3,verified,2026-08-31,ผู้วิจัย (ตรวจด้วยการดึงหน้าเว็บ 31 ส.ค. 2026),,CORPUS-IS68076026-v1.5R-01OCT26,ONET31.0-IS68076026-v1.0,v0.9_core
CRT-R15-02,certification,R15,วิศวกร/สถาปนิกเครือข่าย,Network Engineer / Architect,15-1241.00,network,exact,2,Cisco Certified Network Professional Enterprise (CCNP Enterprise),Cisco,vendor_or_body,Cisco Certification,https://www.cisco.com/site/us/en/learn/training-certifications/certifications/enterprise/ccnp-enterprise/index.html,vendor_cert,Advanced,3,proctored exam,English,ใบรับรองระดับมืออาชีพสำหรับผู้ออกแบบและดูแลเครือข่ายองค์กรขนาดใหญ่,Advanced routing|Enterprise architecture|Network assurance|Automation|Security integration,Cisco IOS-XE|DNA Center,no,REQ-R15-2.A.1.a|REQ-R15-2.A.2.a|REQ-R15-2.B.2.i|REQ-R15-2.B.4.g|REQ-R15-2.B.4.h|REQ-R15-2.C.3.a|REQ-R15-2.C.3.b|REQ-R15-2.C.7.a|REQ-R15-2.C.9.a|REQ-R15-4.A.1.a.1|REQ-R15-4.A.1.b.1|REQ-R15-4.A.2.b.1|REQ-R15-4.A.2.b.3|REQ-R15-4.A.2.b.6|REQ-R15-4.A.3.b.1,REQ-R15-2.B.4.g|REQ-R15-2.B.4.h|REQ-R15-2.C.9.a,"Complex Problem Solving|Computers and Electronics|Critical Thinking|Engineering and Technology|English Language|Getting Information|Identifying Objects, Actions, and Events|Making Decisions and Solving Problems|Organizing, Planning, and Prioritizing Work|Reading Comprehension|Systems Analysis|Systems Evaluation|Telecommunications|Updating and Using Relevant Knowledge|Working with Computers",15,3,Essential Skills|Knowledge|Transferable Skills|Work Activities,0.522861,0.100772,52.29,10.08,250,exam-fee-required,700,350-401 + concentration,3,แนะนำ CCNA และประสบการณ์ 3-5 ปี,advanced_or_cert_prep,certification_only|both,3,verified,2026-08-31,ผู้วิจัย (ตรวจด้วยการดึงหน้าเว็บ 31 ส.ค. 2026),,CORPUS-IS68076026-v1.5R-01OCT26,ONET31.0-IS68076026-v1.0,v0.9_core
CRT-R15-03,certification,R15,วิศวกร/สถาปนิกเครือข่าย,Network Engineer / Architect,15-1241.00,network,exact,3,Cisco CCNA Automation,Cisco,vendor_or_body,Cisco Certification,https://www.cisco.com/site/us/en/learn/training-certifications/certifications/automation/ccna-automation/index.html,vendor_cert,Intermediate,2,proctored exam,English,ใบรับรองที่เชื่อมงานเครือข่ายกับการเขียนโปรแกรม ตรงกับสมรรถนะ Programming (IM 3.88) ของบทบาทนี้,Network programmability|REST APIs|Python|Automation|CI/CD for networks,Python|Cisco APIs|Ansible,no,REQ-R15-2.A.1.a|REQ-R15-2.A.2.a|REQ-R15-2.B.2.i|REQ-R15-2.B.3.e|REQ-R15-2.B.4.g|REQ-R15-2.C.3.a|REQ-R15-2.C.7.a|REQ-R15-2.C.9.a|REQ-R15-4.A.1.a.1|REQ-R15-4.A.1.b.1|REQ-R15-4.A.2.b.1|REQ-R15-4.A.2.b.3|REQ-R15-4.A.2.b.6|REQ-R15-4.A.3.b.1,REQ-R15-2.B.3.e|REQ-R15-2.B.4.g|REQ-R15-2.C.9.a|REQ-R15-4.A.3.b.1,"Complex Problem Solving|Computers and Electronics|Critical Thinking|English Language|Getting Information|Identifying Objects, Actions, and Events|Making Decisions and Solving Problems|Organizing, Planning, and Prioritizing Work|Programming|Reading Comprehension|Systems Analysis|Telecommunications|Updating and Using Relevant Knowledge|Working with Computers",14,4,Essential Skills|Knowledge|Transferable Skills|Work Activities,0.486810,0.141064,48.68,14.11,120,exam-fee-required,300,200-901,3,พื้นฐาน Python และเครือข่าย,advanced_or_cert_prep,certification_only|both,3,verified,2026-08-31,ผู้วิจัย (ตรวจด้วยการดึงหน้าเว็บ 31 ส.ค. 2026),[FIX 2026-08-31] Cisco เปลี่ยนชื่อสาย DevNet เป็น Automation · DevNet Associate กลายเป็น CCNA Automation,CORPUS-IS68076026-v1.5R-01OCT26,ONET31.0-IS68076026-v1.0,v0.9_core
CRT-R15-04,certification,R15,วิศวกร/สถาปนิกเครือข่าย,Network Engineer / Architect,15-1241.00,network,exact,4,CompTIA Network+,CompTIA,vendor_or_body,CompTIA,https://www.comptia.org/en-us/certifications/network/,vendor_neutral_cert,Intermediate,2,proctored exam,English,ใบรับรองที่เป็นกลางต่อผู้ผลิต เหมาะเป็นฐานก่อนสอบใบรับรองเฉพาะของ Cisco หรือ Juniper,Network concepts|Infrastructure|Network operations|Network security|Troubleshooting,Vendor-neutral,no,REQ-R15-2.A.1.a|REQ-R15-2.A.2.a|REQ-R15-2.B.2.i|REQ-R15-2.C.3.a|REQ-R15-2.C.7.a|REQ-R15-2.C.9.a|REQ-R15-4.A.1.a.1|REQ-R15-4.A.1.b.1|REQ-R15-4.A.2.a.3|REQ-R15-4.A.2.b.1|REQ-R15-4.A.2.b.3|REQ-R15-4.A.2.b.6|REQ-R15-4.A.3.b.1,REQ-R15-2.C.3.a|REQ-R15-2.C.9.a|REQ-R15-4.A.1.b.1|REQ-R15-4.A.2.a.3,"Complex Problem Solving|Computers and Electronics|Critical Thinking|English Language|Evaluating Information to Determine Compliance with Standards|Getting Information|Identifying Objects, Actions, and Events|Making Decisions and Solving Problems|Organizing, Planning, and Prioritizing Work|Reading Comprehension|Telecommunications|Updating and Using Relevant Knowledge|Working with Computers",13,4,Essential Skills|Knowledge|Transferable Skills|Work Activities,0.457291,0.144457,45.73,14.45,100,exam-fee-required,399,N10-009,3,แนะนำ A+ หรือประสบการณ์ 9-12 เดือน,foundation,certification_only|both,3,verified,2026-08-31,ผู้วิจัย (ตรวจด้วยการดึงหน้าเว็บ 31 ส.ค. 2026),,CORPUS-IS68076026-v1.5R-01OCT26,ONET31.0-IS68076026-v1.0,v0.9_core
CRT-R15-05,certification,R15,วิศวกร/สถาปนิกเครือข่าย,Network Engineer / Architect,15-1241.00,network,exact,5,Juniper Networks Certified Associate – Junos (JNCIA-Junos),Juniper Networks,vendor_or_body,Juniper,https://www.juniper.net/us/en/training/certification.html,vendor_cert,Intermediate,2,proctored exam,English,ใบรับรองจากผู้ผลิตอันดับสองของตลาด ทำให้ออกแบบเครือข่ายได้โดยไม่ผูกกับผู้ผลิตรายเดียว,Junos OS|Routing policy|Firewall filters|Network operations|CLI configuration,Junos|vLabs,no,REQ-R15-2.A.1.a|REQ-R15-2.A.2.a|REQ-R15-2.B.2.i|REQ-R15-2.C.3.a|REQ-R15-2.C.3.b|REQ-R15-2.C.7.a|REQ-R15-2.C.9.a|REQ-R15-4.A.1.a.1|REQ-R15-4.A.1.b.1|REQ-R15-4.A.2.b.1|REQ-R15-4.A.2.b.3|REQ-R15-4.A.3.b.1,REQ-R15-2.C.3.a|REQ-R15-2.C.9.a|REQ-R15-4.A.3.b.1,"Complex Problem Solving|Computers and Electronics|Critical Thinking|Engineering and Technology|English Language|Getting Information|Identifying Objects, Actions, and Events|Making Decisions and Solving Problems|Reading Comprehension|Telecommunications|Updating and Using Relevant Knowledge|Working with Computers",12,3,Essential Skills|Knowledge|Transferable Skills|Work Activities,0.427773,0.116041,42.78,11.60,80,exam-fee-required,200,JN0-105,3,พื้นฐานเครือข่าย,advanced_or_cert_prep,certification_only|both,2,pending_verification,,,[REDIRECT] 302 ไปที่ learningportal.juniper.net ต้องตรวจปลายทาง,CORPUS-IS68076026-v1.5R-01OCT26,ONET31.0-IS68076026-v1.0,v0.9_core
CRT-R15-06,certification,R15,วิศวกร/สถาปนิกเครือข่าย,Network Engineer / Architect,15-1241.00,network,exact,6,Palo Alto Networks Certified Network Security Engineer (PCNSE),Palo Alto Networks,vendor_or_body,Palo Alto Networks,https://www.paloaltonetworks.com/services/education/certification,vendor_cert,Professional,4,proctored exam,English,ออกแบบ ติดตั้ง และแก้ปัญหาโครงสร้างความปลอดภัยเครือข่ายขององค์กรด้วยแพลตฟอร์ม Palo Alto Networks,Network security architecture|Firewall policy|VPN|Traffic inspection|Troubleshooting,PAN-OS|Panorama,no,REQ-R15-2.A.1.a|REQ-R15-2.A.2.a|REQ-R15-2.B.2.i|REQ-R15-2.B.4.e|REQ-R15-2.B.4.g|REQ-R15-2.B.4.h|REQ-R15-2.C.3.a|REQ-R15-2.C.3.b|REQ-R15-2.C.7.a|REQ-R15-2.C.9.a|REQ-R15-4.A.1.a.1|REQ-R15-4.A.1.b.1|REQ-R15-4.A.2.b.1|REQ-R15-4.A.2.b.3|REQ-R15-4.A.2.b.6|REQ-R15-4.A.3.b.1,REQ-R15-2.B.4.e|REQ-R15-2.B.4.g|REQ-R15-2.B.4.h|REQ-R15-2.C.9.a,"Complex Problem Solving|Computers and Electronics|Critical Thinking|Engineering and Technology|English Language|Getting Information|Identifying Objects, Actions, and Events|Judgment and Decision Making|Making Decisions and Solving Problems|Organizing, Planning, and Prioritizing Work|Reading Comprehension|Systems Analysis|Systems Evaluation|Telecommunications|Updating and Using Relevant Knowledge|Working with Computers",16,4,Essential Skills|Knowledge|Transferable Skills|Work Activities,0.554670,0.132581,55.47,13.26,100,exam-fee-required,175,PCNSE,2,ประสบการณ์ออกแบบและดูแลไฟร์วอลล์,advanced_or_cert_prep,certification_only|both,3,verified,2026-08-31,ผู้วิจัย (ตรวจด้วยการดึงหน้าเว็บ 31 ส.ค. 2026),"[REPLACE 2026-08-31] แทนที่ ""AWS Certified Advanced Networking – Specialty"" ซึ่งผู้ให้บริการยกเลิกแล้ว · แทน AWS Certified Advanced Networking Specialty ที่จะยกเลิก 31 ธ.ค. 2026 ซึ่งอยู่ในช่วงเก็บข้อมูล · คง competency mapping เดิมไว้เพราะเป็นรายการทดแทนในสายสมรรถนะเดียวกัน ต้องทบทวน mapping อีกครั้งก่อนตรึง",CORPUS-IS68076026-v1.5R-01OCT26,ONET31.0-IS68076026-v1.0,v0.9_core
CRT-R15-07,certification,R15,วิศวกร/สถาปนิกเครือข่าย,Network Engineer / Architect,15-1241.00,network,exact,7,Microsoft Certified: Azure Network Engineer Associate,Microsoft,vendor_or_body,Microsoft Learn,https://learn.microsoft.com/en-us/credentials/certifications/azure-network-engineer-associate/,vendor_cert,Intermediate,2,proctored exam,English,ยืนยันความสามารถออกแบบและติดตั้งโครงสร้างเครือข่ายบน Azure ซึ่งองค์กรไทยจำนวนมากใช้,Azure virtual networks|Hybrid connectivity|Load balancing|Network security|Private access,Azure Virtual Network|ExpressRoute|Azure Firewall,no,REQ-R15-2.A.1.a|REQ-R15-2.A.2.a|REQ-R15-2.B.2.i|REQ-R15-2.B.4.g|REQ-R15-2.C.3.a|REQ-R15-2.C.3.b|REQ-R15-2.C.7.a|REQ-R15-2.C.9.a|REQ-R15-4.A.1.a.1|REQ-R15-4.A.1.b.1|REQ-R15-4.A.2.a.3|REQ-R15-4.A.2.b.1|REQ-R15-4.A.2.b.3|REQ-R15-4.A.2.b.6|REQ-R15-4.A.3.b.1,REQ-R15-2.B.4.g|REQ-R15-2.C.3.a|REQ-R15-2.C.9.a|REQ-R15-4.A.2.a.3,"Complex Problem Solving|Computers and Electronics|Critical Thinking|Engineering and Technology|English Language|Evaluating Information to Determine Compliance with Standards|Getting Information|Identifying Objects, Actions, and Events|Making Decisions and Solving Problems|Organizing, Planning, and Prioritizing Work|Reading Comprehension|Systems Analysis|Telecommunications|Updating and Using Relevant Knowledge|Working with Computers",15,4,Essential Skills|Knowledge|Transferable Skills|Work Activities,0.525151,0.142760,52.52,14.28,110,exam-fee-required,165,AZ-700,1,พื้นฐาน Azure และเครือข่าย,advanced_or_cert_prep,certification_only|both,3,verified,2026-08-31,ผู้วิจัย (ตรวจด้วยการดึงหน้าเว็บ 31 ส.ค. 2026),,CORPUS-IS68076026-v1.5R-01OCT26,ONET31.0-IS68076026-v1.0,v0.9_core
CRT-R15-08,certification,R15,วิศวกร/สถาปนิกเครือข่าย,Network Engineer / Architect,15-1241.00,network,exact,8,Cisco Certified Internetwork Expert Enterprise Infrastructure (CCIE),Cisco,vendor_or_body,Cisco Certification,https://www.cisco.com/site/us/en/learn/training-certifications/certifications/enterprise/ccie-enterprise-infrastructure/index.html,vendor_cert,Professional,4,written + 8-hour lab exam,English,ใบรับรองระดับสูงสุดของวงการเครือข่าย ต้องสอบภาคปฏิบัติ 8 ชั่วโมง เป็นเป้าหมายระยะยาวของสายงาน,Expert-level routing|Network design|Automation|Troubleshooting under pressure|Infrastructure security,Cisco IOS-XE|IOS-XR|NX-OS,yes,REQ-R15-2.A.1.a|REQ-R15-2.A.2.a|REQ-R15-2.B.2.i|REQ-R15-2.B.4.e|REQ-R15-2.B.4.g|REQ-R15-2.B.4.h|REQ-R15-2.C.3.a|REQ-R15-2.C.3.b|REQ-R15-2.C.7.a|REQ-R15-2.C.9.a|REQ-R15-4.A.1.a.1|REQ-R15-4.A.1.b.1|REQ-R15-4.A.2.b.1|REQ-R15-4.A.2.b.3|REQ-R15-4.A.2.b.6|REQ-R15-4.A.3.b.1,REQ-R15-2.B.4.e|REQ-R15-2.B.4.g|REQ-R15-2.B.4.h|REQ-R15-2.C.9.a,"Complex Problem Solving|Computers and Electronics|Critical Thinking|Engineering and Technology|English Language|Getting Information|Identifying Objects, Actions, and Events|Judgment and Decision Making|Making Decisions and Solving Problems|Organizing, Planning, and Prioritizing Work|Reading Comprehension|Systems Analysis|Systems Evaluation|Telecommunications|Updating and Using Relevant Knowledge|Working with Computers",16,4,Essential Skills|Knowledge|Transferable Skills|Work Activities,0.554670,0.132581,55.47,13.26,800,exam-fee-required,2050,CCIE EI,3,ผ่านข้อสอบ qualifying และประสบการณ์ 5-7 ปี,advanced_or_cert_prep,certification_only|both,3,verified,2026-08-31,ผู้วิจัย (ตรวจด้วยการดึงหน้าเว็บ 31 ส.ค. 2026),,CORPUS-IS68076026-v1.5R-01OCT26,ONET31.0-IS68076026-v1.0,v0.9_core
CRT-R15-09,certification,R15,วิศวกร/สถาปนิกเครือข่าย,Network Engineer / Architect,15-1241.00,network,exact,9,Fortinet Certified Professional – Network Security,Fortinet,vendor_or_body,Fortinet Training Institute,https://training.fortinet.com/,vendor_cert,Advanced,3,proctored exam,English,ใบรับรองไฟร์วอลล์ที่ SME และหน่วยงานภาครัฐไทยใช้แพร่หลายเพราะต้นทุนอุปกรณ์ต่ำกว่า,FortiGate configuration|Security policies|VPN|SD-WAN|Network segmentation,FortiGate|FortiManager|FortiAnalyzer,no,REQ-R15-2.A.1.a|REQ-R15-2.A.2.a|REQ-R15-2.B.2.i|REQ-R15-2.C.3.a|REQ-R15-2.C.7.a|REQ-R15-2.C.9.a|REQ-R15-4.A.1.a.1|REQ-R15-4.A.1.b.1|REQ-R15-4.A.2.a.2|REQ-R15-4.A.2.a.3|REQ-R15-4.A.2.a.4|REQ-R15-4.A.2.b.1|REQ-R15-4.A.2.b.3|REQ-R15-4.A.2.b.6|REQ-R15-4.A.3.b.1,REQ-R15-2.C.3.a|REQ-R15-2.C.9.a|REQ-R15-4.A.2.a.3,"Analyzing Data or Information|Complex Problem Solving|Computers and Electronics|Critical Thinking|English Language|Evaluating Information to Determine Compliance with Standards|Getting Information|Identifying Objects, Actions, and Events|Making Decisions and Solving Problems|Organizing, Planning, and Prioritizing Work|Processing Information|Reading Comprehension|Telecommunications|Updating and Using Relevant Knowledge|Working with Computers",15,3,Essential Skills|Knowledge|Transferable Skills|Work Activities,0.523031,0.110951,52.30,11.10,100,exam-fee-required,400,FCP Network Security,2,พื้นฐานเครือข่าย,advanced_or_cert_prep,certification_only|both,2,verified,2026-08-31,ผู้วิจัย (ตรวจด้วยการดึงหน้าเว็บ 31 ส.ค. 2026),,CORPUS-IS68076026-v1.5R-01OCT26,ONET31.0-IS68076026-v1.0,v0.9_core
CRT-R15-10,certification,R15,วิศวกร/สถาปนิกเครือข่าย,Network Engineer / Architect,15-1241.00,network,exact,10,HPE Aruba Networking Certified Associate – Switching,HPE Aruba Networking,vendor_or_body,HPE,https://certification-learning.hpe.com/tr/datasheet/certification/ACA-Switch,vendor_cert,Intermediate,2,proctored exam,English,ใบรับรองสำหรับอุปกรณ์เครือข่ายทางเลือกที่มหาวิทยาลัยและโรงพยาบาลในไทยใช้จำนวนมาก,Switching fundamentals|VLAN configuration|Spanning tree|Aruba OS-CX|Network management,Aruba OS-CX|Aruba Central,no,REQ-R15-2.A.1.a|REQ-R15-2.A.2.a|REQ-R15-2.B.2.i|REQ-R15-2.C.3.a|REQ-R15-2.C.7.a|REQ-R15-2.C.9.a|REQ-R15-4.A.1.a.1|REQ-R15-4.A.1.b.1|REQ-R15-4.A.2.b.1|REQ-R15-4.A.2.b.3|REQ-R15-4.A.3.b.1,REQ-R15-2.C.3.a|REQ-R15-2.C.9.a|REQ-R15-4.A.3.b.1,"Complex Problem Solving|Computers and Electronics|Critical Thinking|English Language|Getting Information|Identifying Objects, Actions, and Events|Making Decisions and Solving Problems|Reading Comprehension|Telecommunications|Updating and Using Relevant Knowledge|Working with Computers",11,3,Essential Skills|Knowledge|Transferable Skills|Work Activities,0.391722,0.116041,39.17,11.60,70,exam-fee-required,230,ACSA,3,พื้นฐานเครือข่าย,advanced_or_cert_prep,certification_only|both,2,pending_verification,,,[FIX 2026-08-31] HPE เปลี่ยนชื่อจาก ACSA เป็น ACA-Switching · หน้า datasheet ตอบช้าจนดึงไม่สำเร็จ ต้องเปิดยืนยันด้วยตา,CORPUS-IS68076026-v1.5R-01OCT26,ONET31.0-IS68076026-v1.0,v0.9_core
CRT-R15-11,certification,R15,วิศวกร/สถาปนิกเครือข่าย,Network Engineer / Architect,15-1241.00,network,exact,11,AWS Certified Solutions Architect – Associate,Amazon Web Services,vendor_or_body,AWS Certification,https://aws.amazon.com/certification/certified-solutions-architect-associate/,vendor_cert,Intermediate,2,proctored exam,English,ยืนยันความสามารถออกแบบสถาปัตยกรรมที่ปลอดภัย ทนทาน มีประสิทธิภาพ และคุ้มค่าบน AWS,Cloud architecture|High availability design|Cost optimization|AWS networking|Security design,Amazon EC2|Amazon S3|Amazon VPC|Amazon RDS|AWS IAM,no,REQ-R15-2.B.4.e|REQ-R15-2.B.4.g|REQ-R15-2.B.4.h|REQ-R15-2.C.3.a|REQ-R15-4.A.2.b.1,REQ-R15-2.B.4.e|REQ-R15-2.B.4.g|REQ-R15-2.B.4.h|REQ-R15-2.C.3.a|REQ-R15-4.A.2.b.1,Computers and Electronics|Judgment and Decision Making|Making Decisions and Solving Problems|Systems Analysis|Systems Evaluation,5,5,Knowledge|Transferable Skills|Work Activities,0.170582,0.170582,17.06,17.06,120,exam-fee-required,150,SAA-C03,3,ประสบการณ์ใช้งาน AWS,advanced_or_cert_prep,certification_only|both,3,verified,2026-08-31,ผู้วิจัย (ตรวจด้วยการดึงหน้าเว็บ 31 ส.ค. 2026),DEC-16 ขยายข้ามบทบาทจาก CRT-R01-02 · คงชื่อ ผู้ให้บริการ URL ชั่วโมง และค่าใช้จ่ายเดิมทุกค่า · ต้องทบทวน mapping ก่อน FREEZE,CORPUS-IS68076026-v1.5R-01OCT26,ONET31.0-IS68076026-v1.0,v1.3_crossrole
CRS-R15-01,course,R15,วิศวกร/สถาปนิกเครือข่าย,Network Engineer / Architect,15-1241.00,network,exact,1,Networking Basics,Cisco Networking Academy,mooc_platform,Cisco NetAcad,https://www.netacad.com/courses/networking-basics,specialization,Beginner,1,self-paced online,English,"ปูพื้นฐานเครือข่ายจากผู้ผลิตอุปกรณ์ที่องค์กรไทยใช้มากที่สุด ครอบคลุม OSI, IP addressing และ routing",Networking fundamentals|TCP/IP|Subnetting|Routing basics|Switching basics|Network troubleshooting,Cisco Packet Tracer|Cisco IOS,yes,REQ-R15-2.A.1.a|REQ-R15-2.A.2.a|REQ-R15-2.B.2.i|REQ-R15-2.C.3.a|REQ-R15-2.C.3.b|REQ-R15-2.C.7.a|REQ-R15-2.C.9.a|REQ-R15-4.A.1.a.1|REQ-R15-4.A.1.b.1|REQ-R15-4.A.2.b.1|REQ-R15-4.A.2.b.3|REQ-R15-4.A.3.b.1,REQ-R15-2.C.3.a|REQ-R15-2.C.3.b|REQ-R15-2.C.9.a|REQ-R15-4.A.1.b.1,"Complex Problem Solving|Computers and Electronics|Critical Thinking|Engineering and Technology|English Language|Getting Information|Identifying Objects, Actions, and Events|Making Decisions and Solving Problems|Reading Comprehension|Telecommunications|Updating and Using Relevant Knowledge|Working with Computers",12,4,Essential Skills|Knowledge|Transferable Skills|Work Activities,0.427773,0.145306,42.78,14.53,80,free,0,,,ไม่มี,foundation,course_only|both,3,verified,2026-08-31,ผู้วิจัย (ตรวจด้วยการดึงหน้าเว็บ 31 ส.ค. 2026),[FIX 2026-08-31] แก้ URL ตามหน้าปลายทางที่ยืนยันแล้ว,CORPUS-IS68076026-v1.5R-01OCT26,ONET31.0-IS68076026-v1.0,v0.9_core
CRS-R15-02,course,R15,วิศวกร/สถาปนิกเครือข่าย,Network Engineer / Architect,15-1241.00,network,exact,2,The Bits and Bytes of Computer Networking,Google,mooc_platform,Coursera,https://www.coursera.org/learn/computer-networking,single_course,Beginner,1,self-paced online,English,เข้าใจการทำงานของเครือข่ายทีละชั้นอย่างเป็นระบบ พร้อมวิธีแก้ปัญหาเครือข่ายอย่างมีระเบียบวิธี,OSI model|TCP/IP|DNS|DHCP|Network troubleshooting|Subnetting,Wireshark|traceroute|dig,no,REQ-R15-2.A.1.a|REQ-R15-2.B.4.g|REQ-R15-2.B.4.h|REQ-R15-2.C.3.a|REQ-R15-2.C.7.a|REQ-R15-2.C.9.a|REQ-R15-4.A.1.a.1|REQ-R15-4.A.1.b.1|REQ-R15-4.A.2.b.3|REQ-R15-4.A.3.b.1,REQ-R15-2.C.3.a|REQ-R15-2.C.9.a|REQ-R15-4.A.1.b.1,"Computers and Electronics|English Language|Getting Information|Identifying Objects, Actions, and Events|Reading Comprehension|Systems Analysis|Systems Evaluation|Telecommunications|Updating and Using Relevant Knowledge|Working with Computers",10,3,Essential Skills|Knowledge|Transferable Skills|Work Activities,0.354229,0.109255,35.42,10.93,30,paid,49,,,ไม่มี,foundation,course_only|both,3,verified,2026-08-31,ผู้วิจัย (ตรวจด้วยการดึงหน้าเว็บ 31 ส.ค. 2026),,CORPUS-IS68076026-v1.5R-01OCT26,ONET31.0-IS68076026-v1.0,v0.9_core
CRS-R15-03,course,R15,วิศวกร/สถาปนิกเครือข่าย,Network Engineer / Architect,15-1241.00,network,exact,3,Computer Communications Specialization,University of Colorado,mooc_platform,Coursera,https://www.coursera.org/specializations/computer-communications,specialization,Intermediate,2,self-paced online,English,"เรียนโปรโตคอลเครือข่ายเชิงวิชาการ ทั้ง TCP, routing algorithm และการออกแบบเครือข่ายเชิงคณิตศาสตร์",Network protocols|TCP congestion control|Routing algorithms|Network performance analysis|Network security,Wireshark|Network simulators,no,REQ-R15-2.A.1.a|REQ-R15-2.A.1.b|REQ-R15-2.A.1.d|REQ-R15-2.A.2.a|REQ-R15-2.B.2.i|REQ-R15-2.B.4.g|REQ-R15-2.B.4.h|REQ-R15-2.C.3.a|REQ-R15-2.C.3.b|REQ-R15-2.C.7.a|REQ-R15-2.C.9.a|REQ-R15-4.A.1.a.1|REQ-R15-4.A.1.b.1|REQ-R15-4.A.2.a.2|REQ-R15-4.A.2.a.4|REQ-R15-4.A.2.b.1|REQ-R15-4.A.2.b.3|REQ-R15-4.A.2.b.6|REQ-R15-4.A.3.b.1|REQ-R15-4.A.4.a.1|REQ-R15-4.A.4.a.2,REQ-R15-2.B.4.h|REQ-R15-2.C.3.b|REQ-R15-2.C.9.a|REQ-R15-4.A.2.a.4,"Active Listening|Analyzing Data or Information|Communicating with Supervisors, Peers, or Subordinates|Complex Problem Solving|Computers and Electronics|Critical Thinking|Engineering and Technology|English Language|Getting Information|Identifying Objects, Actions, and Events|Interpreting the Meaning of Information for Others|Making Decisions and Solving Problems|Organizing, Planning, and Prioritizing Work|Processing Information|Reading Comprehension|Speaking|Systems Analysis|Systems Evaluation|Telecommunications|Updating and Using Relevant Knowledge|Working with Computers",21,4,Essential Skills|Knowledge|Transferable Skills|Work Activities,0.713718,0.138096,71.37,13.81,100,paid,245,,,พื้นฐานเครือข่าย,advanced_or_cert_prep,course_only|both,3,verified,2026-08-31,ผู้วิจัย (ตรวจด้วยการดึงหน้าเว็บ 31 ส.ค. 2026),,CORPUS-IS68076026-v1.5R-01OCT26,ONET31.0-IS68076026-v1.0,v0.9_core
CRS-R15-04,course,R15,วิศวกร/สถาปนิกเครือข่าย,Network Engineer / Architect,15-1241.00,network,exact,4,"CCNA: Switching, Routing, and Wireless Essentials",Cisco Networking Academy,vendor_or_body,Cisco NetAcad,https://www.netacad.com/courses/switching-routing-wireless-essentials,single_course,Intermediate,2,self-paced online,English,หลักสูตรทางการเตรียมสอบ CCNA เรียนฟรีผ่านสถาบันการศึกษาที่เป็น Cisco Networking Academy,VLANs|Inter-VLAN routing|STP|EtherChannel|Wireless LAN|Layer 3 redundancy,Cisco Packet Tracer|Cisco IOS,yes,REQ-R15-2.A.1.a|REQ-R15-2.A.2.a|REQ-R15-2.B.2.i|REQ-R15-2.C.3.a|REQ-R15-2.C.3.b|REQ-R15-2.C.7.a|REQ-R15-2.C.9.a|REQ-R15-4.A.1.a.1|REQ-R15-4.A.1.a.2|REQ-R15-4.A.1.b.1|REQ-R15-4.A.2.b.1|REQ-R15-4.A.2.b.3|REQ-R15-4.A.3.b.1,REQ-R15-2.C.3.a|REQ-R15-2.C.3.b|REQ-R15-2.C.9.a|REQ-R15-4.A.1.a.2,"Complex Problem Solving|Computers and Electronics|Critical Thinking|Engineering and Technology|English Language|Getting Information|Identifying Objects, Actions, and Events|Making Decisions and Solving Problems|Monitoring Processes, Materials, or Surroundings|Reading Comprehension|Telecommunications|Updating and Using Relevant Knowledge|Working with Computers",13,4,Essential Skills|Knowledge|Transferable Skills|Work Activities,0.461279,0.145306,46.13,14.53,70,free,0,,,Introduction to Networks,core_gap_closure,course_only|both,3,pending_verification,,,[UNCLEAR] ดึงได้แต่ไม่ยืนยันชื่อหลักสูตร ต้องตรวจด้วยตา,CORPUS-IS68076026-v1.5R-01OCT26,ONET31.0-IS68076026-v1.0,v0.9_core
CRS-R15-05,course,R15,วิศวกร/สถาปนิกเครือข่าย,Network Engineer / Architect,15-1241.00,network,exact,5,Introduction to Junos,Juniper Networks,vendor_or_body,Juniper Learning Portal,https://learningportal.juniper.net/,single_course,Beginner,1,self-paced online,English,เรียนระบบปฏิบัติการเครือข่ายทางเลือกฟรี ช่วยให้ออกแบบเครือข่ายแบบไม่ผูกกับผู้ผลิตรายเดียว,Junos OS|Routing configuration|Firewall filters|Network operations,Junos|vLabs,no,REQ-R15-2.A.1.a|REQ-R15-2.B.4.g|REQ-R15-2.B.4.h|REQ-R15-2.C.3.a|REQ-R15-2.C.3.b|REQ-R15-2.C.7.a|REQ-R15-2.C.9.a|REQ-R15-4.A.1.a.1|REQ-R15-4.A.2.b.3|REQ-R15-4.A.3.b.1,REQ-R15-2.C.3.a|REQ-R15-2.C.3.b|REQ-R15-2.C.9.a|REQ-R15-4.A.3.b.1,Computers and Electronics|Engineering and Technology|English Language|Getting Information|Reading Comprehension|Systems Analysis|Systems Evaluation|Telecommunications|Updating and Using Relevant Knowledge|Working with Computers,10,4,Essential Skills|Knowledge|Transferable Skills|Work Activities,0.356774,0.152092,35.68,15.21,30,free,0,,,พื้นฐานเครือข่าย,foundation,course_only|both,2,pending_verification,,,[WRONG_CONTENT] หน้าแสดงเนื้อหาของ HPE Aruba ไม่ใช่ Juniper ตามที่บันทึกไว้ ต้องตรวจ,CORPUS-IS68076026-v1.5R-01OCT26,ONET31.0-IS68076026-v1.0,v0.9_core
CRS-R15-06,course,R15,วิศวกร/สถาปนิกเครือข่าย,Network Engineer / Architect,15-1241.00,network,exact,6,Network Automation Engineering Fundamentals,Cisco DevNet,vendor_or_body,Cisco DevNet,https://developer.cisco.com/learning/,specialization,Intermediate,2,self-paced online,English,ทำงานเครือข่ายด้วยโค้ดแทนการตั้งค่าทีละอุปกรณ์ ซึ่งเป็นทิศทางหลักของอาชีพนี้,Network automation|Python for networking|REST APIs|Ansible|NETCONF/YANG|Infrastructure as code,Python|Ansible|Cisco DNA Center,yes,REQ-R15-2.A.1.a|REQ-R15-2.A.2.a|REQ-R15-2.B.2.i|REQ-R15-2.B.3.e|REQ-R15-2.B.4.g|REQ-R15-2.C.3.a|REQ-R15-2.C.3.b|REQ-R15-2.C.7.a|REQ-R15-2.C.9.a|REQ-R15-4.A.1.a.1|REQ-R15-4.A.1.b.1|REQ-R15-4.A.2.b.1|REQ-R15-4.A.2.b.3|REQ-R15-4.A.3.b.1,REQ-R15-2.B.3.e|REQ-R15-2.B.4.g|REQ-R15-2.C.3.b|REQ-R15-2.C.9.a|REQ-R15-4.A.3.b.1,"Complex Problem Solving|Computers and Electronics|Critical Thinking|Engineering and Technology|English Language|Getting Information|Identifying Objects, Actions, and Events|Making Decisions and Solving Problems|Programming|Reading Comprehension|Systems Analysis|Telecommunications|Updating and Using Relevant Knowledge|Working with Computers",14,5,Essential Skills|Knowledge|Transferable Skills|Work Activities,0.492494,0.177115,49.25,17.71,40,free,0,,,พื้นฐานเครือข่ายและ Python,core_gap_closure,course_only|both,3,verified,2026-08-31,ผู้วิจัย (ตรวจด้วยการดึงหน้าเว็บ 31 ส.ค. 2026),,CORPUS-IS68076026-v1.5R-01OCT26,ONET31.0-IS68076026-v1.0,v0.9_core
CRS-R15-07,course,R15,วิศวกร/สถาปนิกเครือข่าย,Network Engineer / Architect,15-1241.00,network,exact,7,Advanced Networking on AWS Learning Plan,Amazon Web Services,vendor_or_body,AWS Skill Builder,https://skillbuilder.aws/,specialization,Advanced,3,self-paced online,English,ออกแบบเครือข่ายไฮบริดระหว่างศูนย์ข้อมูลกับคลาวด์ ซึ่งเป็นโจทย์จริงขององค์กรไทยที่กำลังย้ายระบบ,VPC design|Direct Connect|Transit Gateway|Hybrid networking|Network security on AWS,Amazon VPC|Transit Gateway|Route 53,no,REQ-R15-2.A.1.a|REQ-R15-2.A.2.a|REQ-R15-2.B.2.i|REQ-R15-2.B.4.g|REQ-R15-2.B.4.h|REQ-R15-2.C.3.a|REQ-R15-2.C.3.b|REQ-R15-2.C.7.a|REQ-R15-2.C.9.a|REQ-R15-4.A.1.a.1|REQ-R15-4.A.1.b.1|REQ-R15-4.A.2.a.2|REQ-R15-4.A.2.a.4|REQ-R15-4.A.2.b.1|REQ-R15-4.A.2.b.3|REQ-R15-4.A.3.b.1,REQ-R15-2.B.4.g|REQ-R15-2.B.4.h|REQ-R15-2.C.3.a|REQ-R15-2.C.9.a,"Analyzing Data or Information|Complex Problem Solving|Computers and Electronics|Critical Thinking|Engineering and Technology|English Language|Getting Information|Identifying Objects, Actions, and Events|Making Decisions and Solving Problems|Processing Information|Reading Comprehension|Systems Analysis|Systems Evaluation|Telecommunications|Updating and Using Relevant Knowledge|Working with Computers",16,4,Essential Skills|Knowledge|Transferable Skills|Work Activities,0.558234,0.140470,55.82,14.05,50,free,0,,,พื้นฐาน AWS และเครือข่าย,advanced_or_cert_prep,course_only|both,3,verified,2026-08-31,ผู้วิจัย (ตรวจด้วยการดึงหน้าเว็บ 31 ส.ค. 2026),,CORPUS-IS68076026-v1.5R-01OCT26,ONET31.0-IS68076026-v1.0,v0.9_core
CRS-R15-08,course,R15,วิศวกร/สถาปนิกเครือข่าย,Network Engineer / Architect,15-1241.00,network,exact,8,Software Defined Networking,The University of Chicago,mooc_platform,Coursera,https://www.coursera.org/learn/sdn,single_course,Advanced,3,self-paced online,English,เข้าใจแนวคิดแยกชั้นควบคุมออกจากชั้นส่งข้อมูล ซึ่งเป็นรากฐานของเครือข่ายยุคใหม่และคลาวด์,SDN architecture|OpenFlow|Network virtualization|Controller programming|Network slicing,OpenFlow|Mininet|ONOS,no,REQ-R15-2.A.1.a|REQ-R15-2.A.2.a|REQ-R15-2.B.2.i|REQ-R15-2.B.3.e|REQ-R15-2.B.4.g|REQ-R15-2.B.4.h|REQ-R15-2.C.3.a|REQ-R15-2.C.3.b|REQ-R15-2.C.7.a|REQ-R15-2.C.9.a|REQ-R15-4.A.1.a.1|REQ-R15-4.A.1.b.1|REQ-R15-4.A.2.a.2|REQ-R15-4.A.2.a.4|REQ-R15-4.A.2.b.1|REQ-R15-4.A.2.b.3|REQ-R15-4.A.3.b.1,REQ-R15-2.B.3.e|REQ-R15-2.B.4.g|REQ-R15-2.C.3.b|REQ-R15-2.C.9.a,"Analyzing Data or Information|Complex Problem Solving|Computers and Electronics|Critical Thinking|Engineering and Technology|English Language|Getting Information|Identifying Objects, Actions, and Events|Making Decisions and Solving Problems|Processing Information|Programming|Reading Comprehension|Systems Analysis|Systems Evaluation|Telecommunications|Updating and Using Relevant Knowledge|Working with Computers",17,4,Essential Skills|Knowledge|Transferable Skills|Work Activities,0.591146,0.136823,59.11,13.68,30,paid,49,,,พื้นฐานเครือข่ายเชิงลึก,advanced_or_cert_prep,course_only|both,2,verified,2026-08-31,ผู้วิจัย (ตรวจด้วยการดึงหน้าเว็บ 31 ส.ค. 2026),,CORPUS-IS68076026-v1.5R-01OCT26,ONET31.0-IS68076026-v1.0,v0.9_core
CRS-R15-09,course,R15,วิศวกร/สถาปนิกเครือข่าย,Network Engineer / Architect,15-1241.00,network,exact,9,Palo Alto Networks Network Security Fundamentals,Palo Alto Networks,mooc_platform,Coursera,https://www.coursera.org/learn/palo-alto-networks-network-security-fundamentals,specialization,Intermediate,2,self-paced online,English,ปิดช่องว่างด้านความมั่นคงปลอดภัยของวิศวกรเครือข่าย ซึ่งเป็นข้อกำหนดของงานสถาปนิกเครือข่าย,Firewall design|Network segmentation|VPN|Threat prevention|Zero trust networking,Palo Alto NGFW|PAN-OS,no,REQ-R15-2.A.1.a|REQ-R15-2.A.2.a|REQ-R15-2.B.2.i|REQ-R15-2.C.3.a|REQ-R15-2.C.3.b|REQ-R15-2.C.7.a|REQ-R15-2.C.9.a|REQ-R15-4.A.1.a.1|REQ-R15-4.A.1.a.2|REQ-R15-4.A.1.b.1|REQ-R15-4.A.2.a.3|REQ-R15-4.A.2.b.1|REQ-R15-4.A.2.b.3|REQ-R15-4.A.3.b.1,REQ-R15-2.C.3.a|REQ-R15-2.C.9.a|REQ-R15-4.A.1.a.2|REQ-R15-4.A.2.a.3,"Complex Problem Solving|Computers and Electronics|Critical Thinking|Engineering and Technology|English Language|Evaluating Information to Determine Compliance with Standards|Getting Information|Identifying Objects, Actions, and Events|Making Decisions and Solving Problems|Monitoring Processes, Materials, or Surroundings|Reading Comprehension|Telecommunications|Updating and Using Relevant Knowledge|Working with Computers",14,4,Essential Skills|Knowledge|Transferable Skills|Work Activities,0.496481,0.144457,49.65,14.45,90,paid,245,,,พื้นฐานเครือข่าย,advanced_or_cert_prep,course_only|both,3,verified,2026-08-31,ผู้วิจัย (ตรวจด้วยการดึงหน้าเว็บ 31 ส.ค. 2026),[FIX 2026-08-31] แก้ URL ตามหน้าปลายทางที่ยืนยันแล้ว,CORPUS-IS68076026-v1.5R-01OCT26,ONET31.0-IS68076026-v1.0,v0.9_core
CRS-R15-10,course,R15,วิศวกร/สถาปนิกเครือข่าย,Network Engineer / Architect,15-1241.00,network,exact,10,Introduction to Linux (LFS101),The Linux Foundation,mooc_platform,edX,https://www.edx.org/course/introduction-to-linux,single_course,Beginner,1,self-paced online,English,อุปกรณ์เครือข่ายและเครื่องมืออัตโนมัติสมัยใหม่ทำงานบน Linux หลักสูตรนี้ปิดช่องว่างพื้นฐานนั้น,Linux command line|Networking commands|Shell scripting|System services|File permissions,Linux|Bash,no,REQ-R15-2.A.1.a|REQ-R15-2.B.3.e|REQ-R15-2.B.4.g|REQ-R15-2.B.4.h|REQ-R15-2.C.3.a|REQ-R15-2.C.7.a|REQ-R15-2.C.9.a|REQ-R15-4.A.1.a.1|REQ-R15-4.A.2.b.3|REQ-R15-4.A.3.b.1,REQ-R15-2.B.3.e|REQ-R15-2.C.3.a|REQ-R15-4.A.3.b.1,Computers and Electronics|English Language|Getting Information|Programming|Reading Comprehension|Systems Analysis|Systems Evaluation|Telecommunications|Updating and Using Relevant Knowledge|Working with Computers,10,3,Essential Skills|Knowledge|Transferable Skills|Work Activities,0.353635,0.112902,35.36,11.29,60,free,0,,,ไม่มี,foundation,course_only|both,3,verified,2026-08-31,ผู้วิจัย (ตรวจด้วยการดึงหน้าเว็บ 31 ส.ค. 2026),,CORPUS-IS68076026-v1.5R-01OCT26,ONET31.0-IS68076026-v1.0,v0.9_core
CRS-R15-11,course,R15,วิศวกร/สถาปนิกเครือข่าย,Network Engineer / Architect,15-1241.00,network,exact,11,Google Technical Writing Courses (One and Two),Google,vendor_or_body,Google for Developers,https://developers.google.com/tech-writing,single_course,Beginner,1,self-paced online,English,เขียนเอกสารทางเทคนิคที่ถูกต้องและอ่านเข้าใจง่าย จัดโครงสร้างเอกสาร บันทึกขั้นตอนการทำงาน และทบทวนงานเขียนของผู้อื่น,Technical writing|Documentation structure|Editing|Recording procedures,,no,REQ-R15-2.A.1.c|REQ-R15-4.A.3.b.6,REQ-R15-2.A.1.c|REQ-R15-4.A.3.b.6,Documenting/Recording Information|Writing,2,2,Essential Skills|Work Activities,0.063789,0.063789,6.38,6.38,16,free,0,,,,core_gap_closure,course_only|both,2,verified,2026-08-31,ผู้วิจัย (ตรวจด้วยการดึงหน้าเว็บ 31 ส.ค. 2026),ปิดช่องว่างกลุ่มการเขียนและการจัดทำเอกสารตาม DEC-09 · ยืนยันการมีอยู่ของแหล่งข้อมูลด้วยการค้นเว็บเมื่อ 2026-08-31,CORPUS-IS68076026-v1.5R-01OCT26,ONET31.0-IS68076026-v1.0,v1.0_gap_closure
CRS-R15-12,course,R15,วิศวกร/สถาปนิกเครือข่าย,Network Engineer / Architect,15-1241.00,network,exact,12,Foundations of Project Management,Google,mooc_platform,Coursera,https://www.coursera.org/learn/project-management-foundations,single_course,Beginner,1,self-paced online,English,กำหนดวัตถุประสงค์และกลยุทธ์ของโครงการ ตัดสินใจบนข้อมูลที่มี ประสานงานระหว่างทีม และประเมินทางเลือกอย่างเป็นระบบ,Project scoping|Objective setting|Decision making|Coordination|Stakeholder alignment,,no,REQ-R15-2.B.1.b|REQ-R15-2.B.4.e|REQ-R15-4.A.2.b.4,REQ-R15-2.B.1.b|REQ-R15-2.B.4.e|REQ-R15-4.A.2.b.4,Coordination|Developing Objectives and Strategies|Judgment and Decision Making,3,3,Transferable Skills|Work Activities,0.091187,0.091187,9.12,9.12,26,low-cost,49,,,,core_gap_closure,course_only|both,2,verified,2026-08-31,ผู้วิจัย (ตรวจด้วยการดึงหน้าเว็บ 31 ส.ค. 2026),ปิดช่องว่างกลุ่มการวางเป้าหมายและการตัดสินใจตาม DEC-09 · ยืนยันการมีอยู่ของแหล่งข้อมูลด้วยการค้นเว็บเมื่อ 2026-08-31,CORPUS-IS68076026-v1.5R-01OCT26,ONET31.0-IS68076026-v1.0,v1.0_gap_closure
CRS-R15-13,course,R15,วิศวกร/สถาปนิกเครือข่าย,Network Engineer / Architect,15-1241.00,network,exact,13,Site Reliability Engineering: Measuring and Managing Reliability,Google Cloud,mooc_platform,Coursera,https://www.coursera.org/learn/site-reliability-engineering-slos,single_course,Intermediate,2,self-paced online,English,กำหนดตัวชี้วัดระดับบริการ เฝ้าระวังสถานะระบบอย่างต่อเนื่อง ตรวจสอบความผิดปกติของโครงสร้างพื้นฐาน และจัดการเหตุขัดข้อง,SLI/SLO design|Error budgets|Reliability measurement|Incident response|Toil reduction,Prometheus|Grafana|Cloud Monitoring,no,REQ-R15-4.A.1.a.2|REQ-R15-4.A.1.b.2,REQ-R15-4.A.1.a.2|REQ-R15-4.A.1.b.2,"Inspecting Equipment, Structures, or Materials|Monitoring Processes, Materials, or Surroundings",2,2,Work Activities,0.063195,0.063195,6.32,6.32,15,paid,49,,,พื้นฐานการดูแลระบบ,core_gap_closure,course_only|both,3,verified,2026-08-31,ผู้วิจัย (ตรวจด้วยการดึงหน้าเว็บ 31 ส.ค. 2026),ปิดช่องว่างกลุ่มการเฝ้าระวังและตรวจสอบระบบตาม DEC-09 · ยืนยันการมีอยู่ของแหล่งข้อมูลด้วยการค้นเว็บเมื่อ 2026-08-31,CORPUS-IS68076026-v1.5R-01OCT26,ONET31.0-IS68076026-v1.0,v1.0_gap_closure
CRS-R15-14,course,R15,วิศวกร/สถาปนิกเครือข่าย,Network Engineer / Architect,15-1241.00,network,exact,14,Improving Communication Skills,University of Pennsylvania (Wharton),mooc_platform,Coursera,https://www.coursera.org/learn/wharton-communication-skills,single_course,Beginner,1,self-paced online,English,สื่อสารเชิงวิชาชีพอย่างมีประสิทธิผล ฟังอย่างตั้งใจ ตีความสารของผู้อื่น สร้างความไว้วางใจ และสื่อสารกับผู้มีส่วนได้เสียทั้งในและนอกองค์กร,Active listening|Professional communication|Stakeholder communication|Building trust|Persuasion,,no,REQ-R15-2.A.1.b|REQ-R15-2.A.1.d|REQ-R15-4.A.4.a.1|REQ-R15-4.A.4.a.2,REQ-R15-2.A.1.b|REQ-R15-2.A.1.d|REQ-R15-4.A.4.a.1|REQ-R15-4.A.4.a.2,"Active Listening|Communicating with Supervisors, Peers, or Subordinates|Interpreting the Meaning of Information for Others|Speaking",4,4,Essential Skills|Work Activities,0.125117,0.125117,12.51,12.51,10,low-cost,49,,,,core_gap_closure,course_only|both,2,verified,2026-08-31,ผู้วิจัย (ตรวจด้วยการดึงหน้าเว็บ 31 ส.ค. 2026),DEC-16 ขยายข้ามบทบาทจาก CRS-R07-11 · คงชื่อ ผู้ให้บริการ URL ชั่วโมง และค่าใช้จ่ายเดิมทุกค่า · ต้องทบทวน mapping ก่อน FREEZE,CORPUS-IS68076026-v1.5R-01OCT26,ONET31.0-IS68076026-v1.0,v1.3_crossrole
CRT-R16-01,certification,R16,วิศวกร/สถาปนิกระบบคลาวด์,Cloud Engineer / Solutions Architect,15-1299.08,cloud,proxy,1,AWS Certified Solutions Architect – Associate,Amazon Web Services,vendor_or_body,AWS Certification,https://aws.amazon.com/certification/certified-solutions-architect-associate/,vendor_cert,Intermediate,2,proctored exam,English,ใบรับรองคลาวด์ที่ตลาดงานไทยต้องการมากที่สุด และเป็นจุดเริ่มต้นมาตรฐานของสถาปนิกคลาวด์,AWS architecture design|Resilient architecture|Performance|Security|Cost optimization,Amazon EC2|VPC|S3|RDS|IAM,no,REQ-R16-2.A.1.a|REQ-R16-2.A.2.a|REQ-R16-2.A.2.b|REQ-R16-2.B.2.i|REQ-R16-2.B.3.a|REQ-R16-2.B.4.g|REQ-R16-2.B.4.h|REQ-R16-2.C.3.a|REQ-R16-2.C.3.b|REQ-R16-2.C.7.a|REQ-R16-4.A.1.a.1|REQ-R16-4.A.1.b.1|REQ-R16-4.A.2.b.1|REQ-R16-4.A.2.b.3|REQ-R16-4.A.2.b.6|REQ-R16-4.A.3.b.1,REQ-R16-2.B.4.g|REQ-R16-2.B.4.h|REQ-R16-2.C.3.a,"Active Learning|Complex Problem Solving|Computers and Electronics|Critical Thinking|Engineering and Technology|English Language|Getting Information|Identifying Objects, Actions, and Events|Making Decisions and Solving Problems|Operations Analysis|Organizing, Planning, and Prioritizing Work|Reading Comprehension|Systems Analysis|Systems Evaluation|Updating and Using Relevant Knowledge|Working with Computers",16,3,Essential Skills|Knowledge|Transferable Skills|Work Activities,0.548784,0.106659,54.88,10.67,120,exam-fee-required,150,SAA-C03,3,ประสบการณ์ AWS 1 ปี,core_gap_closure,certification_only|both,3,verified,2026-08-31,ผู้วิจัย (ตรวจด้วยการดึงหน้าเว็บ 31 ส.ค. 2026),,CORPUS-IS68076026-v1.5R-01OCT26,ONET31.0-IS68076026-v1.0,v0.9_core
CRT-R16-02,certification,R16,วิศวกร/สถาปนิกระบบคลาวด์,Cloud Engineer / Solutions Architect,15-1299.08,cloud,proxy,2,AWS Certified Solutions Architect – Professional,Amazon Web Services,vendor_or_body,AWS Certification,https://aws.amazon.com/certification/certified-solutions-architect-professional/,vendor_cert,Professional,4,proctored exam,English,ใบรับรองระดับสูงสำหรับผู้ออกแบบสถาปัตยกรรมองค์กรที่ซับซ้อนและการย้ายระบบขนาดใหญ่,Complex architecture design|Migration strategy|Multi-account governance|Cost and performance trade-offs,AWS Organizations|Control Tower|Transit Gateway,no,REQ-R16-2.A.1.a|REQ-R16-2.A.2.a|REQ-R16-2.A.2.b|REQ-R16-2.B.2.i|REQ-R16-2.B.3.a|REQ-R16-2.B.4.g|REQ-R16-2.B.4.h|REQ-R16-2.C.3.a|REQ-R16-2.C.3.b|REQ-R16-2.C.7.a|REQ-R16-4.A.1.a.1|REQ-R16-4.A.1.b.1|REQ-R16-4.A.2.a.3|REQ-R16-4.A.2.b.1|REQ-R16-4.A.2.b.3|REQ-R16-4.A.2.b.6|REQ-R16-4.A.3.b.1,REQ-R16-2.B.4.g|REQ-R16-2.B.4.h,"Active Learning|Complex Problem Solving|Computers and Electronics|Critical Thinking|Engineering and Technology|English Language|Evaluating Information to Determine Compliance with Standards|Getting Information|Identifying Objects, Actions, and Events|Making Decisions and Solving Problems|Operations Analysis|Organizing, Planning, and Prioritizing Work|Reading Comprehension|Systems Analysis|Systems Evaluation|Updating and Using Relevant Knowledge|Working with Computers",17,2,Essential Skills|Knowledge|Transferable Skills|Work Activities,0.581699,0.065326,58.17,6.53,200,exam-fee-required,300,SAP-C02,3,SAA และประสบการณ์ 2 ปี,advanced_or_cert_prep,certification_only|both,3,verified,2026-08-31,ผู้วิจัย (ตรวจด้วยการดึงหน้าเว็บ 31 ส.ค. 2026),,CORPUS-IS68076026-v1.5R-01OCT26,ONET31.0-IS68076026-v1.0,v0.9_core
CRT-R16-03,certification,R16,วิศวกร/สถาปนิกระบบคลาวด์,Cloud Engineer / Solutions Architect,15-1299.08,cloud,proxy,3,Microsoft Certified: Azure Solutions Architect Expert,Microsoft,vendor_or_body,Microsoft Learn,https://learn.microsoft.com/en-us/credentials/certifications/azure-solutions-architect/,vendor_cert,Professional,4,proctored exam,English,ใบรับรองสถาปนิกระดับ expert สำหรับองค์กรที่ใช้ Microsoft เป็นแพลตฟอร์มหลัก,Azure architecture|Identity and governance|Data storage design|Business continuity|Infrastructure design,Azure|Entra ID|Azure Monitor|Bicep,no,REQ-R16-2.A.1.a|REQ-R16-2.A.2.a|REQ-R16-2.A.2.b|REQ-R16-2.A.2.d|REQ-R16-2.B.2.i|REQ-R16-2.B.3.a|REQ-R16-2.B.4.g|REQ-R16-2.B.4.h|REQ-R16-2.C.3.a|REQ-R16-2.C.3.b|REQ-R16-2.C.7.a|REQ-R16-4.A.1.a.1|REQ-R16-4.A.1.b.1|REQ-R16-4.A.2.a.2|REQ-R16-4.A.2.a.3|REQ-R16-4.A.2.a.4|REQ-R16-4.A.2.b.1|REQ-R16-4.A.2.b.3|REQ-R16-4.A.2.b.6|REQ-R16-4.A.3.b.1,REQ-R16-2.B.4.g|REQ-R16-2.B.4.h|REQ-R16-4.A.2.a.3,"Active Learning|Analyzing Data or Information|Complex Problem Solving|Computers and Electronics|Critical Thinking|Engineering and Technology|English Language|Evaluating Information to Determine Compliance with Standards|Getting Information|Identifying Objects, Actions, and Events|Making Decisions and Solving Problems|Monitoring|Operations Analysis|Organizing, Planning, and Prioritizing Work|Processing Information|Reading Comprehension|Systems Analysis|Systems Evaluation|Updating and Using Relevant Knowledge|Working with Computers",20,3,Essential Skills|Knowledge|Transferable Skills|Work Activities,0.677751,0.098241,67.78,9.82,160,exam-fee-required,165,AZ-305,1,ต้องมี AZ-104 ก่อน,advanced_or_cert_prep,certification_only|both,3,verified,2026-08-31,ผู้วิจัย (ตรวจด้วยการดึงหน้าเว็บ 31 ส.ค. 2026),,CORPUS-IS68076026-v1.5R-01OCT26,ONET31.0-IS68076026-v1.0,v0.9_core
CRT-R16-04,certification,R16,วิศวกร/สถาปนิกระบบคลาวด์,Cloud Engineer / Solutions Architect,15-1299.08,cloud,proxy,4,Microsoft Certified: Azure Administrator Associate,Microsoft,vendor_or_body,Microsoft Learn,https://learn.microsoft.com/en-us/credentials/certifications/azure-administrator/,vendor_cert,Intermediate,2,proctored exam,English,ใบรับรองที่เป็นเงื่อนไขของ AZ-305 และยืนยันทักษะปฏิบัติการบน Azure ในงานประจำวัน,Azure identity|Storage management|Compute management|Virtual networking|Monitoring,Azure Portal|Azure CLI|PowerShell,no,REQ-R16-2.A.1.a|REQ-R16-2.A.2.a|REQ-R16-2.A.2.b|REQ-R16-2.A.2.d|REQ-R16-2.B.2.i|REQ-R16-2.B.4.g|REQ-R16-2.C.3.a|REQ-R16-2.C.7.a|REQ-R16-2.C.9.a|REQ-R16-4.A.1.a.1|REQ-R16-4.A.1.b.1|REQ-R16-4.A.2.b.1|REQ-R16-4.A.2.b.3|REQ-R16-4.A.2.b.6|REQ-R16-4.A.3.b.1,REQ-R16-2.B.4.g|REQ-R16-2.C.3.a|REQ-R16-4.A.3.b.1,"Active Learning|Complex Problem Solving|Computers and Electronics|Critical Thinking|English Language|Getting Information|Identifying Objects, Actions, and Events|Making Decisions and Solving Problems|Monitoring|Organizing, Planning, and Prioritizing Work|Reading Comprehension|Systems Analysis|Telecommunications|Updating and Using Relevant Knowledge|Working with Computers",15,3,Essential Skills|Knowledge|Transferable Skills|Work Activities,0.515532,0.113393,51.55,11.34,110,exam-fee-required,165,AZ-104,1,ประสบการณ์ Azure 6 เดือน,core_gap_closure,certification_only|both,3,verified,2026-08-31,ผู้วิจัย (ตรวจด้วยการดึงหน้าเว็บ 31 ส.ค. 2026),,CORPUS-IS68076026-v1.5R-01OCT26,ONET31.0-IS68076026-v1.0,v0.9_core
CRT-R16-05,certification,R16,วิศวกร/สถาปนิกระบบคลาวด์,Cloud Engineer / Solutions Architect,15-1299.08,cloud,proxy,5,Google Cloud Professional Cloud Architect,Google Cloud,vendor_or_body,Google Cloud Certification,https://cloud.google.com/learn/certification/cloud-architect,vendor_cert,Professional,4,proctored exam,English,ใบรับรองสถาปนิกที่รายงานค่าตอบแทนสูงติดอันดับต้นของโลกหลายปีต่อเนื่อง,GCP solution design|Migration planning|Reliability|Security and compliance|Business alignment,Google Cloud|GKE|Anthos|Cloud IAM,no,REQ-R16-2.A.1.a|REQ-R16-2.A.1.c|REQ-R16-2.A.2.a|REQ-R16-2.A.2.b|REQ-R16-2.B.2.i|REQ-R16-2.B.3.a|REQ-R16-2.B.4.g|REQ-R16-2.B.4.h|REQ-R16-2.C.3.a|REQ-R16-2.C.3.b|REQ-R16-2.C.7.a|REQ-R16-4.A.1.a.1|REQ-R16-4.A.1.b.1|REQ-R16-4.A.2.a.3|REQ-R16-4.A.2.b.1|REQ-R16-4.A.2.b.3|REQ-R16-4.A.2.b.6|REQ-R16-4.A.3.b.1|REQ-R16-4.A.3.b.6|REQ-R16-4.A.4.b.6,REQ-R16-2.B.4.g|REQ-R16-2.B.4.h|REQ-R16-4.A.4.b.6,"Active Learning|Complex Problem Solving|Computers and Electronics|Critical Thinking|Documenting/Recording Information|Engineering and Technology|English Language|Evaluating Information to Determine Compliance with Standards|Getting Information|Identifying Objects, Actions, and Events|Making Decisions and Solving Problems|Operations Analysis|Organizing, Planning, and Prioritizing Work|Providing Consultation and Advice to Others|Reading Comprehension|Systems Analysis|Systems Evaluation|Updating and Using Relevant Knowledge|Working with Computers|Writing",20,3,Essential Skills|Knowledge|Transferable Skills|Work Activities,0.677078,0.095211,67.71,9.52,150,exam-fee-required,200,PCA,2,ประสบการณ์ 3 ปี,advanced_or_cert_prep,certification_only|both,3,verified,2026-08-31,ผู้วิจัย (ตรวจด้วยการดึงหน้าเว็บ 31 ส.ค. 2026),,CORPUS-IS68076026-v1.5R-01OCT26,ONET31.0-IS68076026-v1.0,v0.9_core
CRT-R16-06,certification,R16,วิศวกร/สถาปนิกระบบคลาวด์,Cloud Engineer / Solutions Architect,15-1299.08,cloud,proxy,6,Google Cloud Associate Cloud Engineer,Google Cloud,vendor_or_body,Google Cloud Certification,https://cloud.google.com/learn/certification/cloud-engineer,vendor_cert,Intermediate,2,proctored exam,English,ใบรับรองระดับเริ่มต้นของ Google Cloud ราคาถูกที่สุดในกลุ่มคลาวด์หลัก เหมาะกับนักศึกษา,GCP deployment|Resource management|Monitoring|Access management|Billing configuration,Google Cloud Console|gcloud CLI,no,REQ-R16-2.A.1.a|REQ-R16-2.A.2.a|REQ-R16-2.A.2.b|REQ-R16-2.A.2.d|REQ-R16-2.B.2.i|REQ-R16-2.B.4.g|REQ-R16-2.C.3.a|REQ-R16-2.C.7.a|REQ-R16-4.A.1.a.1|REQ-R16-4.A.1.b.1|REQ-R16-4.A.2.b.1|REQ-R16-4.A.2.b.3|REQ-R16-4.A.2.b.6|REQ-R16-4.A.3.b.1,REQ-R16-2.B.4.g|REQ-R16-2.C.3.a|REQ-R16-4.A.3.b.1,"Active Learning|Complex Problem Solving|Computers and Electronics|Critical Thinking|English Language|Getting Information|Identifying Objects, Actions, and Events|Making Decisions and Solving Problems|Monitoring|Organizing, Planning, and Prioritizing Work|Reading Comprehension|Systems Analysis|Updating and Using Relevant Knowledge|Working with Computers",14,3,Essential Skills|Knowledge|Transferable Skills|Work Activities,0.482280,0.113393,48.23,11.34,110,exam-fee-required,125,ACE,3,ประสบการณ์ 6 เดือน,core_gap_closure,certification_only|both,3,verified,2026-08-31,ผู้วิจัย (ตรวจด้วยการดึงหน้าเว็บ 31 ส.ค. 2026),,CORPUS-IS68076026-v1.5R-01OCT26,ONET31.0-IS68076026-v1.0,v0.9_core
CRT-R16-07,certification,R16,วิศวกร/สถาปนิกระบบคลาวด์,Cloud Engineer / Solutions Architect,15-1299.08,cloud,proxy,7,HashiCorp Certified: Terraform Associate,HashiCorp,vendor_or_body,HashiCorp,https://developer.hashicorp.com/certifications/infrastructure-automation,vendor_cert,Intermediate,2,online proctored exam,English,ใบรับรองราคาประหยัดที่ยืนยันทักษะ Infrastructure as Code ซึ่งเป็นข้อกำหนดของงานคลาวด์เกือบทุกตำแหน่ง,Terraform workflow|State management|Modules|Providers|Terraform Cloud,Terraform|Terraform Cloud,no,REQ-R16-2.A.1.a|REQ-R16-2.A.2.a|REQ-R16-2.A.2.b|REQ-R16-2.B.2.i|REQ-R16-2.B.3.a|REQ-R16-2.B.4.g|REQ-R16-2.B.4.h|REQ-R16-2.C.3.a|REQ-R16-2.C.7.a|REQ-R16-4.A.1.a.1|REQ-R16-4.A.1.b.1|REQ-R16-4.A.2.b.1|REQ-R16-4.A.2.b.3|REQ-R16-4.A.2.b.6|REQ-R16-4.A.3.b.1,REQ-R16-2.B.4.g|REQ-R16-4.A.2.b.6|REQ-R16-4.A.3.b.1,"Active Learning|Complex Problem Solving|Computers and Electronics|Critical Thinking|English Language|Getting Information|Identifying Objects, Actions, and Events|Making Decisions and Solving Problems|Operations Analysis|Organizing, Planning, and Prioritizing Work|Reading Comprehension|Systems Analysis|Systems Evaluation|Updating and Using Relevant Knowledge|Working with Computers",15,3,Essential Skills|Knowledge|Transferable Skills|Work Activities,0.517047,0.105733,51.70,10.57,50,exam-fee-required,71,TA-003,2,พื้นฐานคลาวด์,core_gap_closure,certification_only|both,3,verified,2026-08-31,ผู้วิจัย (ตรวจด้วยการดึงหน้าเว็บ 31 ส.ค. 2026),,CORPUS-IS68076026-v1.5R-01OCT26,ONET31.0-IS68076026-v1.0,v0.9_core
CRT-R16-08,certification,R16,วิศวกร/สถาปนิกระบบคลาวด์,Cloud Engineer / Solutions Architect,15-1299.08,cloud,proxy,8,Certified Kubernetes Administrator (CKA),Cloud Native Computing Foundation,vendor_or_body,Linux Foundation Training,https://training.linuxfoundation.org/certification/certified-kubernetes-administrator-cka/,vendor_neutral_cert,Advanced,3,hands-on proctored lab exam,English,สอบภาคปฏิบัติบนคลัสเตอร์จริง เป็นใบรับรอง container ที่ตลาดงานให้ค่าสูงที่สุด,Cluster architecture|Workloads and scheduling|Services and networking|Storage|Troubleshooting,Kubernetes|kubectl|etcd,yes,REQ-R16-2.A.1.a|REQ-R16-2.A.2.a|REQ-R16-2.A.2.b|REQ-R16-2.B.2.i|REQ-R16-2.B.3.a|REQ-R16-2.B.4.g|REQ-R16-2.B.4.h|REQ-R16-2.C.3.a|REQ-R16-2.C.3.b|REQ-R16-2.C.7.a|REQ-R16-2.C.9.a|REQ-R16-4.A.1.a.1|REQ-R16-4.A.1.b.1|REQ-R16-4.A.2.b.1|REQ-R16-4.A.2.b.3|REQ-R16-4.A.2.b.6|REQ-R16-4.A.3.b.1,REQ-R16-2.B.4.g|REQ-R16-2.C.3.a|REQ-R16-4.A.3.b.1,"Active Learning|Complex Problem Solving|Computers and Electronics|Critical Thinking|Engineering and Technology|English Language|Getting Information|Identifying Objects, Actions, and Events|Making Decisions and Solving Problems|Operations Analysis|Organizing, Planning, and Prioritizing Work|Reading Comprehension|Systems Analysis|Systems Evaluation|Telecommunications|Updating and Using Relevant Knowledge|Working with Computers",17,3,Essential Skills|Knowledge|Transferable Skills|Work Activities,0.582036,0.113393,58.20,11.34,120,exam-fee-required,445,CKA,2,พื้นฐาน Linux และ container,advanced_or_cert_prep,certification_only|both,3,verified,2026-08-31,ผู้วิจัย (ตรวจด้วยการดึงหน้าเว็บ 31 ส.ค. 2026),,CORPUS-IS68076026-v1.5R-01OCT26,ONET31.0-IS68076026-v1.0,v0.9_core
CRT-R16-09,certification,R16,วิศวกร/สถาปนิกระบบคลาวด์,Cloud Engineer / Solutions Architect,15-1299.08,cloud,proxy,9,CompTIA Cloud+,CompTIA,vendor_or_body,CompTIA,https://www.comptia.org/en-us/certifications/cloud/,vendor_neutral_cert,Intermediate,2,proctored exam,English,ใบรับรองที่เป็นกลางต่อผู้ให้บริการ เหมาะกับองค์กรที่ใช้หลายคลาวด์พร้อมกัน,Cloud architecture|Deployment|Operations|Security|Troubleshooting|DevOps fundamentals,Vendor-neutral,no,REQ-R16-2.A.1.a|REQ-R16-2.A.2.a|REQ-R16-2.A.2.b|REQ-R16-2.B.2.i|REQ-R16-2.B.3.a|REQ-R16-2.B.4.g|REQ-R16-2.B.4.h|REQ-R16-2.C.1.e|REQ-R16-2.C.3.a|REQ-R16-2.C.3.b|REQ-R16-2.C.7.a|REQ-R16-4.A.1.a.1|REQ-R16-4.A.1.b.1|REQ-R16-4.A.2.a.3|REQ-R16-4.A.2.b.1|REQ-R16-4.A.2.b.3|REQ-R16-4.A.2.b.6|REQ-R16-4.A.3.b.1,REQ-R16-2.B.4.g|REQ-R16-2.C.3.a|REQ-R16-4.A.2.a.3,"Active Learning|Complex Problem Solving|Computers and Electronics|Critical Thinking|Customer and Personal Service|Engineering and Technology|English Language|Evaluating Information to Determine Compliance with Standards|Getting Information|Identifying Objects, Actions, and Events|Making Decisions and Solving Problems|Operations Analysis|Organizing, Planning, and Prioritizing Work|Reading Comprehension|Systems Analysis|Systems Evaluation|Updating and Using Relevant Knowledge|Working with Computers",18,3,Essential Skills|Knowledge|Transferable Skills|Work Activities,0.614193,0.106911,61.42,10.69,100,exam-fee-required,399,CV0-004,3,แนะนำประสบการณ์ 2-3 ปี,advanced_or_cert_prep,certification_only|both,2,verified,2026-08-31,ผู้วิจัย (ตรวจด้วยการดึงหน้าเว็บ 31 ส.ค. 2026),,CORPUS-IS68076026-v1.5R-01OCT26,ONET31.0-IS68076026-v1.0,v0.9_core
CRT-R16-10,certification,R16,วิศวกร/สถาปนิกระบบคลาวด์,Cloud Engineer / Solutions Architect,15-1299.08,cloud,proxy,10,FinOps Certified Practitioner,FinOps Foundation,vendor_or_body,FinOps Foundation,https://learn.finops.org/,vendor_neutral_cert,Intermediate,2,online exam,English,ใบรับรองด้านการบริหารต้นทุนคลาวด์ ซึ่งเป็นสมรรถนะที่แยกสถาปนิกระดับสูงออกจากระดับปฏิบัติการ,FinOps framework|Cost allocation|Forecasting|Optimization|Stakeholder collaboration,Cloud cost tools,no,REQ-R16-2.A.1.a|REQ-R16-2.A.1.b|REQ-R16-2.A.1.d|REQ-R16-2.A.2.a|REQ-R16-2.A.2.b|REQ-R16-2.B.2.i|REQ-R16-2.C.1.e|REQ-R16-2.C.3.a|REQ-R16-2.C.7.a|REQ-R16-4.A.1.a.1|REQ-R16-4.A.1.b.1|REQ-R16-4.A.2.a.4|REQ-R16-4.A.2.b.1|REQ-R16-4.A.2.b.3|REQ-R16-4.A.3.b.1|REQ-R16-4.A.4.a.1|REQ-R16-4.A.4.a.2|REQ-R16-4.A.4.b.3|REQ-R16-4.A.4.b.6,REQ-R16-4.A.2.a.4|REQ-R16-4.A.4.b.6,"Active Learning|Active Listening|Analyzing Data or Information|Communicating with Supervisors, Peers, or Subordinates|Complex Problem Solving|Computers and Electronics|Critical Thinking|Customer and Personal Service|English Language|Getting Information|Identifying Objects, Actions, and Events|Interpreting the Meaning of Information for Others|Making Decisions and Solving Problems|Providing Consultation and Advice to Others|Reading Comprehension|Speaking|Training and Teaching Others|Updating and Using Relevant Knowledge|Working with Computers",19,2,Essential Skills|Knowledge|Transferable Skills|Work Activities,0.642478,0.062379,64.25,6.24,25,exam-fee-required,400,FOCP,2,พื้นฐานคลาวด์,advanced_or_cert_prep,certification_only|both,2,verified,2026-08-31,ผู้วิจัย (ตรวจด้วยการดึงหน้าเว็บ 31 ส.ค. 2026),,CORPUS-IS68076026-v1.5R-01OCT26,ONET31.0-IS68076026-v1.0,v0.9_core
CRT-R16-11,certification,R16,วิศวกร/สถาปนิกระบบคลาวด์,Cloud Engineer / Solutions Architect,15-1299.08,cloud,proxy,11,ITIL 4 Foundation,PeopleCert (AXELOS),vendor_or_body,PeopleCert,https://www.peoplecert.org/browse-certifications/it-governance-and-service-management/ITIL-1/itil-4-foundation-2565,vendor_neutral_cert,Beginner,1,proctored exam,English,กรอบการบริหารบริการไอทีที่องค์กรไทยใช้เป็นมาตรฐาน ช่วยให้ PM เข้าใจงานปฏิบัติการหลังส่งมอบโครงการ,IT service management|Service value system|ITIL practices|Continual improvement,ITIL framework|ServiceNow,no,REQ-R16-2.C.1.e|REQ-R16-4.A.2.a.3,REQ-R16-2.C.1.e|REQ-R16-4.A.2.a.3,Customer and Personal Service|Evaluating Information to Determine Compliance with Standards,2,2,Knowledge|Work Activities,0.065409,0.065409,6.54,6.54,30,exam-fee-required,450,ITIL 4 Foundation,3,ไม่มี,core_gap_closure,certification_only|both,3,verified,2026-08-31,ผู้วิจัย (ตรวจด้วยการดึงหน้าเว็บ 31 ส.ค. 2026),DEC-16 ขยายข้ามบทบาทจาก CRT-R19-09 · คงชื่อ ผู้ให้บริการ URL ชั่วโมง และค่าใช้จ่ายเดิมทุกค่า · ต้องทบทวน mapping ก่อน FREEZE,CORPUS-IS68076026-v1.5R-01OCT26,ONET31.0-IS68076026-v1.0,v1.3_crossrole
CRS-R16-01,course,R16,วิศวกร/สถาปนิกระบบคลาวด์,Cloud Engineer / Solutions Architect,15-1299.08,cloud,proxy,1,AWS Cloud Solutions Architect Professional Certificate,Amazon Web Services,mooc_platform,Coursera,https://www.coursera.org/professional-certificates/aws-cloud-solutions-architect,professional_certificate,Intermediate,2,self-paced online,English,ออกแบบสถาปัตยกรรมบน AWS ตามหลัก Well-Architected Framework พร้อมเตรียมสอบ SAA-C03,Cloud architecture|Well-Architected Framework|High availability|Cost optimization|Security design,Amazon EC2|S3|VPC|RDS|CloudFormation,yes,REQ-R16-2.A.1.a|REQ-R16-2.A.2.a|REQ-R16-2.A.2.b|REQ-R16-2.B.2.i|REQ-R16-2.B.3.a|REQ-R16-2.B.4.g|REQ-R16-2.B.4.h|REQ-R16-2.C.3.a|REQ-R16-2.C.3.b|REQ-R16-2.C.7.a|REQ-R16-4.A.1.a.1|REQ-R16-4.A.1.b.1|REQ-R16-4.A.2.b.1|REQ-R16-4.A.2.b.3|REQ-R16-4.A.2.b.6|REQ-R16-4.A.3.b.1,REQ-R16-2.B.3.a|REQ-R16-2.B.4.g|REQ-R16-2.B.4.h|REQ-R16-2.C.3.a,"Active Learning|Complex Problem Solving|Computers and Electronics|Critical Thinking|Engineering and Technology|English Language|Getting Information|Identifying Objects, Actions, and Events|Making Decisions and Solving Problems|Operations Analysis|Organizing, Planning, and Prioritizing Work|Reading Comprehension|Systems Analysis|Systems Evaluation|Updating and Using Relevant Knowledge|Working with Computers",16,4,Essential Skills|Knowledge|Transferable Skills|Work Activities,0.548784,0.138227,54.88,13.82,120,paid,245,,,พื้นฐานคลาวด์,core_gap_closure,course_only|both,3,verified,2026-08-31,ผู้วิจัย (ตรวจด้วยการดึงหน้าเว็บ 31 ส.ค. 2026),,CORPUS-IS68076026-v1.5R-01OCT26,ONET31.0-IS68076026-v1.0,v0.9_core
CRS-R16-02,course,R16,วิศวกร/สถาปนิกระบบคลาวด์,Cloud Engineer / Solutions Architect,15-1299.08,cloud,proxy,2,Google Cloud Cloud Architect Professional Certificate,Google Cloud,mooc_platform,Coursera,https://www.coursera.org/professional-certificates/gcp-cloud-architect,professional_certificate,Intermediate,2,self-paced online,English,ออกแบบและวางแผนโซลูชันบน Google Cloud ครอบคลุมทั้งการย้ายระบบและการบริหารต้นทุน,GCP architecture|Migration planning|Security design|Cost management|Reliability engineering,Google Compute Engine|GKE|Cloud Storage|Cloud IAM,yes,REQ-R16-2.A.1.a|REQ-R16-2.A.2.a|REQ-R16-2.A.2.b|REQ-R16-2.B.2.i|REQ-R16-2.B.3.a|REQ-R16-2.B.4.g|REQ-R16-2.B.4.h|REQ-R16-2.C.3.a|REQ-R16-2.C.3.b|REQ-R16-2.C.7.a|REQ-R16-4.A.1.a.1|REQ-R16-4.A.1.b.1|REQ-R16-4.A.2.b.1|REQ-R16-4.A.2.b.3|REQ-R16-4.A.2.b.6|REQ-R16-4.A.3.b.1,REQ-R16-2.B.4.g|REQ-R16-2.B.4.h,"Active Learning|Complex Problem Solving|Computers and Electronics|Critical Thinking|Engineering and Technology|English Language|Getting Information|Identifying Objects, Actions, and Events|Making Decisions and Solving Problems|Operations Analysis|Organizing, Planning, and Prioritizing Work|Reading Comprehension|Systems Analysis|Systems Evaluation|Updating and Using Relevant Knowledge|Working with Computers",16,2,Essential Skills|Knowledge|Transferable Skills|Work Activities,0.548784,0.065326,54.88,6.53,130,paid,245,,,พื้นฐานคลาวด์,core_gap_closure,course_only|both,3,verified,2026-08-31,ผู้วิจัย (ตรวจด้วยการดึงหน้าเว็บ 31 ส.ค. 2026),,CORPUS-IS68076026-v1.5R-01OCT26,ONET31.0-IS68076026-v1.0,v0.9_core
CRS-R16-03,course,R16,วิศวกร/สถาปนิกระบบคลาวด์,Cloud Engineer / Solutions Architect,15-1299.08,cloud,proxy,3,Azure Solutions Architect Learning Path (AZ-305),Microsoft,vendor_or_body,Microsoft Learn,https://learn.microsoft.com/en-us/training/browse/?products=azure&roles=solution-architect,specialization,Advanced,3,self-paced online,English,"เรียนฟรีจากผู้ผลิต ครอบคลุมการออกแบบ identity, การจัดเก็บข้อมูล, business continuity และโครงสร้างพื้นฐาน",Azure architecture|Identity design|Data platform design|Business continuity|Governance,Azure|Entra ID|Azure Monitor,no,REQ-R16-2.A.1.a|REQ-R16-2.A.2.a|REQ-R16-2.A.2.b|REQ-R16-2.A.2.d|REQ-R16-2.B.2.i|REQ-R16-2.B.3.a|REQ-R16-2.B.4.g|REQ-R16-2.B.4.h|REQ-R16-2.C.3.a|REQ-R16-2.C.3.b|REQ-R16-2.C.7.a|REQ-R16-4.A.1.a.1|REQ-R16-4.A.1.b.1|REQ-R16-4.A.2.a.2|REQ-R16-4.A.2.a.3|REQ-R16-4.A.2.a.4|REQ-R16-4.A.2.b.1|REQ-R16-4.A.2.b.3|REQ-R16-4.A.3.b.1,REQ-R16-2.B.4.g|REQ-R16-2.B.4.h|REQ-R16-4.A.2.a.3,"Active Learning|Analyzing Data or Information|Complex Problem Solving|Computers and Electronics|Critical Thinking|Engineering and Technology|English Language|Evaluating Information to Determine Compliance with Standards|Getting Information|Identifying Objects, Actions, and Events|Making Decisions and Solving Problems|Monitoring|Operations Analysis|Processing Information|Reading Comprehension|Systems Analysis|Systems Evaluation|Updating and Using Relevant Knowledge|Working with Computers",19,3,Essential Skills|Knowledge|Transferable Skills|Work Activities,0.644078,0.098241,64.41,9.82,80,free,0,,,AZ-104 หรือประสบการณ์ Azure,advanced_or_cert_prep,course_only|both,3,verified,2026-08-31,ผู้วิจัย (ตรวจด้วยการดึงหน้าเว็บ 31 ส.ค. 2026),,CORPUS-IS68076026-v1.5R-01OCT26,ONET31.0-IS68076026-v1.0,v0.9_core
CRS-R16-04,course,R16,วิศวกร/สถาปนิกระบบคลาวด์,Cloud Engineer / Solutions Architect,15-1299.08,cloud,proxy,4,Introduction to Cloud Computing,IBM,mooc_platform,Coursera,https://www.coursera.org/learn/introduction-to-cloud,single_course,Beginner,1,self-paced online,English,ปูพื้นฐานแนวคิดคลาวด์ ทั้งรูปแบบบริการ รูปแบบการติดตั้ง และแนวโน้มเทคโนโลยีที่เกี่ยวข้อง,Cloud service models|Deployment models|Virtualization|Cloud economics|Emerging trends,IBM Cloud|AWS|Azure,no,REQ-R16-2.A.1.a|REQ-R16-2.A.2.b|REQ-R16-2.C.1.e|REQ-R16-2.C.3.a|REQ-R16-2.C.7.a|REQ-R16-4.A.1.a.1|REQ-R16-4.A.2.b.3|REQ-R16-4.A.3.b.1,REQ-R16-2.A.1.a|REQ-R16-2.A.2.b|REQ-R16-2.C.3.a|REQ-R16-4.A.2.b.3,Active Learning|Computers and Electronics|Customer and Personal Service|English Language|Getting Information|Reading Comprehension|Updating and Using Relevant Knowledge|Working with Computers,8,4,Essential Skills|Knowledge|Work Activities,0.283020,0.139574,28.30,13.96,15,paid,49,,,ไม่มี,foundation,course_only|both,2,verified,2026-08-31,ผู้วิจัย (ตรวจด้วยการดึงหน้าเว็บ 31 ส.ค. 2026),,CORPUS-IS68076026-v1.5R-01OCT26,ONET31.0-IS68076026-v1.0,v0.9_core
CRS-R16-05,course,R16,วิศวกร/สถาปนิกระบบคลาวด์,Cloud Engineer / Solutions Architect,15-1299.08,cloud,proxy,5,Architecting with Google Kubernetes Engine Specialization,Google Cloud,mooc_platform,Coursera,https://www.coursera.org/specializations/architecting-google-kubernetes-engine,specialization,Advanced,3,self-paced online,English,"ออกแบบและดูแลระบบ container ระดับ production บน GKE ครอบคลุม networking, security และ scaling",Kubernetes architecture|GKE|Workload management|Cluster security|Autoscaling|Service mesh,Kubernetes|GKE|Istio|Helm,yes,REQ-R16-2.A.1.a|REQ-R16-2.A.2.a|REQ-R16-2.A.2.b|REQ-R16-2.B.2.i|REQ-R16-2.B.3.a|REQ-R16-2.B.4.g|REQ-R16-2.B.4.h|REQ-R16-2.C.3.a|REQ-R16-2.C.3.b|REQ-R16-2.C.7.a|REQ-R16-2.C.9.a|REQ-R16-4.A.1.a.1|REQ-R16-4.A.1.b.1|REQ-R16-4.A.2.b.1|REQ-R16-4.A.2.b.3|REQ-R16-4.A.3.b.1,REQ-R16-2.B.4.g|REQ-R16-2.B.4.h|REQ-R16-2.C.3.a,"Active Learning|Complex Problem Solving|Computers and Electronics|Critical Thinking|Engineering and Technology|English Language|Getting Information|Identifying Objects, Actions, and Events|Making Decisions and Solving Problems|Operations Analysis|Reading Comprehension|Systems Analysis|Systems Evaluation|Telecommunications|Updating and Using Relevant Knowledge|Working with Computers",16,3,Essential Skills|Knowledge|Transferable Skills|Work Activities,0.548363,0.106659,54.84,10.67,70,paid,245,,,พื้นฐาน container และ GCP,advanced_or_cert_prep,course_only|both,3,verified,2026-08-31,ผู้วิจัย (ตรวจด้วยการดึงหน้าเว็บ 31 ส.ค. 2026),,CORPUS-IS68076026-v1.5R-01OCT26,ONET31.0-IS68076026-v1.0,v0.9_core
CRS-R16-06,course,R16,วิศวกร/สถาปนิกระบบคลาวด์,Cloud Engineer / Solutions Architect,15-1299.08,cloud,proxy,6,HashiCorp Terraform Associate Learning Path,HashiCorp,vendor_or_body,HashiCorp Developer,https://developer.hashicorp.com/terraform/tutorials,specialization,Intermediate,2,self-paced online,English,เขียนโครงสร้างพื้นฐานเป็นโค้ด ซึ่ง Terraform เป็นเทคโนโลยี In-Demand ที่ระบุไว้ในบทบาทนี้,Infrastructure as code|Terraform|State management|Modules|Provisioning workflow,Terraform|Terraform Cloud,yes,REQ-R16-2.A.1.a|REQ-R16-2.A.2.a|REQ-R16-2.A.2.b|REQ-R16-2.B.2.i|REQ-R16-2.B.3.a|REQ-R16-2.B.4.g|REQ-R16-2.B.4.h|REQ-R16-2.C.3.a|REQ-R16-2.C.7.a|REQ-R16-4.A.1.a.1|REQ-R16-4.A.1.b.1|REQ-R16-4.A.2.b.1|REQ-R16-4.A.2.b.3|REQ-R16-4.A.2.b.6|REQ-R16-4.A.3.b.1,REQ-R16-2.B.4.g|REQ-R16-4.A.2.b.6|REQ-R16-4.A.3.b.1,"Active Learning|Complex Problem Solving|Computers and Electronics|Critical Thinking|English Language|Getting Information|Identifying Objects, Actions, and Events|Making Decisions and Solving Problems|Operations Analysis|Organizing, Planning, and Prioritizing Work|Reading Comprehension|Systems Analysis|Systems Evaluation|Updating and Using Relevant Knowledge|Working with Computers",15,3,Essential Skills|Knowledge|Transferable Skills|Work Activities,0.517047,0.105733,51.70,10.57,30,free,0,,,พื้นฐานคลาวด์,core_gap_closure,course_only|both,3,verified,2026-08-31,ผู้วิจัย (ตรวจด้วยการดึงหน้าเว็บ 31 ส.ค. 2026),,CORPUS-IS68076026-v1.5R-01OCT26,ONET31.0-IS68076026-v1.0,v0.9_core
CRS-R16-07,course,R16,วิศวกร/สถาปนิกระบบคลาวด์,Cloud Engineer / Solutions Architect,15-1299.08,cloud,proxy,7,Cloud Computing Specialization,University of Illinois at Urbana-Champaign,mooc_platform,Coursera,https://www.coursera.org/specializations/cloud-computing,specialization,Advanced,3,self-paced online,English,เข้าใจรากฐานทางทฤษฎีของระบบกระจาย ซึ่งช่วยให้ตัดสินใจเชิงสถาปัตยกรรมได้อย่างมีเหตุผล,Distributed systems|Consistency models|Consensus algorithms|Cloud networking|Storage systems,Cloud platforms|Distributed frameworks,no,REQ-R16-2.A.1.a|REQ-R16-2.A.2.a|REQ-R16-2.A.2.b|REQ-R16-2.B.2.i|REQ-R16-2.B.3.a|REQ-R16-2.B.4.g|REQ-R16-2.B.4.h|REQ-R16-2.C.3.a|REQ-R16-2.C.3.b|REQ-R16-2.C.7.a|REQ-R16-2.C.9.a|REQ-R16-4.A.1.a.1|REQ-R16-4.A.1.b.1|REQ-R16-4.A.2.b.1|REQ-R16-4.A.2.b.3|REQ-R16-4.A.2.b.6|REQ-R16-4.A.3.b.1,REQ-R16-2.A.2.a|REQ-R16-2.B.4.g|REQ-R16-2.B.4.h|REQ-R16-2.C.3.b,"Active Learning|Complex Problem Solving|Computers and Electronics|Critical Thinking|Engineering and Technology|English Language|Getting Information|Identifying Objects, Actions, and Events|Making Decisions and Solving Problems|Operations Analysis|Organizing, Planning, and Prioritizing Work|Reading Comprehension|Systems Analysis|Systems Evaluation|Telecommunications|Updating and Using Relevant Knowledge|Working with Computers",17,4,Essential Skills|Knowledge|Transferable Skills|Work Activities,0.582036,0.130736,58.20,13.07,180,paid,245,,,พื้นฐานวิทยาการคอมพิวเตอร์,advanced_or_cert_prep,course_only|both,3,verified,2026-08-31,ผู้วิจัย (ตรวจด้วยการดึงหน้าเว็บ 31 ส.ค. 2026),,CORPUS-IS68076026-v1.5R-01OCT26,ONET31.0-IS68076026-v1.0,v0.9_core
CRS-R16-08,course,R16,วิศวกร/สถาปนิกระบบคลาวด์,Cloud Engineer / Solutions Architect,15-1299.08,cloud,proxy,8,AWS Fundamentals Specialization,Amazon Web Services,mooc_platform,Coursera,https://www.coursera.org/specializations/aws-fundamentals,specialization,Beginner,1,self-paced online,English,ปูพื้นฐาน AWS ครบทุกด้านก่อนต่อยอดสู่การออกแบบสถาปัตยกรรม เหมาะกับผู้เริ่มต้นสายคลาวด์,AWS core services|Security fundamentals|Networking basics|Serverless|Migration basics,Amazon EC2|S3|Lambda|IAM,yes,REQ-R16-2.A.1.a|REQ-R16-2.A.2.a|REQ-R16-2.A.2.b|REQ-R16-2.B.2.i|REQ-R16-2.B.4.g|REQ-R16-2.C.3.a|REQ-R16-2.C.3.b|REQ-R16-2.C.7.a|REQ-R16-2.C.9.a|REQ-R16-4.A.1.a.1|REQ-R16-4.A.1.b.1|REQ-R16-4.A.2.b.1|REQ-R16-4.A.2.b.3|REQ-R16-4.A.3.b.1,REQ-R16-2.A.1.a|REQ-R16-2.A.2.b|REQ-R16-2.B.4.g|REQ-R16-2.C.3.a|REQ-R16-2.C.9.a,"Active Learning|Complex Problem Solving|Computers and Electronics|Critical Thinking|Engineering and Technology|English Language|Getting Information|Identifying Objects, Actions, and Events|Making Decisions and Solving Problems|Reading Comprehension|Systems Analysis|Telecommunications|Updating and Using Relevant Knowledge|Working with Computers",14,5,Essential Skills|Knowledge|Transferable Skills|Work Activities,0.484132,0.171395,48.41,17.14,60,paid,245,,,ไม่มี,foundation,course_only|both,3,verified,2026-08-31,ผู้วิจัย (ตรวจด้วยการดึงหน้าเว็บ 31 ส.ค. 2026),,CORPUS-IS68076026-v1.5R-01OCT26,ONET31.0-IS68076026-v1.0,v0.9_core
CRS-R16-09,course,R16,วิศวกร/สถาปนิกระบบคลาวด์,Cloud Engineer / Solutions Architect,15-1299.08,cloud,proxy,9,Introduction to Kubernetes (LFS158),The Linux Foundation,vendor_or_body,Linux Foundation Training,https://training.linuxfoundation.org/training/introduction-to-kubernetes/,single_course,Beginner,1,self-paced online,English,เข้าใจสถาปัตยกรรม Kubernetes ซึ่งเป็นรากฐานของสถาปัตยกรรมคลาวด์แบบ cloud-native,Kubernetes architecture|Pods|Services|Deployments|Cluster components,Kubernetes|kubectl|minikube,no,REQ-R16-2.A.1.a|REQ-R16-2.A.2.b|REQ-R16-2.B.3.a|REQ-R16-2.B.4.g|REQ-R16-2.B.4.h|REQ-R16-2.C.3.a|REQ-R16-2.C.3.b|REQ-R16-2.C.7.a|REQ-R16-4.A.1.a.1|REQ-R16-4.A.2.b.3|REQ-R16-4.A.3.b.1,REQ-R16-2.B.4.g|REQ-R16-2.C.3.a|REQ-R16-2.C.3.b|REQ-R16-4.A.3.b.1,Active Learning|Computers and Electronics|Engineering and Technology|English Language|Getting Information|Operations Analysis|Reading Comprehension|Systems Analysis|Systems Evaluation|Updating and Using Relevant Knowledge|Working with Computers,11,4,Essential Skills|Knowledge|Transferable Skills|Work Activities,0.379157,0.145130,37.92,14.51,25,free,0,,,พื้นฐาน container,foundation,course_only|both,3,verified,2026-08-31,ผู้วิจัย (ตรวจด้วยการดึงหน้าเว็บ 31 ส.ค. 2026),,CORPUS-IS68076026-v1.5R-01OCT26,ONET31.0-IS68076026-v1.0,v0.9_core
CRS-R16-10,course,R16,วิศวกร/สถาปนิกระบบคลาวด์,Cloud Engineer / Solutions Architect,15-1299.08,cloud,proxy,10,FinOps Certified Practitioner Training,FinOps Foundation,vendor_or_body,FinOps Foundation,https://learn.finops.org/,single_course,Intermediate,2,self-paced online,English,บริหารต้นทุนคลาวด์อย่างเป็นระบบ ซึ่งเป็นความรับผิดชอบใหม่ที่องค์กรคาดหวังจากสถาปนิกคลาวด์,Cloud cost management|Showback and chargeback|Unit economics|Cost optimization|FinOps framework,AWS Cost Explorer|Azure Cost Management,no,REQ-R16-2.A.1.a|REQ-R16-2.A.2.a|REQ-R16-2.A.2.b|REQ-R16-2.B.2.i|REQ-R16-2.B.3.a|REQ-R16-2.B.4.g|REQ-R16-2.B.4.h|REQ-R16-2.C.3.a|REQ-R16-2.C.7.a|REQ-R16-4.A.1.a.1|REQ-R16-4.A.1.b.1|REQ-R16-4.A.2.a.4|REQ-R16-4.A.2.b.1|REQ-R16-4.A.2.b.3|REQ-R16-4.A.3.b.1,REQ-R16-4.A.2.a.4,"Active Learning|Analyzing Data or Information|Complex Problem Solving|Computers and Electronics|Critical Thinking|English Language|Getting Information|Identifying Objects, Actions, and Events|Making Decisions and Solving Problems|Operations Analysis|Reading Comprehension|Systems Analysis|Systems Evaluation|Updating and Using Relevant Knowledge|Working with Computers",15,1,Essential Skills|Knowledge|Transferable Skills|Work Activities,0.515868,0.032494,51.59,3.25,20,paid,400,,,พื้นฐานคลาวด์,advanced_or_cert_prep,course_only|both,2,verified,2026-08-31,ผู้วิจัย (ตรวจด้วยการดึงหน้าเว็บ 31 ส.ค. 2026),,CORPUS-IS68076026-v1.5R-01OCT26,ONET31.0-IS68076026-v1.0,v0.9_core
CRS-R16-11,course,R16,วิศวกร/สถาปนิกระบบคลาวด์,Cloud Engineer / Solutions Architect,15-1299.08,cloud,proxy,11,Improving Communication Skills,University of Pennsylvania (Wharton),mooc_platform,Coursera,https://www.coursera.org/learn/wharton-communication-skills,single_course,Beginner,1,self-paced online,English,สื่อสารเชิงวิชาชีพอย่างมีประสิทธิผล ฟังอย่างตั้งใจ ตีความสารของผู้อื่น สร้างความไว้วางใจ และสื่อสารกับผู้มีส่วนได้เสียทั้งในและนอกองค์กร,Active listening|Professional communication|Stakeholder communication|Building trust|Persuasion,,no,REQ-R16-2.A.1.b|REQ-R16-2.A.1.d|REQ-R16-4.A.4.a.1|REQ-R16-4.A.4.a.2|REQ-R16-4.A.4.b.6,REQ-R16-2.A.1.b|REQ-R16-2.A.1.d|REQ-R16-4.A.4.a.1|REQ-R16-4.A.4.a.2|REQ-R16-4.A.4.b.6,"Active Listening|Communicating with Supervisors, Peers, or Subordinates|Interpreting the Meaning of Information for Others|Providing Consultation and Advice to Others|Speaking",5,5,Essential Skills|Work Activities,0.160789,0.160789,16.08,16.08,10,low-cost,49,,,,core_gap_closure,course_only|both,2,verified,2026-08-31,ผู้วิจัย (ตรวจด้วยการดึงหน้าเว็บ 31 ส.ค. 2026),DEC-16 ขยายข้ามบทบาทจาก CRS-R07-11 · คงชื่อ ผู้ให้บริการ URL ชั่วโมง และค่าใช้จ่ายเดิมทุกค่า · ต้องทบทวน mapping ก่อน FREEZE,CORPUS-IS68076026-v1.5R-01OCT26,ONET31.0-IS68076026-v1.0,v1.3_crossrole
CRS-R16-12,course,R16,วิศวกร/สถาปนิกระบบคลาวด์,Cloud Engineer / Solutions Architect,15-1299.08,cloud,proxy,12,Google IT Automation with Python Professional Certificate,Google,mooc_platform,Coursera,https://www.coursera.org/professional-certificates/google-it-automation,professional_certificate,Beginner,1,self-paced online,English,เขียนสคริปต์ Python อัตโนมัติงานระบบ ใช้ Git บริหารเวอร์ชัน แก้ปัญหาเชิงระบบและ debug อย่างมีระเบียบวิธี,Python|Bash|Git|Automation|Debugging|Configuration management|Regular expressions,Python|Git|GitHub|Linux|Puppet,yes,REQ-R16-2.B.2.i|REQ-R16-2.C.3.a|REQ-R16-4.A.2.a.2|REQ-R16-4.A.2.b.1|REQ-R16-4.A.2.b.6|REQ-R16-4.A.3.b.1,REQ-R16-2.B.2.i|REQ-R16-2.C.3.a|REQ-R16-4.A.2.a.2|REQ-R16-4.A.2.b.1|REQ-R16-4.A.2.b.6|REQ-R16-4.A.3.b.1,"Complex Problem Solving|Computers and Electronics|Making Decisions and Solving Problems|Organizing, Planning, and Prioritizing Work|Processing Information|Working with Computers",6,6,Knowledge|Transferable Skills|Work Activities,0.217526,0.217526,21.75,21.75,150,paid,245,,,ไม่มี,foundation,course_only|both,3,verified,2026-08-31,ผู้วิจัย (ตรวจด้วยการดึงหน้าเว็บ 31 ส.ค. 2026),DEC-16 ขยายข้ามบทบาทจาก CRS-R01-03 · คงชื่อ ผู้ให้บริการ URL ชั่วโมง และค่าใช้จ่ายเดิมทุกค่า · ต้องทบทวน mapping ก่อน FREEZE,CORPUS-IS68076026-v1.5R-01OCT26,ONET31.0-IS68076026-v1.0,v1.3_crossrole
CRS-R16-13,course,R16,วิศวกร/สถาปนิกระบบคลาวด์,Cloud Engineer / Solutions Architect,15-1299.08,cloud,proxy,13,Google Technical Writing Courses (One and Two),Google,vendor_or_body,Google for Developers,https://developers.google.com/tech-writing,single_course,Beginner,1,self-paced online,English,เขียนเอกสารทางเทคนิคที่ถูกต้องและอ่านเข้าใจง่าย จัดโครงสร้างเอกสาร บันทึกขั้นตอนการทำงาน และทบทวนงานเขียนของผู้อื่น,Technical writing|Documentation structure|Editing|Recording procedures,,no,REQ-R16-2.A.1.c|REQ-R16-4.A.3.b.6,REQ-R16-2.A.1.c|REQ-R16-4.A.3.b.6,Documenting/Recording Information|Writing,2,2,Essential Skills|Work Activities,0.065494,0.065494,6.55,6.55,16,free,0,,,,core_gap_closure,course_only|both,2,verified,2026-08-31,ผู้วิจัย (ตรวจด้วยการดึงหน้าเว็บ 31 ส.ค. 2026),DEC-16 ขยายข้ามบทบาทจาก CRS-R06-12 · คงชื่อ ผู้ให้บริการ URL ชั่วโมง และค่าใช้จ่ายเดิมทุกค่า · ต้องทบทวน mapping ก่อน FREEZE,CORPUS-IS68076026-v1.5R-01OCT26,ONET31.0-IS68076026-v1.0,v1.3_crossrole
CRS-R16-14,course,R16,วิศวกร/สถาปนิกระบบคลาวด์,Cloud Engineer / Solutions Architect,15-1299.08,cloud,proxy,14,Leading Teams,University of Michigan,mooc_platform,Coursera,https://www.coursera.org/learn/leading-teams,single_course,Intermediate,2,self-paced online,English,สร้างและพัฒนาทีม มอบหมายงานตามความถนัด สอนงานเพื่อนร่วมทีม และประเมินผลการทำงานของทีม,Team building|Coaching|Delegation|Team performance,,no,REQ-R16-4.A.4.b.3,REQ-R16-4.A.4.b.3,Training and Teaching Others,1,1,Work Activities,0.030221,0.030221,3.02,3.02,15,low-cost,49,,,,core_gap_closure,course_only|both,2,verified,2026-08-31,ผู้วิจัย (ตรวจด้วยการดึงหน้าเว็บ 31 ส.ค. 2026),DEC-16 ขยายข้ามบทบาทจาก CRS-R12-13 · คงชื่อ ผู้ให้บริการ URL ชั่วโมง และค่าใช้จ่ายเดิมทุกค่า · ต้องทบทวน mapping ก่อน FREEZE,CORPUS-IS68076026-v1.5R-01OCT26,ONET31.0-IS68076026-v1.0,v1.3_crossrole
CRS-R16-15,course,R16,วิศวกร/สถาปนิกระบบคลาวด์,Cloud Engineer / Solutions Architect,15-1299.08,cloud,proxy,15,Site Reliability Engineering: Measuring and Managing Reliability,Google Cloud,mooc_platform,Coursera,https://www.coursera.org/learn/site-reliability-engineering-slos,single_course,Intermediate,2,self-paced online,English,กำหนด SLI/SLO/error budget ซึ่งเป็นแนวคิดแกนกลางที่แยก SRE ออกจากงานดูแลระบบแบบเดิม,SLI/SLO design|Error budgets|Reliability measurement|Incident response|Toil reduction,Prometheus|Grafana|Cloud Monitoring,no,REQ-R16-2.A.2.d|REQ-R16-4.A.2.a.4,REQ-R16-2.A.2.d|REQ-R16-4.A.2.a.4,Analyzing Data or Information|Monitoring,2,2,Essential Skills|Work Activities,0.061958,0.061958,6.20,6.20,15,paid,49,,,พื้นฐานการดูแลระบบ,core_gap_closure,course_only|both,3,verified,2026-08-31,ผู้วิจัย (ตรวจด้วยการดึงหน้าเว็บ 31 ส.ค. 2026),DEC-16 ขยายข้ามบทบาทจาก CRS-R17-02 · คงชื่อ ผู้ให้บริการ URL ชั่วโมง และค่าใช้จ่ายเดิมทุกค่า · ต้องทบทวน mapping ก่อน FREEZE,CORPUS-IS68076026-v1.5R-01OCT26,ONET31.0-IS68076026-v1.0,v1.3_crossrole
CRT-R17-01,certification,R17,วิศวกร DevOps / SRE,DevOps / Site Reliability Engineer,15-1244.00,cloud,proxy,1,Certified Kubernetes Administrator (CKA),Cloud Native Computing Foundation,vendor_or_body,Linux Foundation Training,https://training.linuxfoundation.org/certification/certified-kubernetes-administrator-cka/,vendor_neutral_cert,Advanced,3,hands-on proctored lab exam,English,ใบรับรองภาคปฏิบัติที่เป็นมาตรฐานของสาย DevOps/SRE และตรวจสอบทักษะจริงบนคลัสเตอร์,Cluster management|Workload scheduling|Networking|Storage|Troubleshooting,Kubernetes|kubectl|etcd,yes,REQ-R17-2.A.1.a|REQ-R17-2.A.2.a|REQ-R17-2.B.2.i|REQ-R17-2.B.3.k|REQ-R17-2.B.3.m|REQ-R17-2.B.4.g|REQ-R17-2.C.3.a|REQ-R17-2.C.7.a|REQ-R17-2.C.9.a|REQ-R17-4.A.1.a.1|REQ-R17-4.A.1.a.2|REQ-R17-4.A.1.b.1|REQ-R17-4.A.2.a.3|REQ-R17-4.A.2.b.1|REQ-R17-4.A.2.b.3|REQ-R17-4.A.2.b.6|REQ-R17-4.A.3.b.1,REQ-R17-2.B.3.k|REQ-R17-2.B.4.g|REQ-R17-2.C.3.a|REQ-R17-4.A.1.a.2|REQ-R17-4.A.3.b.1,"Complex Problem Solving|Computers and Electronics|Critical Thinking|English Language|Evaluating Information to Determine Compliance with Standards|Getting Information|Identifying Objects, Actions, and Events|Making Decisions and Solving Problems|Monitoring Processes, Materials, or Surroundings|Organizing, Planning, and Prioritizing Work|Quality Control Analysis|Reading Comprehension|Systems Analysis|Telecommunications|Troubleshooting|Updating and Using Relevant Knowledge|Working with Computers",17,5,Essential Skills|Knowledge|Transferable Skills|Work Activities,0.575064,0.181709,57.51,18.17,120,exam-fee-required,445,CKA,2,พื้นฐาน Linux และ container,advanced_or_cert_prep,certification_only|both,3,verified,2026-08-31,ผู้วิจัย (ตรวจด้วยการดึงหน้าเว็บ 31 ส.ค. 2026),,CORPUS-IS68076026-v1.5R-01OCT26,ONET31.0-IS68076026-v1.0,v0.9_core
CRT-R17-02,certification,R17,วิศวกร DevOps / SRE,DevOps / Site Reliability Engineer,15-1244.00,cloud,proxy,2,Certified Kubernetes Application Developer (CKAD),Cloud Native Computing Foundation,vendor_or_body,Linux Foundation Training,https://training.linuxfoundation.org/certification/certified-kubernetes-application-developer-ckad/,vendor_neutral_cert,Intermediate,2,hands-on proctored lab exam,English,ยืนยันความสามารถออกแบบและ deploy แอปพลิเคชันบน Kubernetes จากมุมมองผู้พัฒนา,Application design|Deployment|Observability|Configuration|Services,Kubernetes|Helm|kubectl,yes,REQ-R17-2.A.1.a|REQ-R17-2.A.2.a|REQ-R17-2.A.2.d|REQ-R17-2.B.2.i|REQ-R17-2.B.3.e|REQ-R17-2.B.3.g|REQ-R17-2.B.4.g|REQ-R17-2.C.3.a|REQ-R17-2.C.7.a|REQ-R17-4.A.1.a.1|REQ-R17-4.A.1.a.2|REQ-R17-4.A.1.b.1|REQ-R17-4.A.2.b.1|REQ-R17-4.A.2.b.2|REQ-R17-4.A.2.b.3|REQ-R17-4.A.2.b.6|REQ-R17-4.A.3.b.1,REQ-R17-2.B.3.e|REQ-R17-2.B.4.g|REQ-R17-2.C.3.a|REQ-R17-4.A.1.a.2,"Complex Problem Solving|Computers and Electronics|Critical Thinking|English Language|Getting Information|Identifying Objects, Actions, and Events|Making Decisions and Solving Problems|Monitoring|Monitoring Processes, Materials, or Surroundings|Operations Monitoring|Organizing, Planning, and Prioritizing Work|Programming|Reading Comprehension|Systems Analysis|Thinking Creatively|Updating and Using Relevant Knowledge|Working with Computers",17,4,Essential Skills|Knowledge|Transferable Skills|Work Activities,0.571870,0.135720,57.19,13.57,100,exam-fee-required,445,CKAD,2,พื้นฐาน container,advanced_or_cert_prep,certification_only|both,3,verified,2026-08-31,ผู้วิจัย (ตรวจด้วยการดึงหน้าเว็บ 31 ส.ค. 2026),,CORPUS-IS68076026-v1.5R-01OCT26,ONET31.0-IS68076026-v1.0,v0.9_core
CRT-R17-03,certification,R17,วิศวกร DevOps / SRE,DevOps / Site Reliability Engineer,15-1244.00,cloud,proxy,3,HashiCorp Certified: Terraform Associate,HashiCorp,vendor_or_body,HashiCorp,https://developer.hashicorp.com/certifications/infrastructure-automation,vendor_cert,Intermediate,2,online proctored exam,English,ใบรับรองราคาประหยัดที่ยืนยันทักษะ IaC ซึ่งประกาศรับสมัคร DevOps ในไทยระบุถึงบ่อยมาก,Terraform|IaC workflow|State|Modules|Providers,Terraform,no,REQ-R17-2.A.1.a|REQ-R17-2.A.2.a|REQ-R17-2.B.2.i|REQ-R17-2.B.3.e|REQ-R17-2.B.4.g|REQ-R17-2.B.4.h|REQ-R17-2.C.3.a|REQ-R17-2.C.7.a|REQ-R17-4.A.1.a.1|REQ-R17-4.A.1.b.1|REQ-R17-4.A.2.b.1|REQ-R17-4.A.2.b.3|REQ-R17-4.A.2.b.6|REQ-R17-4.A.3.b.1,REQ-R17-2.B.3.e|REQ-R17-2.B.4.g|REQ-R17-4.A.2.b.6|REQ-R17-4.A.3.b.1,"Complex Problem Solving|Computers and Electronics|Critical Thinking|English Language|Getting Information|Identifying Objects, Actions, and Events|Making Decisions and Solving Problems|Organizing, Planning, and Prioritizing Work|Programming|Reading Comprehension|Systems Analysis|Systems Evaluation|Updating and Using Relevant Knowledge|Working with Computers",14,4,Essential Skills|Knowledge|Transferable Skills|Work Activities,0.480586,0.136583,48.06,13.66,50,exam-fee-required,71,TA-003,2,พื้นฐานคลาวด์,core_gap_closure,certification_only|both,3,verified,2026-08-31,ผู้วิจัย (ตรวจด้วยการดึงหน้าเว็บ 31 ส.ค. 2026),,CORPUS-IS68076026-v1.5R-01OCT26,ONET31.0-IS68076026-v1.0,v0.9_core
CRT-R17-04,certification,R17,วิศวกร DevOps / SRE,DevOps / Site Reliability Engineer,15-1244.00,cloud,proxy,4,Microsoft Certified: DevOps Engineer Expert,Microsoft,vendor_or_body,Microsoft Learn,https://learn.microsoft.com/en-us/credentials/certifications/devops-engineer/,vendor_cert,Professional,4,proctored exam,English,ใบรับรองระดับ expert ที่ครอบคลุมทั้งกระบวนการ คน และเครื่องมือของการทำ DevOps ในองค์กร,DevOps process design|CI/CD|Release strategy|Security and compliance in pipelines|Observability,Azure DevOps|GitHub Actions|Terraform,no,REQ-R17-2.A.1.a|REQ-R17-2.A.2.a|REQ-R17-2.A.2.d|REQ-R17-2.B.2.i|REQ-R17-2.B.3.g|REQ-R17-2.B.3.m|REQ-R17-2.B.4.e|REQ-R17-2.B.4.g|REQ-R17-2.B.4.h|REQ-R17-2.C.3.a|REQ-R17-2.C.7.a|REQ-R17-4.A.1.a.1|REQ-R17-4.A.1.a.2|REQ-R17-4.A.1.b.1|REQ-R17-4.A.2.a.3|REQ-R17-4.A.2.b.1|REQ-R17-4.A.2.b.2|REQ-R17-4.A.2.b.3|REQ-R17-4.A.2.b.4|REQ-R17-4.A.2.b.6|REQ-R17-4.A.3.b.1,REQ-R17-2.B.4.g|REQ-R17-2.B.4.h|REQ-R17-4.A.1.a.2|REQ-R17-4.A.2.a.3|REQ-R17-4.A.2.b.4|REQ-R17-4.A.2.b.6,"Complex Problem Solving|Computers and Electronics|Critical Thinking|Developing Objectives and Strategies|English Language|Evaluating Information to Determine Compliance with Standards|Getting Information|Identifying Objects, Actions, and Events|Judgment and Decision Making|Making Decisions and Solving Problems|Monitoring|Monitoring Processes, Materials, or Surroundings|Operations Monitoring|Organizing, Planning, and Prioritizing Work|Quality Control Analysis|Reading Comprehension|Systems Analysis|Systems Evaluation|Thinking Creatively|Updating and Using Relevant Knowledge|Working with Computers",21,6,Essential Skills|Knowledge|Transferable Skills|Work Activities,0.702588,0.193012,70.26,19.30,140,exam-fee-required,165,AZ-400,1,ต้องมี AZ-104 หรือ AZ-204,advanced_or_cert_prep,certification_only|both,3,verified,2026-08-31,ผู้วิจัย (ตรวจด้วยการดึงหน้าเว็บ 31 ส.ค. 2026),,CORPUS-IS68076026-v1.5R-01OCT26,ONET31.0-IS68076026-v1.0,v0.9_core
CRT-R17-05,certification,R17,วิศวกร DevOps / SRE,DevOps / Site Reliability Engineer,15-1244.00,cloud,proxy,5,AWS Certified DevOps Engineer – Professional,Amazon Web Services,vendor_or_body,AWS Certification,https://aws.amazon.com/certification/certified-devops-engineer-professional/,vendor_cert,Professional,4,proctored exam,English,ใบรับรองระดับสูงยืนยันความสามารถวางระบบอัตโนมัติและการกู้คืนระบบขนาดใหญ่บน AWS,CI/CD at scale|Configuration management|Monitoring and logging|Incident response|High availability,CodePipeline|CloudFormation|CloudWatch|Systems Manager,no,REQ-R17-2.A.1.a|REQ-R17-2.A.2.a|REQ-R17-2.A.2.d|REQ-R17-2.B.2.i|REQ-R17-2.B.3.g|REQ-R17-2.B.3.k|REQ-R17-2.B.4.g|REQ-R17-2.B.4.h|REQ-R17-2.C.3.a|REQ-R17-2.C.7.a|REQ-R17-4.A.1.a.1|REQ-R17-4.A.1.a.2|REQ-R17-4.A.1.b.1|REQ-R17-4.A.2.a.2|REQ-R17-4.A.2.a.4|REQ-R17-4.A.2.b.1|REQ-R17-4.A.2.b.3|REQ-R17-4.A.2.b.6|REQ-R17-4.A.3.b.1,REQ-R17-2.B.3.k|REQ-R17-2.B.4.g|REQ-R17-2.B.4.h|REQ-R17-4.A.1.a.2|REQ-R17-4.A.2.b.1,"Analyzing Data or Information|Complex Problem Solving|Computers and Electronics|Critical Thinking|English Language|Getting Information|Identifying Objects, Actions, and Events|Making Decisions and Solving Problems|Monitoring|Monitoring Processes, Materials, or Surroundings|Operations Monitoring|Organizing, Planning, and Prioritizing Work|Processing Information|Reading Comprehension|Systems Analysis|Systems Evaluation|Troubleshooting|Updating and Using Relevant Knowledge|Working with Computers",19,5,Essential Skills|Knowledge|Transferable Skills|Work Activities,0.649783,0.170838,64.98,17.08,180,exam-fee-required,300,DOP-C02,3,ประสบการณ์ AWS 2 ปี,advanced_or_cert_prep,certification_only|both,3,verified,2026-08-31,ผู้วิจัย (ตรวจด้วยการดึงหน้าเว็บ 31 ส.ค. 2026),,CORPUS-IS68076026-v1.5R-01OCT26,ONET31.0-IS68076026-v1.0,v0.9_core
CRT-R17-06,certification,R17,วิศวกร DevOps / SRE,DevOps / Site Reliability Engineer,15-1244.00,cloud,proxy,6,AWS Certified SysOps Administrator – Associate,Amazon Web Services,vendor_or_body,AWS Certification,https://aws.amazon.com/certification/certified-sysops-admin-associate/,vendor_cert,Intermediate,2,proctored exam,English,ใบรับรองที่ตรงกับงานปฏิบัติการประจำวันมากที่สุด ทั้งการเฝ้าระวัง การสำรองข้อมูล และการแก้ปัญหา,Monitoring|Deployment automation|Networking|Security|Cost and performance optimization,CloudWatch|Systems Manager|EC2|VPC,no,REQ-R17-2.A.1.a|REQ-R17-2.A.2.a|REQ-R17-2.A.2.d|REQ-R17-2.B.2.i|REQ-R17-2.B.3.g|REQ-R17-2.B.3.k|REQ-R17-2.B.4.g|REQ-R17-2.B.4.h|REQ-R17-2.C.3.a|REQ-R17-2.C.7.a|REQ-R17-2.C.9.a|REQ-R17-4.A.1.a.1|REQ-R17-4.A.1.a.2|REQ-R17-4.A.1.b.1|REQ-R17-4.A.2.a.2|REQ-R17-4.A.2.a.4|REQ-R17-4.A.2.b.1|REQ-R17-4.A.2.b.3|REQ-R17-4.A.2.b.6|REQ-R17-4.A.3.b.1,REQ-R17-2.A.2.d|REQ-R17-2.B.3.k|REQ-R17-2.C.3.a|REQ-R17-4.A.1.a.2|REQ-R17-4.A.3.b.1,"Analyzing Data or Information|Complex Problem Solving|Computers and Electronics|Critical Thinking|English Language|Getting Information|Identifying Objects, Actions, and Events|Making Decisions and Solving Problems|Monitoring|Monitoring Processes, Materials, or Surroundings|Operations Monitoring|Organizing, Planning, and Prioritizing Work|Processing Information|Reading Comprehension|Systems Analysis|Systems Evaluation|Telecommunications|Troubleshooting|Updating and Using Relevant Knowledge|Working with Computers",20,5,Essential Skills|Knowledge|Transferable Skills|Work Activities,0.680585,0.180673,68.06,18.07,120,exam-fee-required,150,SOA-C02,3,ประสบการณ์ AWS 1 ปี,core_gap_closure,certification_only|both,3,verified,2026-08-31,ผู้วิจัย (ตรวจด้วยการดึงหน้าเว็บ 31 ส.ค. 2026),,CORPUS-IS68076026-v1.5R-01OCT26,ONET31.0-IS68076026-v1.0,v0.9_core
CRT-R17-07,certification,R17,วิศวกร DevOps / SRE,DevOps / Site Reliability Engineer,15-1244.00,cloud,proxy,7,Google Cloud Professional Cloud DevOps Engineer,Google Cloud,vendor_or_body,Google Cloud Certification,https://cloud.google.com/learn/certification/cloud-devops-engineer,vendor_cert,Professional,4,proctored exam,English,"ใบรับรองที่อิงหลัก SRE ของ Google โดยตรง ครอบคลุม SLO, error budget และวัฒนธรรมการทำงานหลังเหตุการณ์",SRE practices|Service monitoring|Incident management|CI/CD|Optimization,Cloud Monitoring|Cloud Build|GKE,no,REQ-R17-2.A.1.a|REQ-R17-2.A.2.a|REQ-R17-2.A.2.d|REQ-R17-2.B.2.i|REQ-R17-2.B.3.g|REQ-R17-2.B.4.g|REQ-R17-2.C.3.a|REQ-R17-2.C.7.a|REQ-R17-4.A.1.a.1|REQ-R17-4.A.1.a.2|REQ-R17-4.A.1.b.1|REQ-R17-4.A.2.b.1|REQ-R17-4.A.2.b.3|REQ-R17-4.A.2.b.4|REQ-R17-4.A.2.b.6|REQ-R17-4.A.3.b.1,REQ-R17-2.A.2.d|REQ-R17-2.B.4.g|REQ-R17-4.A.1.a.2|REQ-R17-4.A.2.b.1|REQ-R17-4.A.2.b.4,"Complex Problem Solving|Computers and Electronics|Critical Thinking|Developing Objectives and Strategies|English Language|Getting Information|Identifying Objects, Actions, and Events|Making Decisions and Solving Problems|Monitoring|Monitoring Processes, Materials, or Surroundings|Operations Monitoring|Organizing, Planning, and Prioritizing Work|Reading Comprehension|Systems Analysis|Updating and Using Relevant Knowledge|Working with Computers",16,5,Essential Skills|Knowledge|Transferable Skills|Work Activities,0.539688,0.164366,53.97,16.44,140,exam-fee-required,200,PCDE,2,ประสบการณ์ 3 ปี,advanced_or_cert_prep,certification_only|both,3,verified,2026-08-31,ผู้วิจัย (ตรวจด้วยการดึงหน้าเว็บ 31 ส.ค. 2026),,CORPUS-IS68076026-v1.5R-01OCT26,ONET31.0-IS68076026-v1.0,v0.9_core
CRT-R17-08,certification,R17,วิศวกร DevOps / SRE,DevOps / Site Reliability Engineer,15-1244.00,cloud,proxy,8,Red Hat Certified Engineer (RHCE),Red Hat,vendor_or_body,Red Hat Training,https://www.redhat.com/en/services/certification/rhce,vendor_cert,Advanced,3,hands-on practical exam,English,ใบรับรองภาคปฏิบัติด้านการทำงานอัตโนมัติด้วย Ansible บน Linux ซึ่งเป็น In-Demand ของบทบาทนี้,Ansible automation|Playbook development|Linux system administration|Configuration management,Ansible|RHEL|systemd,yes,REQ-R17-2.A.1.a|REQ-R17-2.A.2.a|REQ-R17-2.B.2.i|REQ-R17-2.B.3.e|REQ-R17-2.B.3.k|REQ-R17-2.B.4.g|REQ-R17-2.B.4.h|REQ-R17-2.C.3.a|REQ-R17-2.C.7.a|REQ-R17-4.A.1.a.1|REQ-R17-4.A.1.a.2|REQ-R17-4.A.1.b.1|REQ-R17-4.A.2.b.1|REQ-R17-4.A.2.b.3|REQ-R17-4.A.2.b.6|REQ-R17-4.A.3.b.1,REQ-R17-2.B.3.e|REQ-R17-2.B.3.k|REQ-R17-2.C.3.a|REQ-R17-4.A.1.a.2|REQ-R17-4.A.3.b.1,"Complex Problem Solving|Computers and Electronics|Critical Thinking|English Language|Getting Information|Identifying Objects, Actions, and Events|Making Decisions and Solving Problems|Monitoring Processes, Materials, or Surroundings|Organizing, Planning, and Prioritizing Work|Programming|Reading Comprehension|Systems Analysis|Systems Evaluation|Troubleshooting|Updating and Using Relevant Knowledge|Working with Computers",16,5,Essential Skills|Knowledge|Transferable Skills|Work Activities,0.546160,0.177394,54.62,17.74,150,exam-fee-required,500,EX294,3,ต้องมี RHCSA ที่ยังไม่หมดอายุ,advanced_or_cert_prep,certification_only|both,3,pending_verification,,,[WRONG_CONTENT] หน้าปลายทางไม่ใช่ RHCE ตามที่บันทึกไว้ ต้องตรวจ,CORPUS-IS68076026-v1.5R-01OCT26,ONET31.0-IS68076026-v1.0,v0.9_core
CRT-R17-09,certification,R17,วิศวกร DevOps / SRE,DevOps / Site Reliability Engineer,15-1244.00,cloud,proxy,9,Linux Foundation Certified System Administrator (LFCS),The Linux Foundation,vendor_or_body,Linux Foundation Training,https://training.linuxfoundation.org/certification/linux-foundation-certified-sysadmin-lfcs/,vendor_neutral_cert,Intermediate,2,hands-on proctored exam,English,ใบรับรอง Linux ที่เป็นกลางและสอบภาคปฏิบัติ เหมาะเป็นฐานก่อนสอบ CKA,Linux administration|Networking|Storage|Users and groups|Service management|Scripting,Linux|Bash|systemd,yes,REQ-R17-2.A.1.a|REQ-R17-2.A.2.a|REQ-R17-2.B.2.i|REQ-R17-2.B.3.k|REQ-R17-2.B.4.g|REQ-R17-2.B.4.h|REQ-R17-2.C.1.e|REQ-R17-2.C.3.a|REQ-R17-2.C.7.a|REQ-R17-2.C.9.a|REQ-R17-4.A.1.a.1|REQ-R17-4.A.1.a.2|REQ-R17-4.A.1.b.1|REQ-R17-4.A.2.b.1|REQ-R17-4.A.2.b.3|REQ-R17-4.A.2.b.6|REQ-R17-4.A.3.b.1,REQ-R17-2.B.3.k|REQ-R17-2.C.3.a|REQ-R17-4.A.1.a.2|REQ-R17-4.A.3.b.1,"Complex Problem Solving|Computers and Electronics|Critical Thinking|Customer and Personal Service|English Language|Getting Information|Identifying Objects, Actions, and Events|Making Decisions and Solving Problems|Monitoring Processes, Materials, or Surroundings|Organizing, Planning, and Prioritizing Work|Reading Comprehension|Systems Analysis|Systems Evaluation|Telecommunications|Troubleshooting|Updating and Using Relevant Knowledge|Working with Computers",17,4,Essential Skills|Knowledge|Transferable Skills|Work Activities,0.575841,0.147196,57.58,14.72,100,exam-fee-required,445,LFCS,3,พื้นฐาน Linux,core_gap_closure,certification_only|both,3,verified,2026-08-31,ผู้วิจัย (ตรวจด้วยการดึงหน้าเว็บ 31 ส.ค. 2026),,CORPUS-IS68076026-v1.5R-01OCT26,ONET31.0-IS68076026-v1.0,v0.9_core
CRT-R17-10,certification,R17,วิศวกร DevOps / SRE,DevOps / Site Reliability Engineer,15-1244.00,cloud,proxy,10,Prometheus Certified Associate (PCA),Cloud Native Computing Foundation,vendor_or_body,Linux Foundation Training,https://training.linuxfoundation.org/certification/prometheus-certified-associate/,vendor_neutral_cert,Intermediate,2,online proctored exam,English,ใบรับรองด้าน observability ที่ปิดช่องว่างสมรรถนะ Monitoring และ Operations Monitoring ของบทบาทนี้,Prometheus|PromQL|Alerting|Metrics instrumentation|Observability fundamentals,Prometheus|Grafana|Alertmanager,no,REQ-R17-2.A.1.a|REQ-R17-2.A.2.a|REQ-R17-2.A.2.d|REQ-R17-2.B.2.i|REQ-R17-2.B.3.g|REQ-R17-2.C.3.a|REQ-R17-2.C.7.a|REQ-R17-4.A.1.a.1|REQ-R17-4.A.1.a.2|REQ-R17-4.A.1.b.1|REQ-R17-4.A.2.a.2|REQ-R17-4.A.2.a.4|REQ-R17-4.A.2.b.1|REQ-R17-4.A.2.b.3|REQ-R17-4.A.3.b.1,REQ-R17-2.A.2.d|REQ-R17-4.A.1.a.2|REQ-R17-4.A.1.b.1|REQ-R17-4.A.2.a.4,"Analyzing Data or Information|Complex Problem Solving|Computers and Electronics|Critical Thinking|English Language|Getting Information|Identifying Objects, Actions, and Events|Making Decisions and Solving Problems|Monitoring|Monitoring Processes, Materials, or Surroundings|Operations Monitoring|Processing Information|Reading Comprehension|Updating and Using Relevant Knowledge|Working with Computers",15,4,Essential Skills|Knowledge|Transferable Skills|Work Activities,0.516046,0.131837,51.60,13.18,50,exam-fee-required,250,PCA,3,พื้นฐานการเฝ้าระวังระบบ,advanced_or_cert_prep,certification_only|both,2,verified,2026-08-31,ผู้วิจัย (ตรวจด้วยการดึงหน้าเว็บ 31 ส.ค. 2026),,CORPUS-IS68076026-v1.5R-01OCT26,ONET31.0-IS68076026-v1.0,v0.9_core
CRT-R17-11,certification,R17,วิศวกร DevOps / SRE,DevOps / Site Reliability Engineer,15-1244.00,cloud,proxy,11,ITIL 4 Foundation,PeopleCert (AXELOS),vendor_or_body,PeopleCert,https://www.peoplecert.org/browse-certifications/it-governance-and-service-management/ITIL-1/itil-4-foundation-2565,vendor_neutral_cert,Beginner,1,proctored exam,English,กรอบการบริหารบริการไอทีที่องค์กรไทยใช้เป็นมาตรฐาน ช่วยให้ PM เข้าใจงานปฏิบัติการหลังส่งมอบโครงการ,IT service management|Service value system|ITIL practices|Continual improvement,ITIL framework|ServiceNow,no,REQ-R17-2.C.1.e|REQ-R17-4.A.2.a.3|REQ-R17-4.A.2.b.4,REQ-R17-2.C.1.e|REQ-R17-4.A.2.a.3|REQ-R17-4.A.2.b.4,Customer and Personal Service|Developing Objectives and Strategies|Evaluating Information to Determine Compliance with Standards,3,3,Knowledge|Work Activities,0.091804,0.091804,9.18,9.18,30,exam-fee-required,450,ITIL 4 Foundation,3,ไม่มี,core_gap_closure,certification_only|both,3,verified,2026-08-31,ผู้วิจัย (ตรวจด้วยการดึงหน้าเว็บ 31 ส.ค. 2026),DEC-16 ขยายข้ามบทบาทจาก CRT-R19-09 · คงชื่อ ผู้ให้บริการ URL ชั่วโมง และค่าใช้จ่ายเดิมทุกค่า · ต้องทบทวน mapping ก่อน FREEZE,CORPUS-IS68076026-v1.5R-01OCT26,ONET31.0-IS68076026-v1.0,v1.3_crossrole
CRS-R17-01,course,R17,วิศวกร DevOps / SRE,DevOps / Site Reliability Engineer,15-1244.00,cloud,proxy,1,IBM DevOps and Software Engineering Professional Certificate,IBM,mooc_platform,Coursera,https://www.coursera.org/professional-certificates/devops-and-software-engineering,professional_certificate,Intermediate,2,self-paced online,English,"เรียนงาน DevOps ครบเส้นทาง ตั้งแต่ Agile, CI/CD, container, microservices จนถึงการเฝ้าระวังระบบ",CI/CD|Docker|Kubernetes|Microservices|Python|Monitoring|Agile practices,Jenkins|Docker|Kubernetes|GitHub Actions|Prometheus,yes,REQ-R17-2.A.1.a|REQ-R17-2.A.2.a|REQ-R17-2.A.2.d|REQ-R17-2.B.2.i|REQ-R17-2.B.3.e|REQ-R17-2.B.3.g|REQ-R17-2.B.3.k|REQ-R17-2.B.4.g|REQ-R17-2.B.4.h|REQ-R17-2.C.3.a|REQ-R17-2.C.7.a|REQ-R17-4.A.1.a.1|REQ-R17-4.A.1.a.2|REQ-R17-4.A.1.b.1|REQ-R17-4.A.2.b.1|REQ-R17-4.A.2.b.3|REQ-R17-4.A.2.b.6|REQ-R17-4.A.3.b.1,REQ-R17-2.B.3.e|REQ-R17-2.B.3.k|REQ-R17-2.B.4.g|REQ-R17-2.B.4.h|REQ-R17-4.A.1.a.2|REQ-R17-4.A.2.b.6,"Complex Problem Solving|Computers and Electronics|Critical Thinking|English Language|Getting Information|Identifying Objects, Actions, and Events|Making Decisions and Solving Problems|Monitoring|Monitoring Processes, Materials, or Surroundings|Operations Monitoring|Organizing, Planning, and Prioritizing Work|Programming|Reading Comprehension|Systems Analysis|Systems Evaluation|Troubleshooting|Updating and Using Relevant Knowledge|Working with Computers",18,6,Essential Skills|Knowledge|Transferable Skills|Work Activities,0.609835,0.194996,60.98,19.50,180,paid,245,,,พื้นฐานการเขียนโปรแกรม,core_gap_closure,course_only|both,3,verified,2026-08-31,ผู้วิจัย (ตรวจด้วยการดึงหน้าเว็บ 31 ส.ค. 2026),,CORPUS-IS68076026-v1.5R-01OCT26,ONET31.0-IS68076026-v1.0,v0.9_core
CRS-R17-02,course,R17,วิศวกร DevOps / SRE,DevOps / Site Reliability Engineer,15-1244.00,cloud,proxy,2,Site Reliability Engineering: Measuring and Managing Reliability,Google Cloud,mooc_platform,Coursera,https://www.coursera.org/learn/site-reliability-engineering-slos,single_course,Intermediate,2,self-paced online,English,กำหนด SLI/SLO/error budget ซึ่งเป็นแนวคิดแกนกลางที่แยก SRE ออกจากงานดูแลระบบแบบเดิม,SLI/SLO design|Error budgets|Reliability measurement|Incident response|Toil reduction,Prometheus|Grafana|Cloud Monitoring,no,REQ-R17-2.A.1.a|REQ-R17-2.A.2.a|REQ-R17-2.A.2.d|REQ-R17-2.B.2.i|REQ-R17-2.B.3.g|REQ-R17-2.B.4.g|REQ-R17-2.B.4.h|REQ-R17-2.C.3.a|REQ-R17-2.C.7.a|REQ-R17-4.A.1.a.1|REQ-R17-4.A.1.a.2|REQ-R17-4.A.1.b.1|REQ-R17-4.A.2.a.4|REQ-R17-4.A.2.b.1|REQ-R17-4.A.2.b.2|REQ-R17-4.A.2.b.3|REQ-R17-4.A.2.b.4|REQ-R17-4.A.3.b.1,REQ-R17-2.A.2.d|REQ-R17-2.B.3.g|REQ-R17-4.A.1.a.2|REQ-R17-4.A.2.a.4|REQ-R17-4.A.2.b.4,"Analyzing Data or Information|Complex Problem Solving|Computers and Electronics|Critical Thinking|Developing Objectives and Strategies|English Language|Getting Information|Identifying Objects, Actions, and Events|Making Decisions and Solving Problems|Monitoring|Monitoring Processes, Materials, or Surroundings|Operations Monitoring|Reading Comprehension|Systems Analysis|Systems Evaluation|Thinking Creatively|Updating and Using Relevant Knowledge|Working with Computers",18,5,Essential Skills|Knowledge|Transferable Skills|Work Activities,0.610439,0.159188,61.04,15.92,15,paid,49,,,พื้นฐานการดูแลระบบ,core_gap_closure,course_only|both,3,verified,2026-08-31,ผู้วิจัย (ตรวจด้วยการดึงหน้าเว็บ 31 ส.ค. 2026),,CORPUS-IS68076026-v1.5R-01OCT26,ONET31.0-IS68076026-v1.0,v0.9_core
CRS-R17-03,course,R17,วิศวกร DevOps / SRE,DevOps / Site Reliability Engineer,15-1244.00,cloud,proxy,3,DevOps on AWS Specialization,Amazon Web Services,mooc_platform,Coursera,https://www.coursera.org/specializations/aws-devops,specialization,Intermediate,2,self-paced online,English,"สร้าง pipeline อัตโนมัติบน AWS ครอบคลุมการ deploy, การทดสอบ และการย้อนกลับเมื่อเกิดปัญหา",CI/CD on AWS|Infrastructure as code|Blue-green deployment|Monitoring|Automation,CodePipeline|CloudFormation|CloudWatch|ECS,yes,REQ-R17-2.A.1.a|REQ-R17-2.A.2.a|REQ-R17-2.A.2.d|REQ-R17-2.B.2.i|REQ-R17-2.B.3.e|REQ-R17-2.B.3.g|REQ-R17-2.B.4.g|REQ-R17-2.C.3.a|REQ-R17-2.C.7.a|REQ-R17-4.A.1.a.1|REQ-R17-4.A.1.a.2|REQ-R17-4.A.1.b.1|REQ-R17-4.A.2.b.1|REQ-R17-4.A.2.b.3|REQ-R17-4.A.3.b.1,REQ-R17-2.B.3.e|REQ-R17-2.B.4.g|REQ-R17-4.A.1.a.2|REQ-R17-4.A.3.b.1,"Complex Problem Solving|Computers and Electronics|Critical Thinking|English Language|Getting Information|Identifying Objects, Actions, and Events|Making Decisions and Solving Problems|Monitoring|Monitoring Processes, Materials, or Surroundings|Operations Monitoring|Programming|Reading Comprehension|Systems Analysis|Updating and Using Relevant Knowledge|Working with Computers",15,4,Essential Skills|Knowledge|Transferable Skills|Work Activities,0.510611,0.137446,51.06,13.74,70,paid,245,,,พื้นฐาน AWS,advanced_or_cert_prep,course_only|both,3,verified,2026-08-31,ผู้วิจัย (ตรวจด้วยการดึงหน้าเว็บ 31 ส.ค. 2026),,CORPUS-IS68076026-v1.5R-01OCT26,ONET31.0-IS68076026-v1.0,v0.9_core
CRS-R17-04,course,R17,วิศวกร DevOps / SRE,DevOps / Site Reliability Engineer,15-1244.00,cloud,proxy,4,Introduction to Kubernetes (LFS158),The Linux Foundation,vendor_or_body,Linux Foundation Training,https://training.linuxfoundation.org/training/introduction-to-kubernetes/,single_course,Beginner,1,self-paced online,English,เข้าใจ Kubernetes ตั้งแต่รากฐาน ซึ่งเป็นแพลตฟอร์มหลักที่ทีม DevOps ต้องดูแลในปัจจุบัน,Kubernetes architecture|Pods and services|Deployments|kubectl|Cluster operations,Kubernetes|kubectl,no,REQ-R17-2.A.1.a|REQ-R17-2.A.1.b|REQ-R17-2.B.3.k|REQ-R17-2.B.4.g|REQ-R17-2.B.4.h|REQ-R17-2.C.3.a|REQ-R17-2.C.7.a|REQ-R17-4.A.1.a.1|REQ-R17-4.A.2.b.2|REQ-R17-4.A.2.b.3|REQ-R17-4.A.3.b.1|REQ-R17-4.A.4.a.2,REQ-R17-2.B.3.k|REQ-R17-2.B.4.g|REQ-R17-2.C.3.a|REQ-R17-4.A.3.b.1,"Active Listening|Communicating with Supervisors, Peers, or Subordinates|Computers and Electronics|English Language|Getting Information|Reading Comprehension|Systems Analysis|Systems Evaluation|Thinking Creatively|Troubleshooting|Updating and Using Relevant Knowledge|Working with Computers",12,4,Essential Skills|Knowledge|Transferable Skills|Work Activities,0.418811,0.150648,41.88,15.06,25,free,0,,,พื้นฐาน container,foundation,course_only|both,3,verified,2026-08-31,ผู้วิจัย (ตรวจด้วยการดึงหน้าเว็บ 31 ส.ค. 2026),,CORPUS-IS68076026-v1.5R-01OCT26,ONET31.0-IS68076026-v1.0,v0.9_core
CRS-R17-05,course,R17,วิศวกร DevOps / SRE,DevOps / Site Reliability Engineer,15-1244.00,cloud,proxy,5,Introduction to Linux (LFS101),The Linux Foundation,mooc_platform,edX,https://www.edx.org/course/introduction-to-linux,single_course,Beginner,1,self-paced online,English,ปิดช่องว่างพื้นฐาน Linux ซึ่งเป็นเทคโนโลยี In-Demand อันดับต้นและเป็นรากฐานของงาน DevOps ทั้งหมด,Linux administration|Bash|File systems|Process management|System services|Networking commands,Linux|Bash|systemd,no,REQ-R17-2.A.1.a|REQ-R17-2.B.3.k|REQ-R17-2.B.4.g|REQ-R17-2.B.4.h|REQ-R17-2.C.3.a|REQ-R17-2.C.7.a|REQ-R17-2.C.9.a|REQ-R17-4.A.1.a.1|REQ-R17-4.A.1.a.2|REQ-R17-4.A.2.b.3|REQ-R17-4.A.3.b.1,REQ-R17-2.B.3.k|REQ-R17-2.C.3.a|REQ-R17-2.C.9.a|REQ-R17-4.A.1.a.2|REQ-R17-4.A.3.b.1,"Computers and Electronics|English Language|Getting Information|Monitoring Processes, Materials, or Surroundings|Reading Comprehension|Systems Analysis|Systems Evaluation|Telecommunications|Troubleshooting|Updating and Using Relevant Knowledge|Working with Computers",11,5,Essential Skills|Knowledge|Transferable Skills|Work Activities,0.381450,0.177998,38.15,17.80,60,free,0,,,ไม่มี,foundation,course_only|both,3,verified,2026-08-31,ผู้วิจัย (ตรวจด้วยการดึงหน้าเว็บ 31 ส.ค. 2026),,CORPUS-IS68076026-v1.5R-01OCT26,ONET31.0-IS68076026-v1.0,v0.9_core
CRS-R17-06,course,R17,วิศวกร DevOps / SRE,DevOps / Site Reliability Engineer,15-1244.00,cloud,proxy,6,HashiCorp Terraform Associate Learning Path,HashiCorp,vendor_or_body,HashiCorp Developer,https://developer.hashicorp.com/terraform/tutorials,specialization,Intermediate,2,self-paced online,English,จัดการโครงสร้างพื้นฐานด้วยโค้ดที่ตรวจสอบย้อนกลับได้ แทนการตั้งค่าด้วยมือที่ทำซ้ำไม่ได้,Infrastructure as code|Terraform|Modules|State management|Provisioning,Terraform|Terraform Cloud,yes,REQ-R17-2.A.1.a|REQ-R17-2.A.2.a|REQ-R17-2.B.2.i|REQ-R17-2.B.3.e|REQ-R17-2.B.3.m|REQ-R17-2.B.4.g|REQ-R17-2.C.3.a|REQ-R17-2.C.7.a|REQ-R17-4.A.1.a.1|REQ-R17-4.A.1.b.1|REQ-R17-4.A.2.a.3|REQ-R17-4.A.2.b.1|REQ-R17-4.A.2.b.3|REQ-R17-4.A.2.b.6|REQ-R17-4.A.3.b.1,REQ-R17-2.B.3.e|REQ-R17-2.B.3.m|REQ-R17-2.B.4.g|REQ-R17-4.A.2.b.6|REQ-R17-4.A.3.b.1,"Complex Problem Solving|Computers and Electronics|Critical Thinking|English Language|Evaluating Information to Determine Compliance with Standards|Getting Information|Identifying Objects, Actions, and Events|Making Decisions and Solving Problems|Organizing, Planning, and Prioritizing Work|Programming|Quality Control Analysis|Reading Comprehension|Systems Analysis|Updating and Using Relevant Knowledge|Working with Computers",15,5,Essential Skills|Knowledge|Transferable Skills|Work Activities,0.508886,0.165746,50.89,16.57,30,free,0,,,พื้นฐานคลาวด์,core_gap_closure,course_only|both,3,verified,2026-08-31,ผู้วิจัย (ตรวจด้วยการดึงหน้าเว็บ 31 ส.ค. 2026),,CORPUS-IS68076026-v1.5R-01OCT26,ONET31.0-IS68076026-v1.0,v0.9_core
CRS-R17-07,course,R17,วิศวกร DevOps / SRE,DevOps / Site Reliability Engineer,15-1244.00,cloud,proxy,7,"Introduction to Containers w/ Docker, Kubernetes & OpenShift",IBM,mooc_platform,Coursera,https://www.coursera.org/learn/ibm-containers-docker-kubernetes-openshift,single_course,Beginner,1,self-paced online,English,สร้างและจัดการ container ได้ด้วยตนเอง ซึ่งเป็นหน่วยพื้นฐานของการ deploy สมัยใหม่,Docker|Container images|Kubernetes|OpenShift|Container registry,Docker|Kubernetes|OpenShift,no,REQ-R17-2.A.1.a|REQ-R17-2.B.3.k|REQ-R17-2.B.4.g|REQ-R17-2.C.3.a|REQ-R17-2.C.7.a|REQ-R17-4.A.1.a.1|REQ-R17-4.A.2.b.3|REQ-R17-4.A.3.b.1,REQ-R17-2.B.3.k|REQ-R17-2.B.4.g|REQ-R17-2.C.3.a|REQ-R17-4.A.3.b.1,Computers and Electronics|English Language|Getting Information|Reading Comprehension|Systems Analysis|Troubleshooting|Updating and Using Relevant Knowledge|Working with Computers,8,4,Essential Skills|Knowledge|Transferable Skills|Work Activities,0.285074,0.150648,28.51,15.06,20,paid,49,,,พื้นฐาน Linux,foundation,course_only|both,3,verified,2026-08-31,ผู้วิจัย (ตรวจด้วยการดึงหน้าเว็บ 31 ส.ค. 2026),,CORPUS-IS68076026-v1.5R-01OCT26,ONET31.0-IS68076026-v1.0,v0.9_core
CRS-R17-08,course,R17,วิศวกร DevOps / SRE,DevOps / Site Reliability Engineer,15-1244.00,cloud,proxy,8,Monitoring Systems with Prometheus (LFS241),The Linux Foundation,vendor_or_body,Linux Foundation Training,https://training.linuxfoundation.org/training/monitoring-systems-and-services-with-prometheus-lfs241/,single_course,Intermediate,2,self-paced online,English,สร้างระบบเฝ้าระวังและแจ้งเตือน ซึ่งตรงกับสมรรถนะ Monitoring (IM 3.88) ของบทบาทนี้โดยตรง,Prometheus|PromQL|Alerting rules|Service discovery|Observability design,Prometheus|Grafana|Alertmanager,yes,REQ-R17-2.A.1.a|REQ-R17-2.A.2.a|REQ-R17-2.A.2.d|REQ-R17-2.B.2.i|REQ-R17-2.B.3.g|REQ-R17-2.B.4.g|REQ-R17-2.B.4.h|REQ-R17-2.C.3.a|REQ-R17-2.C.7.a|REQ-R17-4.A.1.a.1|REQ-R17-4.A.1.a.2|REQ-R17-4.A.1.b.1|REQ-R17-4.A.2.a.4|REQ-R17-4.A.2.b.1|REQ-R17-4.A.2.b.2|REQ-R17-4.A.2.b.3|REQ-R17-4.A.3.b.1,REQ-R17-2.A.2.d|REQ-R17-4.A.1.a.2|REQ-R17-4.A.1.b.1|REQ-R17-4.A.2.a.4|REQ-R17-4.A.3.b.1,"Analyzing Data or Information|Complex Problem Solving|Computers and Electronics|Critical Thinking|English Language|Getting Information|Identifying Objects, Actions, and Events|Making Decisions and Solving Problems|Monitoring|Monitoring Processes, Materials, or Surroundings|Operations Monitoring|Reading Comprehension|Systems Analysis|Systems Evaluation|Thinking Creatively|Updating and Using Relevant Knowledge|Working with Computers",17,5,Essential Skills|Knowledge|Transferable Skills|Work Activities,0.581362,0.173511,58.14,17.35,30,paid,299,,,พื้นฐาน Linux,core_gap_closure,course_only|both,3,verified,2026-08-31,ผู้วิจัย (ตรวจด้วยการดึงหน้าเว็บ 31 ส.ค. 2026),,CORPUS-IS68076026-v1.5R-01OCT26,ONET31.0-IS68076026-v1.0,v0.9_core
CRS-R17-09,course,R17,วิศวกร DevOps / SRE,DevOps / Site Reliability Engineer,15-1244.00,cloud,proxy,9,Google IT Automation with Python Professional Certificate,Google,mooc_platform,Coursera,https://www.coursera.org/professional-certificates/google-it-automation,professional_certificate,Beginner,1,self-paced online,English,เขียนสคริปต์ลดงานซ้ำซ้อน ซึ่งเป็นหัวใจของการลด toil ตามหลัก SRE,Python|Bash|Automation|Git|Configuration management|Troubleshooting,Python|Git|Puppet|Linux,yes,REQ-R17-2.A.1.a|REQ-R17-2.A.2.a|REQ-R17-2.B.2.i|REQ-R17-2.B.3.e|REQ-R17-2.B.3.k|REQ-R17-2.C.3.a|REQ-R17-2.C.7.a|REQ-R17-4.A.1.a.1|REQ-R17-4.A.1.b.1|REQ-R17-4.A.2.b.1|REQ-R17-4.A.2.b.3|REQ-R17-4.A.2.b.6|REQ-R17-4.A.3.b.1,REQ-R17-2.B.2.i|REQ-R17-2.B.3.e|REQ-R17-2.B.3.k|REQ-R17-4.A.2.b.6|REQ-R17-4.A.3.b.1,"Complex Problem Solving|Computers and Electronics|Critical Thinking|English Language|Getting Information|Identifying Objects, Actions, and Events|Making Decisions and Solving Problems|Organizing, Planning, and Prioritizing Work|Programming|Reading Comprehension|Troubleshooting|Updating and Using Relevant Knowledge|Working with Computers",13,5,Essential Skills|Knowledge|Transferable Skills|Work Activities,0.446073,0.170060,44.61,17.01,150,paid,245,,,ไม่มี,core_gap_closure,course_only|both,3,verified,2026-08-31,ผู้วิจัย (ตรวจด้วยการดึงหน้าเว็บ 31 ส.ค. 2026),,CORPUS-IS68076026-v1.5R-01OCT26,ONET31.0-IS68076026-v1.0,v0.9_core
CRS-R17-10,course,R17,วิศวกร DevOps / SRE,DevOps / Site Reliability Engineer,15-1244.00,cloud,proxy,10,Azure DevOps Engineer Learning Path (AZ-400),Microsoft,vendor_or_body,Microsoft Learn,https://learn.microsoft.com/en-us/training/browse/?products=azure-devops,specialization,Advanced,3,self-paced online,English,"เรียนฟรีจากผู้ผลิต ครอบคลุมกลยุทธ์ CI/CD, การจัดการ dependency และการวัดผลกระบวนการพัฒนา",DevOps strategy|CI/CD pipelines|Release management|Infrastructure as code|Feedback mechanisms,Azure DevOps|GitHub Actions|Bicep,no,REQ-R17-2.A.1.a|REQ-R17-2.A.2.a|REQ-R17-2.B.2.i|REQ-R17-2.B.4.e|REQ-R17-2.B.4.g|REQ-R17-2.B.4.h|REQ-R17-2.C.3.a|REQ-R17-2.C.7.a|REQ-R17-4.A.1.a.1|REQ-R17-4.A.1.a.2|REQ-R17-4.A.1.b.1|REQ-R17-4.A.2.b.1|REQ-R17-4.A.2.b.3|REQ-R17-4.A.2.b.4|REQ-R17-4.A.2.b.6|REQ-R17-4.A.3.b.1,REQ-R17-2.B.4.g|REQ-R17-2.B.4.h|REQ-R17-4.A.1.a.2|REQ-R17-4.A.2.b.4|REQ-R17-4.A.2.b.6,"Complex Problem Solving|Computers and Electronics|Critical Thinking|Developing Objectives and Strategies|English Language|Getting Information|Identifying Objects, Actions, and Events|Judgment and Decision Making|Making Decisions and Solving Problems|Monitoring Processes, Materials, or Surroundings|Organizing, Planning, and Prioritizing Work|Reading Comprehension|Systems Analysis|Systems Evaluation|Updating and Using Relevant Knowledge|Working with Computers",16,5,Essential Skills|Knowledge|Transferable Skills|Work Activities,0.545039,0.159362,54.50,15.94,80,free,0,,,AZ-104 หรือ AZ-204,advanced_or_cert_prep,course_only|both,3,verified,2026-08-31,ผู้วิจัย (ตรวจด้วยการดึงหน้าเว็บ 31 ส.ค. 2026),,CORPUS-IS68076026-v1.5R-01OCT26,ONET31.0-IS68076026-v1.0,v0.9_core
CRS-R17-11,course,R17,วิศวกร DevOps / SRE,DevOps / Site Reliability Engineer,15-1244.00,cloud,proxy,11,Google Technical Writing Courses (One and Two),Google,vendor_or_body,Google for Developers,https://developers.google.com/tech-writing,single_course,Beginner,1,self-paced online,English,เขียนเอกสารทางเทคนิคที่ถูกต้องและอ่านเข้าใจง่าย จัดโครงสร้างเอกสาร บันทึกขั้นตอนการทำงาน และทบทวนงานเขียนของผู้อื่น,Technical writing|Documentation structure|Editing|Recording procedures,,no,REQ-R17-4.A.3.b.6,REQ-R17-4.A.3.b.6,Documenting/Recording Information,1,1,Work Activities,0.034513,0.034513,3.45,3.45,16,free,0,,,,core_gap_closure,course_only|both,2,verified,2026-08-31,ผู้วิจัย (ตรวจด้วยการดึงหน้าเว็บ 31 ส.ค. 2026),ปิดช่องว่างกลุ่มการเขียนและการจัดทำเอกสารตาม DEC-09 · ยืนยันการมีอยู่ของแหล่งข้อมูลด้วยการค้นเว็บเมื่อ 2026-08-31,CORPUS-IS68076026-v1.5R-01OCT26,ONET31.0-IS68076026-v1.0,v1.0_gap_closure
CRS-R17-12,course,R17,วิศวกร DevOps / SRE,DevOps / Site Reliability Engineer,15-1244.00,cloud,proxy,12,Improving Communication Skills,University of Pennsylvania (Wharton),mooc_platform,Coursera,https://www.coursera.org/learn/wharton-communication-skills,single_course,Beginner,1,self-paced online,English,สื่อสารเชิงวิชาชีพอย่างมีประสิทธิผล ฟังอย่างตั้งใจ ตีความสารของผู้อื่น สร้างความไว้วางใจ และสื่อสารกับผู้มีส่วนได้เสียทั้งในและนอกองค์กร,Active listening|Professional communication|Stakeholder communication|Building trust|Persuasion,,no,REQ-R17-2.A.1.b|REQ-R17-4.A.4.a.2,REQ-R17-2.A.1.b|REQ-R17-4.A.4.a.2,"Active Listening|Communicating with Supervisors, Peers, or Subordinates",2,2,Essential Skills|Work Activities,0.068163,0.068163,6.82,6.82,10,low-cost,49,,,,core_gap_closure,course_only|both,2,verified,2026-08-31,ผู้วิจัย (ตรวจด้วยการดึงหน้าเว็บ 31 ส.ค. 2026),DEC-16 ขยายข้ามบทบาทจาก CRS-R07-11 · คงชื่อ ผู้ให้บริการ URL ชั่วโมง และค่าใช้จ่ายเดิมทุกค่า · ต้องทบทวน mapping ก่อน FREEZE,CORPUS-IS68076026-v1.5R-01OCT26,ONET31.0-IS68076026-v1.0,v1.3_crossrole
CRS-R17-13,course,R17,วิศวกร DevOps / SRE,DevOps / Site Reliability Engineer,15-1244.00,cloud,proxy,13,Foundations of Project Management,Google,mooc_platform,Coursera,https://www.coursera.org/learn/project-management-foundations,single_course,Beginner,1,self-paced online,English,กำหนดวัตถุประสงค์และกลยุทธ์ของโครงการ ตัดสินใจบนข้อมูลที่มี ประสานงานระหว่างทีม และประเมินทางเลือกอย่างเป็นระบบ,Project scoping|Objective setting|Decision making|Coordination|Stakeholder alignment,,no,REQ-R17-2.B.4.e|REQ-R17-4.A.2.b.2|REQ-R17-4.A.2.b.4,REQ-R17-2.B.4.e|REQ-R17-4.A.2.b.2|REQ-R17-4.A.2.b.4,Developing Objectives and Strategies|Judgment and Decision Making|Thinking Creatively,3,3,Transferable Skills|Work Activities,0.094651,0.094651,9.47,9.47,26,low-cost,49,,,,core_gap_closure,course_only|both,2,verified,2026-08-31,ผู้วิจัย (ตรวจด้วยการดึงหน้าเว็บ 31 ส.ค. 2026),DEC-16 ขยายข้ามบทบาทจาก CRS-R02-11 · คงชื่อ ผู้ให้บริการ URL ชั่วโมง และค่าใช้จ่ายเดิมทุกค่า · ต้องทบทวน mapping ก่อน FREEZE,CORPUS-IS68076026-v1.5R-01OCT26,ONET31.0-IS68076026-v1.0,v1.3_crossrole
CRT-R18-01,certification,R18,นักวิเคราะห์ระบบ / BA สาย IT,Systems / Business Analyst (IT),15-1211.00,analytics,exact,1,IIBA Entry Certificate in Business Analysis (ECBA),International Institute of Business Analysis,vendor_or_body,IIBA,https://www.iiba.org/business-analysis-certifications/ecba/,vendor_neutral_cert,Beginner,1,proctored exam,English,ใบรับรองระดับเริ่มต้นตามมาตรฐาน BABOK เหมาะกับนักศึกษาที่ยังไม่มีประสบการณ์ทำงาน,BABOK framework|Requirements lifecycle|Elicitation|Strategy analysis|Solution evaluation,Vendor-neutral,no,REQ-R18-2.A.1.a|REQ-R18-2.A.1.b|REQ-R18-2.A.2.b|REQ-R18-2.B.4.e|REQ-R18-2.B.4.g|REQ-R18-2.B.4.h|REQ-R18-2.C.3.a|REQ-R18-2.C.7.a|REQ-R18-4.A.1.a.1|REQ-R18-4.A.2.a.1|REQ-R18-4.A.2.a.2|REQ-R18-4.A.2.a.3|REQ-R18-4.A.2.a.4|REQ-R18-4.A.2.b.3|REQ-R18-4.A.2.b.4|REQ-R18-4.A.3.b.1|REQ-R18-4.A.3.b.6,REQ-R18-2.A.1.a|REQ-R18-2.A.1.b|REQ-R18-2.B.4.g|REQ-R18-4.A.2.a.3|REQ-R18-4.A.3.b.6,"Active Learning|Active Listening|Analyzing Data or Information|Computers and Electronics|Developing Objectives and Strategies|Documenting/Recording Information|English Language|Evaluating Information to Determine Compliance with Standards|Getting Information|Judging the Qualities of Objects, Services, or People|Judgment and Decision Making|Processing Information|Reading Comprehension|Systems Analysis|Systems Evaluation|Updating and Using Relevant Knowledge|Working with Computers",17,5,Essential Skills|Knowledge|Transferable Skills|Work Activities,0.577524,0.159757,57.75,15.98,60,exam-fee-required,235,ECBA,3,ไม่มี,core_gap_closure,certification_only|both,3,verified,2026-08-31,ผู้วิจัย (ตรวจด้วยการดึงหน้าเว็บ 31 ส.ค. 2026),,CORPUS-IS68076026-v1.5R-01OCT26,ONET31.0-IS68076026-v1.0,v0.9_core
CRT-R18-02,certification,R18,นักวิเคราะห์ระบบ / BA สาย IT,Systems / Business Analyst (IT),15-1211.00,analytics,exact,2,IIBA Certification of Capability in Business Analysis (CCBA),International Institute of Business Analysis,vendor_or_body,IIBA,https://www.iiba.org/business-analysis-certifications/ccba/,vendor_neutral_cert,Intermediate,2,proctored exam,English,ใบรับรองระดับกลางสำหรับผู้มีประสบการณ์ 2-3 ปี ยืนยันความสามารถวิเคราะห์ในโครงการจริง,Requirements analysis|Stakeholder engagement|Solution assessment|Business case development,Vendor-neutral,no,REQ-R18-2.A.1.a|REQ-R18-2.A.1.b|REQ-R18-2.A.1.d|REQ-R18-2.A.2.a|REQ-R18-2.A.2.b|REQ-R18-2.B.4.e|REQ-R18-2.B.4.g|REQ-R18-2.B.4.h|REQ-R18-2.C.1.e|REQ-R18-2.C.3.a|REQ-R18-2.C.7.a|REQ-R18-4.A.1.a.1|REQ-R18-4.A.1.b.1|REQ-R18-4.A.2.a.1|REQ-R18-4.A.2.a.2|REQ-R18-4.A.2.a.3|REQ-R18-4.A.2.a.4|REQ-R18-4.A.2.b.1|REQ-R18-4.A.2.b.3|REQ-R18-4.A.2.b.6|REQ-R18-4.A.3.b.1|REQ-R18-4.A.4.a.1|REQ-R18-4.A.4.a.2|REQ-R18-4.A.4.a.4,REQ-R18-2.A.1.b|REQ-R18-2.B.4.e|REQ-R18-2.B.4.g|REQ-R18-4.A.2.a.4|REQ-R18-4.A.4.a.1,"Active Learning|Active Listening|Analyzing Data or Information|Communicating with Supervisors, Peers, or Subordinates|Computers and Electronics|Critical Thinking|Customer and Personal Service|English Language|Establishing and Maintaining Interpersonal Relationships|Evaluating Information to Determine Compliance with Standards|Getting Information|Identifying Objects, Actions, and Events|Interpreting the Meaning of Information for Others|Judging the Qualities of Objects, Services, or People|Judgment and Decision Making|Making Decisions and Solving Problems|Organizing, Planning, and Prioritizing Work|Processing Information|Reading Comprehension|Speaking|Systems Analysis|Systems Evaluation|Updating and Using Relevant Knowledge|Working with Computers",24,5,Essential Skills|Knowledge|Transferable Skills|Work Activities,0.816002,0.162413,81.60,16.24,100,exam-fee-required,450,CCBA,3,"ประสบการณ์ BA 3,750 ชั่วโมง",advanced_or_cert_prep,certification_only|both,3,verified,2026-08-31,ผู้วิจัย (ตรวจด้วยการดึงหน้าเว็บ 31 ส.ค. 2026),,CORPUS-IS68076026-v1.5R-01OCT26,ONET31.0-IS68076026-v1.0,v0.9_core
CRT-R18-03,certification,R18,นักวิเคราะห์ระบบ / BA สาย IT,Systems / Business Analyst (IT),15-1211.00,analytics,exact,3,IIBA Certified Business Analysis Professional (CBAP),International Institute of Business Analysis,vendor_or_body,IIBA,https://www.iiba.org/business-analysis-certifications/cbap/,vendor_neutral_cert,Professional,4,proctored exam,English,ใบรับรองสูงสุดของสาย BA ที่ปรึกษาและองค์กรข้ามชาติให้ค่าสูง เป็นเป้าหมายระยะยาวของเส้นทางนี้,Advanced business analysis|Enterprise analysis|Requirements governance|Strategy analysis,Vendor-neutral,no,REQ-R18-2.A.1.a|REQ-R18-2.A.2.a|REQ-R18-2.A.2.b|REQ-R18-2.B.4.e|REQ-R18-2.B.4.g|REQ-R18-2.B.4.h|REQ-R18-2.C.3.a|REQ-R18-2.C.7.a|REQ-R18-4.A.1.a.1|REQ-R18-4.A.1.b.1|REQ-R18-4.A.2.a.1|REQ-R18-4.A.2.a.2|REQ-R18-4.A.2.a.3|REQ-R18-4.A.2.a.4|REQ-R18-4.A.2.b.1|REQ-R18-4.A.2.b.3|REQ-R18-4.A.2.b.4|REQ-R18-4.A.2.b.6|REQ-R18-4.A.3.b.1|REQ-R18-4.A.4.a.1,REQ-R18-2.B.4.e|REQ-R18-2.B.4.g|REQ-R18-2.B.4.h|REQ-R18-4.A.2.b.4|REQ-R18-4.A.4.a.1,"Active Learning|Analyzing Data or Information|Computers and Electronics|Critical Thinking|Developing Objectives and Strategies|English Language|Evaluating Information to Determine Compliance with Standards|Getting Information|Identifying Objects, Actions, and Events|Interpreting the Meaning of Information for Others|Judging the Qualities of Objects, Services, or People|Judgment and Decision Making|Making Decisions and Solving Problems|Organizing, Planning, and Prioritizing Work|Processing Information|Reading Comprehension|Systems Analysis|Systems Evaluation|Updating and Using Relevant Knowledge|Working with Computers",20,5,Essential Skills|Knowledge|Transferable Skills|Work Activities,0.681259,0.156503,68.13,15.65,150,exam-fee-required,505,CBAP,3,"ประสบการณ์ BA 7,500 ชั่วโมง",advanced_or_cert_prep,certification_only|both,3,verified,2026-08-31,ผู้วิจัย (ตรวจด้วยการดึงหน้าเว็บ 31 ส.ค. 2026),,CORPUS-IS68076026-v1.5R-01OCT26,ONET31.0-IS68076026-v1.0,v0.9_core
CRT-R18-04,certification,R18,นักวิเคราะห์ระบบ / BA สาย IT,Systems / Business Analyst (IT),15-1211.00,analytics,exact,4,PMI Professional in Business Analysis (PMI-PBA),Project Management Institute,vendor_or_body,PMI,https://www.pmi.org/certifications/business-analysis-pba,vendor_neutral_cert,Professional,4,proctored exam,English,ใบรับรอง BA จาก PMI ที่เชื่อมงานวิเคราะห์เข้ากับการบริหารโครงการ เหมาะกับผู้ทำงานในองค์กรที่ใช้ PMBOK,Needs assessment|Requirements planning|Traceability and monitoring|Solution evaluation,Vendor-neutral,no,REQ-R18-2.A.1.a|REQ-R18-2.A.2.a|REQ-R18-2.A.2.b|REQ-R18-2.B.4.e|REQ-R18-2.B.4.g|REQ-R18-2.B.4.h|REQ-R18-2.C.3.a|REQ-R18-2.C.7.a|REQ-R18-4.A.1.a.1|REQ-R18-4.A.1.a.2|REQ-R18-4.A.1.b.1|REQ-R18-4.A.1.b.2|REQ-R18-4.A.2.a.1|REQ-R18-4.A.2.a.2|REQ-R18-4.A.2.a.3|REQ-R18-4.A.2.a.4|REQ-R18-4.A.2.b.1|REQ-R18-4.A.2.b.3|REQ-R18-4.A.2.b.4|REQ-R18-4.A.2.b.6|REQ-R18-4.A.3.b.1|REQ-R18-4.A.3.b.6,REQ-R18-2.B.4.g|REQ-R18-4.A.2.a.3|REQ-R18-4.A.2.a.4|REQ-R18-4.A.3.b.6,"Active Learning|Analyzing Data or Information|Computers and Electronics|Critical Thinking|Developing Objectives and Strategies|Documenting/Recording Information|English Language|Evaluating Information to Determine Compliance with Standards|Getting Information|Identifying Objects, Actions, and Events|Inspecting Equipment, Structures, or Materials|Judging the Qualities of Objects, Services, or People|Judgment and Decision Making|Making Decisions and Solving Problems|Monitoring Processes, Materials, or Surroundings|Organizing, Planning, and Prioritizing Work|Processing Information|Reading Comprehension|Systems Analysis|Systems Evaluation|Updating and Using Relevant Knowledge|Working with Computers",22,4,Essential Skills|Knowledge|Transferable Skills|Work Activities,0.743962,0.129947,74.40,12.99,120,exam-fee-required,555,PMI-PBA,3,ปริญญาตรี + ประสบการณ์ BA 3 ปี,advanced_or_cert_prep,certification_only|both,3,verified,2026-08-31,ผู้วิจัย (ตรวจด้วยการดึงหน้าเว็บ 31 ส.ค. 2026),,CORPUS-IS68076026-v1.5R-01OCT26,ONET31.0-IS68076026-v1.0,v0.9_core
CRT-R18-05,certification,R18,นักวิเคราะห์ระบบ / BA สาย IT,Systems / Business Analyst (IT),15-1211.00,analytics,exact,5,BCS International Diploma in Business Analysis,"BCS, The Chartered Institute for IT",vendor_or_body,BCS,https://www.bcs.org/qualifications-and-certifications/certifications-for-professionals/business-analysis/bcs-international-diploma-in-business-analysis/,vendor_neutral_cert,Professional,4,written and oral exams,English,ประกาศนียบัตรที่ประกอบด้วยหลายวิชาย่อย เป็นที่ยอมรับสูงในสหราชอาณาจักรและองค์กรข้ามชาติ,Business analysis practice|Requirements engineering|Business process modelling|Commercial awareness,UML|BPMN,no,REQ-R18-2.A.1.a|REQ-R18-2.A.2.a|REQ-R18-2.A.2.b|REQ-R18-2.B.4.g|REQ-R18-2.B.4.h|REQ-R18-2.C.3.a|REQ-R18-2.C.7.a|REQ-R18-4.A.1.a.1|REQ-R18-4.A.1.b.1|REQ-R18-4.A.2.a.2|REQ-R18-4.A.2.a.4|REQ-R18-4.A.2.b.1|REQ-R18-4.A.2.b.2|REQ-R18-4.A.2.b.3|REQ-R18-4.A.2.b.6|REQ-R18-4.A.3.b.1|REQ-R18-4.A.3.b.6,REQ-R18-2.A.1.a|REQ-R18-2.B.4.g|REQ-R18-4.A.2.a.4|REQ-R18-4.A.3.b.6,"Active Learning|Analyzing Data or Information|Computers and Electronics|Critical Thinking|Documenting/Recording Information|English Language|Getting Information|Identifying Objects, Actions, and Events|Making Decisions and Solving Problems|Organizing, Planning, and Prioritizing Work|Processing Information|Reading Comprehension|Systems Analysis|Systems Evaluation|Thinking Creatively|Updating and Using Relevant Knowledge|Working with Computers",17,4,Essential Skills|Knowledge|Transferable Skills|Work Activities,0.588146,0.131660,58.81,13.17,150,exam-fee-required,1500,BCS Diploma BA,ไม่หมดอายุ,BCS Foundation Certificate,advanced_or_cert_prep,certification_only|both,2,verified,2026-08-31,ผู้วิจัย (ตรวจด้วยการดึงหน้าเว็บ 31 ส.ค. 2026),[FIX 2026-08-31] แก้ URL ตามหน้าปลายทางที่ยืนยันแล้ว,CORPUS-IS68076026-v1.5R-01OCT26,ONET31.0-IS68076026-v1.0,v0.9_core
CRT-R18-06,certification,R18,นักวิเคราะห์ระบบ / BA สาย IT,Systems / Business Analyst (IT),15-1211.00,analytics,exact,6,IREB Certified Professional for Requirements Engineering – Foundation Level,International Requirements Engineering Board,vendor_or_body,IREB,https://cpre.ireb.org/en,vendor_neutral_cert,Intermediate,2,proctored exam,English,ใบรับรองเฉพาะทางด้านวิศวกรรมความต้องการ ซึ่งเป็นสาเหตุอันดับหนึ่งของความล้มเหลวในโครงการไอที,Requirements engineering|Elicitation techniques|Documentation|Validation|Requirements management,Vendor-neutral,no,REQ-R18-2.A.1.a|REQ-R18-2.A.1.b|REQ-R18-2.A.1.c|REQ-R18-2.A.2.a|REQ-R18-2.A.2.b|REQ-R18-2.B.4.g|REQ-R18-2.B.4.h|REQ-R18-2.C.3.a|REQ-R18-2.C.7.a|REQ-R18-4.A.1.a.1|REQ-R18-4.A.1.b.1|REQ-R18-4.A.2.a.1|REQ-R18-4.A.2.a.3|REQ-R18-4.A.2.b.1|REQ-R18-4.A.2.b.3|REQ-R18-4.A.3.b.1|REQ-R18-4.A.3.b.6,REQ-R18-2.A.1.a|REQ-R18-2.A.1.b|REQ-R18-2.A.1.c|REQ-R18-4.A.2.a.1|REQ-R18-4.A.2.a.3|REQ-R18-4.A.3.b.6,"Active Learning|Active Listening|Computers and Electronics|Critical Thinking|Documenting/Recording Information|English Language|Evaluating Information to Determine Compliance with Standards|Getting Information|Identifying Objects, Actions, and Events|Judging the Qualities of Objects, Services, or People|Making Decisions and Solving Problems|Reading Comprehension|Systems Analysis|Systems Evaluation|Updating and Using Relevant Knowledge|Working with Computers|Writing",17,6,Essential Skills|Knowledge|Transferable Skills|Work Activities,0.576153,0.187767,57.62,18.78,50,exam-fee-required,250,CPRE-FL,ไม่หมดอายุ,ไม่มี,core_gap_closure,certification_only|both,3,verified,2026-08-31,ผู้วิจัย (ตรวจด้วยการดึงหน้าเว็บ 31 ส.ค. 2026),แก้ URL ตามการเปลี่ยนเส้นทางที่ยืนยันแล้วเมื่อ 2026-08-31,CORPUS-IS68076026-v1.5R-01OCT26,ONET31.0-IS68076026-v1.0,v0.9_core
CRT-R18-07,certification,R18,นักวิเคราะห์ระบบ / BA สาย IT,Systems / Business Analyst (IT),15-1211.00,analytics,exact,7,IIBA Certification in Business Data Analytics (CBDA),International Institute of Business Analysis,vendor_or_body,IIBA,https://www.iiba.org/business-analysis-certifications/business-data-analytics-certification/,vendor_neutral_cert,Professional,4,proctored exam,English,เชื่อมงาน BA เข้ากับการวิเคราะห์ข้อมูล ทำให้ข้อเสนอเชิงระบบมีหลักฐานเชิงปริมาณสนับสนุน,Analytics requirements|Data interpretation|Insight communication|Analytics governance,Vendor-neutral,no,REQ-R18-2.A.1.a|REQ-R18-2.A.1.b|REQ-R18-2.A.1.d|REQ-R18-2.A.2.a|REQ-R18-2.A.2.b|REQ-R18-2.B.4.e|REQ-R18-2.B.4.g|REQ-R18-2.B.4.h|REQ-R18-2.C.3.a|REQ-R18-2.C.7.a|REQ-R18-4.A.1.a.1|REQ-R18-4.A.1.b.1|REQ-R18-4.A.2.a.1|REQ-R18-4.A.2.a.2|REQ-R18-4.A.2.a.3|REQ-R18-4.A.2.a.4|REQ-R18-4.A.2.b.1|REQ-R18-4.A.2.b.3|REQ-R18-4.A.2.b.4|REQ-R18-4.A.3.b.1|REQ-R18-4.A.4.a.1|REQ-R18-4.A.4.a.2|REQ-R18-4.A.4.a.4,REQ-R18-4.A.2.a.4|REQ-R18-4.A.2.b.4|REQ-R18-4.A.4.a.1,"Active Learning|Active Listening|Analyzing Data or Information|Communicating with Supervisors, Peers, or Subordinates|Computers and Electronics|Critical Thinking|Developing Objectives and Strategies|English Language|Establishing and Maintaining Interpersonal Relationships|Evaluating Information to Determine Compliance with Standards|Getting Information|Identifying Objects, Actions, and Events|Interpreting the Meaning of Information for Others|Judging the Qualities of Objects, Services, or People|Judgment and Decision Making|Making Decisions and Solving Problems|Processing Information|Reading Comprehension|Speaking|Systems Analysis|Systems Evaluation|Updating and Using Relevant Knowledge|Working with Computers",23,3,Essential Skills|Knowledge|Transferable Skills|Work Activities,0.782767,0.096797,78.28,9.68,90,exam-fee-required,450,CBDA,3,ไม่มี,advanced_or_cert_prep,certification_only|both,3,verified,2026-08-31,ผู้วิจัย (ตรวจด้วยการดึงหน้าเว็บ 31 ส.ค. 2026),[FIX 2026-08-31] แก้ URL ตามหน้าปลายทางที่ยืนยันแล้ว,CORPUS-IS68076026-v1.5R-01OCT26,ONET31.0-IS68076026-v1.0,v0.9_core
CRT-R18-08,certification,R18,นักวิเคราะห์ระบบ / BA สาย IT,Systems / Business Analyst (IT),15-1211.00,analytics,exact,8,IIBA Agile Analysis Certification (IIBA-AAC),IIBA,vendor_or_body,IIBA,https://www.iiba.org/business-analysis-certifications/agile-analysis/,vendor_neutral_cert,Intermediate,2,proctored exam,English,ประยุกต์การวิเคราะห์ธุรกิจในบริบท agile ตั้งแต่การวางกลยุทธ์ การจัดลำดับงาน จนถึงการส่งมอบเป็นรอบ,Agile analysis|Backlog refinement|User story writing|Stakeholder collaboration|Iterative delivery,Jira|Confluence,yes,REQ-R18-2.A.1.a|REQ-R18-2.A.1.b|REQ-R18-2.A.1.d|REQ-R18-2.A.2.a|REQ-R18-2.A.2.b|REQ-R18-2.B.4.g|REQ-R18-2.B.4.h|REQ-R18-2.C.1.e|REQ-R18-2.C.3.a|REQ-R18-2.C.7.a|REQ-R18-4.A.1.a.1|REQ-R18-4.A.1.b.1|REQ-R18-4.A.2.a.2|REQ-R18-4.A.2.a.4|REQ-R18-4.A.2.b.1|REQ-R18-4.A.2.b.2|REQ-R18-4.A.2.b.3|REQ-R18-4.A.2.b.6|REQ-R18-4.A.3.b.1|REQ-R18-4.A.4.a.1|REQ-R18-4.A.4.a.2|REQ-R18-4.A.4.a.4,REQ-R18-2.A.1.b|REQ-R18-2.B.4.g|REQ-R18-2.C.1.e|REQ-R18-4.A.2.b.2|REQ-R18-4.A.3.b.1,"Active Learning|Active Listening|Analyzing Data or Information|Communicating with Supervisors, Peers, or Subordinates|Computers and Electronics|Critical Thinking|Customer and Personal Service|English Language|Establishing and Maintaining Interpersonal Relationships|Getting Information|Identifying Objects, Actions, and Events|Interpreting the Meaning of Information for Others|Making Decisions and Solving Problems|Organizing, Planning, and Prioritizing Work|Processing Information|Reading Comprehension|Speaking|Systems Analysis|Systems Evaluation|Thinking Creatively|Updating and Using Relevant Knowledge|Working with Computers",22,5,Essential Skills|Knowledge|Transferable Skills|Work Activities,0.753385,0.169523,75.34,16.95,100,exam-fee-required,400,IIBA-AAC,3,ประสบการณ์วิเคราะห์ระบบในทีมแบบ agile,advanced_or_cert_prep,certification_only|both,3,verified,2026-08-31,ผู้วิจัย (ตรวจด้วยการดึงหน้าเว็บ 31 ส.ค. 2026),"[REPLACE 2026-08-31] แทนที่ ""Microsoft Certified: Power Platform Functional Consultant Associate"" ซึ่งผู้ให้บริการยกเลิกแล้ว · แทน Power Platform Functional Consultant ที่ยกเลิก 31 ส.ค. 2026 · ตรงกับบทบาทนักวิเคราะห์ระบบมากกว่าใบรับรองเฉพาะผลิตภัณฑ์ · คง competency mapping เดิมไว้เพราะเป็นรายการทดแทนในสายสมรรถนะเดียวกัน ต้องทบทวน mapping อีกครั้งก่อนตรึง",CORPUS-IS68076026-v1.5R-01OCT26,ONET31.0-IS68076026-v1.0,v0.9_core
CRT-R18-09,certification,R18,นักวิเคราะห์ระบบ / BA สาย IT,Systems / Business Analyst (IT),15-1211.00,analytics,exact,9,ServiceNow Certified System Administrator (CSA),ServiceNow,vendor_or_body,ServiceNow,https://www.servicenow.com/services/training-and-certification.html,vendor_cert,Intermediate,2,proctored exam,English,ใบรับรองแพลตฟอร์ม ITSM ที่ปรากฏในรายการ In-Demand ของบทบาทนี้และตลาดงานไทยต้องการต่อเนื่อง,ServiceNow administration|Workflow design|Data management|Service catalog|Reporting,ServiceNow,no,REQ-R18-2.A.1.a|REQ-R18-2.A.1.c|REQ-R18-2.A.2.a|REQ-R18-2.A.2.b|REQ-R18-2.B.4.g|REQ-R18-2.B.4.h|REQ-R18-2.C.1.e|REQ-R18-2.C.3.a|REQ-R18-2.C.7.a|REQ-R18-4.A.1.a.1|REQ-R18-4.A.1.b.1|REQ-R18-4.A.2.a.2|REQ-R18-4.A.2.a.3|REQ-R18-4.A.2.a.4|REQ-R18-4.A.2.b.1|REQ-R18-4.A.2.b.2|REQ-R18-4.A.2.b.3|REQ-R18-4.A.3.b.1|REQ-R18-4.A.3.b.6,REQ-R18-2.B.4.g|REQ-R18-2.C.1.e|REQ-R18-4.A.2.a.3|REQ-R18-4.A.3.b.1|REQ-R18-4.A.3.b.6,"Active Learning|Analyzing Data or Information|Computers and Electronics|Critical Thinking|Customer and Personal Service|Documenting/Recording Information|English Language|Evaluating Information to Determine Compliance with Standards|Getting Information|Identifying Objects, Actions, and Events|Making Decisions and Solving Problems|Processing Information|Reading Comprehension|Systems Analysis|Systems Evaluation|Thinking Creatively|Updating and Using Relevant Knowledge|Working with Computers|Writing",19,5,Essential Skills|Knowledge|Transferable Skills|Work Activities,0.649136,0.168580,64.91,16.86,80,exam-fee-required,300,CSA,1,อบรม ServiceNow Fundamentals,advanced_or_cert_prep,certification_only|both,3,verified,2026-08-31,ผู้วิจัย (ตรวจด้วยการดึงหน้าเว็บ 31 ส.ค. 2026),,CORPUS-IS68076026-v1.5R-01OCT26,ONET31.0-IS68076026-v1.0,v0.9_core
CRT-R18-10,certification,R18,นักวิเคราะห์ระบบ / BA สาย IT,Systems / Business Analyst (IT),15-1211.00,analytics,exact,10,Professional Scrum Product Owner I (PSPO I),Scrum.org,vendor_or_body,Scrum.org,https://www.scrum.org/assessments/professional-scrum-product-owner-i-assessment,vendor_neutral_cert,Intermediate,2,online proctored assessment,English,ยืนยันความสามารถจัดลำดับคุณค่าและบริหาร backlog ซึ่งเป็นบทบาทที่ BA ในทีม Agile มักต้องรับผิดชอบ,Product backlog management|Value-based prioritization|Stakeholder management|Agile requirements,Scrum|Jira,no,REQ-R18-2.A.1.a|REQ-R18-2.A.1.b|REQ-R18-2.A.1.d|REQ-R18-2.A.2.a|REQ-R18-2.A.2.b|REQ-R18-2.B.4.e|REQ-R18-2.B.4.g|REQ-R18-2.B.4.h|REQ-R18-2.C.1.e|REQ-R18-2.C.3.a|REQ-R18-2.C.7.a|REQ-R18-4.A.1.a.1|REQ-R18-4.A.1.b.1|REQ-R18-4.A.2.a.2|REQ-R18-4.A.2.a.4|REQ-R18-4.A.2.b.1|REQ-R18-4.A.2.b.3|REQ-R18-4.A.2.b.4|REQ-R18-4.A.3.b.1|REQ-R18-4.A.4.a.1|REQ-R18-4.A.4.a.2|REQ-R18-4.A.4.a.4,REQ-R18-2.A.1.b|REQ-R18-2.B.4.e|REQ-R18-4.A.2.b.4|REQ-R18-4.A.4.a.1|REQ-R18-4.A.4.a.4,"Active Learning|Active Listening|Analyzing Data or Information|Communicating with Supervisors, Peers, or Subordinates|Computers and Electronics|Critical Thinking|Customer and Personal Service|Developing Objectives and Strategies|English Language|Establishing and Maintaining Interpersonal Relationships|Getting Information|Identifying Objects, Actions, and Events|Interpreting the Meaning of Information for Others|Judgment and Decision Making|Making Decisions and Solving Problems|Processing Information|Reading Comprehension|Speaking|Systems Analysis|Systems Evaluation|Updating and Using Relevant Knowledge|Working with Computers",22,5,Essential Skills|Knowledge|Transferable Skills|Work Activities,0.751758,0.154961,75.18,15.50,30,exam-fee-required,200,PSPO I,ไม่หมดอายุ,ไม่มี,advanced_or_cert_prep,certification_only|both,3,pending_verification,,,[FETCH_ERROR] ดึงหน้าไม่ได้ อาจมีระบบกันบอท ต้องตรวจซ้ำด้วยมือ,CORPUS-IS68076026-v1.5R-01OCT26,ONET31.0-IS68076026-v1.0,v0.9_core
CRT-R18-11,certification,R18,นักวิเคราะห์ระบบ / BA สาย IT,Systems / Business Analyst (IT),15-1211.00,analytics,exact,11,AWS Certified Solutions Architect – Associate,Amazon Web Services,vendor_or_body,AWS Certification,https://aws.amazon.com/certification/certified-solutions-architect-associate/,vendor_cert,Intermediate,2,proctored exam,English,ยืนยันความสามารถออกแบบสถาปัตยกรรมที่ปลอดภัย ทนทาน มีประสิทธิภาพ และคุ้มค่าบน AWS,Cloud architecture|High availability design|Cost optimization|AWS networking|Security design,Amazon EC2|Amazon S3|Amazon VPC|Amazon RDS|AWS IAM,no,REQ-R18-2.B.4.e|REQ-R18-2.B.4.g|REQ-R18-2.B.4.h|REQ-R18-2.C.3.a|REQ-R18-4.A.2.b.1,REQ-R18-2.B.4.e|REQ-R18-2.B.4.g|REQ-R18-2.B.4.h|REQ-R18-2.C.3.a|REQ-R18-4.A.2.b.1,Computers and Electronics|Judgment and Decision Making|Making Decisions and Solving Problems|Systems Analysis|Systems Evaluation,5,5,Knowledge|Transferable Skills|Work Activities,0.174234,0.174234,17.42,17.42,120,exam-fee-required,150,SAA-C03,3,ประสบการณ์ใช้งาน AWS,advanced_or_cert_prep,certification_only|both,3,verified,2026-08-31,ผู้วิจัย (ตรวจด้วยการดึงหน้าเว็บ 31 ส.ค. 2026),DEC-16 ขยายข้ามบทบาทจาก CRT-R01-02 · คงชื่อ ผู้ให้บริการ URL ชั่วโมง และค่าใช้จ่ายเดิมทุกค่า · ต้องทบทวน mapping ก่อน FREEZE,CORPUS-IS68076026-v1.5R-01OCT26,ONET31.0-IS68076026-v1.0,v1.3_crossrole
CRS-R18-01,course,R18,นักวิเคราะห์ระบบ / BA สาย IT,Systems / Business Analyst (IT),15-1211.00,analytics,exact,1,IBM Business Analyst Professional Certificate,IBM,mooc_platform,Coursera,https://www.coursera.org/professional-certificates/ibm-business-analyst-professional-certificate,professional_certificate,Beginner,1,self-paced online,English,เรียนงานวิเคราะห์ธุรกิจครบวงจร ตั้งแต่การเก็บความต้องการ การวิเคราะห์ข้อมูล จนถึงการนำเสนอผู้มีส่วนได้เสีย,Requirements elicitation|Process modeling|Stakeholder analysis|Data analysis|Business communication,Excel|SQL|Jira|Lucidchart,yes,REQ-R18-2.A.1.a|REQ-R18-2.A.1.b|REQ-R18-2.A.1.d|REQ-R18-2.A.2.a|REQ-R18-2.A.2.b|REQ-R18-2.B.4.g|REQ-R18-2.B.4.h|REQ-R18-2.C.1.e|REQ-R18-2.C.3.a|REQ-R18-2.C.7.a|REQ-R18-4.A.1.a.1|REQ-R18-4.A.1.b.1|REQ-R18-4.A.2.a.2|REQ-R18-4.A.2.a.4|REQ-R18-4.A.2.b.1|REQ-R18-4.A.2.b.2|REQ-R18-4.A.2.b.3|REQ-R18-4.A.2.b.4|REQ-R18-4.A.2.b.6|REQ-R18-4.A.3.b.1|REQ-R18-4.A.4.a.1|REQ-R18-4.A.4.a.2|REQ-R18-4.A.4.a.4,REQ-R18-2.A.1.a|REQ-R18-2.A.1.b|REQ-R18-2.A.1.d|REQ-R18-4.A.2.a.4|REQ-R18-4.A.2.b.4|REQ-R18-4.A.4.a.1,"Active Learning|Active Listening|Analyzing Data or Information|Communicating with Supervisors, Peers, or Subordinates|Computers and Electronics|Critical Thinking|Customer and Personal Service|Developing Objectives and Strategies|English Language|Establishing and Maintaining Interpersonal Relationships|Getting Information|Identifying Objects, Actions, and Events|Interpreting the Meaning of Information for Others|Making Decisions and Solving Problems|Organizing, Planning, and Prioritizing Work|Processing Information|Reading Comprehension|Speaking|Systems Analysis|Systems Evaluation|Thinking Creatively|Updating and Using Relevant Knowledge|Working with Computers",23,6,Essential Skills|Knowledge|Transferable Skills|Work Activities,0.783024,0.196420,78.30,19.64,140,paid,245,,,ไม่มี,core_gap_closure,course_only|both,3,verified,2026-08-31,ผู้วิจัย (ตรวจด้วยการดึงหน้าเว็บ 31 ส.ค. 2026),[FIX 2026-08-31] แก้ URL ตามหน้าปลายทางที่ยืนยันแล้ว,CORPUS-IS68076026-v1.5R-01OCT26,ONET31.0-IS68076026-v1.0,v0.9_core
CRS-R18-02,course,R18,นักวิเคราะห์ระบบ / BA สาย IT,Systems / Business Analyst (IT),15-1211.00,analytics,exact,2,Object-Oriented Design,University of Alberta,mooc_platform,Coursera,https://www.coursera.org/learn/object-oriented-design,single_course,Intermediate,2,self-paced online,English,เขียนแบบจำลอง UML และแปลงความต้องการทางธุรกิจเป็นข้อกำหนดเชิงระบบที่นักพัฒนานำไปใช้ได้,UML|Use case modeling|Class diagrams|Requirements analysis|System design documentation,UML|Lucidchart|draw.io,yes,REQ-R18-2.A.1.a|REQ-R18-2.A.1.c|REQ-R18-2.A.2.a|REQ-R18-2.A.2.b|REQ-R18-2.B.4.g|REQ-R18-2.B.4.h|REQ-R18-2.C.3.a|REQ-R18-2.C.7.a|REQ-R18-4.A.1.a.1|REQ-R18-4.A.1.b.1|REQ-R18-4.A.2.a.2|REQ-R18-4.A.2.a.4|REQ-R18-4.A.2.b.1|REQ-R18-4.A.2.b.2|REQ-R18-4.A.2.b.3|REQ-R18-4.A.3.b.1|REQ-R18-4.A.3.b.6,REQ-R18-2.A.1.a|REQ-R18-2.A.2.a|REQ-R18-2.B.4.g|REQ-R18-4.A.3.b.6,"Active Learning|Analyzing Data or Information|Computers and Electronics|Critical Thinking|Documenting/Recording Information|English Language|Getting Information|Identifying Objects, Actions, and Events|Making Decisions and Solving Problems|Processing Information|Reading Comprehension|Systems Analysis|Systems Evaluation|Thinking Creatively|Updating and Using Relevant Knowledge|Working with Computers|Writing",17,4,Essential Skills|Knowledge|Transferable Skills|Work Activities,0.585919,0.128234,58.59,12.82,25,paid,49,,,พื้นฐาน OOP,core_gap_closure,course_only|both,3,verified,2026-08-31,ผู้วิจัย (ตรวจด้วยการดึงหน้าเว็บ 31 ส.ค. 2026),,CORPUS-IS68076026-v1.5R-01OCT26,ONET31.0-IS68076026-v1.0,v0.9_core
CRS-R18-03,course,R18,นักวิเคราะห์ระบบ / BA สาย IT,Systems / Business Analyst (IT),15-1211.00,analytics,exact,3,Google Project Management Professional Certificate,Google,mooc_platform,Coursera,https://www.coursera.org/professional-certificates/google-project-management,professional_certificate,Beginner,1,self-paced online,English,เข้าใจวงจรโครงการทั้งแบบ waterfall และ Agile ซึ่ง BA ต้องทำงานร่วมด้วยตลอดเวลา,Project lifecycle|Agile and Scrum|Stakeholder management|Risk management|Documentation,Jira|Asana|Google Workspace,yes,REQ-R18-2.A.1.a|REQ-R18-2.A.1.b|REQ-R18-2.A.1.c|REQ-R18-2.A.1.d|REQ-R18-2.A.2.a|REQ-R18-2.A.2.b|REQ-R18-2.C.1.e|REQ-R18-2.C.3.a|REQ-R18-2.C.7.a|REQ-R18-4.A.1.a.1|REQ-R18-4.A.1.b.1|REQ-R18-4.A.2.b.1|REQ-R18-4.A.2.b.3|REQ-R18-4.A.2.b.4|REQ-R18-4.A.2.b.6|REQ-R18-4.A.3.b.1|REQ-R18-4.A.3.b.6|REQ-R18-4.A.4.a.1|REQ-R18-4.A.4.a.2|REQ-R18-4.A.4.a.4,REQ-R18-2.A.1.b|REQ-R18-4.A.2.b.4|REQ-R18-4.A.2.b.6|REQ-R18-4.A.3.b.6,"Active Learning|Active Listening|Communicating with Supervisors, Peers, or Subordinates|Computers and Electronics|Critical Thinking|Customer and Personal Service|Developing Objectives and Strategies|Documenting/Recording Information|English Language|Establishing and Maintaining Interpersonal Relationships|Getting Information|Identifying Objects, Actions, and Events|Interpreting the Meaning of Information for Others|Making Decisions and Solving Problems|Organizing, Planning, and Prioritizing Work|Reading Comprehension|Speaking|Updating and Using Relevant Knowledge|Working with Computers|Writing",20,4,Essential Skills|Knowledge|Work Activities,0.673891,0.123694,67.39,12.37,180,paid,245,,,ไม่มี,foundation,course_only|both,3,verified,2026-08-31,ผู้วิจัย (ตรวจด้วยการดึงหน้าเว็บ 31 ส.ค. 2026),,CORPUS-IS68076026-v1.5R-01OCT26,ONET31.0-IS68076026-v1.0,v0.9_core
CRS-R18-04,course,R18,นักวิเคราะห์ระบบ / BA สาย IT,Systems / Business Analyst (IT),15-1211.00,analytics,exact,4,Agile with Atlassian Jira,Atlassian,mooc_platform,Coursera,https://www.coursera.org/learn/agile-atlassian-jira,single_course,Beginner,1,self-paced online,English,บริหาร backlog และติดตามงานด้วย Jira ซึ่งเป็นเครื่องมือ In-Demand ที่ระบุไว้ในบทบาทนี้,Jira|Agile workflows|Backlog management|Sprint planning|Reporting,Jira|Confluence,no,REQ-R18-2.A.1.a|REQ-R18-2.A.1.c|REQ-R18-2.A.2.b|REQ-R18-2.B.4.e|REQ-R18-2.B.4.g|REQ-R18-2.B.4.h|REQ-R18-2.C.3.a|REQ-R18-2.C.7.a|REQ-R18-4.A.1.a.1|REQ-R18-4.A.1.a.2|REQ-R18-4.A.1.b.2|REQ-R18-4.A.2.a.2|REQ-R18-4.A.2.a.4|REQ-R18-4.A.2.b.3|REQ-R18-4.A.2.b.4|REQ-R18-4.A.2.b.6|REQ-R18-4.A.3.b.1|REQ-R18-4.A.3.b.6|REQ-R18-4.A.4.a.2,REQ-R18-4.A.2.b.6|REQ-R18-4.A.3.b.6|REQ-R18-4.A.4.a.2,"Active Learning|Analyzing Data or Information|Communicating with Supervisors, Peers, or Subordinates|Computers and Electronics|Developing Objectives and Strategies|Documenting/Recording Information|English Language|Getting Information|Inspecting Equipment, Structures, or Materials|Judgment and Decision Making|Monitoring Processes, Materials, or Surroundings|Organizing, Planning, and Prioritizing Work|Processing Information|Reading Comprehension|Systems Analysis|Systems Evaluation|Updating and Using Relevant Knowledge|Working with Computers|Writing",19,3,Essential Skills|Knowledge|Transferable Skills|Work Activities,0.642111,0.097652,64.21,9.77,15,paid,49,,,ไม่มี,foundation,course_only|both,3,verified,2026-08-31,ผู้วิจัย (ตรวจด้วยการดึงหน้าเว็บ 31 ส.ค. 2026),,CORPUS-IS68076026-v1.5R-01OCT26,ONET31.0-IS68076026-v1.0,v0.9_core
CRS-R18-05,course,R18,นักวิเคราะห์ระบบ / BA สาย IT,Systems / Business Analyst (IT),15-1211.00,analytics,exact,5,Business Analytics Specialization,University of Pennsylvania (Wharton),mooc_platform,Coursera,https://www.coursera.org/specializations/business-analytics,specialization,Intermediate,2,self-paced online,English,ใช้ข้อมูลสนับสนุนข้อเสนอเชิงธุรกิจ ทำให้ข้อเสนอของ BA มีน้ำหนักมากกว่าความเห็นส่วนตัว,Business analytics|Decision modeling|Marketing and people analytics|Financial analysis,Excel|Statistical tools,no,REQ-R18-2.A.1.a|REQ-R18-2.A.2.a|REQ-R18-2.A.2.b|REQ-R18-2.B.4.e|REQ-R18-2.B.4.g|REQ-R18-2.B.4.h|REQ-R18-2.C.3.a|REQ-R18-2.C.7.a|REQ-R18-4.A.1.a.1|REQ-R18-4.A.1.b.1|REQ-R18-4.A.2.a.2|REQ-R18-4.A.2.a.4|REQ-R18-4.A.2.b.1|REQ-R18-4.A.2.b.2|REQ-R18-4.A.2.b.3|REQ-R18-4.A.2.b.4|REQ-R18-4.A.2.b.6|REQ-R18-4.A.3.b.1|REQ-R18-4.A.4.a.1,REQ-R18-2.B.4.e|REQ-R18-4.A.2.a.4|REQ-R18-4.A.2.b.4|REQ-R18-4.A.4.a.1,"Active Learning|Analyzing Data or Information|Computers and Electronics|Critical Thinking|Developing Objectives and Strategies|English Language|Getting Information|Identifying Objects, Actions, and Events|Interpreting the Meaning of Information for Others|Judgment and Decision Making|Making Decisions and Solving Problems|Organizing, Planning, and Prioritizing Work|Processing Information|Reading Comprehension|Systems Analysis|Systems Evaluation|Thinking Creatively|Updating and Using Relevant Knowledge|Working with Computers",19,4,Essential Skills|Knowledge|Transferable Skills|Work Activities,0.649651,0.127806,64.97,12.78,100,paid,245,,,พื้นฐานสถิติ,advanced_or_cert_prep,course_only|both,3,verified,2026-08-31,ผู้วิจัย (ตรวจด้วยการดึงหน้าเว็บ 31 ส.ค. 2026),,CORPUS-IS68076026-v1.5R-01OCT26,ONET31.0-IS68076026-v1.0,v0.9_core
CRS-R18-06,course,R18,นักวิเคราะห์ระบบ / BA สาย IT,Systems / Business Analyst (IT),15-1211.00,analytics,exact,6,SQL for Data Science,University of California Davis,mooc_platform,Coursera,https://www.coursera.org/learn/sql-for-data-science,single_course,Beginner,1,self-paced online,English,ดึงข้อมูลมาตรวจสอบสมมติฐานได้ด้วยตนเอง โดยไม่ต้องรอทีมข้อมูล ซึ่งเป็น SQL ที่ระบุใน In-Demand,SQL|Joins|Aggregation|Data profiling|Query writing,SQL|SQLite,no,REQ-R18-2.A.1.a|REQ-R18-2.A.1.b|REQ-R18-2.A.1.c|REQ-R18-2.A.1.d|REQ-R18-2.A.2.b|REQ-R18-2.C.3.a|REQ-R18-2.C.7.a|REQ-R18-4.A.1.a.1|REQ-R18-4.A.2.a.1|REQ-R18-4.A.2.a.2|REQ-R18-4.A.2.a.3|REQ-R18-4.A.2.a.4|REQ-R18-4.A.2.b.3|REQ-R18-4.A.3.b.1|REQ-R18-4.A.3.b.6|REQ-R18-4.A.4.a.1|REQ-R18-4.A.4.a.2|REQ-R18-4.A.4.a.4,REQ-R18-4.A.1.a.1|REQ-R18-4.A.2.a.2|REQ-R18-4.A.2.a.4,"Active Learning|Active Listening|Analyzing Data or Information|Communicating with Supervisors, Peers, or Subordinates|Computers and Electronics|Documenting/Recording Information|English Language|Establishing and Maintaining Interpersonal Relationships|Evaluating Information to Determine Compliance with Standards|Getting Information|Interpreting the Meaning of Information for Others|Judging the Qualities of Objects, Services, or People|Processing Information|Reading Comprehension|Speaking|Updating and Using Relevant Knowledge|Working with Computers|Writing",18,3,Essential Skills|Knowledge|Work Activities,0.613757,0.112815,61.38,11.28,25,paid,49,,,ไม่มี,core_gap_closure,course_only|both,3,verified,2026-08-31,ผู้วิจัย (ตรวจด้วยการดึงหน้าเว็บ 31 ส.ค. 2026),,CORPUS-IS68076026-v1.5R-01OCT26,ONET31.0-IS68076026-v1.0,v0.9_core
CRS-R18-07,course,R18,นักวิเคราะห์ระบบ / BA สาย IT,Systems / Business Analyst (IT),15-1211.00,analytics,exact,7,Requirements Elicitation and Analysis,University of Alberta,mooc_platform,Coursera,https://www.coursera.org/learn/client-needs-and-software-requirements,single_course,Intermediate,2,self-paced online,English,ฝึกสัมภาษณ์ผู้ใช้ จับความต้องการที่แท้จริง และเขียนข้อกำหนดที่ทดสอบได้,Requirements elicitation|User stories|Acceptance criteria|Requirements documentation|Traceability,Jira|Confluence,yes,REQ-R18-2.A.1.a|REQ-R18-2.A.1.b|REQ-R18-2.A.1.c|REQ-R18-2.A.2.a|REQ-R18-2.A.2.b|REQ-R18-2.B.4.g|REQ-R18-2.B.4.h|REQ-R18-2.C.1.e|REQ-R18-2.C.3.a|REQ-R18-2.C.7.a|REQ-R18-4.A.1.a.1|REQ-R18-4.A.1.b.1|REQ-R18-4.A.2.a.2|REQ-R18-4.A.2.a.4|REQ-R18-4.A.2.b.1|REQ-R18-4.A.2.b.3|REQ-R18-4.A.3.b.1|REQ-R18-4.A.3.b.6|REQ-R18-4.A.4.a.1,REQ-R18-2.A.1.a|REQ-R18-2.A.1.b|REQ-R18-2.A.1.c|REQ-R18-4.A.3.b.6|REQ-R18-4.A.4.a.1,"Active Learning|Active Listening|Analyzing Data or Information|Computers and Electronics|Critical Thinking|Customer and Personal Service|Documenting/Recording Information|English Language|Getting Information|Identifying Objects, Actions, and Events|Interpreting the Meaning of Information for Others|Making Decisions and Solving Problems|Processing Information|Reading Comprehension|Systems Analysis|Systems Evaluation|Updating and Using Relevant Knowledge|Working with Computers|Writing",19,5,Essential Skills|Knowledge|Transferable Skills|Work Activities,0.650250,0.156673,65.03,15.67,25,paid,49,,,ไม่มี,core_gap_closure,course_only|both,3,verified,2026-08-31,ผู้วิจัย (ตรวจด้วยการดึงหน้าเว็บ 31 ส.ค. 2026),,CORPUS-IS68076026-v1.5R-01OCT26,ONET31.0-IS68076026-v1.0,v0.9_core
CRS-R18-08,course,R18,นักวิเคราะห์ระบบ / BA สาย IT,Systems / Business Analyst (IT),15-1211.00,analytics,exact,8,Microsoft Power Platform Fundamentals Learning Path (PL-900),Microsoft,vendor_or_body,Microsoft Learn,https://learn.microsoft.com/en-us/training/browse/?products=power-platform,specialization,Beginner,1,self-paced online,English,สร้างต้นแบบระบบธุรกิจแบบ low-code ได้เอง ทำให้สื่อสารความต้องการกับผู้ใช้ได้ชัดเจนกว่าเอกสาร,Power Apps|Power Automate|Power BI|Dataverse|Business process automation,Power Platform|Dataverse,yes,REQ-R18-2.A.1.a|REQ-R18-2.A.1.b|REQ-R18-2.A.1.c|REQ-R18-2.A.1.d|REQ-R18-2.A.2.a|REQ-R18-2.A.2.b|REQ-R18-2.B.4.g|REQ-R18-2.B.4.h|REQ-R18-2.C.1.e|REQ-R18-2.C.3.a|REQ-R18-2.C.7.a|REQ-R18-4.A.1.a.1|REQ-R18-4.A.1.b.1|REQ-R18-4.A.2.a.2|REQ-R18-4.A.2.a.4|REQ-R18-4.A.2.b.1|REQ-R18-4.A.2.b.2|REQ-R18-4.A.2.b.3|REQ-R18-4.A.3.b.1|REQ-R18-4.A.3.b.6|REQ-R18-4.A.4.a.1|REQ-R18-4.A.4.a.2|REQ-R18-4.A.4.a.4,REQ-R18-2.B.4.g|REQ-R18-2.C.1.e|REQ-R18-4.A.2.b.2|REQ-R18-4.A.3.b.1,"Active Learning|Active Listening|Analyzing Data or Information|Communicating with Supervisors, Peers, or Subordinates|Computers and Electronics|Critical Thinking|Customer and Personal Service|Documenting/Recording Information|English Language|Establishing and Maintaining Interpersonal Relationships|Getting Information|Identifying Objects, Actions, and Events|Interpreting the Meaning of Information for Others|Making Decisions and Solving Problems|Processing Information|Reading Comprehension|Speaking|Systems Analysis|Systems Evaluation|Thinking Creatively|Updating and Using Relevant Knowledge|Working with Computers|Writing",23,4,Essential Skills|Knowledge|Transferable Skills|Work Activities,0.781910,0.137400,78.19,13.74,25,free,0,,,ไม่มี,core_gap_closure,course_only|both,3,verified,2026-08-31,ผู้วิจัย (ตรวจด้วยการดึงหน้าเว็บ 31 ส.ค. 2026),,CORPUS-IS68076026-v1.5R-01OCT26,ONET31.0-IS68076026-v1.0,v0.9_core
CRS-R18-09,course,R18,นักวิเคราะห์ระบบ / BA สาย IT,Systems / Business Analyst (IT),15-1211.00,analytics,exact,9,ServiceNow Fundamentals (Now Learning),ServiceNow,vendor_or_body,ServiceNow Now Learning,https://nowlearning.servicenow.com/,single_course,Beginner,1,self-paced online,English,เรียนแพลตฟอร์ม ITSM ที่ระบุเป็นเทคโนโลยี In-Demand ของบทบาทนี้และองค์กรไทยขนาดใหญ่ใช้แพร่หลาย,ServiceNow platform|ITSM processes|Workflow configuration|Service catalog|Reporting,ServiceNow,no,REQ-R18-2.A.1.a|REQ-R18-2.A.1.c|REQ-R18-2.A.2.b|REQ-R18-2.B.4.g|REQ-R18-2.B.4.h|REQ-R18-2.C.1.e|REQ-R18-2.C.3.a|REQ-R18-2.C.7.a|REQ-R18-4.A.1.a.1|REQ-R18-4.A.2.a.2|REQ-R18-4.A.2.a.4|REQ-R18-4.A.2.b.3|REQ-R18-4.A.3.b.1|REQ-R18-4.A.3.b.6,REQ-R18-2.B.4.g|REQ-R18-2.C.1.e|REQ-R18-4.A.3.b.1|REQ-R18-4.A.3.b.6,Active Learning|Analyzing Data or Information|Computers and Electronics|Customer and Personal Service|Documenting/Recording Information|English Language|Getting Information|Processing Information|Reading Comprehension|Systems Analysis|Systems Evaluation|Updating and Using Relevant Knowledge|Working with Computers|Writing,14,4,Essential Skills|Knowledge|Transferable Skills|Work Activities,0.482697,0.137057,48.27,13.71,30,free,0,,,ไม่มี,core_gap_closure,course_only|both,3,pending_verification,,,[UNCLEAR] ดึงได้แต่ไม่มีเนื้อหา ต้องตรวจด้วยตา,CORPUS-IS68076026-v1.5R-01OCT26,ONET31.0-IS68076026-v1.0,v0.9_core
CRS-R18-10,course,R18,นักวิเคราะห์ระบบ / BA สาย IT,Systems / Business Analyst (IT),15-1211.00,analytics,exact,10,Communicating Business Analytics Results,University of Colorado Boulder,mooc_platform,Coursera,https://www.coursera.org/learn/communicating-business-analytics-results,single_course,Intermediate,2,self-paced online,English,ปิดช่องว่างสมรรถนะ Speaking (IM 4.00) ซึ่งเป็นสมรรถนะที่มีน้ำหนักสูงสุดของบทบาทนี้,Data storytelling|Executive presentation|Visual communication|Stakeholder persuasion,PowerPoint|Tableau,no,REQ-R18-2.A.1.a|REQ-R18-2.A.1.b|REQ-R18-2.A.1.c|REQ-R18-2.A.1.d|REQ-R18-2.A.2.a|REQ-R18-2.A.2.b|REQ-R18-2.C.1.e|REQ-R18-2.C.3.a|REQ-R18-2.C.7.a|REQ-R18-4.A.1.a.1|REQ-R18-4.A.1.b.1|REQ-R18-4.A.2.a.2|REQ-R18-4.A.2.a.4|REQ-R18-4.A.2.b.1|REQ-R18-4.A.2.b.3|REQ-R18-4.A.3.b.1|REQ-R18-4.A.4.a.1|REQ-R18-4.A.4.a.2|REQ-R18-4.A.4.a.4,REQ-R18-2.A.1.c|REQ-R18-2.A.1.d|REQ-R18-4.A.4.a.1|REQ-R18-4.A.4.a.2,"Active Learning|Active Listening|Analyzing Data or Information|Communicating with Supervisors, Peers, or Subordinates|Computers and Electronics|Critical Thinking|Customer and Personal Service|English Language|Establishing and Maintaining Interpersonal Relationships|Getting Information|Identifying Objects, Actions, and Events|Interpreting the Meaning of Information for Others|Making Decisions and Solving Problems|Processing Information|Reading Comprehension|Speaking|Updating and Using Relevant Knowledge|Working with Computers|Writing",19,4,Essential Skills|Knowledge|Work Activities,0.655817,0.130546,65.58,13.05,20,paid,49,,,ไม่มี,core_gap_closure,course_only|both,2,verified,2026-08-31,ผู้วิจัย (ตรวจด้วยการดึงหน้าเว็บ 31 ส.ค. 2026),,CORPUS-IS68076026-v1.5R-01OCT26,ONET31.0-IS68076026-v1.0,v0.9_core
CRS-R18-11,course,R18,นักวิเคราะห์ระบบ / BA สาย IT,Systems / Business Analyst (IT),15-1211.00,analytics,exact,11,Site Reliability Engineering: Measuring and Managing Reliability,Google Cloud,mooc_platform,Coursera,https://www.coursera.org/learn/site-reliability-engineering-slos,single_course,Intermediate,2,self-paced online,English,กำหนด SLI/SLO/error budget ซึ่งเป็นแนวคิดแกนกลางที่แยก SRE ออกจากงานดูแลระบบแบบเดิม,SLI/SLO design|Error budgets|Reliability measurement|Incident response|Toil reduction,Prometheus|Grafana|Cloud Monitoring,no,REQ-R18-4.A.1.a.2|REQ-R18-4.A.1.b.2|REQ-R18-4.A.2.a.4|REQ-R18-4.A.2.b.4,REQ-R18-4.A.1.a.2|REQ-R18-4.A.1.b.2|REQ-R18-4.A.2.a.4|REQ-R18-4.A.2.b.4,"Analyzing Data or Information|Developing Objectives and Strategies|Inspecting Equipment, Structures, or Materials|Monitoring Processes, Materials, or Surroundings",4,4,Work Activities,0.128748,0.128748,12.87,12.87,15,paid,49,,,พื้นฐานการดูแลระบบ,core_gap_closure,course_only|both,3,verified,2026-08-31,ผู้วิจัย (ตรวจด้วยการดึงหน้าเว็บ 31 ส.ค. 2026),DEC-16 ขยายข้ามบทบาทจาก CRS-R17-02 · คงชื่อ ผู้ให้บริการ URL ชั่วโมง และค่าใช้จ่ายเดิมทุกค่า · ต้องทบทวน mapping ก่อน FREEZE,CORPUS-IS68076026-v1.5R-01OCT26,ONET31.0-IS68076026-v1.0,v1.3_crossrole
CRS-R18-12,course,R18,นักวิเคราะห์ระบบ / BA สาย IT,Systems / Business Analyst (IT),15-1211.00,analytics,exact,12,Improving Communication Skills,University of Pennsylvania (Wharton),mooc_platform,Coursera,https://www.coursera.org/learn/wharton-communication-skills,single_course,Beginner,1,self-paced online,English,สื่อสารเชิงวิชาชีพอย่างมีประสิทธิผล ฟังอย่างตั้งใจ ตีความสารของผู้อื่น สร้างความไว้วางใจ และสื่อสารกับผู้มีส่วนได้เสียทั้งในและนอกองค์กร,Active listening|Professional communication|Stakeholder communication|Building trust|Persuasion,,no,REQ-R18-2.A.1.b|REQ-R18-2.A.1.d|REQ-R18-4.A.4.a.1|REQ-R18-4.A.4.a.2|REQ-R18-4.A.4.a.4,REQ-R18-2.A.1.b|REQ-R18-2.A.1.d|REQ-R18-4.A.4.a.1|REQ-R18-4.A.4.a.2|REQ-R18-4.A.4.a.4,"Active Listening|Communicating with Supervisors, Peers, or Subordinates|Establishing and Maintaining Interpersonal Relationships|Interpreting the Meaning of Information for Others|Speaking",5,5,Essential Skills|Work Activities,0.164297,0.164297,16.43,16.43,10,low-cost,49,,,,core_gap_closure,course_only|both,2,verified,2026-08-31,ผู้วิจัย (ตรวจด้วยการดึงหน้าเว็บ 31 ส.ค. 2026),DEC-16 ขยายข้ามบทบาทจาก CRS-R07-11 · คงชื่อ ผู้ให้บริการ URL ชั่วโมง และค่าใช้จ่ายเดิมทุกค่า · ต้องทบทวน mapping ก่อน FREEZE,CORPUS-IS68076026-v1.5R-01OCT26,ONET31.0-IS68076026-v1.0,v1.3_crossrole
CRT-R19-01,certification,R19,ผู้จัดการโครงการไอที,IT Project Manager,15-1299.09,management,exact,1,PMI Project Management Professional (PMP),Project Management Institute,vendor_or_body,PMI,https://www.pmi.org/certifications/project-management-pmp,vendor_neutral_cert,Professional,4,proctored exam,English,ใบรับรองบริหารโครงการที่ได้รับการยอมรับสูงที่สุดในโลก และมีผลต่อค่าตอบแทนอย่างมีนัยสำคัญในไทย,Predictive and agile project management|People leadership|Process management|Business environment,PMBOK Guide|Agile Practice Guide,no,REQ-R19-2.A.1.a|REQ-R19-2.A.1.b|REQ-R19-2.A.2.a|REQ-R19-2.B.1.b|REQ-R19-2.B.5.a|REQ-R19-2.B.5.d|REQ-R19-2.C.3.a|REQ-R19-2.C.7.a|REQ-R19-4.A.1.a.1|REQ-R19-4.A.1.b.1|REQ-R19-4.A.2.b.1|REQ-R19-4.A.2.b.3|REQ-R19-4.A.2.b.4|REQ-R19-4.A.2.b.6|REQ-R19-4.A.3.b.1|REQ-R19-4.A.4.a.1|REQ-R19-4.A.4.a.2|REQ-R19-4.A.4.a.3|REQ-R19-4.A.4.a.4|REQ-R19-4.A.4.a.7|REQ-R19-4.A.4.b.1|REQ-R19-4.A.4.b.2|REQ-R19-4.A.4.b.4|REQ-R19-4.A.4.c.3,REQ-R19-2.B.1.b|REQ-R19-2.B.5.a|REQ-R19-2.B.5.d|REQ-R19-4.A.2.b.4|REQ-R19-4.A.2.b.6|REQ-R19-4.A.4.b.1,"Active Listening|Communicating with People Outside the Organization|Communicating with Supervisors, Peers, or Subordinates|Computers and Electronics|Coordinating the Work and Activities of Others|Coordination|Critical Thinking|Developing Objectives and Strategies|Developing and Building Teams|English Language|Establishing and Maintaining Interpersonal Relationships|Getting Information|Guiding, Directing, and Motivating Subordinates|Identifying Objects, Actions, and Events|Interpreting the Meaning of Information for Others|Making Decisions and Solving Problems|Management of Personnel Resources|Monitoring and Controlling Resources|Organizing, Planning, and Prioritizing Work|Reading Comprehension|Resolving Conflicts and Negotiating with Others|Time Management|Updating and Using Relevant Knowledge|Working with Computers",24,6,Essential Skills|Knowledge|Transferable Skills|Work Activities,0.803591,0.199597,80.36,19.96,180,exam-fee-required,555,PMP,3,ปริญญาตรี + ประสบการณ์ 36 เดือน + อบรม 35 ชั่วโมง,advanced_or_cert_prep,certification_only|both,3,verified,2026-08-31,ผู้วิจัย (ตรวจด้วยการดึงหน้าเว็บ 31 ส.ค. 2026),,CORPUS-IS68076026-v1.5R-01OCT26,ONET31.0-IS68076026-v1.0,v0.9_core
CRT-R19-02,certification,R19,ผู้จัดการโครงการไอที,IT Project Manager,15-1299.09,management,exact,2,PMI Certified Associate in Project Management (CAPM),Project Management Institute,vendor_or_body,PMI,https://www.pmi.org/certifications/certified-associate-capm,vendor_neutral_cert,Beginner,1,proctored exam,English,ใบรับรองระดับเริ่มต้นของ PMI ที่นักศึกษาสอบได้โดยยังไม่ต้องมีประสบการณ์บริหารโครงการ,Project management fundamentals|Predictive methodologies|Agile frameworks|Business analysis basics,PMBOK Guide,no,REQ-R19-2.A.1.a|REQ-R19-2.B.1.b|REQ-R19-2.C.3.a|REQ-R19-2.C.7.a|REQ-R19-4.A.1.a.1|REQ-R19-4.A.2.a.2|REQ-R19-4.A.2.a.4|REQ-R19-4.A.2.b.3|REQ-R19-4.A.2.b.5|REQ-R19-4.A.2.b.6|REQ-R19-4.A.3.b.1|REQ-R19-4.A.3.b.6|REQ-R19-4.A.4.c.3,REQ-R19-2.A.1.a|REQ-R19-2.B.1.b|REQ-R19-4.A.2.b.5|REQ-R19-4.A.2.b.6|REQ-R19-4.A.3.b.6,"Analyzing Data or Information|Computers and Electronics|Coordination|Documenting/Recording Information|English Language|Getting Information|Monitoring and Controlling Resources|Organizing, Planning, and Prioritizing Work|Processing Information|Reading Comprehension|Scheduling Work and Activities|Updating and Using Relevant Knowledge|Working with Computers",13,5,Essential Skills|Knowledge|Transferable Skills|Work Activities,0.435321,0.165179,43.53,16.52,90,exam-fee-required,300,CAPM,3,ม.ปลาย + อบรม 23 ชั่วโมง,core_gap_closure,certification_only|both,3,verified,2026-08-31,ผู้วิจัย (ตรวจด้วยการดึงหน้าเว็บ 31 ส.ค. 2026),,CORPUS-IS68076026-v1.5R-01OCT26,ONET31.0-IS68076026-v1.0,v0.9_core
CRT-R19-03,certification,R19,ผู้จัดการโครงการไอที,IT Project Manager,15-1299.09,management,exact,3,PMI Agile Certified Practitioner (PMI-ACP),Project Management Institute,vendor_or_body,PMI,https://www.pmi.org/certifications/agile-acp,vendor_neutral_cert,Professional,4,proctored exam,English,ใบรับรอง Agile ที่ครอบคลุมหลายกรอบวิธี ไม่ผูกกับ Scrum อย่างเดียว เหมาะกับ PM ที่ดูหลายทีม,Agile principles|Value-driven delivery|Adaptive planning|Team performance|Continuous improvement,Scrum|Kanban|XP,no,REQ-R19-2.A.1.a|REQ-R19-2.A.1.b|REQ-R19-2.A.2.a|REQ-R19-2.B.1.b|REQ-R19-2.B.5.a|REQ-R19-2.B.5.d|REQ-R19-2.C.3.a|REQ-R19-2.C.7.a|REQ-R19-4.A.1.a.1|REQ-R19-4.A.1.b.1|REQ-R19-4.A.2.a.4|REQ-R19-4.A.2.b.1|REQ-R19-4.A.2.b.3|REQ-R19-4.A.2.b.4|REQ-R19-4.A.2.b.6|REQ-R19-4.A.3.b.1|REQ-R19-4.A.4.a.1|REQ-R19-4.A.4.a.2|REQ-R19-4.A.4.a.3|REQ-R19-4.A.4.a.4|REQ-R19-4.A.4.a.7|REQ-R19-4.A.4.b.1|REQ-R19-4.A.4.b.2|REQ-R19-4.A.4.b.4,REQ-R19-2.B.1.b|REQ-R19-4.A.2.a.4|REQ-R19-4.A.2.b.4|REQ-R19-4.A.4.b.2,"Active Listening|Analyzing Data or Information|Communicating with People Outside the Organization|Communicating with Supervisors, Peers, or Subordinates|Computers and Electronics|Coordinating the Work and Activities of Others|Coordination|Critical Thinking|Developing Objectives and Strategies|Developing and Building Teams|English Language|Establishing and Maintaining Interpersonal Relationships|Getting Information|Guiding, Directing, and Motivating Subordinates|Identifying Objects, Actions, and Events|Interpreting the Meaning of Information for Others|Making Decisions and Solving Problems|Management of Personnel Resources|Organizing, Planning, and Prioritizing Work|Reading Comprehension|Resolving Conflicts and Negotiating with Others|Time Management|Updating and Using Relevant Knowledge|Working with Computers",24,4,Essential Skills|Knowledge|Transferable Skills|Work Activities,0.801727,0.131459,80.17,13.15,120,exam-fee-required,495,PMI-ACP,3,ประสบการณ์โครงการ Agile 8 เดือน,advanced_or_cert_prep,certification_only|both,3,verified,2026-08-31,ผู้วิจัย (ตรวจด้วยการดึงหน้าเว็บ 31 ส.ค. 2026),,CORPUS-IS68076026-v1.5R-01OCT26,ONET31.0-IS68076026-v1.0,v0.9_core
CRT-R19-04,certification,R19,ผู้จัดการโครงการไอที,IT Project Manager,15-1299.09,management,exact,4,PRINCE2 Foundation,PeopleCert (AXELOS),vendor_or_body,PeopleCert,https://www.peoplecert.org/browse-certifications/project-programme-and-portfolio-management/PRINCE2,vendor_neutral_cert,Intermediate,2,proctored exam,English,ใบรับรองที่หน่วยงานภาครัฐไทยและบริษัทที่ทำงานกับยุโรปกำหนดเป็นคุณสมบัติบ่อยครั้ง,PRINCE2 principles|Themes|Processes|Project governance|Documentation standards,PRINCE2 templates,no,REQ-R19-2.A.1.a|REQ-R19-2.A.2.a|REQ-R19-2.C.3.a|REQ-R19-2.C.7.a|REQ-R19-4.A.1.a.1|REQ-R19-4.A.1.b.1|REQ-R19-4.A.2.b.1|REQ-R19-4.A.2.b.3|REQ-R19-4.A.2.b.4|REQ-R19-4.A.2.b.6|REQ-R19-4.A.3.b.1|REQ-R19-4.A.3.b.6,REQ-R19-4.A.2.b.6|REQ-R19-4.A.3.b.6,"Computers and Electronics|Critical Thinking|Developing Objectives and Strategies|Documenting/Recording Information|English Language|Getting Information|Identifying Objects, Actions, and Events|Making Decisions and Solving Problems|Organizing, Planning, and Prioritizing Work|Reading Comprehension|Updating and Using Relevant Knowledge|Working with Computers",12,2,Essential Skills|Knowledge|Work Activities,0.404166,0.068449,40.42,6.84,40,exam-fee-required,450,PRINCE2 Foundation,3,ไม่มี,core_gap_closure,certification_only|both,3,pending_verification,,,[FETCH_ERROR] เซิร์ฟเวอร์ตอบ 500 ต้องตรวจซ้ำด้วยมือ,CORPUS-IS68076026-v1.5R-01OCT26,ONET31.0-IS68076026-v1.0,v0.9_core
CRT-R19-05,certification,R19,ผู้จัดการโครงการไอที,IT Project Manager,15-1299.09,management,exact,5,PRINCE2 Practitioner,PeopleCert (AXELOS),vendor_or_body,PeopleCert,https://www.peoplecert.org/browse-certifications/project-programme-and-portfolio-management/PRINCE2,vendor_neutral_cert,Professional,4,proctored exam,English,ระดับต่อยอดที่ยืนยันความสามารถปรับใช้ PRINCE2 กับบริบทโครงการจริง ไม่ใช่แค่ท่องทฤษฎี,Tailoring PRINCE2|Applying themes|Managing stages|Risk and quality management,PRINCE2 templates,no,REQ-R19-2.A.1.a|REQ-R19-2.A.2.a|REQ-R19-2.C.3.a|REQ-R19-2.C.7.a|REQ-R19-4.A.1.a.1|REQ-R19-4.A.1.b.1|REQ-R19-4.A.2.b.1|REQ-R19-4.A.2.b.3|REQ-R19-4.A.2.b.4|REQ-R19-4.A.2.b.6|REQ-R19-4.A.3.b.1|REQ-R19-4.A.4.c.3,REQ-R19-4.A.2.b.4|REQ-R19-4.A.2.b.6|REQ-R19-4.A.4.c.3,"Computers and Electronics|Critical Thinking|Developing Objectives and Strategies|English Language|Getting Information|Identifying Objects, Actions, and Events|Making Decisions and Solving Problems|Monitoring and Controlling Resources|Organizing, Planning, and Prioritizing Work|Reading Comprehension|Updating and Using Relevant Knowledge|Working with Computers",12,3,Essential Skills|Knowledge|Work Activities,0.405797,0.103722,40.58,10.37,60,exam-fee-required,600,PRINCE2 Practitioner,3,PRINCE2 Foundation,advanced_or_cert_prep,certification_only|both,3,pending_verification,,,[FETCH_ERROR] เซิร์ฟเวอร์ตอบ 500 ต้องตรวจซ้ำด้วยมือ,CORPUS-IS68076026-v1.5R-01OCT26,ONET31.0-IS68076026-v1.0,v0.9_core
CRT-R19-06,certification,R19,ผู้จัดการโครงการไอที,IT Project Manager,15-1299.09,management,exact,6,Scrum Alliance Certified ScrumMaster (CSM),Scrum Alliance,vendor_or_body,Scrum Alliance,https://www.scrumalliance.org/get-certified/scrum-master-track/certified-scrummaster,vendor_neutral_cert,Intermediate,2,online assessment after training,English,ใบรับรอง Scrum ที่ต้องผ่านการอบรมกับ trainer ที่รับรอง จึงได้ทั้งใบรับรองและเครือข่ายวิชาชีพ,Scrum framework|Facilitation|Servant leadership|Sprint events|Impediment management,Scrum|Jira,no,REQ-R19-2.A.1.a|REQ-R19-2.A.1.b|REQ-R19-2.A.2.a|REQ-R19-2.B.1.b|REQ-R19-2.B.5.d|REQ-R19-2.C.3.a|REQ-R19-2.C.7.a|REQ-R19-4.A.1.a.1|REQ-R19-4.A.1.b.1|REQ-R19-4.A.2.b.1|REQ-R19-4.A.2.b.3|REQ-R19-4.A.2.b.5|REQ-R19-4.A.3.b.1|REQ-R19-4.A.4.a.1|REQ-R19-4.A.4.a.2|REQ-R19-4.A.4.a.3|REQ-R19-4.A.4.a.4|REQ-R19-4.A.4.a.7|REQ-R19-4.A.4.b.1|REQ-R19-4.A.4.b.2|REQ-R19-4.A.4.b.4|REQ-R19-4.A.4.c.3,REQ-R19-2.A.1.b|REQ-R19-2.B.1.b|REQ-R19-4.A.4.a.4|REQ-R19-4.A.4.b.1|REQ-R19-4.A.4.b.2,"Active Listening|Communicating with People Outside the Organization|Communicating with Supervisors, Peers, or Subordinates|Computers and Electronics|Coordinating the Work and Activities of Others|Coordination|Critical Thinking|Developing and Building Teams|English Language|Establishing and Maintaining Interpersonal Relationships|Getting Information|Guiding, Directing, and Motivating Subordinates|Identifying Objects, Actions, and Events|Interpreting the Meaning of Information for Others|Making Decisions and Solving Problems|Management of Personnel Resources|Monitoring and Controlling Resources|Reading Comprehension|Resolving Conflicts and Negotiating with Others|Scheduling Work and Activities|Updating and Using Relevant Knowledge|Working with Computers",22,5,Essential Skills|Knowledge|Transferable Skills|Work Activities,0.737550,0.167975,73.75,16.80,25,exam-fee-required,1000,CSM,2,ต้องอบรม 16 ชั่วโมงกับ CST,core_gap_closure,certification_only|both,3,verified,2026-08-31,ผู้วิจัย (ตรวจด้วยการดึงหน้าเว็บ 31 ส.ค. 2026),,CORPUS-IS68076026-v1.5R-01OCT26,ONET31.0-IS68076026-v1.0,v0.9_core
CRT-R19-07,certification,R19,ผู้จัดการโครงการไอที,IT Project Manager,15-1299.09,management,exact,7,Professional Scrum Master I (PSM I),Scrum.org,vendor_or_body,Scrum.org,https://www.scrum.org/assessments/professional-scrum-master-i-assessment,vendor_neutral_cert,Intermediate,2,online proctored assessment,English,ทางเลือกราคาประหยัดกว่า CSM ไม่บังคับอบรม และไม่หมดอายุ เหมาะกับนักศึกษาที่มีงบจำกัด,Scrum theory|Scrum Master accountabilities|Team facilitation|Empiricism,Scrum,no,REQ-R19-2.A.1.a|REQ-R19-2.A.1.b|REQ-R19-2.A.2.a|REQ-R19-2.B.1.b|REQ-R19-2.B.5.d|REQ-R19-2.C.3.a|REQ-R19-2.C.7.a|REQ-R19-4.A.1.a.1|REQ-R19-4.A.1.b.1|REQ-R19-4.A.2.b.1|REQ-R19-4.A.2.b.3|REQ-R19-4.A.3.b.1|REQ-R19-4.A.4.a.1|REQ-R19-4.A.4.a.2|REQ-R19-4.A.4.a.3|REQ-R19-4.A.4.a.4|REQ-R19-4.A.4.a.7|REQ-R19-4.A.4.b.1|REQ-R19-4.A.4.b.2|REQ-R19-4.A.4.b.4,REQ-R19-2.A.1.a|REQ-R19-2.A.1.b|REQ-R19-2.B.1.b|REQ-R19-4.A.4.a.4,"Active Listening|Communicating with People Outside the Organization|Communicating with Supervisors, Peers, or Subordinates|Computers and Electronics|Coordinating the Work and Activities of Others|Coordination|Critical Thinking|Developing and Building Teams|English Language|Establishing and Maintaining Interpersonal Relationships|Getting Information|Guiding, Directing, and Motivating Subordinates|Identifying Objects, Actions, and Events|Interpreting the Meaning of Information for Others|Making Decisions and Solving Problems|Management of Personnel Resources|Reading Comprehension|Resolving Conflicts and Negotiating with Others|Updating and Using Relevant Knowledge|Working with Computers",20,4,Essential Skills|Knowledge|Transferable Skills|Work Activities,0.668791,0.126876,66.88,12.69,30,exam-fee-required,200,PSM I,ไม่หมดอายุ,ไม่มี,core_gap_closure,certification_only|both,3,pending_verification,,,[FETCH_ERROR] ดึงหน้าไม่ได้ อาจมีระบบกันบอท ต้องตรวจซ้ำด้วยมือ,CORPUS-IS68076026-v1.5R-01OCT26,ONET31.0-IS68076026-v1.0,v0.9_core
CRT-R19-08,certification,R19,ผู้จัดการโครงการไอที,IT Project Manager,15-1299.09,management,exact,8,SAFe 6 Agilist (Leading SAFe),"Scaled Agile, Inc.",vendor_or_body,Scaled Agile,https://scaledagile.com/certifications/,vendor_neutral_cert,Professional,4,online exam after training,English,ใบรับรองสำหรับการทำ Agile ในระดับองค์กรหลายทีม ซึ่งธนาคารและองค์กรใหญ่ในไทยนำมาใช้,Scaled Agile Framework|Agile Release Train|Lean portfolio management|PI planning,SAFe|Jira Align,no,REQ-R19-2.A.1.a|REQ-R19-2.A.1.b|REQ-R19-2.A.2.a|REQ-R19-2.B.1.b|REQ-R19-2.B.5.d|REQ-R19-2.C.3.a|REQ-R19-2.C.7.a|REQ-R19-4.A.1.a.1|REQ-R19-4.A.1.b.1|REQ-R19-4.A.2.b.1|REQ-R19-4.A.2.b.3|REQ-R19-4.A.2.b.4|REQ-R19-4.A.3.b.1|REQ-R19-4.A.4.a.1|REQ-R19-4.A.4.a.2|REQ-R19-4.A.4.a.3|REQ-R19-4.A.4.a.4|REQ-R19-4.A.4.a.7|REQ-R19-4.A.4.b.1|REQ-R19-4.A.4.b.2|REQ-R19-4.A.4.b.4|REQ-R19-4.A.4.c.3,REQ-R19-2.B.1.b|REQ-R19-4.A.2.b.4|REQ-R19-4.A.4.b.1|REQ-R19-4.A.4.b.2,"Active Listening|Communicating with People Outside the Organization|Communicating with Supervisors, Peers, or Subordinates|Computers and Electronics|Coordinating the Work and Activities of Others|Coordination|Critical Thinking|Developing Objectives and Strategies|Developing and Building Teams|English Language|Establishing and Maintaining Interpersonal Relationships|Getting Information|Guiding, Directing, and Motivating Subordinates|Identifying Objects, Actions, and Events|Interpreting the Meaning of Information for Others|Making Decisions and Solving Problems|Management of Personnel Resources|Monitoring and Controlling Resources|Reading Comprehension|Resolving Conflicts and Negotiating with Others|Updating and Using Relevant Knowledge|Working with Computers",22,4,Essential Skills|Knowledge|Transferable Skills|Work Activities,0.736618,0.136897,73.66,13.69,40,exam-fee-required,995,SA (SAFe 6),1,แนะนำประสบการณ์ Agile,advanced_or_cert_prep,certification_only|both,3,verified,2026-08-31,ผู้วิจัย (ตรวจด้วยการดึงหน้าเว็บ 31 ส.ค. 2026),,CORPUS-IS68076026-v1.5R-01OCT26,ONET31.0-IS68076026-v1.0,v0.9_core
CRT-R19-09,certification,R19,ผู้จัดการโครงการไอที,IT Project Manager,15-1299.09,management,exact,9,ITIL 4 Foundation,PeopleCert (AXELOS),vendor_or_body,PeopleCert,https://www.peoplecert.org/browse-certifications/it-governance-and-service-management/ITIL-1/itil-4-foundation-2565,vendor_neutral_cert,Beginner,1,proctored exam,English,กรอบการบริหารบริการไอทีที่องค์กรไทยใช้เป็นมาตรฐาน ช่วยให้ PM เข้าใจงานปฏิบัติการหลังส่งมอบโครงการ,IT service management|Service value system|ITIL practices|Continual improvement,ITIL framework|ServiceNow,no,REQ-R19-2.A.1.a|REQ-R19-2.C.1.e|REQ-R19-2.C.3.a|REQ-R19-2.C.7.a|REQ-R19-4.A.1.a.1|REQ-R19-4.A.2.b.3|REQ-R19-4.A.2.b.4|REQ-R19-4.A.3.b.1|REQ-R19-4.A.4.c.3,REQ-R19-2.C.1.e|REQ-R19-4.A.2.b.4,Computers and Electronics|Customer and Personal Service|Developing Objectives and Strategies|English Language|Getting Information|Monitoring and Controlling Resources|Reading Comprehension|Updating and Using Relevant Knowledge|Working with Computers,9,2,Essential Skills|Knowledge|Work Activities,0.303318,0.066584,30.33,6.66,30,exam-fee-required,450,ITIL 4 Foundation,3,ไม่มี,core_gap_closure,certification_only|both,3,verified,2026-08-31,ผู้วิจัย (ตรวจด้วยการดึงหน้าเว็บ 31 ส.ค. 2026),ปรับ source_url ให้ชี้หน้าใบรับรองโดยตรงเมื่อ 2026-08-31,CORPUS-IS68076026-v1.5R-01OCT26,ONET31.0-IS68076026-v1.0,v0.9_core
CRT-R19-10,certification,R19,ผู้จัดการโครงการไอที,IT Project Manager,15-1299.09,management,exact,10,Google Project Management Professional Certificate (credential),Google,mooc_platform,Coursera,https://www.coursera.org/professional-certificates/google-project-management,professional_certificate,Beginner,1,graded assessments + capstone,English,ประกาศนียบัตรที่ ACE แนะนำให้เทียบ 12 หน่วยกิต และนับเป็นชั่วโมงอบรมสำหรับสมัครสอบ CAPM ได้,Project management fundamentals|Agile|Documentation|Stakeholder management|Portfolio artifacts,Asana|Jira,yes,REQ-R19-2.A.1.a|REQ-R19-2.A.1.b|REQ-R19-2.A.2.a|REQ-R19-2.B.1.b|REQ-R19-2.B.5.a|REQ-R19-2.B.5.d|REQ-R19-2.C.1.e|REQ-R19-2.C.3.a|REQ-R19-2.C.7.a|REQ-R19-4.A.1.a.1|REQ-R19-4.A.1.b.1|REQ-R19-4.A.2.b.1|REQ-R19-4.A.2.b.3|REQ-R19-4.A.2.b.6|REQ-R19-4.A.3.b.1|REQ-R19-4.A.3.b.6|REQ-R19-4.A.4.a.1|REQ-R19-4.A.4.a.2|REQ-R19-4.A.4.a.3|REQ-R19-4.A.4.a.4|REQ-R19-4.A.4.a.7|REQ-R19-4.A.4.b.1|REQ-R19-4.A.4.b.2|REQ-R19-4.A.4.b.4|REQ-R19-4.A.4.c.3,REQ-R19-2.B.1.b|REQ-R19-4.A.2.b.6|REQ-R19-4.A.3.b.6|REQ-R19-4.A.4.a.2,"Active Listening|Communicating with People Outside the Organization|Communicating with Supervisors, Peers, or Subordinates|Computers and Electronics|Coordinating the Work and Activities of Others|Coordination|Critical Thinking|Customer and Personal Service|Developing and Building Teams|Documenting/Recording Information|English Language|Establishing and Maintaining Interpersonal Relationships|Getting Information|Guiding, Directing, and Motivating Subordinates|Identifying Objects, Actions, and Events|Interpreting the Meaning of Information for Others|Making Decisions and Solving Problems|Management of Personnel Resources|Monitoring and Controlling Resources|Organizing, Planning, and Prioritizing Work|Reading Comprehension|Resolving Conflicts and Negotiating with Others|Time Management|Updating and Using Relevant Knowledge|Working with Computers",25,4,Essential Skills|Knowledge|Transferable Skills|Work Activities,0.835445,0.136043,83.54,13.60,180,paid,245,Google PM,ไม่หมดอายุ,ไม่มี,core_gap_closure,certification_only|both,3,verified,2026-08-31,ผู้วิจัย (ตรวจด้วยการดึงหน้าเว็บ 31 ส.ค. 2026),,CORPUS-IS68076026-v1.5R-01OCT26,ONET31.0-IS68076026-v1.0,v0.9_core
CRS-R19-01,course,R19,ผู้จัดการโครงการไอที,IT Project Manager,15-1299.09,management,exact,1,Google Project Management Professional Certificate,Google,mooc_platform,Coursera,https://www.coursera.org/professional-certificates/google-project-management,professional_certificate,Beginner,1,self-paced online,English,เรียนบริหารโครงการครบวงจรทั้ง waterfall และ Agile พร้อมเอกสารและเครื่องมือที่ใช้ได้จริง (ACE แนะนำเทียบ 12 หน่วยกิต),Project lifecycle|Scope and schedule management|Risk management|Agile and Scrum|Stakeholder communication,Asana|Jira|Google Workspace,yes,REQ-R19-2.A.1.a|REQ-R19-2.A.1.b|REQ-R19-2.A.2.a|REQ-R19-2.B.1.b|REQ-R19-2.B.5.a|REQ-R19-2.B.5.d|REQ-R19-2.C.1.e|REQ-R19-2.C.3.a|REQ-R19-2.C.7.a|REQ-R19-4.A.1.a.1|REQ-R19-4.A.1.b.1|REQ-R19-4.A.2.b.1|REQ-R19-4.A.2.b.3|REQ-R19-4.A.2.b.4|REQ-R19-4.A.2.b.5|REQ-R19-4.A.2.b.6|REQ-R19-4.A.3.b.1|REQ-R19-4.A.3.b.6|REQ-R19-4.A.4.a.1|REQ-R19-4.A.4.a.2|REQ-R19-4.A.4.a.3|REQ-R19-4.A.4.a.4|REQ-R19-4.A.4.a.7|REQ-R19-4.A.4.b.1|REQ-R19-4.A.4.b.2|REQ-R19-4.A.4.b.4|REQ-R19-4.A.4.c.3,REQ-R19-2.B.1.b|REQ-R19-2.B.5.a|REQ-R19-4.A.2.b.4|REQ-R19-4.A.2.b.5|REQ-R19-4.A.2.b.6|REQ-R19-4.A.3.b.6|REQ-R19-4.A.4.a.2,"Active Listening|Communicating with People Outside the Organization|Communicating with Supervisors, Peers, or Subordinates|Computers and Electronics|Coordinating the Work and Activities of Others|Coordination|Critical Thinking|Customer and Personal Service|Developing Objectives and Strategies|Developing and Building Teams|Documenting/Recording Information|English Language|Establishing and Maintaining Interpersonal Relationships|Getting Information|Guiding, Directing, and Motivating Subordinates|Identifying Objects, Actions, and Events|Interpreting the Meaning of Information for Others|Making Decisions and Solving Problems|Management of Personnel Resources|Monitoring and Controlling Resources|Organizing, Planning, and Prioritizing Work|Reading Comprehension|Resolving Conflicts and Negotiating with Others|Scheduling Work and Activities|Time Management|Updating and Using Relevant Knowledge|Working with Computers",27,7,Essential Skills|Knowledge|Transferable Skills|Work Activities,0.903661,0.235337,90.37,23.53,180,paid,245,,,ไม่มี,core_gap_closure,course_only|both,3,verified,2026-08-31,ผู้วิจัย (ตรวจด้วยการดึงหน้าเว็บ 31 ส.ค. 2026),,CORPUS-IS68076026-v1.5R-01OCT26,ONET31.0-IS68076026-v1.0,v0.9_core
CRS-R19-02,course,R19,ผู้จัดการโครงการไอที,IT Project Manager,15-1299.09,management,exact,2,Project Management Principles and Practices Specialization,University of California Irvine,mooc_platform,Coursera,https://www.coursera.org/specializations/project-management,specialization,Intermediate,2,self-paced online,English,เจาะลึกการวางแผนงบประมาณ กำหนดการ และการจัดการความเสี่ยงตามมาตรฐาน PMI,Work breakdown structure|Scheduling|Budgeting|Risk management|Change control,Microsoft Project|Excel,yes,REQ-R19-2.A.1.a|REQ-R19-2.A.2.a|REQ-R19-2.B.5.a|REQ-R19-2.C.3.a|REQ-R19-2.C.7.a|REQ-R19-4.A.1.a.1|REQ-R19-4.A.1.b.1|REQ-R19-4.A.2.b.1|REQ-R19-4.A.2.b.3|REQ-R19-4.A.2.b.4|REQ-R19-4.A.2.b.5|REQ-R19-4.A.2.b.6|REQ-R19-4.A.3.b.1|REQ-R19-4.A.4.c.3,REQ-R19-4.A.2.b.5|REQ-R19-4.A.2.b.6|REQ-R19-4.A.4.c.3,"Computers and Electronics|Critical Thinking|Developing Objectives and Strategies|English Language|Getting Information|Identifying Objects, Actions, and Events|Making Decisions and Solving Problems|Monitoring and Controlling Resources|Organizing, Planning, and Prioritizing Work|Reading Comprehension|Scheduling Work and Activities|Time Management|Updating and Using Relevant Knowledge|Working with Computers",14,3,Essential Skills|Knowledge|Transferable Skills|Work Activities,0.471449,0.104654,47.14,10.47,120,paid,245,,,ไม่มี,core_gap_closure,course_only|both,3,verified,2026-08-31,ผู้วิจัย (ตรวจด้วยการดึงหน้าเว็บ 31 ส.ค. 2026),,CORPUS-IS68076026-v1.5R-01OCT26,ONET31.0-IS68076026-v1.0,v0.9_core
CRS-R19-03,course,R19,ผู้จัดการโครงการไอที,IT Project Manager,15-1299.09,management,exact,3,IBM IT Project Manager Professional Certificate,IBM,mooc_platform,Coursera,https://www.coursera.org/professional-certificates/ibm-it-project-manager,professional_certificate,Beginner,1,self-paced online,English,"บริหารโครงการไอทีโดยเฉพาะ ครอบคลุมทั้ง DevOps, คลาวด์ และการทำงานกับทีมเทคนิค",IT project management|Agile|DevOps awareness|Vendor management|Technical communication,Jira|Trello|Cloud platforms,yes,REQ-R19-2.A.1.a|REQ-R19-2.A.1.b|REQ-R19-2.A.2.a|REQ-R19-2.B.1.b|REQ-R19-2.B.5.a|REQ-R19-2.B.5.d|REQ-R19-2.C.3.a|REQ-R19-2.C.7.a|REQ-R19-4.A.1.a.1|REQ-R19-4.A.1.b.1|REQ-R19-4.A.2.b.1|REQ-R19-4.A.2.b.3|REQ-R19-4.A.2.b.4|REQ-R19-4.A.2.b.6|REQ-R19-4.A.3.b.1|REQ-R19-4.A.4.a.1|REQ-R19-4.A.4.a.2|REQ-R19-4.A.4.a.3|REQ-R19-4.A.4.a.4|REQ-R19-4.A.4.a.7|REQ-R19-4.A.4.b.1|REQ-R19-4.A.4.b.2|REQ-R19-4.A.4.b.4|REQ-R19-4.A.4.c.3,REQ-R19-2.B.1.b|REQ-R19-2.B.5.d|REQ-R19-4.A.2.b.4|REQ-R19-4.A.2.b.6|REQ-R19-4.A.4.a.1|REQ-R19-4.A.4.b.1,"Active Listening|Communicating with People Outside the Organization|Communicating with Supervisors, Peers, or Subordinates|Computers and Electronics|Coordinating the Work and Activities of Others|Coordination|Critical Thinking|Developing Objectives and Strategies|Developing and Building Teams|English Language|Establishing and Maintaining Interpersonal Relationships|Getting Information|Guiding, Directing, and Motivating Subordinates|Identifying Objects, Actions, and Events|Interpreting the Meaning of Information for Others|Making Decisions and Solving Problems|Management of Personnel Resources|Monitoring and Controlling Resources|Organizing, Planning, and Prioritizing Work|Reading Comprehension|Resolving Conflicts and Negotiating with Others|Time Management|Updating and Using Relevant Knowledge|Working with Computers",24,6,Essential Skills|Knowledge|Transferable Skills|Work Activities,0.803591,0.202161,80.36,20.22,180,paid,245,,,ไม่มี,core_gap_closure,course_only|both,3,verified,2026-08-31,ผู้วิจัย (ตรวจด้วยการดึงหน้าเว็บ 31 ส.ค. 2026),,CORPUS-IS68076026-v1.5R-01OCT26,ONET31.0-IS68076026-v1.0,v0.9_core
CRS-R19-04,course,R19,ผู้จัดการโครงการไอที,IT Project Manager,15-1299.09,management,exact,4,Agile Development Specialization,University of Virginia,mooc_platform,Coursera,https://www.coursera.org/specializations/agile-development,specialization,Intermediate,2,self-paced online,English,บริหารทีมพัฒนาแบบ Agile ทั้งการทดลองผลิตภัณฑ์ การวัดผล และการปรับแผนตามผลตอบรับ,Agile management|Product experimentation|Team dynamics|Metrics|Continuous improvement,Jira|Analytics tools,no,REQ-R19-2.A.1.a|REQ-R19-2.A.1.b|REQ-R19-2.A.2.a|REQ-R19-2.B.1.b|REQ-R19-2.B.5.d|REQ-R19-2.C.3.a|REQ-R19-2.C.7.a|REQ-R19-4.A.1.a.1|REQ-R19-4.A.1.b.1|REQ-R19-4.A.2.a.2|REQ-R19-4.A.2.a.4|REQ-R19-4.A.2.b.1|REQ-R19-4.A.2.b.3|REQ-R19-4.A.2.b.4|REQ-R19-4.A.3.b.1|REQ-R19-4.A.4.a.1|REQ-R19-4.A.4.a.2|REQ-R19-4.A.4.a.3|REQ-R19-4.A.4.a.4|REQ-R19-4.A.4.a.7|REQ-R19-4.A.4.b.1|REQ-R19-4.A.4.b.2|REQ-R19-4.A.4.b.4|REQ-R19-4.A.4.c.3,REQ-R19-2.B.1.b|REQ-R19-4.A.2.a.4|REQ-R19-4.A.2.b.4|REQ-R19-4.A.4.b.2|REQ-R19-4.A.4.b.4,"Active Listening|Analyzing Data or Information|Communicating with People Outside the Organization|Communicating with Supervisors, Peers, or Subordinates|Computers and Electronics|Coordinating the Work and Activities of Others|Coordination|Critical Thinking|Developing Objectives and Strategies|Developing and Building Teams|English Language|Establishing and Maintaining Interpersonal Relationships|Getting Information|Guiding, Directing, and Motivating Subordinates|Identifying Objects, Actions, and Events|Interpreting the Meaning of Information for Others|Making Decisions and Solving Problems|Management of Personnel Resources|Monitoring and Controlling Resources|Processing Information|Reading Comprehension|Resolving Conflicts and Negotiating with Others|Updating and Using Relevant Knowledge|Working with Computers",24,5,Essential Skills|Knowledge|Transferable Skills|Work Activities,0.801104,0.164790,80.11,16.48,80,paid,245,,,พื้นฐานการบริหารโครงการ,advanced_or_cert_prep,course_only|both,3,verified,2026-08-31,ผู้วิจัย (ตรวจด้วยการดึงหน้าเว็บ 31 ส.ค. 2026),,CORPUS-IS68076026-v1.5R-01OCT26,ONET31.0-IS68076026-v1.0,v0.9_core
CRS-R19-05,course,R19,ผู้จัดการโครงการไอที,IT Project Manager,15-1299.09,management,exact,5,PMI Authorized PMP Exam Preparation,Project Management Institute,vendor_or_body,PMI / Authorized Training Partners,https://www.pmi.org/certifications/project-management-pmp,single_course,Advanced,3,self-paced online,English,หลักสูตรเตรียมสอบทางการที่นับเป็น 35 ชั่วโมงอบรมตามเงื่อนไขการสมัครสอบ PMP,PMP exam domains|Predictive and agile approaches|People and process|Business environment,PMBOK Guide|Agile Practice Guide,no,REQ-R19-2.A.1.a|REQ-R19-2.A.2.a|REQ-R19-2.B.1.b|REQ-R19-2.B.5.a|REQ-R19-2.B.5.d|REQ-R19-2.C.3.a|REQ-R19-2.C.7.a|REQ-R19-4.A.1.a.1|REQ-R19-4.A.1.b.1|REQ-R19-4.A.2.b.1|REQ-R19-4.A.2.b.3|REQ-R19-4.A.2.b.4|REQ-R19-4.A.2.b.6|REQ-R19-4.A.3.b.1,REQ-R19-2.B.1.b|REQ-R19-2.B.5.a|REQ-R19-2.B.5.d|REQ-R19-4.A.2.b.4|REQ-R19-4.A.2.b.6,"Computers and Electronics|Coordination|Critical Thinking|Developing Objectives and Strategies|English Language|Getting Information|Identifying Objects, Actions, and Events|Making Decisions and Solving Problems|Management of Personnel Resources|Organizing, Planning, and Prioritizing Work|Reading Comprehension|Time Management|Updating and Using Relevant Knowledge|Working with Computers",14,5,Essential Skills|Knowledge|Transferable Skills|Work Activities,0.463913,0.161838,46.39,16.18,35,paid,700,,,ประสบการณ์บริหารโครงการ,advanced_or_cert_prep,course_only|both,3,verified,2026-08-31,ผู้วิจัย (ตรวจด้วยการดึงหน้าเว็บ 31 ส.ค. 2026),,CORPUS-IS68076026-v1.5R-01OCT26,ONET31.0-IS68076026-v1.0,v0.9_core
CRS-R19-06,course,R19,ผู้จัดการโครงการไอที,IT Project Manager,15-1299.09,management,exact,6,Project Risk Management,Coursera Instructor Network,mooc_platform,Coursera,https://www.coursera.org/learn/project-risk-management-,single_course,Intermediate,2,self-paced online,English,ระบุ ประเมิน และรับมือความเสี่ยงอย่างเป็นระบบ ซึ่งเป็นสาเหตุหลักที่โครงการไอทีล่าช้า,Risk identification|Qualitative and quantitative risk analysis|Risk response|Change management,Risk register templates,no,REQ-R19-2.A.1.a|REQ-R19-2.A.2.a|REQ-R19-2.C.3.a|REQ-R19-2.C.7.a|REQ-R19-4.A.1.a.1|REQ-R19-4.A.1.b.1|REQ-R19-4.A.2.a.2|REQ-R19-4.A.2.a.4|REQ-R19-4.A.2.b.1|REQ-R19-4.A.2.b.3|REQ-R19-4.A.2.b.4|REQ-R19-4.A.3.b.1|REQ-R19-4.A.4.c.3,REQ-R19-4.A.2.b.1|REQ-R19-4.A.2.b.4,"Analyzing Data or Information|Computers and Electronics|Critical Thinking|Developing Objectives and Strategies|English Language|Getting Information|Identifying Objects, Actions, and Events|Making Decisions and Solving Problems|Monitoring and Controlling Resources|Processing Information|Reading Comprehension|Updating and Using Relevant Knowledge|Working with Computers",13,2,Essential Skills|Knowledge|Work Activities,0.434388,0.067827,43.44,6.78,20,paid,49,,,พื้นฐานการบริหารโครงการ,core_gap_closure,course_only|both,3,verified,2026-08-31,ผู้วิจัย (ตรวจด้วยการดึงหน้าเว็บ 31 ส.ค. 2026),[FIX 2026-08-31] แก้ URL ตามหน้าปลายทางที่ยืนยันแล้ว,CORPUS-IS68076026-v1.5R-01OCT26,ONET31.0-IS68076026-v1.0,v0.9_core
CRS-R19-07,course,R19,ผู้จัดการโครงการไอที,IT Project Manager,15-1299.09,management,exact,7,Leading Teams Specialization,University of Michigan,mooc_platform,Coursera,https://www.coursera.org/specializations/leading-teams,specialization,Intermediate,2,self-paced online,English,ปิดช่องว่างสมรรถนะเชิงพฤติกรรมซึ่งเป็นสัดส่วนใหญ่ที่สุดของบทบาทนี้ (requirement vector n=82),Team leadership|Motivation|Conflict resolution|Feedback|Team culture design,Team assessment tools,no,REQ-R19-2.A.1.a|REQ-R19-2.A.1.b|REQ-R19-2.A.2.a|REQ-R19-2.B.5.d|REQ-R19-2.C.3.a|REQ-R19-2.C.7.a|REQ-R19-4.A.1.a.1|REQ-R19-4.A.1.b.1|REQ-R19-4.A.2.b.1|REQ-R19-4.A.2.b.3|REQ-R19-4.A.3.b.1|REQ-R19-4.A.4.a.1|REQ-R19-4.A.4.a.2|REQ-R19-4.A.4.a.3|REQ-R19-4.A.4.a.4|REQ-R19-4.A.4.a.7|REQ-R19-4.A.4.b.1|REQ-R19-4.A.4.b.2|REQ-R19-4.A.4.b.4,REQ-R19-2.B.5.d|REQ-R19-4.A.4.a.4|REQ-R19-4.A.4.a.7|REQ-R19-4.A.4.b.2|REQ-R19-4.A.4.b.4,"Active Listening|Communicating with People Outside the Organization|Communicating with Supervisors, Peers, or Subordinates|Computers and Electronics|Coordinating the Work and Activities of Others|Critical Thinking|Developing and Building Teams|English Language|Establishing and Maintaining Interpersonal Relationships|Getting Information|Guiding, Directing, and Motivating Subordinates|Identifying Objects, Actions, and Events|Interpreting the Meaning of Information for Others|Making Decisions and Solving Problems|Management of Personnel Resources|Reading Comprehension|Resolving Conflicts and Negotiating with Others|Updating and Using Relevant Knowledge|Working with Computers",19,5,Essential Skills|Knowledge|Transferable Skills|Work Activities,0.637713,0.164478,63.77,16.45,60,paid,245,,,ไม่มี,core_gap_closure,course_only|both,3,verified,2026-08-31,ผู้วิจัย (ตรวจด้วยการดึงหน้าเว็บ 31 ส.ค. 2026),,CORPUS-IS68076026-v1.5R-01OCT26,ONET31.0-IS68076026-v1.0,v0.9_core
CRS-R19-08,course,R19,ผู้จัดการโครงการไอที,IT Project Manager,15-1299.09,management,exact,8,PRINCE2 Foundation Training,PeopleCert (AXELOS),vendor_or_body,PeopleCert Accredited Training Organizations,https://www.peoplecert.org/browse-certifications/project-programme-and-portfolio-management/PRINCE2,single_course,Intermediate,2,self-paced online,English,เรียนกรอบบริหารโครงการที่หน่วยงานภาครัฐและองค์กรยุโรปใช้เป็นมาตรฐาน เสริมจาก PMBOK,PRINCE2 principles|Themes and processes|Business case|Project governance|Tailoring,PRINCE2 templates,no,REQ-R19-2.A.1.a|REQ-R19-2.A.2.a|REQ-R19-2.C.3.a|REQ-R19-2.C.7.a|REQ-R19-4.A.1.a.1|REQ-R19-4.A.1.b.1|REQ-R19-4.A.2.b.1|REQ-R19-4.A.2.b.3|REQ-R19-4.A.2.b.4|REQ-R19-4.A.2.b.6|REQ-R19-4.A.3.b.1|REQ-R19-4.A.3.b.6|REQ-R19-4.A.4.c.3,REQ-R19-4.A.2.b.4|REQ-R19-4.A.2.b.6|REQ-R19-4.A.3.b.6,"Computers and Electronics|Critical Thinking|Developing Objectives and Strategies|Documenting/Recording Information|English Language|Getting Information|Identifying Objects, Actions, and Events|Making Decisions and Solving Problems|Monitoring and Controlling Resources|Organizing, Planning, and Prioritizing Work|Reading Comprehension|Updating and Using Relevant Knowledge|Working with Computers",13,3,Essential Skills|Knowledge|Work Activities,0.438351,0.102091,43.84,10.21,30,paid,800,,,ไม่มี,advanced_or_cert_prep,course_only|both,3,pending_verification,,,[FETCH_ERROR] เซิร์ฟเวอร์ตอบ 500 ต้องตรวจซ้ำด้วยมือ,CORPUS-IS68076026-v1.5R-01OCT26,ONET31.0-IS68076026-v1.0,v0.9_core
CRS-R19-09,course,R19,ผู้จัดการโครงการไอที,IT Project Manager,15-1299.09,management,exact,9,Introduction to Scrum Master Training,LearnQuest,mooc_platform,Coursera,https://www.coursera.org/learn/introduction-to-certified-scrum-master,single_course,Beginner,1,self-paced online,English,เข้าใจบทบาท Scrum Master และการอำนวยความสะดวกให้ทีม ซึ่งเป็นหน้าที่ที่ PM ไอทีมักต้องรับควบ,Scrum framework|Facilitation|Impediment removal|Servant leadership|Sprint events,Scrum|Jira,no,REQ-R19-2.A.1.a|REQ-R19-2.A.1.b|REQ-R19-2.B.1.b|REQ-R19-2.B.5.d|REQ-R19-2.C.3.a|REQ-R19-2.C.7.a|REQ-R19-4.A.1.a.1|REQ-R19-4.A.2.b.3|REQ-R19-4.A.2.b.5|REQ-R19-4.A.3.b.1|REQ-R19-4.A.4.a.1|REQ-R19-4.A.4.a.2|REQ-R19-4.A.4.a.3|REQ-R19-4.A.4.a.4|REQ-R19-4.A.4.a.7|REQ-R19-4.A.4.b.1|REQ-R19-4.A.4.b.2|REQ-R19-4.A.4.b.4,REQ-R19-2.A.1.b|REQ-R19-2.B.1.b|REQ-R19-4.A.4.a.4|REQ-R19-4.A.4.b.1|REQ-R19-4.A.4.b.2,"Active Listening|Communicating with People Outside the Organization|Communicating with Supervisors, Peers, or Subordinates|Computers and Electronics|Coordinating the Work and Activities of Others|Coordination|Developing and Building Teams|English Language|Establishing and Maintaining Interpersonal Relationships|Getting Information|Guiding, Directing, and Motivating Subordinates|Interpreting the Meaning of Information for Others|Management of Personnel Resources|Reading Comprehension|Resolving Conflicts and Negotiating with Others|Scheduling Work and Activities|Updating and Using Relevant Knowledge|Working with Computers",18,5,Essential Skills|Knowledge|Transferable Skills|Work Activities,0.603839,0.167975,60.38,16.80,15,paid,49,,,ไม่มี,foundation,course_only|both,2,verified,2026-08-31,ผู้วิจัย (ตรวจด้วยการดึงหน้าเว็บ 31 ส.ค. 2026),[FIX 2026-08-31] แก้ URL ตามหน้าปลายทางที่ยืนยันแล้ว,CORPUS-IS68076026-v1.5R-01OCT26,ONET31.0-IS68076026-v1.0,v0.9_core
CRS-R19-10,course,R19,ผู้จัดการโครงการไอที,IT Project Manager,15-1299.09,management,exact,10,Project Management with Microsoft Project,Microsoft,vendor_or_body,Microsoft Learn,https://learn.microsoft.com/en-us/training/browse/?products=project,specialization,Beginner,1,self-paced online,English,ใช้เครื่องมือวางแผนกำหนดการและทรัพยากรที่องค์กรไทยขนาดใหญ่ยังใช้เป็นมาตรฐานในการรายงาน,Schedule development|Resource leveling|Baseline tracking|Progress reporting|Gantt charts,Microsoft Project|Project for the web,no,REQ-R19-2.A.1.a|REQ-R19-2.C.3.a|REQ-R19-2.C.7.a|REQ-R19-4.A.1.a.1|REQ-R19-4.A.1.a.2|REQ-R19-4.A.2.a.2|REQ-R19-4.A.2.a.4|REQ-R19-4.A.2.b.3|REQ-R19-4.A.2.b.4|REQ-R19-4.A.2.b.5|REQ-R19-4.A.2.b.6|REQ-R19-4.A.3.b.1|REQ-R19-4.A.3.b.6|REQ-R19-4.A.4.c.3,REQ-R19-4.A.2.b.5|REQ-R19-4.A.2.b.6|REQ-R19-4.A.3.b.1|REQ-R19-4.A.3.b.6|REQ-R19-4.A.4.c.3,"Analyzing Data or Information|Computers and Electronics|Developing Objectives and Strategies|Documenting/Recording Information|English Language|Getting Information|Monitoring Processes, Materials, or Surroundings|Monitoring and Controlling Resources|Organizing, Planning, and Prioritizing Work|Processing Information|Reading Comprehension|Scheduling Work and Activities|Updating and Using Relevant Knowledge|Working with Computers",14,5,Essential Skills|Knowledge|Work Activities,0.469740,0.172326,46.97,17.23,20,free,0,,,ไม่มี,foundation,course_only|both,2,verified,2026-08-31,ผู้วิจัย (ตรวจด้วยการดึงหน้าเว็บ 31 ส.ค. 2026),,CORPUS-IS68076026-v1.5R-01OCT26,ONET31.0-IS68076026-v1.0,v0.9_core
CRS-R19-11,course,R19,ผู้จัดการโครงการไอที,IT Project Manager,15-1299.09,management,exact,11,Introduction to Linux (LFS101),The Linux Foundation,mooc_platform,edX,https://www.edx.org/course/introduction-to-linux,single_course,Beginner,1,self-paced online,English,DBA ส่วนใหญ่ทำงานบน Linux หลักสูตรนี้ปิดช่องว่างด้านระบบปฏิบัติการที่พบบ่อยในผู้เริ่มต้น,Linux command line|File systems|Process management|Shell scripting|System administration,Linux|Bash,no,REQ-R19-2.C.3.a|REQ-R19-4.A.1.a.2|REQ-R19-4.A.3.b.1,REQ-R19-2.C.3.a|REQ-R19-4.A.1.a.2|REQ-R19-4.A.3.b.1,"Computers and Electronics|Monitoring Processes, Materials, or Surroundings|Working with Computers",3,3,Knowledge|Work Activities,0.099527,0.099527,9.95,9.95,60,free,0,,,ไม่มี,foundation,course_only|both,3,verified,2026-08-31,ผู้วิจัย (ตรวจด้วยการดึงหน้าเว็บ 31 ส.ค. 2026),DEC-16 ขยายข้ามบทบาทจาก CRS-R10-10 · คงชื่อ ผู้ให้บริการ URL ชั่วโมง และค่าใช้จ่ายเดิมทุกค่า · ต้องทบทวน mapping ก่อน FREEZE,CORPUS-IS68076026-v1.5R-01OCT26,ONET31.0-IS68076026-v1.0,v1.3_crossrole
CRS-R19-12,course,R19,ผู้จัดการโครงการไอที,IT Project Manager,15-1299.09,management,exact,12,Improving Communication Skills,University of Pennsylvania (Wharton),mooc_platform,Coursera,https://www.coursera.org/learn/wharton-communication-skills,single_course,Beginner,1,self-paced online,English,สื่อสารเชิงวิชาชีพอย่างมีประสิทธิผล ฟังอย่างตั้งใจ ตีความสารของผู้อื่น สร้างความไว้วางใจ และสื่อสารกับผู้มีส่วนได้เสียทั้งในและนอกองค์กร,Active listening|Professional communication|Stakeholder communication|Building trust|Persuasion,,no,REQ-R19-2.A.1.b|REQ-R19-4.A.4.a.1|REQ-R19-4.A.4.a.2|REQ-R19-4.A.4.a.3|REQ-R19-4.A.4.a.4,REQ-R19-2.A.1.b|REQ-R19-4.A.4.a.1|REQ-R19-4.A.4.a.2|REQ-R19-4.A.4.a.3|REQ-R19-4.A.4.a.4,"Active Listening|Communicating with People Outside the Organization|Communicating with Supervisors, Peers, or Subordinates|Establishing and Maintaining Interpersonal Relationships|Interpreting the Meaning of Information for Others",5,5,Essential Skills|Work Activities,0.167043,0.167043,16.70,16.70,10,low-cost,49,,,,core_gap_closure,course_only|both,2,verified,2026-08-31,ผู้วิจัย (ตรวจด้วยการดึงหน้าเว็บ 31 ส.ค. 2026),DEC-16 ขยายข้ามบทบาทจาก CRS-R07-11 · คงชื่อ ผู้ให้บริการ URL ชั่วโมง และค่าใช้จ่ายเดิมทุกค่า · ต้องทบทวน mapping ก่อน FREEZE,CORPUS-IS68076026-v1.5R-01OCT26,ONET31.0-IS68076026-v1.0,v1.3_crossrole
CRT-R20-01,certification,R20,ผู้จัดการฝ่ายสารสนเทศ,IT / IS Manager,11-3021.00,management,exact,1,ISACA Certified Information Systems Auditor (CISA),ISACA,vendor_or_body,ISACA,https://www.isaca.org/credentialing/cisa,vendor_neutral_cert,Professional,4,proctored exam,English,ใบรับรองที่ธนาคารแห่งประเทศไทยและผู้ตรวจสอบภายในให้ค่าสูง เหมาะกับผู้จัดการที่ดูแลการควบคุมไอที,IS audit process|IT governance|Systems acquisition|Operations and resilience|Information asset protection,Audit frameworks|COBIT,no,REQ-R20-2.A.1.a|REQ-R20-2.A.2.a|REQ-R20-2.B.2.i|REQ-R20-2.B.4.e|REQ-R20-2.C.1.a|REQ-R20-2.C.3.a|REQ-R20-4.A.1.a.1|REQ-R20-4.A.1.b.1|REQ-R20-4.A.2.a.1|REQ-R20-4.A.2.a.3|REQ-R20-4.A.2.a.4|REQ-R20-4.A.2.b.1|REQ-R20-4.A.2.b.3|REQ-R20-4.A.2.b.4|REQ-R20-4.A.2.b.6|REQ-R20-4.A.3.b.1,REQ-R20-2.B.4.e|REQ-R20-2.C.1.a|REQ-R20-4.A.2.a.3|REQ-R20-4.A.2.a.4,"Administration and Management|Analyzing Data or Information|Complex Problem Solving|Computers and Electronics|Critical Thinking|Developing Objectives and Strategies|Evaluating Information to Determine Compliance with Standards|Getting Information|Identifying Objects, Actions, and Events|Judging the Qualities of Objects, Services, or People|Judgment and Decision Making|Making Decisions and Solving Problems|Organizing, Planning, and Prioritizing Work|Reading Comprehension|Updating and Using Relevant Knowledge|Working with Computers",16,4,Essential Skills|Knowledge|Transferable Skills|Work Activities,0.546645,0.128036,54.66,12.80,180,exam-fee-required,760,CISA,3,ประสบการณ์ตรวจสอบ/ควบคุมไอที 5 ปี,advanced_or_cert_prep,certification_only|both,3,verified,2026-08-31,ผู้วิจัย (ตรวจด้วยการดึงหน้าเว็บ 31 ส.ค. 2026),,CORPUS-IS68076026-v1.5R-01OCT26,ONET31.0-IS68076026-v1.0,v0.9_core
CRT-R20-02,certification,R20,ผู้จัดการฝ่ายสารสนเทศ,IT / IS Manager,11-3021.00,management,exact,2,ISACA Certified Information Security Manager (CISM),ISACA,vendor_or_body,ISACA,https://www.isaca.org/credentialing/cism,vendor_neutral_cert,Professional,4,proctored exam,English,ใบรับรองด้านการบริหารความมั่นคงปลอดภัยระดับผู้บริหาร เน้นการกำกับดูแลมากกว่างานเทคนิค,Information security governance|Risk management|Security program development|Incident management,Risk frameworks|ISO 27001,no,REQ-R20-2.A.1.a|REQ-R20-2.A.2.a|REQ-R20-2.B.2.i|REQ-R20-2.B.4.e|REQ-R20-2.C.1.a|REQ-R20-2.C.3.a|REQ-R20-4.A.1.a.1|REQ-R20-4.A.1.b.1|REQ-R20-4.A.2.a.1|REQ-R20-4.A.2.a.3|REQ-R20-4.A.2.b.1|REQ-R20-4.A.2.b.3|REQ-R20-4.A.2.b.4|REQ-R20-4.A.2.b.6|REQ-R20-4.A.3.b.1,REQ-R20-2.B.4.e|REQ-R20-2.C.1.a|REQ-R20-4.A.2.a.3|REQ-R20-4.A.2.b.4,"Administration and Management|Complex Problem Solving|Computers and Electronics|Critical Thinking|Developing Objectives and Strategies|Evaluating Information to Determine Compliance with Standards|Getting Information|Identifying Objects, Actions, and Events|Judging the Qualities of Objects, Services, or People|Judgment and Decision Making|Making Decisions and Solving Problems|Organizing, Planning, and Prioritizing Work|Reading Comprehension|Updating and Using Relevant Knowledge|Working with Computers",15,4,Essential Skills|Knowledge|Transferable Skills|Work Activities,0.511651,0.125895,51.17,12.59,180,exam-fee-required,760,CISM,3,ประสบการณ์บริหารความมั่นคงปลอดภัย 5 ปี,advanced_or_cert_prep,certification_only|both,3,verified,2026-08-31,ผู้วิจัย (ตรวจด้วยการดึงหน้าเว็บ 31 ส.ค. 2026),,CORPUS-IS68076026-v1.5R-01OCT26,ONET31.0-IS68076026-v1.0,v0.9_core
CRT-R20-03,certification,R20,ผู้จัดการฝ่ายสารสนเทศ,IT / IS Manager,11-3021.00,management,exact,3,ISACA COBIT 2019 Foundation,ISACA,vendor_or_body,ISACA,https://www.isaca.org/credentialing/cobit,vendor_neutral_cert,Intermediate,2,online exam,English,ใบรับรองธรรมาภิบาลไอทีราคาเข้าถึงได้ ใช้เป็นฐานก่อนต่อยอดสู่ CISA หรือ CGEIT,IT governance framework|Governance and management objectives|Design factors|Performance management,COBIT 2019,no,REQ-R20-2.A.1.a|REQ-R20-2.A.2.a|REQ-R20-2.B.2.i|REQ-R20-2.B.4.e|REQ-R20-2.C.1.a|REQ-R20-2.C.3.a|REQ-R20-4.A.1.a.1|REQ-R20-4.A.1.b.1|REQ-R20-4.A.2.a.1|REQ-R20-4.A.2.a.3|REQ-R20-4.A.2.b.1|REQ-R20-4.A.2.b.3|REQ-R20-4.A.2.b.4|REQ-R20-4.A.3.b.1,REQ-R20-2.C.1.a|REQ-R20-4.A.2.a.3|REQ-R20-4.A.2.b.4,"Administration and Management|Complex Problem Solving|Computers and Electronics|Critical Thinking|Developing Objectives and Strategies|Evaluating Information to Determine Compliance with Standards|Getting Information|Identifying Objects, Actions, and Events|Judging the Qualities of Objects, Services, or People|Judgment and Decision Making|Making Decisions and Solving Problems|Reading Comprehension|Updating and Using Relevant Knowledge|Working with Computers",14,3,Essential Skills|Knowledge|Transferable Skills|Work Activities,0.476163,0.093948,47.62,9.39,40,exam-fee-required,175,COBIT 2019 Foundation,ไม่หมดอายุ,ไม่มี,core_gap_closure,certification_only|both,3,verified,2026-08-31,ผู้วิจัย (ตรวจด้วยการดึงหน้าเว็บ 31 ส.ค. 2026),,CORPUS-IS68076026-v1.5R-01OCT26,ONET31.0-IS68076026-v1.0,v0.9_core
CRT-R20-04,certification,R20,ผู้จัดการฝ่ายสารสนเทศ,IT / IS Manager,11-3021.00,management,exact,4,ITIL 4 Foundation,PeopleCert (AXELOS),vendor_or_body,PeopleCert,https://www.peoplecert.org/browse-certifications/it-governance-and-service-management/ITIL-1/itil-4-foundation-2565,vendor_neutral_cert,Beginner,1,proctored exam,English,ใบรับรองบริหารบริการไอทีที่ประกาศรับสมัครผู้จัดการฝ่ายไอทีในไทยระบุถึงบ่อยที่สุด,Service management|Service value system|Guiding principles|ITIL practices,ITIL 4|ServiceNow,no,REQ-R20-2.A.1.a|REQ-R20-2.C.1.a|REQ-R20-2.C.1.e|REQ-R20-2.C.3.a|REQ-R20-4.A.1.a.1|REQ-R20-4.A.2.a.3|REQ-R20-4.A.2.b.3|REQ-R20-4.A.3.b.1,REQ-R20-2.C.1.a|REQ-R20-2.C.1.e|REQ-R20-4.A.2.a.3,Administration and Management|Computers and Electronics|Customer and Personal Service|Evaluating Information to Determine Compliance with Standards|Getting Information|Reading Comprehension|Updating and Using Relevant Knowledge|Working with Computers,8,3,Essential Skills|Knowledge|Work Activities,0.275504,0.094442,27.55,9.44,30,exam-fee-required,450,ITIL 4 Foundation,3,ไม่มี,core_gap_closure,certification_only|both,3,verified,2026-08-31,ผู้วิจัย (ตรวจด้วยการดึงหน้าเว็บ 31 ส.ค. 2026),ปรับ source_url ให้ชี้หน้าใบรับรองโดยตรงเมื่อ 2026-08-31,CORPUS-IS68076026-v1.5R-01OCT26,ONET31.0-IS68076026-v1.0,v0.9_core
CRT-R20-05,certification,R20,ผู้จัดการฝ่ายสารสนเทศ,IT / IS Manager,11-3021.00,management,exact,5,ITIL 4 Managing Professional,PeopleCert (AXELOS),vendor_or_body,PeopleCert,https://www.peoplecert.org/browse-certifications/it-governance-and-service-management/ITIL,vendor_neutral_cert,Professional,4,multiple proctored exams,English,"ระดับต่อยอดที่ครอบคลุมการบริหารบริการเชิงลึก ทั้ง value stream, ทีมงาน และผู้ให้บริการภายนอก",Service value streams|Team management|Supplier management|Digital service strategy|High-velocity IT,ITIL 4,no,REQ-R20-2.A.1.a|REQ-R20-2.A.1.b|REQ-R20-2.A.1.d|REQ-R20-2.A.2.a|REQ-R20-2.B.2.i|REQ-R20-2.B.4.e|REQ-R20-2.C.1.a|REQ-R20-2.C.1.e|REQ-R20-2.C.3.a|REQ-R20-4.A.1.a.1|REQ-R20-4.A.1.b.1|REQ-R20-4.A.2.b.1|REQ-R20-4.A.2.b.3|REQ-R20-4.A.2.b.4|REQ-R20-4.A.2.b.6|REQ-R20-4.A.3.b.1|REQ-R20-4.A.4.a.2|REQ-R20-4.A.4.a.4|REQ-R20-4.A.4.b.1|REQ-R20-4.A.4.b.2|REQ-R20-4.A.4.b.4|REQ-R20-4.A.4.b.5,REQ-R20-2.C.1.a|REQ-R20-4.A.2.b.4|REQ-R20-4.A.4.b.1,"Active Listening|Administration and Management|Coaching and Developing Others|Communicating with Supervisors, Peers, or Subordinates|Complex Problem Solving|Computers and Electronics|Coordinating the Work and Activities of Others|Critical Thinking|Customer and Personal Service|Developing Objectives and Strategies|Developing and Building Teams|Establishing and Maintaining Interpersonal Relationships|Getting Information|Guiding, Directing, and Motivating Subordinates|Identifying Objects, Actions, and Events|Judgment and Decision Making|Making Decisions and Solving Problems|Organizing, Planning, and Prioritizing Work|Reading Comprehension|Speaking|Updating and Using Relevant Knowledge|Working with Computers",22,3,Essential Skills|Knowledge|Transferable Skills|Work Activities,0.745244,0.095430,74.52,9.54,120,exam-fee-required,2000,ITIL 4 MP,3,ITIL 4 Foundation,advanced_or_cert_prep,certification_only|both,3,pending_verification,,,[FETCH_ERROR] เซิร์ฟเวอร์ตอบ 500 ต้องตรวจซ้ำด้วยมือ,CORPUS-IS68076026-v1.5R-01OCT26,ONET31.0-IS68076026-v1.0,v0.9_core
CRT-R20-06,certification,R20,ผู้จัดการฝ่ายสารสนเทศ,IT / IS Manager,11-3021.00,management,exact,6,TOGAF Enterprise Architecture Practitioner,The Open Group,vendor_or_body,The Open Group,https://www.opengroup.org/certifications/togaf-certification-portfolio,vendor_neutral_cert,Professional,4,proctored exam,English,ใบรับรองสถาปัตยกรรมองค์กรที่ที่ปรึกษาและองค์กรขนาดใหญ่ใช้เป็นคุณสมบัติของตำแหน่งระดับผู้อำนวยการ,Enterprise architecture|ADM application|Architecture governance|Stakeholder management|Roadmapping,TOGAF ADM|ArchiMate,no,REQ-R20-2.A.1.a|REQ-R20-2.A.1.b|REQ-R20-2.A.1.d|REQ-R20-2.A.2.a|REQ-R20-2.B.2.i|REQ-R20-2.B.4.e|REQ-R20-2.C.1.a|REQ-R20-2.C.1.e|REQ-R20-2.C.3.a|REQ-R20-4.A.1.a.1|REQ-R20-4.A.1.b.1|REQ-R20-4.A.2.a.1|REQ-R20-4.A.2.a.3|REQ-R20-4.A.2.b.1|REQ-R20-4.A.2.b.3|REQ-R20-4.A.2.b.4|REQ-R20-4.A.3.b.1|REQ-R20-4.A.4.a.2|REQ-R20-4.A.4.a.4|REQ-R20-4.A.4.b.1|REQ-R20-4.A.4.b.2|REQ-R20-4.A.4.b.4|REQ-R20-4.A.4.b.5,REQ-R20-4.A.2.b.4,"Active Listening|Administration and Management|Coaching and Developing Others|Communicating with Supervisors, Peers, or Subordinates|Complex Problem Solving|Computers and Electronics|Coordinating the Work and Activities of Others|Critical Thinking|Customer and Personal Service|Developing Objectives and Strategies|Developing and Building Teams|Establishing and Maintaining Interpersonal Relationships|Evaluating Information to Determine Compliance with Standards|Getting Information|Guiding, Directing, and Motivating Subordinates|Identifying Objects, Actions, and Events|Judging the Qualities of Objects, Services, or People|Judgment and Decision Making|Making Decisions and Solving Problems|Reading Comprehension|Speaking|Updating and Using Relevant Knowledge|Working with Computers",23,1,Essential Skills|Knowledge|Transferable Skills|Work Activities,0.772169,0.032853,77.22,3.29,80,exam-fee-required,550,TOGAF EA Practitioner,ไม่หมดอายุ,TOGAF Foundation,advanced_or_cert_prep,certification_only|both,3,verified,2026-08-31,ผู้วิจัย (ตรวจด้วยการดึงหน้าเว็บ 31 ส.ค. 2026),[FIX 2026-08-31] แก้ URL ตามหน้าปลายทางที่ยืนยันแล้ว,CORPUS-IS68076026-v1.5R-01OCT26,ONET31.0-IS68076026-v1.0,v0.9_core
CRT-R20-07,certification,R20,ผู้จัดการฝ่ายสารสนเทศ,IT / IS Manager,11-3021.00,management,exact,7,PMI Program Management Professional (PgMP),Project Management Institute,vendor_or_body,PMI,https://www.pmi.org/certifications/program-management-pgmp,vendor_neutral_cert,Professional,4,panel review + proctored exam,English,ใบรับรองสำหรับผู้บริหารหลายโครงการพร้อมกัน ซึ่งเป็นลักษณะงานจริงของผู้จัดการฝ่ายสารสนเทศ,Program governance|Benefits management|Stakeholder engagement|Program lifecycle|Strategy alignment,PMI standards,no,REQ-R20-2.A.1.a|REQ-R20-2.A.1.b|REQ-R20-2.A.1.d|REQ-R20-2.A.2.a|REQ-R20-2.B.2.i|REQ-R20-2.B.4.e|REQ-R20-2.C.1.a|REQ-R20-2.C.1.e|REQ-R20-2.C.3.a|REQ-R20-4.A.1.a.1|REQ-R20-4.A.1.b.1|REQ-R20-4.A.2.a.1|REQ-R20-4.A.2.a.3|REQ-R20-4.A.2.b.1|REQ-R20-4.A.2.b.3|REQ-R20-4.A.2.b.4|REQ-R20-4.A.2.b.6|REQ-R20-4.A.3.b.1|REQ-R20-4.A.4.a.2|REQ-R20-4.A.4.a.4|REQ-R20-4.A.4.b.1|REQ-R20-4.A.4.b.2|REQ-R20-4.A.4.b.4|REQ-R20-4.A.4.b.5,REQ-R20-2.B.4.e|REQ-R20-2.C.1.a|REQ-R20-4.A.2.b.4|REQ-R20-4.A.4.b.1,"Active Listening|Administration and Management|Coaching and Developing Others|Communicating with Supervisors, Peers, or Subordinates|Complex Problem Solving|Computers and Electronics|Coordinating the Work and Activities of Others|Critical Thinking|Customer and Personal Service|Developing Objectives and Strategies|Developing and Building Teams|Establishing and Maintaining Interpersonal Relationships|Evaluating Information to Determine Compliance with Standards|Getting Information|Guiding, Directing, and Motivating Subordinates|Identifying Objects, Actions, and Events|Judging the Qualities of Objects, Services, or People|Judgment and Decision Making|Making Decisions and Solving Problems|Organizing, Planning, and Prioritizing Work|Reading Comprehension|Speaking|Updating and Using Relevant Knowledge|Working with Computers",24,4,Essential Skills|Knowledge|Transferable Skills|Work Activities,0.807657,0.127377,80.77,12.74,200,exam-fee-required,1000,PgMP,3,ประสบการณ์บริหารโปรแกรม 4 ปี,advanced_or_cert_prep,certification_only|both,3,verified,2026-08-31,ผู้วิจัย (ตรวจด้วยการดึงหน้าเว็บ 31 ส.ค. 2026),,CORPUS-IS68076026-v1.5R-01OCT26,ONET31.0-IS68076026-v1.0,v0.9_core
CRT-R20-08,certification,R20,ผู้จัดการฝ่ายสารสนเทศ,IT / IS Manager,11-3021.00,management,exact,8,PMI Project Management Professional (PMP),Project Management Institute,vendor_or_body,PMI,https://www.pmi.org/certifications/project-management-pmp,vendor_neutral_cert,Professional,4,proctored exam,English,ใบรับรองที่เป็นคุณสมบัติพื้นฐานของตำแหน่งผู้จัดการไอทีในองค์กรขนาดกลางถึงใหญ่ของไทย,Project management|People leadership|Process management|Business environment alignment,PMBOK Guide,no,REQ-R20-2.A.1.a|REQ-R20-2.A.1.b|REQ-R20-2.A.1.d|REQ-R20-2.A.2.a|REQ-R20-2.B.1.b|REQ-R20-2.B.2.i|REQ-R20-2.B.4.e|REQ-R20-2.C.1.a|REQ-R20-2.C.3.a|REQ-R20-4.A.1.a.1|REQ-R20-4.A.1.b.1|REQ-R20-4.A.2.b.1|REQ-R20-4.A.2.b.3|REQ-R20-4.A.2.b.4|REQ-R20-4.A.2.b.6|REQ-R20-4.A.3.b.1|REQ-R20-4.A.4.a.2|REQ-R20-4.A.4.a.4|REQ-R20-4.A.4.b.1|REQ-R20-4.A.4.b.2|REQ-R20-4.A.4.b.4|REQ-R20-4.A.4.b.5,REQ-R20-2.B.1.b|REQ-R20-2.B.4.e|REQ-R20-4.A.2.b.4|REQ-R20-4.A.2.b.6,"Active Listening|Administration and Management|Coaching and Developing Others|Communicating with Supervisors, Peers, or Subordinates|Complex Problem Solving|Computers and Electronics|Coordinating the Work and Activities of Others|Coordination|Critical Thinking|Developing Objectives and Strategies|Developing and Building Teams|Establishing and Maintaining Interpersonal Relationships|Getting Information|Guiding, Directing, and Motivating Subordinates|Identifying Objects, Actions, and Events|Judgment and Decision Making|Making Decisions and Solving Problems|Organizing, Planning, and Prioritizing Work|Reading Comprehension|Speaking|Updating and Using Relevant Knowledge|Working with Computers",22,4,Essential Skills|Knowledge|Transferable Skills|Work Activities,0.742774,0.131165,74.28,13.12,180,exam-fee-required,555,PMP,3,ปริญญาตรี + ประสบการณ์ 36 เดือน,core_gap_closure,certification_only|both,3,verified,2026-08-31,ผู้วิจัย (ตรวจด้วยการดึงหน้าเว็บ 31 ส.ค. 2026),,CORPUS-IS68076026-v1.5R-01OCT26,ONET31.0-IS68076026-v1.0,v0.9_core
CRT-R20-09,certification,R20,ผู้จัดการฝ่ายสารสนเทศ,IT / IS Manager,11-3021.00,management,exact,9,ISC2 Certified Information Systems Security Professional (CISSP),ISC2,vendor_or_body,ISC2,https://www.isc2.org/certifications/cissp,vendor_neutral_cert,Professional,4,proctored exam,English,ใบรับรองที่ทำให้ผู้จัดการไอทีสื่อสารเรื่องความเสี่ยงกับคณะกรรมการบริษัทได้อย่างมีน้ำหนัก,Security governance|Risk management|Security architecture|Operations|Compliance,Vendor-neutral,no,REQ-R20-2.A.1.a|REQ-R20-2.A.1.b|REQ-R20-2.A.1.d|REQ-R20-2.A.2.a|REQ-R20-2.B.2.i|REQ-R20-2.B.4.e|REQ-R20-2.C.1.a|REQ-R20-2.C.3.a|REQ-R20-4.A.1.a.1|REQ-R20-4.A.1.b.1|REQ-R20-4.A.2.a.1|REQ-R20-4.A.2.a.3|REQ-R20-4.A.2.b.1|REQ-R20-4.A.2.b.3|REQ-R20-4.A.2.b.4|REQ-R20-4.A.2.b.6|REQ-R20-4.A.3.b.1|REQ-R20-4.A.4.a.2|REQ-R20-4.A.4.a.4|REQ-R20-4.A.4.b.1|REQ-R20-4.A.4.b.2|REQ-R20-4.A.4.b.4|REQ-R20-4.A.4.b.5,REQ-R20-2.B.4.e|REQ-R20-2.C.1.a|REQ-R20-4.A.2.a.3|REQ-R20-4.A.2.b.4,"Active Listening|Administration and Management|Coaching and Developing Others|Communicating with Supervisors, Peers, or Subordinates|Complex Problem Solving|Computers and Electronics|Coordinating the Work and Activities of Others|Critical Thinking|Developing Objectives and Strategies|Developing and Building Teams|Establishing and Maintaining Interpersonal Relationships|Evaluating Information to Determine Compliance with Standards|Getting Information|Guiding, Directing, and Motivating Subordinates|Identifying Objects, Actions, and Events|Judging the Qualities of Objects, Services, or People|Judgment and Decision Making|Making Decisions and Solving Problems|Organizing, Planning, and Prioritizing Work|Reading Comprehension|Speaking|Updating and Using Relevant Knowledge|Working with Computers",23,4,Essential Skills|Knowledge|Transferable Skills|Work Activities,0.774310,0.125895,77.43,12.59,200,exam-fee-required,749,CISSP,3,ประสบการณ์ 5 ปี,advanced_or_cert_prep,certification_only|both,3,verified,2026-08-31,ผู้วิจัย (ตรวจด้วยการดึงหน้าเว็บ 31 ส.ค. 2026),,CORPUS-IS68076026-v1.5R-01OCT26,ONET31.0-IS68076026-v1.0,v0.9_core
CRT-R20-10,certification,R20,ผู้จัดการฝ่ายสารสนเทศ,IT / IS Manager,11-3021.00,management,exact,10,ISACA Certified in the Governance of Enterprise IT (CGEIT),ISACA,vendor_or_body,ISACA,https://www.isaca.org/credentialing/cgeit,vendor_neutral_cert,Professional,4,proctored exam,English,ใบรับรองระดับสูงสุดด้านธรรมาภิบาลไอที เหมาะกับเส้นทางสู่ตำแหน่ง CIO หรือผู้อำนวยการฝ่ายสารสนเทศ,IT governance framework|Strategic alignment|Benefits realization|Risk optimization|Resource optimization,COBIT|Governance frameworks,no,REQ-R20-2.A.1.a|REQ-R20-2.A.2.a|REQ-R20-2.B.2.i|REQ-R20-2.B.4.e|REQ-R20-2.C.1.a|REQ-R20-2.C.3.a|REQ-R20-4.A.1.a.1|REQ-R20-4.A.1.b.1|REQ-R20-4.A.2.a.1|REQ-R20-4.A.2.a.3|REQ-R20-4.A.2.b.1|REQ-R20-4.A.2.b.3|REQ-R20-4.A.2.b.4|REQ-R20-4.A.2.b.6|REQ-R20-4.A.3.b.1,REQ-R20-2.B.4.e|REQ-R20-2.C.1.a|REQ-R20-4.A.2.b.4,"Administration and Management|Complex Problem Solving|Computers and Electronics|Critical Thinking|Developing Objectives and Strategies|Evaluating Information to Determine Compliance with Standards|Getting Information|Identifying Objects, Actions, and Events|Judging the Qualities of Objects, Services, or People|Judgment and Decision Making|Making Decisions and Solving Problems|Organizing, Planning, and Prioritizing Work|Reading Comprehension|Updating and Using Relevant Knowledge|Working with Computers",15,3,Essential Skills|Knowledge|Transferable Skills|Work Activities,0.511651,0.095265,51.17,9.53,180,exam-fee-required,760,CGEIT,3,ประสบการณ์ธรรมาภิบาลไอที 5 ปี,advanced_or_cert_prep,certification_only|both,3,verified,2026-08-31,ผู้วิจัย (ตรวจด้วยการดึงหน้าเว็บ 31 ส.ค. 2026),,CORPUS-IS68076026-v1.5R-01OCT26,ONET31.0-IS68076026-v1.0,v0.9_core
CRT-R20-11,certification,R20,ผู้จัดการฝ่ายสารสนเทศ,IT / IS Manager,11-3021.00,management,exact,11,AWS Certified Solutions Architect – Associate,Amazon Web Services,vendor_or_body,AWS Certification,https://aws.amazon.com/certification/certified-solutions-architect-associate/,vendor_cert,Intermediate,2,proctored exam,English,ยืนยันความสามารถออกแบบสถาปัตยกรรมที่ปลอดภัย ทนทาน มีประสิทธิภาพ และคุ้มค่าบน AWS,Cloud architecture|High availability design|Cost optimization|AWS networking|Security design,Amazon EC2|Amazon S3|Amazon VPC|Amazon RDS|AWS IAM,no,REQ-R20-2.B.4.e|REQ-R20-2.C.3.a|REQ-R20-4.A.2.b.1,REQ-R20-2.B.4.e|REQ-R20-2.C.3.a|REQ-R20-4.A.2.b.1,Computers and Electronics|Judgment and Decision Making|Making Decisions and Solving Problems,3,3,Knowledge|Transferable Skills|Work Activities,0.108357,0.108357,10.84,10.84,120,exam-fee-required,150,SAA-C03,3,ประสบการณ์ใช้งาน AWS,advanced_or_cert_prep,certification_only|both,3,verified,2026-08-31,ผู้วิจัย (ตรวจด้วยการดึงหน้าเว็บ 31 ส.ค. 2026),DEC-16 ขยายข้ามบทบาทจาก CRT-R01-02 · คงชื่อ ผู้ให้บริการ URL ชั่วโมง และค่าใช้จ่ายเดิมทุกค่า · ต้องทบทวน mapping ก่อน FREEZE,CORPUS-IS68076026-v1.5R-01OCT26,ONET31.0-IS68076026-v1.0,v1.3_crossrole
CRS-R20-01,course,R20,ผู้จัดการฝ่ายสารสนเทศ,IT / IS Manager,11-3021.00,management,exact,1,Strategic Leadership and Management Specialization,University of Illinois at Urbana-Champaign,mooc_platform,Coursera,https://www.coursera.org/specializations/strategic-leadership,specialization,Intermediate,2,self-paced online,English,พัฒนามุมมองเชิงกลยุทธ์และการนำองค์กร ซึ่งเป็นสิ่งที่แยกผู้จัดการออกจากผู้เชี่ยวชาญเชิงเทคนิค,Strategic management|Organizational design|Leadership|Change management|Business strategy,Strategy frameworks,yes,REQ-R20-2.A.1.a|REQ-R20-2.A.1.b|REQ-R20-2.A.1.d|REQ-R20-2.A.2.a|REQ-R20-2.B.2.i|REQ-R20-2.B.4.e|REQ-R20-2.C.1.a|REQ-R20-2.C.3.a|REQ-R20-4.A.1.a.1|REQ-R20-4.A.1.b.1|REQ-R20-4.A.2.b.1|REQ-R20-4.A.2.b.3|REQ-R20-4.A.2.b.4|REQ-R20-4.A.2.b.6|REQ-R20-4.A.3.b.1|REQ-R20-4.A.4.a.2|REQ-R20-4.A.4.a.4|REQ-R20-4.A.4.b.1|REQ-R20-4.A.4.b.2|REQ-R20-4.A.4.b.4|REQ-R20-4.A.4.b.5,REQ-R20-2.B.4.e|REQ-R20-2.C.1.a|REQ-R20-4.A.2.b.4|REQ-R20-4.A.4.b.2|REQ-R20-4.A.4.b.4,"Active Listening|Administration and Management|Coaching and Developing Others|Communicating with Supervisors, Peers, or Subordinates|Complex Problem Solving|Computers and Electronics|Coordinating the Work and Activities of Others|Critical Thinking|Developing Objectives and Strategies|Developing and Building Teams|Establishing and Maintaining Interpersonal Relationships|Getting Information|Guiding, Directing, and Motivating Subordinates|Identifying Objects, Actions, and Events|Judgment and Decision Making|Making Decisions and Solving Problems|Organizing, Planning, and Prioritizing Work|Reading Comprehension|Speaking|Updating and Using Relevant Knowledge|Working with Computers",21,5,Essential Skills|Knowledge|Transferable Skills|Work Activities,0.711897,0.161959,71.19,16.20,140,paid,245,,,ไม่มี,core_gap_closure,course_only|both,3,verified,2026-08-31,ผู้วิจัย (ตรวจด้วยการดึงหน้าเว็บ 31 ส.ค. 2026),,CORPUS-IS68076026-v1.5R-01OCT26,ONET31.0-IS68076026-v1.0,v0.9_core
CRS-R20-02,course,R20,ผู้จัดการฝ่ายสารสนเทศ,IT / IS Manager,11-3021.00,management,exact,2,Leading People and Teams Specialization,University of Michigan,mooc_platform,Coursera,https://www.coursera.org/specializations/leading-teams,specialization,Intermediate,2,self-paced online,English,ปิดช่องว่างด้านการบริหารคน ทั้งการสร้างแรงจูงใจ การให้ข้อมูลป้อนกลับ และการบริหารผลงาน,People management|Motivation|Performance feedback|Talent development|Team building,HR assessment tools,no,REQ-R20-2.A.1.a|REQ-R20-2.A.1.b|REQ-R20-2.A.1.d|REQ-R20-2.A.2.a|REQ-R20-2.B.2.i|REQ-R20-2.C.1.a|REQ-R20-2.C.3.a|REQ-R20-4.A.1.a.1|REQ-R20-4.A.1.b.1|REQ-R20-4.A.2.a.1|REQ-R20-4.A.2.a.2|REQ-R20-4.A.2.a.3|REQ-R20-4.A.2.a.4|REQ-R20-4.A.2.b.1|REQ-R20-4.A.2.b.3|REQ-R20-4.A.3.b.1|REQ-R20-4.A.4.a.2|REQ-R20-4.A.4.a.4|REQ-R20-4.A.4.b.1|REQ-R20-4.A.4.b.2|REQ-R20-4.A.4.b.4|REQ-R20-4.A.4.b.5,REQ-R20-4.A.4.a.4|REQ-R20-4.A.4.b.2|REQ-R20-4.A.4.b.4|REQ-R20-4.A.4.b.5,"Active Listening|Administration and Management|Analyzing Data or Information|Coaching and Developing Others|Communicating with Supervisors, Peers, or Subordinates|Complex Problem Solving|Computers and Electronics|Coordinating the Work and Activities of Others|Critical Thinking|Developing and Building Teams|Establishing and Maintaining Interpersonal Relationships|Evaluating Information to Determine Compliance with Standards|Getting Information|Guiding, Directing, and Motivating Subordinates|Identifying Objects, Actions, and Events|Judging the Qualities of Objects, Services, or People|Making Decisions and Solving Problems|Processing Information|Reading Comprehension|Speaking|Updating and Using Relevant Knowledge|Working with Computers",22,4,Essential Skills|Knowledge|Transferable Skills|Work Activities,0.741457,0.129765,74.15,12.98,60,paid,245,,,ไม่มี,core_gap_closure,course_only|both,3,verified,2026-08-31,ผู้วิจัย (ตรวจด้วยการดึงหน้าเว็บ 31 ส.ค. 2026),,CORPUS-IS68076026-v1.5R-01OCT26,ONET31.0-IS68076026-v1.0,v0.9_core
CRS-R20-03,course,R20,ผู้จัดการฝ่ายสารสนเทศ,IT / IS Manager,11-3021.00,management,exact,3,Digital Transformation,University of Virginia / Boston Consulting Group,mooc_platform,Coursera,https://www.coursera.org/learn/bcg-uva-darden-digital-transformation,single_course,Intermediate,2,self-paced online,English,เข้าใจการเปลี่ยนผ่านดิจิทัลในระดับองค์กร ซึ่งเป็นภารกิจหลักของผู้จัดการฝ่ายสารสนเทศในปัจจุบัน,Digital strategy|Business model innovation|Technology investment evaluation|Change leadership,Strategy frameworks,no,REQ-R20-2.A.1.a|REQ-R20-2.A.1.b|REQ-R20-2.A.1.d|REQ-R20-2.A.2.a|REQ-R20-2.B.2.i|REQ-R20-2.B.4.e|REQ-R20-2.C.1.a|REQ-R20-2.C.3.a|REQ-R20-4.A.1.a.1|REQ-R20-4.A.1.b.1|REQ-R20-4.A.2.a.1|REQ-R20-4.A.2.a.2|REQ-R20-4.A.2.a.3|REQ-R20-4.A.2.a.4|REQ-R20-4.A.2.b.1|REQ-R20-4.A.2.b.3|REQ-R20-4.A.2.b.4|REQ-R20-4.A.3.b.1|REQ-R20-4.A.4.a.2|REQ-R20-4.A.4.a.4|REQ-R20-4.A.4.b.1|REQ-R20-4.A.4.b.2|REQ-R20-4.A.4.b.4|REQ-R20-4.A.4.b.5,REQ-R20-2.B.4.e|REQ-R20-2.C.1.a|REQ-R20-4.A.2.b.4,"Active Listening|Administration and Management|Analyzing Data or Information|Coaching and Developing Others|Communicating with Supervisors, Peers, or Subordinates|Complex Problem Solving|Computers and Electronics|Coordinating the Work and Activities of Others|Critical Thinking|Developing Objectives and Strategies|Developing and Building Teams|Establishing and Maintaining Interpersonal Relationships|Evaluating Information to Determine Compliance with Standards|Getting Information|Guiding, Directing, and Motivating Subordinates|Identifying Objects, Actions, and Events|Judging the Qualities of Objects, Services, or People|Judgment and Decision Making|Making Decisions and Solving Problems|Processing Information|Reading Comprehension|Speaking|Updating and Using Relevant Knowledge|Working with Computers",24,3,Essential Skills|Knowledge|Transferable Skills|Work Activities,0.806257,0.095265,80.63,9.53,15,paid,49,,,ไม่มี,core_gap_closure,course_only|both,3,verified,2026-08-31,ผู้วิจัย (ตรวจด้วยการดึงหน้าเว็บ 31 ส.ค. 2026),,CORPUS-IS68076026-v1.5R-01OCT26,ONET31.0-IS68076026-v1.0,v0.9_core
CRS-R20-04,course,R20,ผู้จัดการฝ่ายสารสนเทศ,IT / IS Manager,11-3021.00,management,exact,4,Finance for Non-Finance Professionals,Rice University,mooc_platform,Coursera,https://www.coursera.org/learn/finance-for-non-finance-managers,single_course,Beginner,1,self-paced online,English,อ่านงบการเงินและคำนวณผลตอบแทนการลงทุนไอทีได้ ซึ่งจำเป็นต่อการของบประมาณกับผู้บริหารระดับสูง,Financial statements|Budgeting|ROI and NPV analysis|Cost-benefit analysis|Capital budgeting,Excel,no,REQ-R20-2.A.1.a|REQ-R20-2.B.4.e|REQ-R20-2.C.1.a|REQ-R20-2.C.3.a|REQ-R20-4.A.1.a.1|REQ-R20-4.A.2.a.2|REQ-R20-4.A.2.a.4|REQ-R20-4.A.2.b.3|REQ-R20-4.A.3.b.1,REQ-R20-2.B.4.e|REQ-R20-2.C.1.a|REQ-R20-4.A.2.a.4,Administration and Management|Analyzing Data or Information|Computers and Electronics|Getting Information|Judgment and Decision Making|Processing Information|Reading Comprehension|Updating and Using Relevant Knowledge|Working with Computers,9,3,Essential Skills|Knowledge|Transferable Skills|Work Activities,0.310909,0.097406,31.09,9.74,20,paid,49,,,ไม่มี,core_gap_closure,course_only|both,3,verified,2026-08-31,ผู้วิจัย (ตรวจด้วยการดึงหน้าเว็บ 31 ส.ค. 2026),,CORPUS-IS68076026-v1.5R-01OCT26,ONET31.0-IS68076026-v1.0,v0.9_core
CRS-R20-05,course,R20,ผู้จัดการฝ่ายสารสนเทศ,IT / IS Manager,11-3021.00,management,exact,5,COBIT 2019 Foundation Training,ISACA,vendor_or_body,ISACA,https://www.isaca.org/credentialing/cobit,single_course,Intermediate,2,self-paced online,English,เรียนกรอบธรรมาภิบาลไอทีที่ผู้ตรวจสอบภายในและ ก.ล.ต. ใช้อ้างอิงในการประเมินองค์กร,IT governance|COBIT framework|Governance objectives|Performance management|Risk alignment,COBIT 2019,no,REQ-R20-2.A.1.a|REQ-R20-2.A.2.a|REQ-R20-2.B.2.i|REQ-R20-2.B.4.e|REQ-R20-2.C.1.a|REQ-R20-2.C.3.a|REQ-R20-4.A.1.a.1|REQ-R20-4.A.1.b.1|REQ-R20-4.A.2.a.1|REQ-R20-4.A.2.a.3|REQ-R20-4.A.2.b.1|REQ-R20-4.A.2.b.3|REQ-R20-4.A.2.b.4|REQ-R20-4.A.3.b.1,REQ-R20-2.B.4.e|REQ-R20-2.C.1.a|REQ-R20-4.A.2.a.3|REQ-R20-4.A.2.b.4,"Administration and Management|Complex Problem Solving|Computers and Electronics|Critical Thinking|Developing Objectives and Strategies|Evaluating Information to Determine Compliance with Standards|Getting Information|Identifying Objects, Actions, and Events|Judging the Qualities of Objects, Services, or People|Judgment and Decision Making|Making Decisions and Solving Problems|Reading Comprehension|Updating and Using Relevant Knowledge|Working with Computers",14,4,Essential Skills|Knowledge|Transferable Skills|Work Activities,0.476163,0.125895,47.62,12.59,25,paid,795,,,ไม่มี,advanced_or_cert_prep,course_only|both,3,verified,2026-08-31,ผู้วิจัย (ตรวจด้วยการดึงหน้าเว็บ 31 ส.ค. 2026),,CORPUS-IS68076026-v1.5R-01OCT26,ONET31.0-IS68076026-v1.0,v0.9_core
CRS-R20-06,course,R20,ผู้จัดการฝ่ายสารสนเทศ,IT / IS Manager,11-3021.00,management,exact,6,ITIL 4 Foundation Training,PeopleCert (AXELOS),vendor_or_body,PeopleCert Accredited Training Organizations,https://www.peoplecert.org/browse-certifications/it-governance-and-service-management/ITIL,single_course,Beginner,1,self-paced online,English,เรียนกรอบบริหารบริการไอทีที่เป็นภาษากลางของฝ่ายไอทีองค์กร ตั้งแต่ service desk ถึงการปรับปรุงต่อเนื่อง,IT service management|Service value chain|ITIL practices|Continual improvement|Service governance,ITIL 4|ServiceNow,no,REQ-R20-2.A.1.a|REQ-R20-2.B.4.e|REQ-R20-2.C.1.a|REQ-R20-2.C.1.e|REQ-R20-2.C.3.a|REQ-R20-4.A.1.a.1|REQ-R20-4.A.2.a.1|REQ-R20-4.A.2.a.3|REQ-R20-4.A.2.b.3|REQ-R20-4.A.2.b.4|REQ-R20-4.A.3.b.1,REQ-R20-2.C.1.a|REQ-R20-2.C.1.e|REQ-R20-4.A.2.a.1|REQ-R20-4.A.2.a.3|REQ-R20-4.A.2.b.4,"Administration and Management|Computers and Electronics|Customer and Personal Service|Developing Objectives and Strategies|Evaluating Information to Determine Compliance with Standards|Getting Information|Judging the Qualities of Objects, Services, or People|Judgment and Decision Making|Reading Comprehension|Updating and Using Relevant Knowledge|Working with Computers",11,5,Essential Skills|Knowledge|Transferable Skills|Work Activities,0.372087,0.159078,37.21,15.91,30,paid,900,,,ไม่มี,core_gap_closure,course_only|both,3,pending_verification,,,[FETCH_ERROR] เซิร์ฟเวอร์ตอบ 500 ต้องตรวจซ้ำด้วยมือ,CORPUS-IS68076026-v1.5R-01OCT26,ONET31.0-IS68076026-v1.0,v0.9_core
CRS-R20-07,course,R20,ผู้จัดการฝ่ายสารสนเทศ,IT / IS Manager,11-3021.00,management,exact,7,TOGAF Enterprise Architecture Foundation Training,The Open Group,vendor_or_body,The Open Group Accredited Training,https://www.opengroup.org/togaf,single_course,Advanced,3,self-paced online,English,เรียนกรอบสถาปัตยกรรมองค์กรที่ช่วยให้ตัดสินใจลงทุนเทคโนโลยีอย่างสอดคล้องกับกลยุทธ์ธุรกิจ,Enterprise architecture|ADM cycle|Architecture governance|Business-IT alignment|Architecture repository,TOGAF ADM|ArchiMate,no,REQ-R20-2.A.1.a|REQ-R20-2.A.2.a|REQ-R20-2.B.2.i|REQ-R20-2.B.4.e|REQ-R20-2.C.1.a|REQ-R20-2.C.3.a|REQ-R20-4.A.1.a.1|REQ-R20-4.A.1.b.1|REQ-R20-4.A.2.a.1|REQ-R20-4.A.2.a.3|REQ-R20-4.A.2.b.1|REQ-R20-4.A.2.b.3|REQ-R20-4.A.2.b.4|REQ-R20-4.A.3.b.1,REQ-R20-2.C.1.a|REQ-R20-4.A.2.b.4,"Administration and Management|Complex Problem Solving|Computers and Electronics|Critical Thinking|Developing Objectives and Strategies|Evaluating Information to Determine Compliance with Standards|Getting Information|Identifying Objects, Actions, and Events|Judging the Qualities of Objects, Services, or People|Judgment and Decision Making|Making Decisions and Solving Problems|Reading Comprehension|Updating and Using Relevant Knowledge|Working with Computers",14,2,Essential Skills|Knowledge|Transferable Skills|Work Activities,0.476163,0.063318,47.62,6.33,40,paid,1200,,,ประสบการณ์ไอทีระดับกลาง,advanced_or_cert_prep,course_only|both,3,verified,2026-08-31,ผู้วิจัย (ตรวจด้วยการดึงหน้าเว็บ 31 ส.ค. 2026),,CORPUS-IS68076026-v1.5R-01OCT26,ONET31.0-IS68076026-v1.0,v0.9_core
CRS-R20-08,course,R20,ผู้จัดการฝ่ายสารสนเทศ,IT / IS Manager,11-3021.00,management,exact,8,Cybersecurity Leadership and Management Specialization,Infosec,mooc_platform,Coursera,https://www.coursera.org/specializations/cybersecurity-leadership,specialization,Intermediate,2,self-paced online,English,เข้าใจความเสี่ยงไซเบอร์ในระดับที่ผู้บริหารต้องตัดสินใจ ทั้งการลงทุน นโยบาย และการรายงานต่อคณะกรรมการ,Cyber risk management|Security governance|Incident escalation|Security investment decisions|Policy design,Risk frameworks|NIST CSF,no,REQ-R20-2.A.1.a|REQ-R20-2.A.1.b|REQ-R20-2.A.1.c|REQ-R20-2.A.1.d|REQ-R20-2.A.2.a|REQ-R20-2.B.2.i|REQ-R20-2.B.4.e|REQ-R20-2.C.1.a|REQ-R20-2.C.3.a|REQ-R20-4.A.1.a.1|REQ-R20-4.A.1.b.1|REQ-R20-4.A.2.a.1|REQ-R20-4.A.2.a.3|REQ-R20-4.A.2.b.1|REQ-R20-4.A.2.b.3|REQ-R20-4.A.2.b.4|REQ-R20-4.A.3.b.1|REQ-R20-4.A.4.a.2|REQ-R20-4.A.4.a.4|REQ-R20-4.A.4.b.1|REQ-R20-4.A.4.b.2|REQ-R20-4.A.4.b.4|REQ-R20-4.A.4.b.5,REQ-R20-2.B.4.e|REQ-R20-2.C.1.a|REQ-R20-4.A.2.a.3|REQ-R20-4.A.2.b.4,"Active Listening|Administration and Management|Coaching and Developing Others|Communicating with Supervisors, Peers, or Subordinates|Complex Problem Solving|Computers and Electronics|Coordinating the Work and Activities of Others|Critical Thinking|Developing Objectives and Strategies|Developing and Building Teams|Establishing and Maintaining Interpersonal Relationships|Evaluating Information to Determine Compliance with Standards|Getting Information|Guiding, Directing, and Motivating Subordinates|Identifying Objects, Actions, and Events|Judging the Qualities of Objects, Services, or People|Judgment and Decision Making|Making Decisions and Solving Problems|Reading Comprehension|Speaking|Updating and Using Relevant Knowledge|Working with Computers|Writing",23,4,Essential Skills|Knowledge|Transferable Skills|Work Activities,0.769699,0.125895,76.97,12.59,50,paid,245,,,ไม่มี,core_gap_closure,course_only|both,3,verified,2026-08-31,ผู้วิจัย (ตรวจด้วยการดึงหน้าเว็บ 31 ส.ค. 2026),[FIX 2026-08-31] แก้ URL ตามหน้าปลายทางที่ยืนยันแล้ว,CORPUS-IS68076026-v1.5R-01OCT26,ONET31.0-IS68076026-v1.0,v0.9_core
CRS-R20-09,course,R20,ผู้จัดการฝ่ายสารสนเทศ,IT / IS Manager,11-3021.00,management,exact,9,Microsoft Learn: Azure Fundamentals (AZ-900) และ AI Fundamentals (AI-900) Learning Paths,Microsoft,vendor_or_body,Microsoft Learn,https://learn.microsoft.com/en-us/training/browse/?products=azure&levels=beginner,specialization,Beginner,1,self-paced online,English,เรียนฟรีเพื่อให้ผู้บริหารเข้าใจศัพท์และข้อจำกัดของคลาวด์และ AI มากพอที่จะตัดสินใจลงทุนและซักถามทีมเทคนิคได้,Cloud concepts|Cloud economics|AI concepts|Responsible AI|Service selection|Technology evaluation,Microsoft Azure|Azure AI services,no,REQ-R20-2.A.1.a|REQ-R20-2.A.1.b|REQ-R20-2.A.1.d|REQ-R20-2.B.4.e|REQ-R20-2.C.1.a|REQ-R20-2.C.3.a|REQ-R20-4.A.1.a.1|REQ-R20-4.A.2.a.1|REQ-R20-4.A.2.a.2|REQ-R20-4.A.2.a.3|REQ-R20-4.A.2.a.4|REQ-R20-4.A.2.b.3|REQ-R20-4.A.2.b.4|REQ-R20-4.A.3.b.1|REQ-R20-4.A.4.a.2|REQ-R20-4.A.4.a.4|REQ-R20-4.A.4.b.1|REQ-R20-4.A.4.b.2|REQ-R20-4.A.4.b.4|REQ-R20-4.A.4.b.5,REQ-R20-2.A.1.a|REQ-R20-2.B.4.e|REQ-R20-2.C.3.a|REQ-R20-4.A.2.b.3,"Active Listening|Administration and Management|Analyzing Data or Information|Coaching and Developing Others|Communicating with Supervisors, Peers, or Subordinates|Computers and Electronics|Coordinating the Work and Activities of Others|Developing Objectives and Strategies|Developing and Building Teams|Establishing and Maintaining Interpersonal Relationships|Evaluating Information to Determine Compliance with Standards|Getting Information|Guiding, Directing, and Motivating Subordinates|Judging the Qualities of Objects, Services, or People|Judgment and Decision Making|Processing Information|Reading Comprehension|Speaking|Updating and Using Relevant Knowledge|Working with Computers",20,4,Essential Skills|Knowledge|Transferable Skills|Work Activities,0.668834,0.136187,66.88,13.62,30,free,0,,,ไม่มี,foundation,course_only|both,3,verified,2026-08-31,ผู้วิจัย (ตรวจด้วยการดึงหน้าเว็บ 31 ส.ค. 2026),,CORPUS-IS68076026-v1.5R-01OCT26,ONET31.0-IS68076026-v1.0,v0.9_core
CRS-R20-10,course,R20,ผู้จัดการฝ่ายสารสนเทศ,IT / IS Manager,11-3021.00,management,exact,10,AI for Business Specialization,University of Pennsylvania (Wharton),mooc_platform,Coursera,https://www.coursera.org/specializations/ai-for-business-wharton,specialization,Intermediate,2,self-paced online,English,ประเมินโอกาสและความเสี่ยงของการนำ AI มาใช้ในองค์กร ซึ่งเป็นวาระเร่งด่วนของผู้บริหารไอทีปัจจุบัน,AI strategy|Use case evaluation|Data strategy|AI ethics and governance|Change management for AI,AI evaluation frameworks,no,REQ-R20-2.A.1.a|REQ-R20-2.A.2.a|REQ-R20-2.B.2.i|REQ-R20-2.B.4.e|REQ-R20-2.C.1.a|REQ-R20-2.C.3.a|REQ-R20-4.A.1.a.1|REQ-R20-4.A.1.b.1|REQ-R20-4.A.2.a.1|REQ-R20-4.A.2.a.2|REQ-R20-4.A.2.a.3|REQ-R20-4.A.2.a.4|REQ-R20-4.A.2.b.1|REQ-R20-4.A.2.b.3|REQ-R20-4.A.2.b.4|REQ-R20-4.A.3.b.1,REQ-R20-2.B.4.e|REQ-R20-2.C.1.a|REQ-R20-4.A.2.a.4|REQ-R20-4.A.2.b.4,"Administration and Management|Analyzing Data or Information|Complex Problem Solving|Computers and Electronics|Critical Thinking|Developing Objectives and Strategies|Evaluating Information to Determine Compliance with Standards|Getting Information|Identifying Objects, Actions, and Events|Judging the Qualities of Objects, Services, or People|Judgment and Decision Making|Making Decisions and Solving Problems|Processing Information|Reading Comprehension|Updating and Using Relevant Knowledge|Working with Computers",16,4,Essential Skills|Knowledge|Transferable Skills|Work Activities,0.543598,0.130259,54.36,13.03,60,paid,245,,,ไม่มี,advanced_or_cert_prep,course_only|both,3,verified,2026-08-31,ผู้วิจัย (ตรวจด้วยการดึงหน้าเว็บ 31 ส.ค. 2026),,CORPUS-IS68076026-v1.5R-01OCT26,ONET31.0-IS68076026-v1.0,v0.9_core
CRS-R20-11,course,R20,ผู้จัดการฝ่ายสารสนเทศ,IT / IS Manager,11-3021.00,management,exact,11,Site Reliability Engineering: Measuring and Managing Reliability,Google Cloud,mooc_platform,Coursera,https://www.coursera.org/learn/site-reliability-engineering-slos,single_course,Intermediate,2,self-paced online,English,กำหนดตัวชี้วัดระดับบริการ เฝ้าระวังสถานะระบบอย่างต่อเนื่อง ตรวจสอบความผิดปกติของโครงสร้างพื้นฐาน และจัดการเหตุขัดข้อง,SLI/SLO design|Error budgets|Reliability measurement|Incident response|Toil reduction,Prometheus|Grafana|Cloud Monitoring,no,REQ-R20-2.A.2.d|REQ-R20-4.A.1.a.2,REQ-R20-2.A.2.d|REQ-R20-4.A.1.a.2,"Monitoring|Monitoring Processes, Materials, or Surroundings",2,2,Essential Skills|Work Activities,0.063153,0.063153,6.32,6.32,15,paid,49,,,พื้นฐานการดูแลระบบ,core_gap_closure,course_only|both,3,verified,2026-08-31,ผู้วิจัย (ตรวจด้วยการดึงหน้าเว็บ 31 ส.ค. 2026),ปิดช่องว่างกลุ่มการเฝ้าระวังและตรวจสอบระบบตาม DEC-09 · ยืนยันการมีอยู่ของแหล่งข้อมูลด้วยการค้นเว็บเมื่อ 2026-08-31,CORPUS-IS68076026-v1.5R-01OCT26,ONET31.0-IS68076026-v1.0,v1.0_gap_closure
CRS-R20-12,course,R20,ผู้จัดการฝ่ายสารสนเทศ,IT / IS Manager,11-3021.00,management,exact,12,Improving Communication Skills,University of Pennsylvania (Wharton),mooc_platform,Coursera,https://www.coursera.org/learn/wharton-communication-skills,single_course,Beginner,1,self-paced online,English,สื่อสารเชิงวิชาชีพอย่างมีประสิทธิผล ฟังอย่างตั้งใจ ตีความสารของผู้อื่น สร้างความไว้วางใจ และสื่อสารกับผู้มีส่วนได้เสียทั้งในและนอกองค์กร,Active listening|Professional communication|Stakeholder communication|Building trust|Persuasion,,no,REQ-R20-2.A.1.b|REQ-R20-2.A.1.d|REQ-R20-4.A.4.a.2|REQ-R20-4.A.4.a.4,REQ-R20-2.A.1.b|REQ-R20-2.A.1.d|REQ-R20-4.A.4.a.2|REQ-R20-4.A.4.a.4,"Active Listening|Communicating with Supervisors, Peers, or Subordinates|Establishing and Maintaining Interpersonal Relationships|Speaking",4,4,Essential Skills|Work Activities,0.132894,0.132894,13.29,13.29,10,low-cost,49,,,,core_gap_closure,course_only|both,2,verified,2026-08-31,ผู้วิจัย (ตรวจด้วยการดึงหน้าเว็บ 31 ส.ค. 2026),DEC-16 ขยายข้ามบทบาทจาก CRS-R07-11 · คงชื่อ ผู้ให้บริการ URL ชั่วโมง และค่าใช้จ่ายเดิมทุกค่า · ต้องทบทวน mapping ก่อน FREEZE,CORPUS-IS68076026-v1.5R-01OCT26,ONET31.0-IS68076026-v1.0,v1.3_crossrole
CRS-R20-13,course,R20,ผู้จัดการฝ่ายสารสนเทศ,IT / IS Manager,11-3021.00,management,exact,13,Google Technical Writing Courses (One and Two),Google,vendor_or_body,Google for Developers,https://developers.google.com/tech-writing,single_course,Beginner,1,self-paced online,English,เขียนเอกสารทางเทคนิคที่ถูกต้องและอ่านเข้าใจง่าย จัดโครงสร้างเอกสาร บันทึกขั้นตอนการทำงาน และทบทวนงานเขียนของผู้อื่น,Technical writing|Documentation structure|Editing|Recording procedures,,no,REQ-R20-2.A.1.c,REQ-R20-2.A.1.c,Writing,1,1,Essential Skills,0.030877,0.030877,3.09,3.09,16,free,0,,,,core_gap_closure,course_only|both,2,verified,2026-08-31,ผู้วิจัย (ตรวจด้วยการดึงหน้าเว็บ 31 ส.ค. 2026),DEC-16 ขยายข้ามบทบาทจาก CRS-R06-12 · คงชื่อ ผู้ให้บริการ URL ชั่วโมง และค่าใช้จ่ายเดิมทุกค่า · ต้องทบทวน mapping ก่อน FREEZE,CORPUS-IS68076026-v1.5R-01OCT26,ONET31.0-IS68076026-v1.0,v1.3_crossrole
CRS-R20-14,course,R20,ผู้จัดการฝ่ายสารสนเทศ,IT / IS Manager,11-3021.00,management,exact,14,Introduction to Linux (LFS101),The Linux Foundation,mooc_platform,edX,https://www.edx.org/course/introduction-to-linux,single_course,Beginner,1,self-paced online,English,DBA ส่วนใหญ่ทำงานบน Linux หลักสูตรนี้ปิดช่องว่างด้านระบบปฏิบัติการที่พบบ่อยในผู้เริ่มต้น,Linux command line|File systems|Process management|Shell scripting|System administration,Linux|Bash,no,REQ-R20-2.C.3.a|REQ-R20-4.A.1.a.2|REQ-R20-4.A.3.b.1,REQ-R20-2.C.3.a|REQ-R20-4.A.1.a.2|REQ-R20-4.A.3.b.1,"Computers and Electronics|Monitoring Processes, Materials, or Surroundings|Working with Computers",3,3,Knowledge|Work Activities,0.110827,0.110827,11.08,11.08,60,free,0,,,ไม่มี,foundation,course_only|both,3,verified,2026-08-31,ผู้วิจัย (ตรวจด้วยการดึงหน้าเว็บ 31 ส.ค. 2026),DEC-16 ขยายข้ามบทบาทจาก CRS-R10-10 · คงชื่อ ผู้ให้บริการ URL ชั่วโมง และค่าใช้จ่ายเดิมทุกค่า · ต้องทบทวน mapping ก่อน FREEZE,CORPUS-IS68076026-v1.5R-01OCT26,ONET31.0-IS68076026-v1.0,v1.3_crossrole
CRS-R02-F1,course,R02,นักพัฒนาเว็บ,Web Developer,15-1254.00,software,exact,90,Write Professional Emails in English,Georgia Institute of Technology,mooc_platform,Coursera,https://www.coursera.org/learn/professional-emails-english,single_course,Beginner,1,self-paced online,English,เขียนอีเมลภาษาอังกฤษเชิงวิชาชีพได้ถูกต้องตามรูปแบบ น้ำเสียง และวัตถุประสงค์,Professional email writing|Business English|Tone and register,,no,REQ-R02-2.C.7.a,REQ-R02-2.C.7.a,English Language,1,1,Knowledge,0.031576,0.031576,3.16,3.16,20,free,0,,,ไม่มี,foundation,course_only|both,2,verified,2026-09-19,ผู้วิจัยเปิดหน้าคอร์สตรวจ 19 ก.ย. 2569 (DEC-18) · ตรวจซ้ำ 1 ต.ค. 2569: ชื่อ ผู้ให้บริการ และชั่วโมงตรง,foundation track F1 · หน้าคอร์สระบุ 2 สัปดาห์ x 10 ชม./สัปดาห์ = 20 ชม. · planning_estimate_not_provider_verified,CORPUS-IS68076026-v1.5R-01OCT26,ONET31.0-IS68076026-v1.0,v1.5_foundation
CRS-R03-F1,course,R03,นักพัฒนาแอปพลิเคชันและโมบายล์,Application / Mobile Developer,15-1251.00,software,proxy,90,Write Professional Emails in English,Georgia Institute of Technology,mooc_platform,Coursera,https://www.coursera.org/learn/professional-emails-english,single_course,Beginner,1,self-paced online,English,เขียนอีเมลภาษาอังกฤษเชิงวิชาชีพได้ถูกต้องตามรูปแบบ น้ำเสียง และวัตถุประสงค์,Professional email writing|Business English|Tone and register,,no,REQ-R03-2.C.7.a,REQ-R03-2.C.7.a,English Language,1,1,Knowledge,0.029083,0.029083,2.91,2.91,20,free,0,,,ไม่มี,foundation,course_only|both,2,verified,2026-09-19,ผู้วิจัยเปิดหน้าคอร์สตรวจ 19 ก.ย. 2569 (DEC-18) · ตรวจซ้ำ 1 ต.ค. 2569: ชื่อ ผู้ให้บริการ และชั่วโมงตรง,foundation track F1 · หน้าคอร์สระบุ 2 สัปดาห์ x 10 ชม./สัปดาห์ = 20 ชม. · planning_estimate_not_provider_verified,CORPUS-IS68076026-v1.5R-01OCT26,ONET31.0-IS68076026-v1.0,v1.5_foundation
CRS-R05-F1,course,R05,นักออกแบบ UX/UI,UX/UI & Digital Product Designer,15-1255.00,software,exact,90,Write Professional Emails in English,Georgia Institute of Technology,mooc_platform,Coursera,https://www.coursera.org/learn/professional-emails-english,single_course,Beginner,1,self-paced online,English,เขียนอีเมลภาษาอังกฤษเชิงวิชาชีพได้ถูกต้องตามรูปแบบ น้ำเสียง และวัตถุประสงค์,Professional email writing|Business English|Tone and register,,no,REQ-R05-2.C.7.a,REQ-R05-2.C.7.a,English Language,1,1,Knowledge,0.034158,0.034158,3.42,3.42,20,free,0,,,ไม่มี,foundation,course_only|both,2,verified,2026-09-19,ผู้วิจัยเปิดหน้าคอร์สตรวจ 19 ก.ย. 2569 (DEC-18) · ตรวจซ้ำ 1 ต.ค. 2569: ชื่อ ผู้ให้บริการ และชั่วโมงตรง,foundation track F1 · หน้าคอร์สระบุ 2 สัปดาห์ x 10 ชม./สัปดาห์ = 20 ชม. · planning_estimate_not_provider_verified,CORPUS-IS68076026-v1.5R-01OCT26,ONET31.0-IS68076026-v1.0,v1.5_foundation
CRS-R06-F1,course,R06,นักวิทยาศาสตร์ข้อมูล,Data Scientist,15-2051.00,data,exact,90,Write Professional Emails in English,Georgia Institute of Technology,mooc_platform,Coursera,https://www.coursera.org/learn/professional-emails-english,single_course,Beginner,1,self-paced online,English,เขียนอีเมลภาษาอังกฤษเชิงวิชาชีพได้ถูกต้องตามรูปแบบ น้ำเสียง และวัตถุประสงค์,Professional email writing|Business English|Tone and register,,no,REQ-R06-2.C.7.a,REQ-R06-2.C.7.a,English Language,1,1,Knowledge,0.025758,0.025758,2.58,2.58,20,free,0,,,ไม่มี,foundation,course_only|both,2,verified,2026-09-19,ผู้วิจัยเปิดหน้าคอร์สตรวจ 19 ก.ย. 2569 (DEC-18) · ตรวจซ้ำ 1 ต.ค. 2569: ชื่อ ผู้ให้บริการ และชั่วโมงตรง,foundation track F1 · หน้าคอร์สระบุ 2 สัปดาห์ x 10 ชม./สัปดาห์ = 20 ชม. · planning_estimate_not_provider_verified,CORPUS-IS68076026-v1.5R-01OCT26,ONET31.0-IS68076026-v1.0,v1.5_foundation
CRS-R07-F1,course,R07,วิศวกรแมชชีนเลิร์นนิงและปัญญาประดิษฐ์,Machine Learning / AI Engineer,15-1221.00,data,proxy,90,Write Professional Emails in English,Georgia Institute of Technology,mooc_platform,Coursera,https://www.coursera.org/learn/professional-emails-english,single_course,Beginner,1,self-paced online,English,เขียนอีเมลภาษาอังกฤษเชิงวิชาชีพได้ถูกต้องตามรูปแบบ น้ำเสียง และวัตถุประสงค์,Professional email writing|Business English|Tone and register,,no,REQ-R07-2.C.7.a,REQ-R07-2.C.7.a,English Language,1,1,Knowledge,0.031611,0.031611,3.16,3.16,20,free,0,,,ไม่มี,foundation,course_only|both,2,verified,2026-09-19,ผู้วิจัยเปิดหน้าคอร์สตรวจ 19 ก.ย. 2569 (DEC-18) · ตรวจซ้ำ 1 ต.ค. 2569: ชื่อ ผู้ให้บริการ และชั่วโมงตรง,foundation track F1 · หน้าคอร์สระบุ 2 สัปดาห์ x 10 ชม./สัปดาห์ = 20 ชม. · planning_estimate_not_provider_verified,CORPUS-IS68076026-v1.5R-01OCT26,ONET31.0-IS68076026-v1.0,v1.5_foundation
CRS-R09-F1,course,R09,นักวิเคราะห์ข้อมูลเชิงธุรกิจ,Data / BI Analyst,15-2051.01,analytics,exact,90,Write Professional Emails in English,Georgia Institute of Technology,mooc_platform,Coursera,https://www.coursera.org/learn/professional-emails-english,single_course,Beginner,1,self-paced online,English,เขียนอีเมลภาษาอังกฤษเชิงวิชาชีพได้ถูกต้องตามรูปแบบ น้ำเสียง และวัตถุประสงค์,Professional email writing|Business English|Tone and register,,no,REQ-R09-2.C.7.a,REQ-R09-2.C.7.a,English Language,1,1,Knowledge,0.032556,0.032556,3.26,3.26,20,free,0,,,ไม่มี,foundation,course_only|both,2,verified,2026-09-19,ผู้วิจัยเปิดหน้าคอร์สตรวจ 19 ก.ย. 2569 (DEC-18) · ตรวจซ้ำ 1 ต.ค. 2569: ชื่อ ผู้ให้บริการ และชั่วโมงตรง,foundation track F1 · หน้าคอร์สระบุ 2 สัปดาห์ x 10 ชม./สัปดาห์ = 20 ชม. · planning_estimate_not_provider_verified,CORPUS-IS68076026-v1.5R-01OCT26,ONET31.0-IS68076026-v1.0,v1.5_foundation
CRS-R10-F1,course,R10,ผู้ดูแลฐานข้อมูล,Database Administrator,15-1242.00,data,exact,90,Write Professional Emails in English,Georgia Institute of Technology,mooc_platform,Coursera,https://www.coursera.org/learn/professional-emails-english,single_course,Beginner,1,self-paced online,English,เขียนอีเมลภาษาอังกฤษเชิงวิชาชีพได้ถูกต้องตามรูปแบบ น้ำเสียง และวัตถุประสงค์,Professional email writing|Business English|Tone and register,,no,REQ-R10-2.C.7.a,REQ-R10-2.C.7.a,English Language,1,1,Knowledge,0.034703,0.034703,3.47,3.47,20,free,0,,,ไม่มี,foundation,course_only|both,2,verified,2026-09-19,ผู้วิจัยเปิดหน้าคอร์สตรวจ 19 ก.ย. 2569 (DEC-18) · ตรวจซ้ำ 1 ต.ค. 2569: ชื่อ ผู้ให้บริการ และชั่วโมงตรง,foundation track F1 · หน้าคอร์สระบุ 2 สัปดาห์ x 10 ชม./สัปดาห์ = 20 ชม. · planning_estimate_not_provider_verified,CORPUS-IS68076026-v1.5R-01OCT26,ONET31.0-IS68076026-v1.0,v1.5_foundation
CRS-R12-F1,course,R12,วิศวกรความมั่นคงปลอดภัย,Security Engineer,15-1299.05,security,exact,90,Write Professional Emails in English,Georgia Institute of Technology,mooc_platform,Coursera,https://www.coursera.org/learn/professional-emails-english,single_course,Beginner,1,self-paced online,English,เขียนอีเมลภาษาอังกฤษเชิงวิชาชีพได้ถูกต้องตามรูปแบบ น้ำเสียง และวัตถุประสงค์,Professional email writing|Business English|Tone and register,,no,REQ-R12-2.C.7.a,REQ-R12-2.C.7.a,English Language,1,1,Knowledge,0.029880,0.029880,2.99,2.99,20,free,0,,,ไม่มี,foundation,course_only|both,2,verified,2026-09-19,ผู้วิจัยเปิดหน้าคอร์สตรวจ 19 ก.ย. 2569 (DEC-18) · ตรวจซ้ำ 1 ต.ค. 2569: ชื่อ ผู้ให้บริการ และชั่วโมงตรง,foundation track F1 · หน้าคอร์สระบุ 2 สัปดาห์ x 10 ชม./สัปดาห์ = 20 ชม. · planning_estimate_not_provider_verified,CORPUS-IS68076026-v1.5R-01OCT26,ONET31.0-IS68076026-v1.0,v1.5_foundation
CRS-R13-F1,course,R13,ผู้ทดสอบเจาะระบบ,Penetration Tester,15-1299.04,security,exact,90,Write Professional Emails in English,Georgia Institute of Technology,mooc_platform,Coursera,https://www.coursera.org/learn/professional-emails-english,single_course,Beginner,1,self-paced online,English,เขียนอีเมลภาษาอังกฤษเชิงวิชาชีพได้ถูกต้องตามรูปแบบ น้ำเสียง และวัตถุประสงค์,Professional email writing|Business English|Tone and register,,no,REQ-R13-2.C.7.a,REQ-R13-2.C.7.a,English Language,1,1,Knowledge,0.030556,0.030556,3.06,3.06,20,free,0,,,ไม่มี,foundation,course_only|both,2,verified,2026-09-19,ผู้วิจัยเปิดหน้าคอร์สตรวจ 19 ก.ย. 2569 (DEC-18) · ตรวจซ้ำ 1 ต.ค. 2569: ชื่อ ผู้ให้บริการ และชั่วโมงตรง,foundation track F1 · หน้าคอร์สระบุ 2 สัปดาห์ x 10 ชม./สัปดาห์ = 20 ชม. · planning_estimate_not_provider_verified,CORPUS-IS68076026-v1.5R-01OCT26,ONET31.0-IS68076026-v1.0,v1.5_foundation
CRS-R14-F1,course,R14,นักนิติวิทยาศาสตร์ดิจิทัลและการรับมือเหตุการณ์,Digital Forensics & Incident Response,15-1299.06,security,exact,90,Write Professional Emails in English,Georgia Institute of Technology,mooc_platform,Coursera,https://www.coursera.org/learn/professional-emails-english,single_course,Beginner,1,self-paced online,English,เขียนอีเมลภาษาอังกฤษเชิงวิชาชีพได้ถูกต้องตามรูปแบบ น้ำเสียง และวัตถุประสงค์,Professional email writing|Business English|Tone and register,,no,REQ-R14-2.C.7.a,REQ-R14-2.C.7.a,English Language,1,1,Knowledge,0.031990,0.031990,3.20,3.20,20,free,0,,,ไม่มี,foundation,course_only|both,2,verified,2026-09-19,ผู้วิจัยเปิดหน้าคอร์สตรวจ 19 ก.ย. 2569 (DEC-18) · ตรวจซ้ำ 1 ต.ค. 2569: ชื่อ ผู้ให้บริการ และชั่วโมงตรง,foundation track F1 · หน้าคอร์สระบุ 2 สัปดาห์ x 10 ชม./สัปดาห์ = 20 ชม. · planning_estimate_not_provider_verified,CORPUS-IS68076026-v1.5R-01OCT26,ONET31.0-IS68076026-v1.0,v1.5_foundation
CRS-R15-F1,course,R15,วิศวกรและสถาปนิกเครือข่าย,Network Engineer / Architect,15-1241.00,network,exact,90,Write Professional Emails in English,Georgia Institute of Technology,mooc_platform,Coursera,https://www.coursera.org/learn/professional-emails-english,single_course,Beginner,1,self-paced online,English,เขียนอีเมลภาษาอังกฤษเชิงวิชาชีพได้ถูกต้องตามรูปแบบ น้ำเสียง และวัตถุประสงค์,Professional email writing|Business English|Tone and register,,no,REQ-R15-2.C.7.a,REQ-R15-2.C.7.a,English Language,1,1,Knowledge,0.032233,0.032233,3.22,3.22,20,free,0,,,ไม่มี,foundation,course_only|both,2,verified,2026-09-19,ผู้วิจัยเปิดหน้าคอร์สตรวจ 19 ก.ย. 2569 (DEC-18) · ตรวจซ้ำ 1 ต.ค. 2569: ชื่อ ผู้ให้บริการ และชั่วโมงตรง,foundation track F1 · หน้าคอร์สระบุ 2 สัปดาห์ x 10 ชม./สัปดาห์ = 20 ชม. · planning_estimate_not_provider_verified,CORPUS-IS68076026-v1.5R-01OCT26,ONET31.0-IS68076026-v1.0,v1.5_foundation
CRS-R16-F1,course,R16,วิศวกรและสถาปนิกระบบคลาวด์,Cloud Engineer / Solutions Architect,15-1299.08,cloud,proxy,90,Write Professional Emails in English,Georgia Institute of Technology,mooc_platform,Coursera,https://www.coursera.org/learn/professional-emails-english,single_course,Beginner,1,self-paced online,English,เขียนอีเมลภาษาอังกฤษเชิงวิชาชีพได้ถูกต้องตามรูปแบบ น้ำเสียง และวัตถุประสงค์,Professional email writing|Business English|Tone and register,,no,REQ-R16-2.C.7.a,REQ-R16-2.C.7.a,English Language,1,1,Knowledge,0.034431,0.034431,3.44,3.44,20,free,0,,,ไม่มี,foundation,course_only|both,2,verified,2026-09-19,ผู้วิจัยเปิดหน้าคอร์สตรวจ 19 ก.ย. 2569 (DEC-18) · ตรวจซ้ำ 1 ต.ค. 2569: ชื่อ ผู้ให้บริการ และชั่วโมงตรง,foundation track F1 · หน้าคอร์สระบุ 2 สัปดาห์ x 10 ชม./สัปดาห์ = 20 ชม. · planning_estimate_not_provider_verified,CORPUS-IS68076026-v1.5R-01OCT26,ONET31.0-IS68076026-v1.0,v1.5_foundation
CRS-R17-F1,course,R17,วิศวกร DevOps และ SRE,DevOps / Site Reliability Engineer,15-1244.00,cloud,proxy,90,Write Professional Emails in English,Georgia Institute of Technology,mooc_platform,Coursera,https://www.coursera.org/learn/professional-emails-english,single_course,Beginner,1,self-paced online,English,เขียนอีเมลภาษาอังกฤษเชิงวิชาชีพได้ถูกต้องตามรูปแบบ น้ำเสียง และวัตถุประสงค์,Professional email writing|Business English|Tone and register,,no,REQ-R17-2.C.7.a,REQ-R17-2.C.7.a,English Language,1,1,Knowledge,0.029077,0.029077,2.91,2.91,20,free,0,,,ไม่มี,foundation,course_only|both,2,verified,2026-09-19,ผู้วิจัยเปิดหน้าคอร์สตรวจ 19 ก.ย. 2569 (DEC-18) · ตรวจซ้ำ 1 ต.ค. 2569: ชื่อ ผู้ให้บริการ และชั่วโมงตรง,foundation track F1 · หน้าคอร์สระบุ 2 สัปดาห์ x 10 ชม./สัปดาห์ = 20 ชม. · planning_estimate_not_provider_verified,CORPUS-IS68076026-v1.5R-01OCT26,ONET31.0-IS68076026-v1.0,v1.5_foundation
CRS-R18-F1,course,R18,นักวิเคราะห์ระบบและนักวิเคราะห์ธุรกิจสายไอที,Systems / Business Analyst (IT),15-1211.00,analytics,exact,90,Write Professional Emails in English,Georgia Institute of Technology,mooc_platform,Coursera,https://www.coursera.org/learn/professional-emails-english,single_course,Beginner,1,self-paced online,English,เขียนอีเมลภาษาอังกฤษเชิงวิชาชีพได้ถูกต้องตามรูปแบบ น้ำเสียง และวัตถุประสงค์,Professional email writing|Business English|Tone and register,,no,REQ-R18-2.C.7.a,REQ-R18-2.C.7.a,English Language,1,1,Knowledge,0.029810,0.029810,2.98,2.98,20,free,0,,,ไม่มี,foundation,course_only|both,2,verified,2026-09-19,ผู้วิจัยเปิดหน้าคอร์สตรวจ 19 ก.ย. 2569 (DEC-18) · ตรวจซ้ำ 1 ต.ค. 2569: ชื่อ ผู้ให้บริการ และชั่วโมงตรง,foundation track F1 · หน้าคอร์สระบุ 2 สัปดาห์ x 10 ชม./สัปดาห์ = 20 ชม. · planning_estimate_not_provider_verified,CORPUS-IS68076026-v1.5R-01OCT26,ONET31.0-IS68076026-v1.0,v1.5_foundation
CRS-R19-F1,course,R19,ผู้จัดการโครงการไอที,IT Project Manager,15-1299.09,management,exact,90,Write Professional Emails in English,Georgia Institute of Technology,mooc_platform,Coursera,https://www.coursera.org/learn/professional-emails-english,single_course,Beginner,1,self-paced online,English,เขียนอีเมลภาษาอังกฤษเชิงวิชาชีพได้ถูกต้องตามรูปแบบ น้ำเสียง และวัตถุประสงค์,Professional email writing|Business English|Tone and register,,no,REQ-R19-2.C.7.a,REQ-R19-2.C.7.a,English Language,1,1,Knowledge,0.033331,0.033331,3.33,3.33,20,free,0,,,ไม่มี,foundation,course_only|both,2,verified,2026-09-19,ผู้วิจัยเปิดหน้าคอร์สตรวจ 19 ก.ย. 2569 (DEC-18) · ตรวจซ้ำ 1 ต.ค. 2569: ชื่อ ผู้ให้บริการ และชั่วโมงตรง,foundation track F1 · หน้าคอร์สระบุ 2 สัปดาห์ x 10 ชม./สัปดาห์ = 20 ชม. · planning_estimate_not_provider_verified,CORPUS-IS68076026-v1.5R-01OCT26,ONET31.0-IS68076026-v1.0,v1.5_foundation
CRS-R01-F2,course,R01,วิศวกรซอฟต์แวร์หรือนักพัฒนาซอฟต์แวร์,Software Engineer (Backend/Full-stack),15-1252.00,software,exact,90,Understanding Research Methods,University of London,mooc_platform,Coursera,https://www.coursera.org/learn/research-methods,single_course,Beginner,1,self-paced online,English,ค้นหา คัดกรอง และประมวลสารสนเทศอย่างเป็นระบบ ตั้งคำถามและเลือกวิธีวิเคราะห์ข้อมูลได้เหมาะสม,Literature search|Research design|Information processing|Data analysis basics,,no,REQ-R01-4.A.1.a.1|REQ-R01-4.A.1.b.1,REQ-R01-4.A.1.a.1|REQ-R01-4.A.1.b.1,"Getting Information|Identifying Objects, Actions, and Events",2,2,Work Activities,0.066956,0.066956,6.70,6.70,6,free,0,,,ไม่มี,foundation,course_only|both,2,verified,2026-09-19,ผู้วิจัยเปิดหน้าคอร์สตรวจ 19 ก.ย. 2569 (DEC-18) · ตรวจซ้ำ 1 ต.ค. 2569: ชื่อ ผู้ให้บริการ และชั่วโมงตรง,foundation track F2 · หน้าคอร์สระบุ 6 ชม. · planning_estimate_not_provider_verified,CORPUS-IS68076026-v1.5R-01OCT26,ONET31.0-IS68076026-v1.0,v1.5_foundation
CRS-R02-F2,course,R02,นักพัฒนาเว็บ,Web Developer,15-1254.00,software,exact,90,Understanding Research Methods,University of London,mooc_platform,Coursera,https://www.coursera.org/learn/research-methods,single_course,Beginner,1,self-paced online,English,ค้นหา คัดกรอง และประมวลสารสนเทศอย่างเป็นระบบ ตั้งคำถามและเลือกวิธีวิเคราะห์ข้อมูลได้เหมาะสม,Literature search|Research design|Information processing|Data analysis basics,,no,REQ-R02-4.A.1.a.1|REQ-R02-4.A.1.b.1,REQ-R02-4.A.1.a.1|REQ-R02-4.A.1.b.1,"Getting Information|Identifying Objects, Actions, and Events",2,2,Work Activities,0.072697,0.072697,7.27,7.27,6,free,0,,,ไม่มี,foundation,course_only|both,2,verified,2026-09-19,ผู้วิจัยเปิดหน้าคอร์สตรวจ 19 ก.ย. 2569 (DEC-18) · ตรวจซ้ำ 1 ต.ค. 2569: ชื่อ ผู้ให้บริการ และชั่วโมงตรง,foundation track F2 · หน้าคอร์สระบุ 6 ชม. · planning_estimate_not_provider_verified,CORPUS-IS68076026-v1.5R-01OCT26,ONET31.0-IS68076026-v1.0,v1.5_foundation
CRS-R03-F2,course,R03,นักพัฒนาแอปพลิเคชันและโมบายล์,Application / Mobile Developer,15-1251.00,software,proxy,90,Understanding Research Methods,University of London,mooc_platform,Coursera,https://www.coursera.org/learn/research-methods,single_course,Beginner,1,self-paced online,English,ค้นหา คัดกรอง และประมวลสารสนเทศอย่างเป็นระบบ ตั้งคำถามและเลือกวิธีวิเคราะห์ข้อมูลได้เหมาะสม,Literature search|Research design|Information processing|Data analysis basics,,no,REQ-R03-4.A.1.a.1|REQ-R03-4.A.1.b.1,REQ-R03-4.A.1.a.1|REQ-R03-4.A.1.b.1,"Getting Information|Identifying Objects, Actions, and Events",2,2,Work Activities,0.074456,0.074456,7.45,7.45,6,free,0,,,ไม่มี,foundation,course_only|both,2,verified,2026-09-19,ผู้วิจัยเปิดหน้าคอร์สตรวจ 19 ก.ย. 2569 (DEC-18) · ตรวจซ้ำ 1 ต.ค. 2569: ชื่อ ผู้ให้บริการ และชั่วโมงตรง,foundation track F2 · หน้าคอร์สระบุ 6 ชม. · planning_estimate_not_provider_verified,CORPUS-IS68076026-v1.5R-01OCT26,ONET31.0-IS68076026-v1.0,v1.5_foundation
CRS-R04-F2,course,R04,วิศวกรทดสอบและ QA Automation,QA & Test Automation Engineer,15-1253.00,software,exact,90,Understanding Research Methods,University of London,mooc_platform,Coursera,https://www.coursera.org/learn/research-methods,single_course,Beginner,1,self-paced online,English,ค้นหา คัดกรอง และประมวลสารสนเทศอย่างเป็นระบบ ตั้งคำถามและเลือกวิธีวิเคราะห์ข้อมูลได้เหมาะสม,Literature search|Research design|Information processing|Data analysis basics,,no,REQ-R04-4.A.1.a.1,REQ-R04-4.A.1.a.1,Getting Information,1,1,Work Activities,0.039601,0.039601,3.96,3.96,6,free,0,,,ไม่มี,foundation,course_only|both,2,verified,2026-09-19,ผู้วิจัยเปิดหน้าคอร์สตรวจ 19 ก.ย. 2569 (DEC-18) · ตรวจซ้ำ 1 ต.ค. 2569: ชื่อ ผู้ให้บริการ และชั่วโมงตรง,foundation track F2 · หน้าคอร์สระบุ 6 ชม. · planning_estimate_not_provider_verified,CORPUS-IS68076026-v1.5R-01OCT26,ONET31.0-IS68076026-v1.0,v1.5_foundation
CRS-R05-F2,course,R05,นักออกแบบ UX/UI,UX/UI & Digital Product Designer,15-1255.00,software,exact,90,Understanding Research Methods,University of London,mooc_platform,Coursera,https://www.coursera.org/learn/research-methods,single_course,Beginner,1,self-paced online,English,ค้นหา คัดกรอง และประมวลสารสนเทศอย่างเป็นระบบ ตั้งคำถามและเลือกวิธีวิเคราะห์ข้อมูลได้เหมาะสม,Literature search|Research design|Information processing|Data analysis basics,,no,REQ-R05-4.A.1.b.1,REQ-R05-4.A.1.b.1,"Identifying Objects, Actions, and Events",1,1,Work Activities,0.040295,0.040295,4.03,4.03,6,free,0,,,ไม่มี,foundation,course_only|both,2,verified,2026-09-19,ผู้วิจัยเปิดหน้าคอร์สตรวจ 19 ก.ย. 2569 (DEC-18) · ตรวจซ้ำ 1 ต.ค. 2569: ชื่อ ผู้ให้บริการ และชั่วโมงตรง,foundation track F2 · หน้าคอร์สระบุ 6 ชม. · planning_estimate_not_provider_verified,CORPUS-IS68076026-v1.5R-01OCT26,ONET31.0-IS68076026-v1.0,v1.5_foundation
CRS-R06-F2,course,R06,นักวิทยาศาสตร์ข้อมูล,Data Scientist,15-2051.00,data,exact,90,Understanding Research Methods,University of London,mooc_platform,Coursera,https://www.coursera.org/learn/research-methods,single_course,Beginner,1,self-paced online,English,ค้นหา คัดกรอง และประมวลสารสนเทศอย่างเป็นระบบ ตั้งคำถามและเลือกวิธีวิเคราะห์ข้อมูลได้เหมาะสม,Literature search|Research design|Information processing|Data analysis basics,,no,REQ-R06-4.A.1.b.1,REQ-R06-4.A.1.b.1,"Identifying Objects, Actions, and Events",1,1,Work Activities,0.031854,0.031854,3.19,3.19,6,free,0,,,ไม่มี,foundation,course_only|both,2,verified,2026-09-19,ผู้วิจัยเปิดหน้าคอร์สตรวจ 19 ก.ย. 2569 (DEC-18) · ตรวจซ้ำ 1 ต.ค. 2569: ชื่อ ผู้ให้บริการ และชั่วโมงตรง,foundation track F2 · หน้าคอร์สระบุ 6 ชม. · planning_estimate_not_provider_verified,CORPUS-IS68076026-v1.5R-01OCT26,ONET31.0-IS68076026-v1.0,v1.5_foundation
CRS-R07-F2,course,R07,วิศวกรแมชชีนเลิร์นนิงและปัญญาประดิษฐ์,Machine Learning / AI Engineer,15-1221.00,data,proxy,90,Understanding Research Methods,University of London,mooc_platform,Coursera,https://www.coursera.org/learn/research-methods,single_course,Beginner,1,self-paced online,English,ค้นหา คัดกรอง และประมวลสารสนเทศอย่างเป็นระบบ ตั้งคำถามและเลือกวิธีวิเคราะห์ข้อมูลได้เหมาะสม,Literature search|Research design|Information processing|Data analysis basics,,no,REQ-R07-4.A.1.b.1,REQ-R07-4.A.1.b.1,"Identifying Objects, Actions, and Events",1,1,Work Activities,0.035024,0.035024,3.50,3.50,6,free,0,,,ไม่มี,foundation,course_only|both,2,verified,2026-09-19,ผู้วิจัยเปิดหน้าคอร์สตรวจ 19 ก.ย. 2569 (DEC-18) · ตรวจซ้ำ 1 ต.ค. 2569: ชื่อ ผู้ให้บริการ และชั่วโมงตรง,foundation track F2 · หน้าคอร์สระบุ 6 ชม. · planning_estimate_not_provider_verified,CORPUS-IS68076026-v1.5R-01OCT26,ONET31.0-IS68076026-v1.0,v1.5_foundation
CRS-R08-F2,course,R08,วิศวกรข้อมูล,Data Engineer,15-1243.00,data,proxy,90,Understanding Research Methods,University of London,mooc_platform,Coursera,https://www.coursera.org/learn/research-methods,single_course,Beginner,1,self-paced online,English,ค้นหา คัดกรอง และประมวลสารสนเทศอย่างเป็นระบบ ตั้งคำถามและเลือกวิธีวิเคราะห์ข้อมูลได้เหมาะสม,Literature search|Research design|Information processing|Data analysis basics,,no,REQ-R08-4.A.1.b.1,REQ-R08-4.A.1.b.1,"Identifying Objects, Actions, and Events",1,1,Work Activities,0.034926,0.034926,3.49,3.49,6,free,0,,,ไม่มี,foundation,course_only|both,2,verified,2026-09-19,ผู้วิจัยเปิดหน้าคอร์สตรวจ 19 ก.ย. 2569 (DEC-18) · ตรวจซ้ำ 1 ต.ค. 2569: ชื่อ ผู้ให้บริการ และชั่วโมงตรง,foundation track F2 · หน้าคอร์สระบุ 6 ชม. · planning_estimate_not_provider_verified,CORPUS-IS68076026-v1.5R-01OCT26,ONET31.0-IS68076026-v1.0,v1.5_foundation
CRS-R09-F2,course,R09,นักวิเคราะห์ข้อมูลเชิงธุรกิจ,Data / BI Analyst,15-2051.01,analytics,exact,90,Understanding Research Methods,University of London,mooc_platform,Coursera,https://www.coursera.org/learn/research-methods,single_course,Beginner,1,self-paced online,English,ค้นหา คัดกรอง และประมวลสารสนเทศอย่างเป็นระบบ ตั้งคำถามและเลือกวิธีวิเคราะห์ข้อมูลได้เหมาะสม,Literature search|Research design|Information processing|Data analysis basics,,no,REQ-R09-4.A.1.b.1,REQ-R09-4.A.1.b.1,"Identifying Objects, Actions, and Events",1,1,Work Activities,0.033765,0.033765,3.38,3.38,6,free,0,,,ไม่มี,foundation,course_only|both,2,verified,2026-09-19,ผู้วิจัยเปิดหน้าคอร์สตรวจ 19 ก.ย. 2569 (DEC-18) · ตรวจซ้ำ 1 ต.ค. 2569: ชื่อ ผู้ให้บริการ และชั่วโมงตรง,foundation track F2 · หน้าคอร์สระบุ 6 ชม. · planning_estimate_not_provider_verified,CORPUS-IS68076026-v1.5R-01OCT26,ONET31.0-IS68076026-v1.0,v1.5_foundation
CRS-R10-F2,course,R10,ผู้ดูแลฐานข้อมูล,Database Administrator,15-1242.00,data,exact,90,Understanding Research Methods,University of London,mooc_platform,Coursera,https://www.coursera.org/learn/research-methods,single_course,Beginner,1,self-paced online,English,ค้นหา คัดกรอง และประมวลสารสนเทศอย่างเป็นระบบ ตั้งคำถามและเลือกวิธีวิเคราะห์ข้อมูลได้เหมาะสม,Literature search|Research design|Information processing|Data analysis basics,,no,REQ-R10-4.A.1.a.1|REQ-R10-4.A.1.b.1,REQ-R10-4.A.1.a.1|REQ-R10-4.A.1.b.1,"Getting Information|Identifying Objects, Actions, and Events",2,2,Work Activities,0.072124,0.072124,7.21,7.21,6,free,0,,,ไม่มี,foundation,course_only|both,2,verified,2026-09-19,ผู้วิจัยเปิดหน้าคอร์สตรวจ 19 ก.ย. 2569 (DEC-18) · ตรวจซ้ำ 1 ต.ค. 2569: ชื่อ ผู้ให้บริการ และชั่วโมงตรง,foundation track F2 · หน้าคอร์สระบุ 6 ชม. · planning_estimate_not_provider_verified,CORPUS-IS68076026-v1.5R-01OCT26,ONET31.0-IS68076026-v1.0,v1.5_foundation
CRS-R11-F2,course,R11,นักวิเคราะห์ความมั่นคงปลอดภัยสารสนเทศ,Information Security / SOC Analyst,15-1212.00,security,exact,90,Understanding Research Methods,University of London,mooc_platform,Coursera,https://www.coursera.org/learn/research-methods,single_course,Beginner,1,self-paced online,English,ค้นหา คัดกรอง และประมวลสารสนเทศอย่างเป็นระบบ ตั้งคำถามและเลือกวิธีวิเคราะห์ข้อมูลได้เหมาะสม,Literature search|Research design|Information processing|Data analysis basics,,no,REQ-R11-4.A.1.a.1,REQ-R11-4.A.1.a.1,Getting Information,1,1,Work Activities,0.038870,0.038870,3.89,3.89,6,free,0,,,ไม่มี,foundation,course_only|both,2,verified,2026-09-19,ผู้วิจัยเปิดหน้าคอร์สตรวจ 19 ก.ย. 2569 (DEC-18) · ตรวจซ้ำ 1 ต.ค. 2569: ชื่อ ผู้ให้บริการ และชั่วโมงตรง,foundation track F2 · หน้าคอร์สระบุ 6 ชม. · planning_estimate_not_provider_verified,CORPUS-IS68076026-v1.5R-01OCT26,ONET31.0-IS68076026-v1.0,v1.5_foundation
CRS-R12-F2,course,R12,วิศวกรความมั่นคงปลอดภัย,Security Engineer,15-1299.05,security,exact,90,Understanding Research Methods,University of London,mooc_platform,Coursera,https://www.coursera.org/learn/research-methods,single_course,Beginner,1,self-paced online,English,ค้นหา คัดกรอง และประมวลสารสนเทศอย่างเป็นระบบ ตั้งคำถามและเลือกวิธีวิเคราะห์ข้อมูลได้เหมาะสม,Literature search|Research design|Information processing|Data analysis basics,,no,REQ-R12-4.A.1.a.1|REQ-R12-4.A.2.a.2,REQ-R12-4.A.1.a.1|REQ-R12-4.A.2.a.2,Getting Information|Processing Information,2,2,Work Activities,0.073302,0.073302,7.33,7.33,6,free,0,,,ไม่มี,foundation,course_only|both,2,verified,2026-09-19,ผู้วิจัยเปิดหน้าคอร์สตรวจ 19 ก.ย. 2569 (DEC-18) · ตรวจซ้ำ 1 ต.ค. 2569: ชื่อ ผู้ให้บริการ และชั่วโมงตรง,foundation track F2 · หน้าคอร์สระบุ 6 ชม. · planning_estimate_not_provider_verified,CORPUS-IS68076026-v1.5R-01OCT26,ONET31.0-IS68076026-v1.0,v1.5_foundation
CRS-R13-F2,course,R13,ผู้ทดสอบเจาะระบบ,Penetration Tester,15-1299.04,security,exact,90,Understanding Research Methods,University of London,mooc_platform,Coursera,https://www.coursera.org/learn/research-methods,single_course,Beginner,1,self-paced online,English,ค้นหา คัดกรอง และประมวลสารสนเทศอย่างเป็นระบบ ตั้งคำถามและเลือกวิธีวิเคราะห์ข้อมูลได้เหมาะสม,Literature search|Research design|Information processing|Data analysis basics,,no,REQ-R13-4.A.1.a.1|REQ-R13-4.A.2.a.2|REQ-R13-4.A.2.a.4,REQ-R13-4.A.1.a.1|REQ-R13-4.A.2.a.2|REQ-R13-4.A.2.a.4,Analyzing Data or Information|Getting Information|Processing Information,3,3,Work Activities,0.107752,0.107752,10.78,10.78,6,free,0,,,ไม่มี,foundation,course_only|both,2,verified,2026-09-19,ผู้วิจัยเปิดหน้าคอร์สตรวจ 19 ก.ย. 2569 (DEC-18) · ตรวจซ้ำ 1 ต.ค. 2569: ชื่อ ผู้ให้บริการ และชั่วโมงตรง,foundation track F2 · หน้าคอร์สระบุ 6 ชม. · planning_estimate_not_provider_verified,CORPUS-IS68076026-v1.5R-01OCT26,ONET31.0-IS68076026-v1.0,v1.5_foundation
CRS-R14-F2,course,R14,นักนิติวิทยาศาสตร์ดิจิทัลและการรับมือเหตุการณ์,Digital Forensics & Incident Response,15-1299.06,security,exact,90,Understanding Research Methods,University of London,mooc_platform,Coursera,https://www.coursera.org/learn/research-methods,single_course,Beginner,1,self-paced online,English,ค้นหา คัดกรอง และประมวลสารสนเทศอย่างเป็นระบบ ตั้งคำถามและเลือกวิธีวิเคราะห์ข้อมูลได้เหมาะสม,Literature search|Research design|Information processing|Data analysis basics,,no,REQ-R14-4.A.1.a.1|REQ-R14-4.A.2.a.2,REQ-R14-4.A.1.a.1|REQ-R14-4.A.2.a.2,Getting Information|Processing Information,2,2,Work Activities,0.075220,0.075220,7.52,7.52,6,free,0,,,ไม่มี,foundation,course_only|both,2,verified,2026-09-19,ผู้วิจัยเปิดหน้าคอร์สตรวจ 19 ก.ย. 2569 (DEC-18) · ตรวจซ้ำ 1 ต.ค. 2569: ชื่อ ผู้ให้บริการ และชั่วโมงตรง,foundation track F2 · หน้าคอร์สระบุ 6 ชม. · planning_estimate_not_provider_verified,CORPUS-IS68076026-v1.5R-01OCT26,ONET31.0-IS68076026-v1.0,v1.5_foundation
CRS-R15-F2,course,R15,วิศวกรและสถาปนิกเครือข่าย,Network Engineer / Architect,15-1241.00,network,exact,90,Understanding Research Methods,University of London,mooc_platform,Coursera,https://www.coursera.org/learn/research-methods,single_course,Beginner,1,self-paced online,English,ค้นหา คัดกรอง และประมวลสารสนเทศอย่างเป็นระบบ ตั้งคำถามและเลือกวิธีวิเคราะห์ข้อมูลได้เหมาะสม,Literature search|Research design|Information processing|Data analysis basics,,no,REQ-R15-4.A.1.a.1|REQ-R15-4.A.2.a.2,REQ-R15-4.A.1.a.1|REQ-R15-4.A.2.a.2,Getting Information|Processing Information,2,2,Work Activities,0.069981,0.069981,7.00,7.00,6,free,0,,,ไม่มี,foundation,course_only|both,2,verified,2026-09-19,ผู้วิจัยเปิดหน้าคอร์สตรวจ 19 ก.ย. 2569 (DEC-18) · ตรวจซ้ำ 1 ต.ค. 2569: ชื่อ ผู้ให้บริการ และชั่วโมงตรง,foundation track F2 · หน้าคอร์สระบุ 6 ชม. · planning_estimate_not_provider_verified,CORPUS-IS68076026-v1.5R-01OCT26,ONET31.0-IS68076026-v1.0,v1.5_foundation
CRS-R16-F2,course,R16,วิศวกรและสถาปนิกระบบคลาวด์,Cloud Engineer / Solutions Architect,15-1299.08,cloud,proxy,90,Understanding Research Methods,University of London,mooc_platform,Coursera,https://www.coursera.org/learn/research-methods,single_course,Beginner,1,self-paced online,English,ค้นหา คัดกรอง และประมวลสารสนเทศอย่างเป็นระบบ ตั้งคำถามและเลือกวิธีวิเคราะห์ข้อมูลได้เหมาะสม,Literature search|Research design|Information processing|Data analysis basics,,no,REQ-R16-4.A.1.a.1|REQ-R16-4.A.1.b.1,REQ-R16-4.A.1.a.1|REQ-R16-4.A.1.b.1,"Getting Information|Identifying Objects, Actions, and Events",2,2,Work Activities,0.070376,0.070376,7.04,7.04,6,free,0,,,ไม่มี,foundation,course_only|both,2,verified,2026-09-19,ผู้วิจัยเปิดหน้าคอร์สตรวจ 19 ก.ย. 2569 (DEC-18) · ตรวจซ้ำ 1 ต.ค. 2569: ชื่อ ผู้ให้บริการ และชั่วโมงตรง,foundation track F2 · หน้าคอร์สระบุ 6 ชม. · planning_estimate_not_provider_verified,CORPUS-IS68076026-v1.5R-01OCT26,ONET31.0-IS68076026-v1.0,v1.5_foundation
CRS-R17-F2,course,R17,วิศวกร DevOps และ SRE,DevOps / Site Reliability Engineer,15-1244.00,cloud,proxy,90,Understanding Research Methods,University of London,mooc_platform,Coursera,https://www.coursera.org/learn/research-methods,single_course,Beginner,1,self-paced online,English,ค้นหา คัดกรอง และประมวลสารสนเทศอย่างเป็นระบบ ตั้งคำถามและเลือกวิธีวิเคราะห์ข้อมูลได้เหมาะสม,Literature search|Research design|Information processing|Data analysis basics,,no,REQ-R17-4.A.1.a.1|REQ-R17-4.A.2.a.2,REQ-R17-4.A.1.a.1|REQ-R17-4.A.2.a.2,Getting Information|Processing Information,2,2,Work Activities,0.071268,0.071268,7.13,7.13,6,free,0,,,ไม่มี,foundation,course_only|both,2,verified,2026-09-19,ผู้วิจัยเปิดหน้าคอร์สตรวจ 19 ก.ย. 2569 (DEC-18) · ตรวจซ้ำ 1 ต.ค. 2569: ชื่อ ผู้ให้บริการ และชั่วโมงตรง,foundation track F2 · หน้าคอร์สระบุ 6 ชม. · planning_estimate_not_provider_verified,CORPUS-IS68076026-v1.5R-01OCT26,ONET31.0-IS68076026-v1.0,v1.5_foundation
CRS-R18-F2,course,R18,นักวิเคราะห์ระบบและนักวิเคราะห์ธุรกิจสายไอที,Systems / Business Analyst (IT),15-1211.00,analytics,exact,90,Understanding Research Methods,University of London,mooc_platform,Coursera,https://www.coursera.org/learn/research-methods,single_course,Beginner,1,self-paced online,English,ค้นหา คัดกรอง และประมวลสารสนเทศอย่างเป็นระบบ ตั้งคำถามและเลือกวิธีวิเคราะห์ข้อมูลได้เหมาะสม,Literature search|Research design|Information processing|Data analysis basics,,no,REQ-R18-4.A.1.b.1,REQ-R18-4.A.1.b.1,"Identifying Objects, Actions, and Events",1,1,Work Activities,0.032380,0.032380,3.24,3.24,6,free,0,,,ไม่มี,foundation,course_only|both,2,verified,2026-09-19,ผู้วิจัยเปิดหน้าคอร์สตรวจ 19 ก.ย. 2569 (DEC-18) · ตรวจซ้ำ 1 ต.ค. 2569: ชื่อ ผู้ให้บริการ และชั่วโมงตรง,foundation track F2 · หน้าคอร์สระบุ 6 ชม. · planning_estimate_not_provider_verified,CORPUS-IS68076026-v1.5R-01OCT26,ONET31.0-IS68076026-v1.0,v1.5_foundation
CRS-R19-F2,course,R19,ผู้จัดการโครงการไอที,IT Project Manager,15-1299.09,management,exact,90,Understanding Research Methods,University of London,mooc_platform,Coursera,https://www.coursera.org/learn/research-methods,single_course,Beginner,1,self-paced online,English,ค้นหา คัดกรอง และประมวลสารสนเทศอย่างเป็นระบบ ตั้งคำถามและเลือกวิธีวิเคราะห์ข้อมูลได้เหมาะสม,Literature search|Research design|Information processing|Data analysis basics,,no,REQ-R19-4.A.1.a.1|REQ-R19-4.A.1.b.1|REQ-R19-4.A.2.a.2,REQ-R19-4.A.1.a.1|REQ-R19-4.A.1.b.1|REQ-R19-4.A.2.a.2,"Getting Information|Identifying Objects, Actions, and Events|Processing Information",3,3,Work Activities,0.101779,0.101779,10.18,10.18,6,free,0,,,ไม่มี,foundation,course_only|both,2,verified,2026-09-19,ผู้วิจัยเปิดหน้าคอร์สตรวจ 19 ก.ย. 2569 (DEC-18) · ตรวจซ้ำ 1 ต.ค. 2569: ชื่อ ผู้ให้บริการ และชั่วโมงตรง,foundation track F2 · หน้าคอร์สระบุ 6 ชม. · planning_estimate_not_provider_verified,CORPUS-IS68076026-v1.5R-01OCT26,ONET31.0-IS68076026-v1.0,v1.5_foundation
CRS-R20-F2,course,R20,ผู้จัดการฝ่ายสารสนเทศ,IT / IS Manager,11-3021.00,management,exact,90,Understanding Research Methods,University of London,mooc_platform,Coursera,https://www.coursera.org/learn/research-methods,single_course,Beginner,1,self-paced online,English,ค้นหา คัดกรอง และประมวลสารสนเทศอย่างเป็นระบบ ตั้งคำถามและเลือกวิธีวิเคราะห์ข้อมูลได้เหมาะสม,Literature search|Research design|Information processing|Data analysis basics,,no,REQ-R20-4.A.1.a.1|REQ-R20-4.A.1.b.1|REQ-R20-4.A.2.a.2,REQ-R20-4.A.1.a.1|REQ-R20-4.A.1.b.1|REQ-R20-4.A.2.a.2,"Getting Information|Identifying Objects, Actions, and Events|Processing Information",3,3,Work Activities,0.104405,0.104405,10.44,10.44,6,free,0,,,ไม่มี,foundation,course_only|both,2,verified,2026-09-19,ผู้วิจัยเปิดหน้าคอร์สตรวจ 19 ก.ย. 2569 (DEC-18) · ตรวจซ้ำ 1 ต.ค. 2569: ชื่อ ผู้ให้บริการ และชั่วโมงตรง,foundation track F2 · หน้าคอร์สระบุ 6 ชม. · planning_estimate_not_provider_verified,CORPUS-IS68076026-v1.5R-01OCT26,ONET31.0-IS68076026-v1.0,v1.5_foundation
CRS-R02-F3,course,R02,นักพัฒนาเว็บ,Web Developer,15-1254.00,software,exact,90,Learning How to Learn: Powerful mental tools to help you master tough subjects,Deep Teaching Solutions,mooc_platform,Coursera,https://www.coursera.org/learn/learning-how-to-learn,single_course,Beginner,1,self-paced online,English,ใช้เทคนิคการเรียนรู้ด้วยตนเอง การอ่านเชิงรุก และการทบทวนเพื่อปรับความรู้ให้ทันสมัยอย่างต่อเนื่อง,Self-directed learning|Active reading|Spaced repetition,,no,REQ-R02-2.A.2.b|REQ-R02-4.A.2.b.3,REQ-R02-2.A.2.b|REQ-R02-4.A.2.b.3,Active Learning|Updating and Using Relevant Knowledge,2,2,Essential Skills|Work Activities,0.069485,0.069485,6.95,6.95,20,free,0,,,ไม่มี,foundation,course_only|both,2,verified,2026-09-19,ผู้วิจัยเปิดหน้าคอร์สตรวจ 19 ก.ย. 2569 (DEC-18) · ตรวจซ้ำ 1 ต.ค. 2569: ชื่อ ผู้ให้บริการ และชั่วโมงตรง,foundation track F3 · หน้าคอร์สระบุ 2 สัปดาห์ x 10 ชม./สัปดาห์ = 20 ชม. · planning_estimate_not_provider_verified,CORPUS-IS68076026-v1.5R-01OCT26,ONET31.0-IS68076026-v1.0,v1.5_foundation
CRS-R03-F3,course,R03,นักพัฒนาแอปพลิเคชันและโมบายล์,Application / Mobile Developer,15-1251.00,software,proxy,90,Learning How to Learn: Powerful mental tools to help you master tough subjects,Deep Teaching Solutions,mooc_platform,Coursera,https://www.coursera.org/learn/learning-how-to-learn,single_course,Beginner,1,self-paced online,English,ใช้เทคนิคการเรียนรู้ด้วยตนเอง การอ่านเชิงรุก และการทบทวนเพื่อปรับความรู้ให้ทันสมัยอย่างต่อเนื่อง,Self-directed learning|Active reading|Spaced repetition,,no,REQ-R03-2.A.1.a|REQ-R03-4.A.2.b.3,REQ-R03-2.A.1.a|REQ-R03-4.A.2.b.3,Reading Comprehension|Updating and Using Relevant Knowledge,2,2,Essential Skills|Work Activities,0.064307,0.064307,6.43,6.43,20,free,0,,,ไม่มี,foundation,course_only|both,2,verified,2026-09-19,ผู้วิจัยเปิดหน้าคอร์สตรวจ 19 ก.ย. 2569 (DEC-18) · ตรวจซ้ำ 1 ต.ค. 2569: ชื่อ ผู้ให้บริการ และชั่วโมงตรง,foundation track F3 · หน้าคอร์สระบุ 2 สัปดาห์ x 10 ชม./สัปดาห์ = 20 ชม. · planning_estimate_not_provider_verified,CORPUS-IS68076026-v1.5R-01OCT26,ONET31.0-IS68076026-v1.0,v1.5_foundation
CRS-R04-F3,course,R04,วิศวกรทดสอบและ QA Automation,QA & Test Automation Engineer,15-1253.00,software,exact,90,Learning How to Learn: Powerful mental tools to help you master tough subjects,Deep Teaching Solutions,mooc_platform,Coursera,https://www.coursera.org/learn/learning-how-to-learn,single_course,Beginner,1,self-paced online,English,ใช้เทคนิคการเรียนรู้ด้วยตนเอง การอ่านเชิงรุก และการทบทวนเพื่อปรับความรู้ให้ทันสมัยอย่างต่อเนื่อง,Self-directed learning|Active reading|Spaced repetition,,no,REQ-R04-4.A.2.b.3,REQ-R04-4.A.2.b.3,Updating and Using Relevant Knowledge,1,1,Work Activities,0.037132,0.037132,3.71,3.71,20,free,0,,,ไม่มี,foundation,course_only|both,2,verified,2026-09-19,ผู้วิจัยเปิดหน้าคอร์สตรวจ 19 ก.ย. 2569 (DEC-18) · ตรวจซ้ำ 1 ต.ค. 2569: ชื่อ ผู้ให้บริการ และชั่วโมงตรง,foundation track F3 · หน้าคอร์สระบุ 2 สัปดาห์ x 10 ชม./สัปดาห์ = 20 ชม. · planning_estimate_not_provider_verified,CORPUS-IS68076026-v1.5R-01OCT26,ONET31.0-IS68076026-v1.0,v1.5_foundation
CRS-R05-F3,course,R05,นักออกแบบ UX/UI,UX/UI & Digital Product Designer,15-1255.00,software,exact,90,Learning How to Learn: Powerful mental tools to help you master tough subjects,Deep Teaching Solutions,mooc_platform,Coursera,https://www.coursera.org/learn/learning-how-to-learn,single_course,Beginner,1,self-paced online,English,ใช้เทคนิคการเรียนรู้ด้วยตนเอง การอ่านเชิงรุก และการทบทวนเพื่อปรับความรู้ให้ทันสมัยอย่างต่อเนื่อง,Self-directed learning|Active reading|Spaced repetition,,no,REQ-R05-2.A.2.b|REQ-R05-4.A.2.b.3,REQ-R05-2.A.2.b|REQ-R05-4.A.2.b.3,Active Learning|Updating and Using Relevant Knowledge,2,2,Essential Skills|Work Activities,0.062978,0.062978,6.30,6.30,20,free,0,,,ไม่มี,foundation,course_only|both,2,verified,2026-09-19,ผู้วิจัยเปิดหน้าคอร์สตรวจ 19 ก.ย. 2569 (DEC-18) · ตรวจซ้ำ 1 ต.ค. 2569: ชื่อ ผู้ให้บริการ และชั่วโมงตรง,foundation track F3 · หน้าคอร์สระบุ 2 สัปดาห์ x 10 ชม./สัปดาห์ = 20 ชม. · planning_estimate_not_provider_verified,CORPUS-IS68076026-v1.5R-01OCT26,ONET31.0-IS68076026-v1.0,v1.5_foundation
CRS-R06-F3,course,R06,นักวิทยาศาสตร์ข้อมูล,Data Scientist,15-2051.00,data,exact,90,Learning How to Learn: Powerful mental tools to help you master tough subjects,Deep Teaching Solutions,mooc_platform,Coursera,https://www.coursera.org/learn/learning-how-to-learn,single_course,Beginner,1,self-paced online,English,ใช้เทคนิคการเรียนรู้ด้วยตนเอง การอ่านเชิงรุก และการทบทวนเพื่อปรับความรู้ให้ทันสมัยอย่างต่อเนื่อง,Self-directed learning|Active reading|Spaced repetition,,no,REQ-R06-2.A.1.a,REQ-R06-2.A.1.a,Reading Comprehension,1,1,Essential Skills,0.033313,0.033313,3.33,3.33,20,free,0,,,ไม่มี,foundation,course_only|both,2,verified,2026-09-19,ผู้วิจัยเปิดหน้าคอร์สตรวจ 19 ก.ย. 2569 (DEC-18) · ตรวจซ้ำ 1 ต.ค. 2569: ชื่อ ผู้ให้บริการ และชั่วโมงตรง,foundation track F3 · หน้าคอร์สระบุ 2 สัปดาห์ x 10 ชม./สัปดาห์ = 20 ชม. · planning_estimate_not_provider_verified,CORPUS-IS68076026-v1.5R-01OCT26,ONET31.0-IS68076026-v1.0,v1.5_foundation
CRS-R08-F3,course,R08,วิศวกรข้อมูล,Data Engineer,15-1243.00,data,proxy,90,Learning How to Learn: Powerful mental tools to help you master tough subjects,Deep Teaching Solutions,mooc_platform,Coursera,https://www.coursera.org/learn/learning-how-to-learn,single_course,Beginner,1,self-paced online,English,ใช้เทคนิคการเรียนรู้ด้วยตนเอง การอ่านเชิงรุก และการทบทวนเพื่อปรับความรู้ให้ทันสมัยอย่างต่อเนื่อง,Self-directed learning|Active reading|Spaced repetition,,no,REQ-R08-2.A.1.a|REQ-R08-4.A.2.b.3,REQ-R08-2.A.1.a|REQ-R08-4.A.2.b.3,Reading Comprehension|Updating and Using Relevant Knowledge,2,2,Essential Skills|Work Activities,0.069171,0.069171,6.92,6.92,20,free,0,,,ไม่มี,foundation,course_only|both,2,verified,2026-09-19,ผู้วิจัยเปิดหน้าคอร์สตรวจ 19 ก.ย. 2569 (DEC-18) · ตรวจซ้ำ 1 ต.ค. 2569: ชื่อ ผู้ให้บริการ และชั่วโมงตรง,foundation track F3 · หน้าคอร์สระบุ 2 สัปดาห์ x 10 ชม./สัปดาห์ = 20 ชม. · planning_estimate_not_provider_verified,CORPUS-IS68076026-v1.5R-01OCT26,ONET31.0-IS68076026-v1.0,v1.5_foundation
CRS-R09-F3,course,R09,นักวิเคราะห์ข้อมูลเชิงธุรกิจ,Data / BI Analyst,15-2051.01,analytics,exact,90,Learning How to Learn: Powerful mental tools to help you master tough subjects,Deep Teaching Solutions,mooc_platform,Coursera,https://www.coursera.org/learn/learning-how-to-learn,single_course,Beginner,1,self-paced online,English,ใช้เทคนิคการเรียนรู้ด้วยตนเอง การอ่านเชิงรุก และการทบทวนเพื่อปรับความรู้ให้ทันสมัยอย่างต่อเนื่อง,Self-directed learning|Active reading|Spaced repetition,,no,REQ-R09-2.A.2.b|REQ-R09-4.A.2.b.3,REQ-R09-2.A.2.b|REQ-R09-4.A.2.b.3,Active Learning|Updating and Using Relevant Knowledge,2,2,Essential Skills|Work Activities,0.068480,0.068480,6.85,6.85,20,free,0,,,ไม่มี,foundation,course_only|both,2,verified,2026-09-19,ผู้วิจัยเปิดหน้าคอร์สตรวจ 19 ก.ย. 2569 (DEC-18) · ตรวจซ้ำ 1 ต.ค. 2569: ชื่อ ผู้ให้บริการ และชั่วโมงตรง,foundation track F3 · หน้าคอร์สระบุ 2 สัปดาห์ x 10 ชม./สัปดาห์ = 20 ชม. · planning_estimate_not_provider_verified,CORPUS-IS68076026-v1.5R-01OCT26,ONET31.0-IS68076026-v1.0,v1.5_foundation
CRS-R10-F3,course,R10,ผู้ดูแลฐานข้อมูล,Database Administrator,15-1242.00,data,exact,90,Learning How to Learn: Powerful mental tools to help you master tough subjects,Deep Teaching Solutions,mooc_platform,Coursera,https://www.coursera.org/learn/learning-how-to-learn,single_course,Beginner,1,self-paced online,English,ใช้เทคนิคการเรียนรู้ด้วยตนเอง การอ่านเชิงรุก และการทบทวนเพื่อปรับความรู้ให้ทันสมัยอย่างต่อเนื่อง,Self-directed learning|Active reading|Spaced repetition,,no,REQ-R10-2.A.1.a|REQ-R10-2.A.2.b|REQ-R10-4.A.2.b.3,REQ-R10-2.A.1.a|REQ-R10-2.A.2.b|REQ-R10-4.A.2.b.3,Active Learning|Reading Comprehension|Updating and Using Relevant Knowledge,3,3,Essential Skills|Work Activities,0.095785,0.095785,9.58,9.58,20,free,0,,,ไม่มี,foundation,course_only|both,2,verified,2026-09-19,ผู้วิจัยเปิดหน้าคอร์สตรวจ 19 ก.ย. 2569 (DEC-18) · ตรวจซ้ำ 1 ต.ค. 2569: ชื่อ ผู้ให้บริการ และชั่วโมงตรง,foundation track F3 · หน้าคอร์สระบุ 2 สัปดาห์ x 10 ชม./สัปดาห์ = 20 ชม. · planning_estimate_not_provider_verified,CORPUS-IS68076026-v1.5R-01OCT26,ONET31.0-IS68076026-v1.0,v1.5_foundation
CRS-R12-F3,course,R12,วิศวกรความมั่นคงปลอดภัย,Security Engineer,15-1299.05,security,exact,90,Learning How to Learn: Powerful mental tools to help you master tough subjects,Deep Teaching Solutions,mooc_platform,Coursera,https://www.coursera.org/learn/learning-how-to-learn,single_course,Beginner,1,self-paced online,English,ใช้เทคนิคการเรียนรู้ด้วยตนเอง การอ่านเชิงรุก และการทบทวนเพื่อปรับความรู้ให้ทันสมัยอย่างต่อเนื่อง,Self-directed learning|Active reading|Spaced repetition,,no,REQ-R12-4.A.2.b.3,REQ-R12-4.A.2.b.3,Updating and Using Relevant Knowledge,1,1,Work Activities,0.037413,0.037413,3.74,3.74,20,free,0,,,ไม่มี,foundation,course_only|both,2,verified,2026-09-19,ผู้วิจัยเปิดหน้าคอร์สตรวจ 19 ก.ย. 2569 (DEC-18) · ตรวจซ้ำ 1 ต.ค. 2569: ชื่อ ผู้ให้บริการ และชั่วโมงตรง,foundation track F3 · หน้าคอร์สระบุ 2 สัปดาห์ x 10 ชม./สัปดาห์ = 20 ชม. · planning_estimate_not_provider_verified,CORPUS-IS68076026-v1.5R-01OCT26,ONET31.0-IS68076026-v1.0,v1.5_foundation
CRS-R13-F3,course,R13,ผู้ทดสอบเจาะระบบ,Penetration Tester,15-1299.04,security,exact,90,Learning How to Learn: Powerful mental tools to help you master tough subjects,Deep Teaching Solutions,mooc_platform,Coursera,https://www.coursera.org/learn/learning-how-to-learn,single_course,Beginner,1,self-paced online,English,ใช้เทคนิคการเรียนรู้ด้วยตนเอง การอ่านเชิงรุก และการทบทวนเพื่อปรับความรู้ให้ทันสมัยอย่างต่อเนื่อง,Self-directed learning|Active reading|Spaced repetition,,no,REQ-R13-4.A.2.b.3,REQ-R13-4.A.2.b.3,Updating and Using Relevant Knowledge,1,1,Work Activities,0.035783,0.035783,3.58,3.58,20,free,0,,,ไม่มี,foundation,course_only|both,2,verified,2026-09-19,ผู้วิจัยเปิดหน้าคอร์สตรวจ 19 ก.ย. 2569 (DEC-18) · ตรวจซ้ำ 1 ต.ค. 2569: ชื่อ ผู้ให้บริการ และชั่วโมงตรง,foundation track F3 · หน้าคอร์สระบุ 2 สัปดาห์ x 10 ชม./สัปดาห์ = 20 ชม. · planning_estimate_not_provider_verified,CORPUS-IS68076026-v1.5R-01OCT26,ONET31.0-IS68076026-v1.0,v1.5_foundation
CRS-R14-F3,course,R14,นักนิติวิทยาศาสตร์ดิจิทัลและการรับมือเหตุการณ์,Digital Forensics & Incident Response,15-1299.06,security,exact,90,Learning How to Learn: Powerful mental tools to help you master tough subjects,Deep Teaching Solutions,mooc_platform,Coursera,https://www.coursera.org/learn/learning-how-to-learn,single_course,Beginner,1,self-paced online,English,ใช้เทคนิคการเรียนรู้ด้วยตนเอง การอ่านเชิงรุก และการทบทวนเพื่อปรับความรู้ให้ทันสมัยอย่างต่อเนื่อง,Self-directed learning|Active reading|Spaced repetition,,no,REQ-R14-2.A.2.b|REQ-R14-4.A.2.b.3,REQ-R14-2.A.2.b|REQ-R14-4.A.2.b.3,Active Learning|Updating and Using Relevant Knowledge,2,2,Essential Skills|Work Activities,0.069428,0.069428,6.94,6.94,20,free,0,,,ไม่มี,foundation,course_only|both,2,verified,2026-09-19,ผู้วิจัยเปิดหน้าคอร์สตรวจ 19 ก.ย. 2569 (DEC-18) · ตรวจซ้ำ 1 ต.ค. 2569: ชื่อ ผู้ให้บริการ และชั่วโมงตรง,foundation track F3 · หน้าคอร์สระบุ 2 สัปดาห์ x 10 ชม./สัปดาห์ = 20 ชม. · planning_estimate_not_provider_verified,CORPUS-IS68076026-v1.5R-01OCT26,ONET31.0-IS68076026-v1.0,v1.5_foundation
CRS-R15-F3,course,R15,วิศวกรและสถาปนิกเครือข่าย,Network Engineer / Architect,15-1241.00,network,exact,90,Learning How to Learn: Powerful mental tools to help you master tough subjects,Deep Teaching Solutions,mooc_platform,Coursera,https://www.coursera.org/learn/learning-how-to-learn,single_course,Beginner,1,self-paced online,English,ใช้เทคนิคการเรียนรู้ด้วยตนเอง การอ่านเชิงรุก และการทบทวนเพื่อปรับความรู้ให้ทันสมัยอย่างต่อเนื่อง,Self-directed learning|Active reading|Spaced repetition,,no,REQ-R15-2.A.1.a|REQ-R15-4.A.2.b.3,REQ-R15-2.A.1.a|REQ-R15-4.A.2.b.3,Reading Comprehension|Updating and Using Relevant Knowledge,2,2,Essential Skills|Work Activities,0.070405,0.070405,7.04,7.04,20,free,0,,,ไม่มี,foundation,course_only|both,2,verified,2026-09-19,ผู้วิจัยเปิดหน้าคอร์สตรวจ 19 ก.ย. 2569 (DEC-18) · ตรวจซ้ำ 1 ต.ค. 2569: ชื่อ ผู้ให้บริการ และชั่วโมงตรง,foundation track F3 · หน้าคอร์สระบุ 2 สัปดาห์ x 10 ชม./สัปดาห์ = 20 ชม. · planning_estimate_not_provider_verified,CORPUS-IS68076026-v1.5R-01OCT26,ONET31.0-IS68076026-v1.0,v1.5_foundation
CRS-R17-F3,course,R17,วิศวกร DevOps และ SRE,DevOps / Site Reliability Engineer,15-1244.00,cloud,proxy,90,Learning How to Learn: Powerful mental tools to help you master tough subjects,Deep Teaching Solutions,mooc_platform,Coursera,https://www.coursera.org/learn/learning-how-to-learn,single_course,Beginner,1,self-paced online,English,ใช้เทคนิคการเรียนรู้ด้วยตนเอง การอ่านเชิงรุก และการทบทวนเพื่อปรับความรู้ให้ทันสมัยอย่างต่อเนื่อง,Self-directed learning|Active reading|Spaced repetition,,no,REQ-R17-2.A.1.a|REQ-R17-4.A.2.b.3,REQ-R17-2.A.1.a|REQ-R17-4.A.2.b.3,Reading Comprehension|Updating and Using Relevant Knowledge,2,2,Essential Skills|Work Activities,0.068852,0.068852,6.89,6.89,20,free,0,,,ไม่มี,foundation,course_only|both,2,verified,2026-09-19,ผู้วิจัยเปิดหน้าคอร์สตรวจ 19 ก.ย. 2569 (DEC-18) · ตรวจซ้ำ 1 ต.ค. 2569: ชื่อ ผู้ให้บริการ และชั่วโมงตรง,foundation track F3 · หน้าคอร์สระบุ 2 สัปดาห์ x 10 ชม./สัปดาห์ = 20 ชม. · planning_estimate_not_provider_verified,CORPUS-IS68076026-v1.5R-01OCT26,ONET31.0-IS68076026-v1.0,v1.5_foundation
CRS-R18-F3,course,R18,นักวิเคราะห์ระบบและนักวิเคราะห์ธุรกิจสายไอที,Systems / Business Analyst (IT),15-1211.00,analytics,exact,90,Learning How to Learn: Powerful mental tools to help you master tough subjects,Deep Teaching Solutions,mooc_platform,Coursera,https://www.coursera.org/learn/learning-how-to-learn,single_course,Beginner,1,self-paced online,English,ใช้เทคนิคการเรียนรู้ด้วยตนเอง การอ่านเชิงรุก และการทบทวนเพื่อปรับความรู้ให้ทันสมัยอย่างต่อเนื่อง,Self-directed learning|Active reading|Spaced repetition,,no,REQ-R18-2.A.2.b|REQ-R18-4.A.2.b.3,REQ-R18-2.A.2.b|REQ-R18-4.A.2.b.3,Active Learning|Updating and Using Relevant Knowledge,2,2,Essential Skills|Work Activities,0.069042,0.069042,6.90,6.90,20,free,0,,,ไม่มี,foundation,course_only|both,2,verified,2026-09-19,ผู้วิจัยเปิดหน้าคอร์สตรวจ 19 ก.ย. 2569 (DEC-18) · ตรวจซ้ำ 1 ต.ค. 2569: ชื่อ ผู้ให้บริการ และชั่วโมงตรง,foundation track F3 · หน้าคอร์สระบุ 2 สัปดาห์ x 10 ชม./สัปดาห์ = 20 ชม. · planning_estimate_not_provider_verified,CORPUS-IS68076026-v1.5R-01OCT26,ONET31.0-IS68076026-v1.0,v1.5_foundation
CRS-R19-F3,course,R19,ผู้จัดการโครงการไอที,IT Project Manager,15-1299.09,management,exact,90,Learning How to Learn: Powerful mental tools to help you master tough subjects,Deep Teaching Solutions,mooc_platform,Coursera,https://www.coursera.org/learn/learning-how-to-learn,single_course,Beginner,1,self-paced online,English,ใช้เทคนิคการเรียนรู้ด้วยตนเอง การอ่านเชิงรุก และการทบทวนเพื่อปรับความรู้ให้ทันสมัยอย่างต่อเนื่อง,Self-directed learning|Active reading|Spaced repetition,,no,REQ-R19-4.A.2.b.3,REQ-R19-4.A.2.b.3,Updating and Using Relevant Knowledge,1,1,Work Activities,0.034185,0.034185,3.42,3.42,20,free,0,,,ไม่มี,foundation,course_only|both,2,verified,2026-09-19,ผู้วิจัยเปิดหน้าคอร์สตรวจ 19 ก.ย. 2569 (DEC-18) · ตรวจซ้ำ 1 ต.ค. 2569: ชื่อ ผู้ให้บริการ และชั่วโมงตรง,foundation track F3 · หน้าคอร์สระบุ 2 สัปดาห์ x 10 ชม./สัปดาห์ = 20 ชม. · planning_estimate_not_provider_verified,CORPUS-IS68076026-v1.5R-01OCT26,ONET31.0-IS68076026-v1.0,v1.5_foundation
CRS-R08-F4,course,R08,วิศวกรข้อมูล,Data Engineer,15-1243.00,data,proxy,90,Critical Thinking Skills for the Professional,"University of California, Davis",mooc_platform,Coursera,https://www.coursera.org/learn/critical-thinking-skills-for-professionals,single_course,Beginner,1,self-paced online,English,วิเคราะห์ปัญหา ประเมินทางเลือก และตัดสินใจอย่างมีเหตุผลในบริบทการทำงาน,Critical thinking|Problem solving|Decision making,,no,REQ-R08-2.A.2.a|REQ-R08-2.B.2.i,REQ-R08-2.A.2.a|REQ-R08-2.B.2.i,Complex Problem Solving|Critical Thinking,2,2,Essential Skills|Transferable Skills,0.066104,0.066104,6.61,6.61,9,free,0,,,ไม่มี,foundation,course_only|both,2,verified,2026-09-19,ผู้วิจัยเปิดหน้าคอร์สตรวจ 19 ก.ย. 2569 (DEC-18) · ตรวจซ้ำ 1 ต.ค. 2569: ชื่อ ผู้ให้บริการ และชั่วโมงตรง,foundation track F4 · หน้าคอร์สระบุ 9 ชม. · planning_estimate_not_provider_verified,CORPUS-IS68076026-v1.5R-01OCT26,ONET31.0-IS68076026-v1.0,v1.5_foundation
CRS-R09-F4,course,R09,นักวิเคราะห์ข้อมูลเชิงธุรกิจ,Data / BI Analyst,15-2051.01,analytics,exact,90,Critical Thinking Skills for the Professional,"University of California, Davis",mooc_platform,Coursera,https://www.coursera.org/learn/critical-thinking-skills-for-professionals,single_course,Beginner,1,self-paced online,English,วิเคราะห์ปัญหา ประเมินทางเลือก และตัดสินใจอย่างมีเหตุผลในบริบทการทำงาน,Critical thinking|Problem solving|Decision making,,no,REQ-R09-2.B.2.i,REQ-R09-2.B.2.i,Complex Problem Solving,1,1,Transferable Skills,0.029188,0.029188,2.92,2.92,9,free,0,,,ไม่มี,foundation,course_only|both,2,verified,2026-09-19,ผู้วิจัยเปิดหน้าคอร์สตรวจ 19 ก.ย. 2569 (DEC-18) · ตรวจซ้ำ 1 ต.ค. 2569: ชื่อ ผู้ให้บริการ และชั่วโมงตรง,foundation track F4 · หน้าคอร์สระบุ 9 ชม. · planning_estimate_not_provider_verified,CORPUS-IS68076026-v1.5R-01OCT26,ONET31.0-IS68076026-v1.0,v1.5_foundation
CRS-R10-F4,course,R10,ผู้ดูแลฐานข้อมูล,Database Administrator,15-1242.00,data,exact,90,Critical Thinking Skills for the Professional,"University of California, Davis",mooc_platform,Coursera,https://www.coursera.org/learn/critical-thinking-skills-for-professionals,single_course,Beginner,1,self-paced online,English,วิเคราะห์ปัญหา ประเมินทางเลือก และตัดสินใจอย่างมีเหตุผลในบริบทการทำงาน,Critical thinking|Problem solving|Decision making,,no,REQ-R10-2.A.2.a|REQ-R10-2.B.2.i|REQ-R10-4.A.2.b.1,REQ-R10-2.A.2.a|REQ-R10-2.B.2.i|REQ-R10-4.A.2.b.1,Complex Problem Solving|Critical Thinking|Making Decisions and Solving Problems,3,3,Essential Skills|Transferable Skills|Work Activities,0.104635,0.104635,10.46,10.46,9,free,0,,,ไม่มี,foundation,course_only|both,2,verified,2026-09-19,ผู้วิจัยเปิดหน้าคอร์สตรวจ 19 ก.ย. 2569 (DEC-18) · ตรวจซ้ำ 1 ต.ค. 2569: ชื่อ ผู้ให้บริการ และชั่วโมงตรง,foundation track F4 · หน้าคอร์สระบุ 9 ชม. · planning_estimate_not_provider_verified,CORPUS-IS68076026-v1.5R-01OCT26,ONET31.0-IS68076026-v1.0,v1.5_foundation
CRS-R11-F4,course,R11,นักวิเคราะห์ความมั่นคงปลอดภัยสารสนเทศ,Information Security / SOC Analyst,15-1212.00,security,exact,90,Critical Thinking Skills for the Professional,"University of California, Davis",mooc_platform,Coursera,https://www.coursera.org/learn/critical-thinking-skills-for-professionals,single_course,Beginner,1,self-paced online,English,วิเคราะห์ปัญหา ประเมินทางเลือก และตัดสินใจอย่างมีเหตุผลในบริบทการทำงาน,Critical thinking|Problem solving|Decision making,,no,REQ-R11-2.B.2.i,REQ-R11-2.B.2.i,Complex Problem Solving,1,1,Transferable Skills,0.032392,0.032392,3.24,3.24,9,free,0,,,ไม่มี,foundation,course_only|both,2,verified,2026-09-19,ผู้วิจัยเปิดหน้าคอร์สตรวจ 19 ก.ย. 2569 (DEC-18) · ตรวจซ้ำ 1 ต.ค. 2569: ชื่อ ผู้ให้บริการ และชั่วโมงตรง,foundation track F4 · หน้าคอร์สระบุ 9 ชม. · planning_estimate_not_provider_verified,CORPUS-IS68076026-v1.5R-01OCT26,ONET31.0-IS68076026-v1.0,v1.5_foundation
CRS-R15-F4,course,R15,วิศวกรและสถาปนิกเครือข่าย,Network Engineer / Architect,15-1241.00,network,exact,90,Critical Thinking Skills for the Professional,"University of California, Davis",mooc_platform,Coursera,https://www.coursera.org/learn/critical-thinking-skills-for-professionals,single_course,Beginner,1,self-paced online,English,วิเคราะห์ปัญหา ประเมินทางเลือก และตัดสินใจอย่างมีเหตุผลในบริบทการทำงาน,Critical thinking|Problem solving|Decision making,,no,REQ-R15-2.A.2.a|REQ-R15-2.B.2.i,REQ-R15-2.A.2.a|REQ-R15-2.B.2.i,Complex Problem Solving|Critical Thinking,2,2,Essential Skills|Transferable Skills,0.067860,0.067860,6.79,6.79,9,free,0,,,ไม่มี,foundation,course_only|both,2,verified,2026-09-19,ผู้วิจัยเปิดหน้าคอร์สตรวจ 19 ก.ย. 2569 (DEC-18) · ตรวจซ้ำ 1 ต.ค. 2569: ชื่อ ผู้ให้บริการ และชั่วโมงตรง,foundation track F4 · หน้าคอร์สระบุ 9 ชม. · planning_estimate_not_provider_verified,CORPUS-IS68076026-v1.5R-01OCT26,ONET31.0-IS68076026-v1.0,v1.5_foundation
CRS-R17-F4,course,R17,วิศวกร DevOps และ SRE,DevOps / Site Reliability Engineer,15-1244.00,cloud,proxy,90,Critical Thinking Skills for the Professional,"University of California, Davis",mooc_platform,Coursera,https://www.coursera.org/learn/critical-thinking-skills-for-professionals,single_course,Beginner,1,self-paced online,English,วิเคราะห์ปัญหา ประเมินทางเลือก และตัดสินใจอย่างมีเหตุผลในบริบทการทำงาน,Critical thinking|Problem solving|Decision making,,no,REQ-R17-2.A.2.a,REQ-R17-2.A.2.a,Critical Thinking,1,1,Essential Skills,0.033477,0.033477,3.35,3.35,9,free,0,,,ไม่มี,foundation,course_only|both,2,verified,2026-09-19,ผู้วิจัยเปิดหน้าคอร์สตรวจ 19 ก.ย. 2569 (DEC-18) · ตรวจซ้ำ 1 ต.ค. 2569: ชื่อ ผู้ให้บริการ และชั่วโมงตรง,foundation track F4 · หน้าคอร์สระบุ 9 ชม. · planning_estimate_not_provider_verified,CORPUS-IS68076026-v1.5R-01OCT26,ONET31.0-IS68076026-v1.0,v1.5_foundation
CRS-R19-F4,course,R19,ผู้จัดการโครงการไอที,IT Project Manager,15-1299.09,management,exact,90,Critical Thinking Skills for the Professional,"University of California, Davis",mooc_platform,Coursera,https://www.coursera.org/learn/critical-thinking-skills-for-professionals,single_course,Beginner,1,self-paced online,English,วิเคราะห์ปัญหา ประเมินทางเลือก และตัดสินใจอย่างมีเหตุผลในบริบทการทำงาน,Critical thinking|Problem solving|Decision making,,no,REQ-R19-2.A.2.a,REQ-R19-2.A.2.a,Critical Thinking,1,1,Essential Skills,0.032010,0.032010,3.20,3.20,9,free,0,,,ไม่มี,foundation,course_only|both,2,verified,2026-09-19,ผู้วิจัยเปิดหน้าคอร์สตรวจ 19 ก.ย. 2569 (DEC-18) · ตรวจซ้ำ 1 ต.ค. 2569: ชื่อ ผู้ให้บริการ และชั่วโมงตรง,foundation track F4 · หน้าคอร์สระบุ 9 ชม. · planning_estimate_not_provider_verified,CORPUS-IS68076026-v1.5R-01OCT26,ONET31.0-IS68076026-v1.0,v1.5_foundation
CRS-R20-F4,course,R20,ผู้จัดการฝ่ายสารสนเทศ,IT / IS Manager,11-3021.00,management,exact,90,Critical Thinking Skills for the Professional,"University of California, Davis",mooc_platform,Coursera,https://www.coursera.org/learn/critical-thinking-skills-for-professionals,single_course,Beginner,1,self-paced online,English,วิเคราะห์ปัญหา ประเมินทางเลือก และตัดสินใจอย่างมีเหตุผลในบริบทการทำงาน,Critical thinking|Problem solving|Decision making,,no,REQ-R20-2.A.2.a|REQ-R20-2.B.2.i,REQ-R20-2.A.2.a|REQ-R20-2.B.2.i,Complex Problem Solving|Critical Thinking,2,2,Essential Skills|Transferable Skills,0.064800,0.064800,6.48,6.48,9,free,0,,,ไม่มี,foundation,course_only|both,2,verified,2026-09-19,ผู้วิจัยเปิดหน้าคอร์สตรวจ 19 ก.ย. 2569 (DEC-18) · ตรวจซ้ำ 1 ต.ค. 2569: ชื่อ ผู้ให้บริการ และชั่วโมงตรง,foundation track F4 · หน้าคอร์สระบุ 9 ชม. · planning_estimate_not_provider_verified,CORPUS-IS68076026-v1.5R-01OCT26,ONET31.0-IS68076026-v1.0,v1.5_foundation
CRS-R01-F5,course,R01,วิศวกรซอฟต์แวร์หรือนักพัฒนาซอฟต์แวร์,Software Engineer (Backend/Full-stack),15-1252.00,software,exact,90,"Work Smarter, Not Harder: Time Management for Personal & Professional Productivity","University of California, Irvine",mooc_platform,Coursera,https://www.coursera.org/learn/work-smarter-not-harder,single_course,Beginner,1,self-paced online,English,จัดลำดับความสำคัญของงาน วางแผนและจัดตารางเวลาทำงานได้อย่างเป็นระบบ,Time management|Prioritization|Scheduling,,no,REQ-R01-4.A.2.b.5,REQ-R01-4.A.2.b.5,Scheduling Work and Activities,1,1,Work Activities,0.028870,0.028870,2.89,2.89,10,free,0,,,ไม่มี,foundation,course_only|both,2,verified,2026-09-19,ผู้วิจัยเปิดหน้าคอร์สตรวจ 19 ก.ย. 2569 (DEC-18) · ตรวจซ้ำ 1 ต.ค. 2569: ชื่อ ผู้ให้บริการ และชั่วโมงตรง,foundation track F5 · หน้าคอร์สระบุ 1 สัปดาห์ x 10 ชม./สัปดาห์ = 10 ชม. · planning_estimate_not_provider_verified,CORPUS-IS68076026-v1.5R-01OCT26,ONET31.0-IS68076026-v1.0,v1.5_foundation
CRS-R02-F5,course,R02,นักพัฒนาเว็บ,Web Developer,15-1254.00,software,exact,90,"Work Smarter, Not Harder: Time Management for Personal & Professional Productivity","University of California, Irvine",mooc_platform,Coursera,https://www.coursera.org/learn/work-smarter-not-harder,single_course,Beginner,1,self-paced online,English,จัดลำดับความสำคัญของงาน วางแผนและจัดตารางเวลาทำงานได้อย่างเป็นระบบ,Time management|Prioritization|Scheduling,,no,REQ-R02-4.A.2.b.5,REQ-R02-4.A.2.b.5,Scheduling Work and Activities,1,1,Work Activities,0.030863,0.030863,3.09,3.09,10,free,0,,,ไม่มี,foundation,course_only|both,2,verified,2026-09-19,ผู้วิจัยเปิดหน้าคอร์สตรวจ 19 ก.ย. 2569 (DEC-18) · ตรวจซ้ำ 1 ต.ค. 2569: ชื่อ ผู้ให้บริการ และชั่วโมงตรง,foundation track F5 · หน้าคอร์สระบุ 1 สัปดาห์ x 10 ชม./สัปดาห์ = 10 ชม. · planning_estimate_not_provider_verified,CORPUS-IS68076026-v1.5R-01OCT26,ONET31.0-IS68076026-v1.0,v1.5_foundation
CRS-R06-F5,course,R06,นักวิทยาศาสตร์ข้อมูล,Data Scientist,15-2051.00,data,exact,90,"Work Smarter, Not Harder: Time Management for Personal & Professional Productivity","University of California, Irvine",mooc_platform,Coursera,https://www.coursera.org/learn/work-smarter-not-harder,single_course,Beginner,1,self-paced online,English,จัดลำดับความสำคัญของงาน วางแผนและจัดตารางเวลาทำงานได้อย่างเป็นระบบ,Time management|Prioritization|Scheduling,,no,REQ-R06-4.A.2.b.6,REQ-R06-4.A.2.b.6,"Organizing, Planning, and Prioritizing Work",1,1,Work Activities,0.030394,0.030394,3.04,3.04,10,free,0,,,ไม่มี,foundation,course_only|both,2,verified,2026-09-19,ผู้วิจัยเปิดหน้าคอร์สตรวจ 19 ก.ย. 2569 (DEC-18) · ตรวจซ้ำ 1 ต.ค. 2569: ชื่อ ผู้ให้บริการ และชั่วโมงตรง,foundation track F5 · หน้าคอร์สระบุ 1 สัปดาห์ x 10 ชม./สัปดาห์ = 10 ชม. · planning_estimate_not_provider_verified,CORPUS-IS68076026-v1.5R-01OCT26,ONET31.0-IS68076026-v1.0,v1.5_foundation
CRS-R07-F5,course,R07,วิศวกรแมชชีนเลิร์นนิงและปัญญาประดิษฐ์,Machine Learning / AI Engineer,15-1221.00,data,proxy,90,"Work Smarter, Not Harder: Time Management for Personal & Professional Productivity","University of California, Irvine",mooc_platform,Coursera,https://www.coursera.org/learn/work-smarter-not-harder,single_course,Beginner,1,self-paced online,English,จัดลำดับความสำคัญของงาน วางแผนและจัดตารางเวลาทำงานได้อย่างเป็นระบบ,Time management|Prioritization|Scheduling,,no,REQ-R07-4.A.2.b.6,REQ-R07-4.A.2.b.6,"Organizing, Planning, and Prioritizing Work",1,1,Work Activities,0.029823,0.029823,2.98,2.98,10,free,0,,,ไม่มี,foundation,course_only|both,2,verified,2026-09-19,ผู้วิจัยเปิดหน้าคอร์สตรวจ 19 ก.ย. 2569 (DEC-18) · ตรวจซ้ำ 1 ต.ค. 2569: ชื่อ ผู้ให้บริการ และชั่วโมงตรง,foundation track F5 · หน้าคอร์สระบุ 1 สัปดาห์ x 10 ชม./สัปดาห์ = 10 ชม. · planning_estimate_not_provider_verified,CORPUS-IS68076026-v1.5R-01OCT26,ONET31.0-IS68076026-v1.0,v1.5_foundation
CRS-R10-F5,course,R10,ผู้ดูแลฐานข้อมูล,Database Administrator,15-1242.00,data,exact,90,"Work Smarter, Not Harder: Time Management for Personal & Professional Productivity","University of California, Irvine",mooc_platform,Coursera,https://www.coursera.org/learn/work-smarter-not-harder,single_course,Beginner,1,self-paced online,English,จัดลำดับความสำคัญของงาน วางแผนและจัดตารางเวลาทำงานได้อย่างเป็นระบบ,Time management|Prioritization|Scheduling,,no,REQ-R10-4.A.2.b.6,REQ-R10-4.A.2.b.6,"Organizing, Planning, and Prioritizing Work",1,1,Work Activities,0.031724,0.031724,3.17,3.17,10,free,0,,,ไม่มี,foundation,course_only|both,2,verified,2026-09-19,ผู้วิจัยเปิดหน้าคอร์สตรวจ 19 ก.ย. 2569 (DEC-18) · ตรวจซ้ำ 1 ต.ค. 2569: ชื่อ ผู้ให้บริการ และชั่วโมงตรง,foundation track F5 · หน้าคอร์สระบุ 1 สัปดาห์ x 10 ชม./สัปดาห์ = 10 ชม. · planning_estimate_not_provider_verified,CORPUS-IS68076026-v1.5R-01OCT26,ONET31.0-IS68076026-v1.0,v1.5_foundation
CRS-R11-F5,course,R11,นักวิเคราะห์ความมั่นคงปลอดภัยสารสนเทศ,Information Security / SOC Analyst,15-1212.00,security,exact,90,"Work Smarter, Not Harder: Time Management for Personal & Professional Productivity","University of California, Irvine",mooc_platform,Coursera,https://www.coursera.org/learn/work-smarter-not-harder,single_course,Beginner,1,self-paced online,English,จัดลำดับความสำคัญของงาน วางแผนและจัดตารางเวลาทำงานได้อย่างเป็นระบบ,Time management|Prioritization|Scheduling,,no,REQ-R11-4.A.2.b.6,REQ-R11-4.A.2.b.6,"Organizing, Planning, and Prioritizing Work",1,1,Work Activities,0.031701,0.031701,3.17,3.17,10,free,0,,,ไม่มี,foundation,course_only|both,2,verified,2026-09-19,ผู้วิจัยเปิดหน้าคอร์สตรวจ 19 ก.ย. 2569 (DEC-18) · ตรวจซ้ำ 1 ต.ค. 2569: ชื่อ ผู้ให้บริการ และชั่วโมงตรง,foundation track F5 · หน้าคอร์สระบุ 1 สัปดาห์ x 10 ชม./สัปดาห์ = 10 ชม. · planning_estimate_not_provider_verified,CORPUS-IS68076026-v1.5R-01OCT26,ONET31.0-IS68076026-v1.0,v1.5_foundation
CRS-R12-F5,course,R12,วิศวกรความมั่นคงปลอดภัย,Security Engineer,15-1299.05,security,exact,90,"Work Smarter, Not Harder: Time Management for Personal & Professional Productivity","University of California, Irvine",mooc_platform,Coursera,https://www.coursera.org/learn/work-smarter-not-harder,single_course,Beginner,1,self-paced online,English,จัดลำดับความสำคัญของงาน วางแผนและจัดตารางเวลาทำงานได้อย่างเป็นระบบ,Time management|Prioritization|Scheduling,,no,REQ-R12-4.A.2.b.6,REQ-R12-4.A.2.b.6,"Organizing, Planning, and Prioritizing Work",1,1,Work Activities,0.032081,0.032081,3.21,3.21,10,free,0,,,ไม่มี,foundation,course_only|both,2,verified,2026-09-19,ผู้วิจัยเปิดหน้าคอร์สตรวจ 19 ก.ย. 2569 (DEC-18) · ตรวจซ้ำ 1 ต.ค. 2569: ชื่อ ผู้ให้บริการ และชั่วโมงตรง,foundation track F5 · หน้าคอร์สระบุ 1 สัปดาห์ x 10 ชม./สัปดาห์ = 10 ชม. · planning_estimate_not_provider_verified,CORPUS-IS68076026-v1.5R-01OCT26,ONET31.0-IS68076026-v1.0,v1.5_foundation
CRS-R13-F5,course,R13,ผู้ทดสอบเจาะระบบ,Penetration Tester,15-1299.04,security,exact,90,"Work Smarter, Not Harder: Time Management for Personal & Professional Productivity","University of California, Irvine",mooc_platform,Coursera,https://www.coursera.org/learn/work-smarter-not-harder,single_course,Beginner,1,self-paced online,English,จัดลำดับความสำคัญของงาน วางแผนและจัดตารางเวลาทำงานได้อย่างเป็นระบบ,Time management|Prioritization|Scheduling,,no,REQ-R13-4.A.2.b.6,REQ-R13-4.A.2.b.6,"Organizing, Planning, and Prioritizing Work",1,1,Work Activities,0.032567,0.032567,3.26,3.26,10,free,0,,,ไม่มี,foundation,course_only|both,2,verified,2026-09-19,ผู้วิจัยเปิดหน้าคอร์สตรวจ 19 ก.ย. 2569 (DEC-18) · ตรวจซ้ำ 1 ต.ค. 2569: ชื่อ ผู้ให้บริการ และชั่วโมงตรง,foundation track F5 · หน้าคอร์สระบุ 1 สัปดาห์ x 10 ชม./สัปดาห์ = 10 ชม. · planning_estimate_not_provider_verified,CORPUS-IS68076026-v1.5R-01OCT26,ONET31.0-IS68076026-v1.0,v1.5_foundation
CRS-R14-F5,course,R14,นักนิติวิทยาศาสตร์ดิจิทัลและการรับมือเหตุการณ์,Digital Forensics & Incident Response,15-1299.06,security,exact,90,"Work Smarter, Not Harder: Time Management for Personal & Professional Productivity","University of California, Irvine",mooc_platform,Coursera,https://www.coursera.org/learn/work-smarter-not-harder,single_course,Beginner,1,self-paced online,English,จัดลำดับความสำคัญของงาน วางแผนและจัดตารางเวลาทำงานได้อย่างเป็นระบบ,Time management|Prioritization|Scheduling,,no,REQ-R14-4.A.2.b.6,REQ-R14-4.A.2.b.6,"Organizing, Planning, and Prioritizing Work",1,1,Work Activities,0.034238,0.034238,3.42,3.42,10,free,0,,,ไม่มี,foundation,course_only|both,2,verified,2026-09-19,ผู้วิจัยเปิดหน้าคอร์สตรวจ 19 ก.ย. 2569 (DEC-18) · ตรวจซ้ำ 1 ต.ค. 2569: ชื่อ ผู้ให้บริการ และชั่วโมงตรง,foundation track F5 · หน้าคอร์สระบุ 1 สัปดาห์ x 10 ชม./สัปดาห์ = 10 ชม. · planning_estimate_not_provider_verified,CORPUS-IS68076026-v1.5R-01OCT26,ONET31.0-IS68076026-v1.0,v1.5_foundation
CRS-R15-F5,course,R15,วิศวกรและสถาปนิกเครือข่าย,Network Engineer / Architect,15-1241.00,network,exact,90,"Work Smarter, Not Harder: Time Management for Personal & Professional Productivity","University of California, Irvine",mooc_platform,Coursera,https://www.coursera.org/learn/work-smarter-not-harder,single_course,Beginner,1,self-paced online,English,จัดลำดับความสำคัญของงาน วางแผนและจัดตารางเวลาทำงานได้อย่างเป็นระบบ,Time management|Prioritization|Scheduling,,no,REQ-R15-4.A.2.b.6,REQ-R15-4.A.2.b.6,"Organizing, Planning, and Prioritizing Work",1,1,Work Activities,0.030367,0.030367,3.04,3.04,10,free,0,,,ไม่มี,foundation,course_only|both,2,verified,2026-09-19,ผู้วิจัยเปิดหน้าคอร์สตรวจ 19 ก.ย. 2569 (DEC-18) · ตรวจซ้ำ 1 ต.ค. 2569: ชื่อ ผู้ให้บริการ และชั่วโมงตรง,foundation track F5 · หน้าคอร์สระบุ 1 สัปดาห์ x 10 ชม./สัปดาห์ = 10 ชม. · planning_estimate_not_provider_verified,CORPUS-IS68076026-v1.5R-01OCT26,ONET31.0-IS68076026-v1.0,v1.5_foundation
CRS-R02-F6,course,R02,นักพัฒนาเว็บ,Web Developer,15-1254.00,software,exact,90,Project Planning: Putting It All Together,Google,mooc_platform,Coursera,https://www.coursera.org/learn/project-planning-google,single_course,Beginner,1,self-paced online,English,ประมาณการเวลา ต้นทุน และทรัพยากรของงาน จัดทำแผนโครงการที่วัดผลได้,Estimation|Project planning|Budgeting|Risk management,,no,REQ-R02-4.A.1.b.3,REQ-R02-4.A.1.b.3,"Estimating the Quantifiable Characteristics of Products, Events, or Information",1,1,Work Activities,0.029703,0.029703,2.97,2.97,21,free,0,,,ไม่มี,foundation,course_only|both,2,verified,2026-09-19,ผู้วิจัยเปิดหน้าคอร์สตรวจ 19 ก.ย. 2569 (DEC-18) · ตรวจซ้ำ 1 ต.ค. 2569: ชื่อ ผู้ให้บริการ และชั่วโมงตรง,foundation track F6 · หน้าคอร์สระบุ 21 ชม. (5 โมดูล) · planning_estimate_not_provider_verified,CORPUS-IS68076026-v1.5R-01OCT26,ONET31.0-IS68076026-v1.0,v1.5_foundation
CRS-R03-F6,course,R03,นักพัฒนาแอปพลิเคชันและโมบายล์,Application / Mobile Developer,15-1251.00,software,proxy,90,Project Planning: Putting It All Together,Google,mooc_platform,Coursera,https://www.coursera.org/learn/project-planning-google,single_course,Beginner,1,self-paced online,English,ประมาณการเวลา ต้นทุน และทรัพยากรของงาน จัดทำแผนโครงการที่วัดผลได้,Estimation|Project planning|Budgeting|Risk management,,no,REQ-R03-4.A.1.b.3,REQ-R03-4.A.1.b.3,"Estimating the Quantifiable Characteristics of Products, Events, or Information",1,1,Work Activities,0.033092,0.033092,3.31,3.31,21,free,0,,,ไม่มี,foundation,course_only|both,2,verified,2026-09-19,ผู้วิจัยเปิดหน้าคอร์สตรวจ 19 ก.ย. 2569 (DEC-18) · ตรวจซ้ำ 1 ต.ค. 2569: ชื่อ ผู้ให้บริการ และชั่วโมงตรง,foundation track F6 · หน้าคอร์สระบุ 21 ชม. (5 โมดูล) · planning_estimate_not_provider_verified,CORPUS-IS68076026-v1.5R-01OCT26,ONET31.0-IS68076026-v1.0,v1.5_foundation
CRS-R07-F6,course,R07,วิศวกรแมชชีนเลิร์นนิงและปัญญาประดิษฐ์,Machine Learning / AI Engineer,15-1221.00,data,proxy,90,Project Planning: Putting It All Together,Google,mooc_platform,Coursera,https://www.coursera.org/learn/project-planning-google,single_course,Beginner,1,self-paced online,English,ประมาณการเวลา ต้นทุน และทรัพยากรของงาน จัดทำแผนโครงการที่วัดผลได้,Estimation|Project planning|Budgeting|Risk management,,no,REQ-R07-4.A.1.b.3,REQ-R07-4.A.1.b.3,"Estimating the Quantifiable Characteristics of Products, Events, or Information",1,1,Work Activities,0.034130,0.034130,3.41,3.41,21,free,0,,,ไม่มี,foundation,course_only|both,2,verified,2026-09-19,ผู้วิจัยเปิดหน้าคอร์สตรวจ 19 ก.ย. 2569 (DEC-18) · ตรวจซ้ำ 1 ต.ค. 2569: ชื่อ ผู้ให้บริการ และชั่วโมงตรง,foundation track F6 · หน้าคอร์สระบุ 21 ชม. (5 โมดูล) · planning_estimate_not_provider_verified,CORPUS-IS68076026-v1.5R-01OCT26,ONET31.0-IS68076026-v1.0,v1.5_foundation
CRS-R08-F6,course,R08,วิศวกรข้อมูล,Data Engineer,15-1243.00,data,proxy,90,Project Planning: Putting It All Together,Google,mooc_platform,Coursera,https://www.coursera.org/learn/project-planning-google,single_course,Beginner,1,self-paced online,English,ประมาณการเวลา ต้นทุน และทรัพยากรของงาน จัดทำแผนโครงการที่วัดผลได้,Estimation|Project planning|Budgeting|Risk management,,no,REQ-R08-4.A.1.b.3,REQ-R08-4.A.1.b.3,"Estimating the Quantifiable Characteristics of Products, Events, or Information",1,1,Work Activities,0.033223,0.033223,3.32,3.32,21,free,0,,,ไม่มี,foundation,course_only|both,2,verified,2026-09-19,ผู้วิจัยเปิดหน้าคอร์สตรวจ 19 ก.ย. 2569 (DEC-18) · ตรวจซ้ำ 1 ต.ค. 2569: ชื่อ ผู้ให้บริการ และชั่วโมงตรง,foundation track F6 · หน้าคอร์สระบุ 21 ชม. (5 โมดูล) · planning_estimate_not_provider_verified,CORPUS-IS68076026-v1.5R-01OCT26,ONET31.0-IS68076026-v1.0,v1.5_foundation
