requirement_id,role_id,target_role,soc_code,domain,element_id,element_name,element_description,importance_im,level_lv,rank_in_role,weight_renormalized,weight_share_of_pool,selected_reason,element_aliases,snapshot_version,source_version
REQ-R01-2.C.3.a,R01,Software Engineer (Backend/Full-stack),15-1252.00,Knowledge,2.C.3.a,Computers and Electronics,"Knowledge of circuit boards, processors, chips, electronic equipment, and computer hardware and software, including applications and programming.",4.75,6.23,1,0.041304,0.8198,domain_quota,computers and electronics|computer systems|hardware|software|operating system|linux|windows|server|application|programming|computer science,ONET31.0-IS68076026-v1.0,O*NET 31.0 Database (August 2026 Release)
REQ-R01-4.A.3.b.1,R01,Software Engineer (Backend/Full-stack),15-1252.00,Work Activities,4.A.3.b.1,Working with Computers,"Using computers and computer systems (including hardware and software) to program, write software, set up functions, enter data, or process information.",4.61,4.92,2,0.040087,0.8198,domain_quota,working with computers|program computer systems|implement security measures for computer or information systems|set up computer systems networks or other information systems|resolve computer problems|operate computer systems|process digital or online data|coding|deployment|configuration,ONET31.0-IS68076026-v1.0,O*NET 31.0 Database (August 2026 Release)
REQ-R01-4.A.2.a.2,R01,Software Engineer (Backend/Full-stack),15-1252.00,Work Activities,4.A.2.a.2,Processing Information,"Compiling, coding, categorizing, calculating, tabulating, auditing, or verifying information or data.",4.38,5.06,3,0.038087,0.8198,domain_quota,processing information|data processing|etl|data cleaning|compiled records|aggregated data|transformed data|reconciled data|validated data quality,ONET31.0-IS68076026-v1.0,O*NET 31.0 Database (August 2026 Release)
REQ-R01-4.A.2.b.1,R01,Software Engineer (Backend/Full-stack),15-1252.00,Work Activities,4.A.2.b.1,Making Decisions and Solving Problems,Analyzing information and evaluating results to choose the best solution and solve problems.,4.34,5.09,4,0.037739,0.8198,domain_quota,making decisions and solving problems|decision making|problem solving|diagnose system or equipment problems|determined operational methods or procedures|resolved|selected,ONET31.0-IS68076026-v1.0,O*NET 31.0 Database (August 2026 Release)
REQ-R01-4.A.2.b.2,R01,Software Engineer (Backend/Full-stack),15-1252.00,Work Activities,4.A.2.b.2,Thinking Creatively,"Developing, designing, or creating new applications, ideas, relationships, systems, or products, including artistic contributions.",4.33,5.45,5,0.037652,0.8198,top_rank,thinking creatively|design computer or information systems or applications|design databases|designed|developed new approach|innovation|created solution|proposed design|prototyping,ONET31.0-IS68076026-v1.0,O*NET 31.0 Database (August 2026 Release)
REQ-R01-4.A.4.a.2,R01,Software Engineer (Backend/Full-stack),15-1252.00,Work Activities,4.A.4.a.2,"Communicating with Supervisors, Peers, or Subordinates","Providing information to supervisors, co-workers, and subordinates by telephone, in written form, e-mail, or in person.",4.23,4.12,6,0.036783,0.8198,top_rank,communicating with supervisors peers or subordinates|team communication|communicate with others about specifications or project details|reported to manager|stand-up|collaborated with team|internal communication,ONET31.0-IS68076026-v1.0,O*NET 31.0 Database (August 2026 Release)
REQ-R01-4.A.2.a.4,R01,Software Engineer (Backend/Full-stack),15-1252.00,Work Activities,4.A.2.a.4,Analyzing Data or Information,"Identifying the underlying principles, reasons, or facts of information by breaking down information or data into separate parts.",4.2,4.77,7,0.036522,0.8198,top_rank,analyzing data or information|data analysis|analyzed|analytics|analyzed performance of systems or equipment|analyzed data to improve operations|statistical analysis|log analysis|reporting,ONET31.0-IS68076026-v1.0,O*NET 31.0 Database (August 2026 Release)
REQ-R01-4.A.2.b.3,R01,Software Engineer (Backend/Full-stack),15-1252.00,Work Activities,4.A.2.b.3,Updating and Using Relevant Knowledge,Keeping up-to-date technically and applying new knowledge to your job.,4.1,5.16,8,0.035652,0.8198,top_rank,updating and using relevant knowledge|maintain current knowledge in area of expertise|kept up to date|continuous learning|certification|training attended|research new technology,ONET31.0-IS68076026-v1.0,O*NET 31.0 Database (August 2026 Release)
REQ-R01-4.A.2.b.6,R01,Software Engineer (Backend/Full-stack),15-1252.00,Work Activities,4.A.2.b.6,"Organizing, Planning, and Prioritizing Work","Developing specific goals and plans to prioritize, organize, and accomplish your work.",4.06,4.96,9,0.035304,0.8198,top_rank,organizing planning and prioritizing work|planning|prioritization|backlog grooming|work planning|organized tasks|sprint planning|project planning,ONET31.0-IS68076026-v1.0,O*NET 31.0 Database (August 2026 Release)
REQ-R01-4.A.1.a.1,R01,Software Engineer (Backend/Full-stack),15-1252.00,Work Activities,4.A.1.a.1,Getting Information,"Observing, receiving, and otherwise obtaining information from all relevant sources.",4.04,4.08,10,0.03513,0.8198,top_rank,getting information|gathered information|collected data|research|investigated|read documents|gathered requirements|data collection|log collection,ONET31.0-IS68076026-v1.0,O*NET 31.0 Database (August 2026 Release)
REQ-R01-2.B.3.e,R01,Software Engineer (Backend/Full-stack),15-1252.00,Transferable Skills,2.B.3.e,Programming,Writing computer programs for various purposes.,4.0,4.12,11,0.034783,0.8198,domain_quota,programming|coding|software development|developed|implemented|wrote code|python|java|javascript|typescript|c#|go|sql|scripting|api development|refactored,ONET31.0-IS68076026-v1.0,O*NET 31.0 Database (August 2026 Release)
REQ-R01-4.A.2.a.3,R01,Software Engineer (Backend/Full-stack),15-1252.00,Work Activities,4.A.2.a.3,Evaluating Information to Determine Compliance with Standards,"Using relevant information and individual judgment to determine whether events or processes comply with laws, regulations, or standards.",3.94,4.42,12,0.034261,0.8198,top_rank,evaluating information to determine compliance with standards|compliance check|audit|standards compliance|policy compliance|examined documentation for accuracy or compliance|conformance review,ONET31.0-IS68076026-v1.0,O*NET 31.0 Database (August 2026 Release)
REQ-R01-2.A.2.a,R01,Software Engineer (Backend/Full-stack),15-1252.00,Essential Skills,2.A.2.a,Critical Thinking,"Using logic and reasoning to identify the strengths and weaknesses of alternative solutions, conclusions, or approaches to problems.",3.88,4.12,13,0.033739,0.8198,domain_quota,critical thinking|root cause analysis|evaluated alternatives|trade-off analysis|assessed options|analytical reasoning|weighed pros and cons|design review,ONET31.0-IS68076026-v1.0,O*NET 31.0 Database (August 2026 Release)
REQ-R01-4.A.3.b.6,R01,Software Engineer (Backend/Full-stack),15-1252.00,Work Activities,4.A.3.b.6,Documenting/Recording Information,"Entering, transcribing, recording, storing, or maintaining information in written or electronic/magnetic form.",3.78,3.78,14,0.03287,0.8198,top_rank,documenting recording information|documentation|document technical designs procedures or activities|prepare reports of operational or procedural activities|maintain operational records|wrote report|logged|recorded|runbook|ticket notes,ONET31.0-IS68076026-v1.0,O*NET 31.0 Database (August 2026 Release)
REQ-R01-4.A.2.b.4,R01,Software Engineer (Backend/Full-stack),15-1252.00,Work Activities,4.A.2.b.4,Developing Objectives and Strategies,Establishing long-range objectives and specifying the strategies and actions to achieve them.,3.76,3.95,15,0.032696,0.8198,top_rank,developing objectives and strategies|roadmap|strategy|develop organizational policies systems or processes|defined objectives|technical strategy|okr|planning,ONET31.0-IS68076026-v1.0,O*NET 31.0 Database (August 2026 Release)
REQ-R01-4.A.1.a.2,R01,Software Engineer (Backend/Full-stack),15-1252.00,Work Activities,4.A.1.a.2,"Monitoring Processes, Materials, or Surroundings","Monitoring and reviewing information from materials, events, or the environment, to detect or assess problems.",3.7,3.93,22,0.032174,0.8198,top_rank,monitoring processes|monitored operations|monitored systems|monitored equipment|observability|alerting|monitor operation of computer or information technologies|compliance monitoring,ONET31.0-IS68076026-v1.0,O*NET 31.0 Database (August 2026 Release)
REQ-R01-4.A.1.b.1,R01,Software Engineer (Backend/Full-stack),15-1252.00,Work Activities,4.A.1.b.1,"Identifying Objects, Actions, and Events","Identifying information by categorizing, estimating, recognizing differences or similarities, and detecting changes in circumstances or events.",3.66,3.73,23,0.031826,0.8198,top_rank,identifying objects actions and events|identified issues|detected|recognized patterns|classified|identified opportunities|anomaly detection|event identification,ONET31.0-IS68076026-v1.0,O*NET 31.0 Database (August 2026 Release)
REQ-R01-2.B.4.e,R01,Software Engineer (Backend/Full-stack),15-1252.00,Transferable Skills,2.B.4.e,Judgment and Decision Making,Considering the relative costs and benefits of potential actions to choose the most appropriate one.,3.62,3.75,25,0.031478,0.8198,domain_quota,judgment and decision making|decision making|prioritized|selected approach|made trade-offs|chose technology|approved|recommended,ONET31.0-IS68076026-v1.0,O*NET 31.0 Database (August 2026 Release)
REQ-R01-4.A.4.a.1,R01,Software Engineer (Backend/Full-stack),15-1252.00,Work Activities,4.A.4.a.1,Interpreting the Meaning of Information for Others,Translating or explaining what information means and how it can be used.,3.61,3.56,26,0.031391,0.8198,top_rank,interpreting the meaning of information for others|explain technical details of products or services|explained|translated technical to business|briefed stakeholders|presented findings|explain regulations policies or procedures,ONET31.0-IS68076026-v1.0,O*NET 31.0 Database (August 2026 Release)
REQ-R01-2.C.4.a,R01,Software Engineer (Backend/Full-stack),15-1252.00,Knowledge,2.C.4.a,Mathematics,"Knowledge of arithmetic, algebra, geometry, calculus, statistics, and their applications.",3.57,4.55,27,0.031043,0.8198,domain_quota,mathematics|statistics|algebra|calculus|probability|statistical modeling|numerical analysis|quantitative,ONET31.0-IS68076026-v1.0,O*NET 31.0 Database (August 2026 Release)
REQ-R01-2.C.1.e,R01,Software Engineer (Backend/Full-stack),15-1252.00,Knowledge,2.C.1.e,Customer and Personal Service,"Knowledge of principles and processes for providing customer and personal services. This includes customer needs assessment, meeting quality standards for services, and evaluation of customer satisfaction.",3.56,4.12,28,0.030957,0.8198,domain_quota,customer and personal service|customer service|client support|service desk|user support|customer requirements|sla|stakeholder management|end-user,ONET31.0-IS68076026-v1.0,O*NET 31.0 Database (August 2026 Release)
REQ-R01-4.A.4.a.4,R01,Software Engineer (Backend/Full-stack),15-1252.00,Work Activities,4.A.4.a.4,Establishing and Maintaining Interpersonal Relationships,"Developing constructive and cooperative working relationships with others, and maintaining them over time.",3.54,3.86,29,0.030783,0.8198,top_rank,establishing and maintaining interpersonal relationships|develop professional relationships or networks|built relationships|stakeholder relationship|networking|teamwork|cross-team collaboration,ONET31.0-IS68076026-v1.0,O*NET 31.0 Database (August 2026 Release)
REQ-R01-2.A.1.a,R01,Software Engineer (Backend/Full-stack),15-1252.00,Essential Skills,2.A.1.a,Reading Comprehension,Understanding written sentences and paragraphs in work-related documents.,3.5,4.25,33,0.030435,0.8198,domain_quota,reading comprehension|read documentation|technical documentation|specification|requirements document|read specs|rfc|reviewed documents|documentation review,ONET31.0-IS68076026-v1.0,O*NET 31.0 Database (August 2026 Release)
REQ-R01-2.A.2.b,R01,Software Engineer (Backend/Full-stack),15-1252.00,Essential Skills,2.A.2.b,Active Learning,Understanding the implications of new information for both current and future problem-solving and decision-making.,3.5,3.62,34,0.030435,0.8198,domain_quota,active learning|self-taught|learned|upskilled|certification|completed course|continuous learning|kept up to date|new technology adoption,ONET31.0-IS68076026-v1.0,O*NET 31.0 Database (August 2026 Release)
REQ-R01-2.B.4.g,R01,Software Engineer (Backend/Full-stack),15-1252.00,Transferable Skills,2.B.4.g,Systems Analysis,"Determining how a system should work and how changes in conditions, operations, and the environment will affect outcomes.",3.5,3.88,35,0.030435,0.8198,domain_quota,systems analysis|system analysis|analyzed system|impact analysis|data flow|process modeling|how the system works|dependency analysis,ONET31.0-IS68076026-v1.0,O*NET 31.0 Database (August 2026 Release)
REQ-R01-2.A.1.b,R01,Software Engineer (Backend/Full-stack),15-1252.00,Essential Skills,2.A.1.b,Active Listening,"Giving full attention to what other people are saying, taking time to understand the points being made, asking questions as appropriate, and not interrupting at inappropriate times.",3.38,3.88,37,0.029391,0.8198,top_rank,active listening|stakeholder interview|requirements gathering|gathered requirements|user interview|listened to stakeholders|elicitation|client meeting,ONET31.0-IS68076026-v1.0,O*NET 31.0 Database (August 2026 Release)
REQ-R01-2.B.2.i,R01,Software Engineer (Backend/Full-stack),15-1252.00,Transferable Skills,2.B.2.i,Complex Problem Solving,Identifying complex problems and reviewing related information to develop and evaluate options and implement solutions.,3.38,3.5,38,0.029391,0.8198,top_rank,complex problem solving|solved|resolved|troubleshooting complex issues|debugged|incident resolution|root cause|postmortem|problem solving,ONET31.0-IS68076026-v1.0,O*NET 31.0 Database (August 2026 Release)
REQ-R01-2.B.3.b,R01,Software Engineer (Backend/Full-stack),15-1252.00,Transferable Skills,2.B.3.b,Technology Design,Generating or adapting equipment and technology to serve user needs.,3.38,3.62,39,0.029391,0.8198,top_rank,technology design|system design|solution design|architecture design|designed system|technical design document|prototype|hld|lld,ONET31.0-IS68076026-v1.0,O*NET 31.0 Database (August 2026 Release)
REQ-R01-2.B.4.h,R01,Software Engineer (Backend/Full-stack),15-1252.00,Transferable Skills,2.B.4.h,Systems Evaluation,"Identifying measures or indicators of system performance and the actions needed to improve or correct performance, relative to the goals of the system.",3.38,4.12,40,0.029391,0.8198,top_rank,systems evaluation|performance evaluation|benchmarking|measured system performance|capacity assessment|evaluated system|slo|sla review,ONET31.0-IS68076026-v1.0,O*NET 31.0 Database (August 2026 Release)
REQ-R01-4.A.2.b.5,R01,Software Engineer (Backend/Full-stack),15-1252.00,Work Activities,4.A.2.b.5,Scheduling Work and Activities,"Scheduling events, programs, and activities, as well as the work of others.",3.32,3.77,41,0.02887,0.8198,top_rank,scheduling work and activities|scheduling|sprint schedule|release schedule|planned activities|calendar|timeline planning|job scheduling,ONET31.0-IS68076026-v1.0,O*NET 31.0 Database (August 2026 Release)
REQ-R02-4.A.3.b.1,R02,Web Developer,15-1254.00,Work Activities,4.A.3.b.1,Working with Computers,"Using computers and computer systems (including hardware and software) to program, write software, set up functions, enter data, or process information.",4.88,4.79,1,0.043529,0.7846,domain_quota,working with computers|program computer systems|implement security measures for computer or information systems|set up computer systems networks or other information systems|resolve computer problems|operate computer systems|process digital or online data|coding|deployment|configuration,ONET31.0-IS68076026-v1.0,O*NET 31.0 Database (August 2026 Release)
REQ-R02-4.A.1.a.1,R02,Web Developer,15-1254.00,Work Activities,4.A.1.a.1,Getting Information,"Observing, receiving, and otherwise obtaining information from all relevant sources.",4.48,4.35,2,0.039961,0.7846,domain_quota,getting information|gathered information|collected data|research|investigated|read documents|gathered requirements|data collection|log collection,ONET31.0-IS68076026-v1.0,O*NET 31.0 Database (August 2026 Release)
REQ-R02-2.C.3.a,R02,Web Developer,15-1254.00,Knowledge,2.C.3.a,Computers and Electronics,"Knowledge of circuit boards, processors, chips, electronic equipment, and computer hardware and software, including applications and programming.",4.38,5.75,3,0.039069,0.7846,domain_quota,computers and electronics|computer systems|hardware|software|operating system|linux|windows|server|application|programming|computer science,ONET31.0-IS68076026-v1.0,O*NET 31.0 Database (August 2026 Release)
REQ-R02-4.A.2.b.2,R02,Web Developer,15-1254.00,Work Activities,4.A.2.b.2,Thinking Creatively,"Developing, designing, or creating new applications, ideas, relationships, systems, or products, including artistic contributions.",4.38,5.75,4,0.039069,0.7846,domain_quota,thinking creatively|design computer or information systems or applications|design databases|designed|developed new approach|innovation|created solution|proposed design|prototyping,ONET31.0-IS68076026-v1.0,O*NET 31.0 Database (August 2026 Release)
REQ-R02-4.A.2.b.3,R02,Web Developer,15-1254.00,Work Activities,4.A.2.b.3,Updating and Using Relevant Knowledge,Keeping up-to-date technically and applying new knowledge to your job.,4.29,5.5,5,0.038266,0.7846,top_rank,updating and using relevant knowledge|maintain current knowledge in area of expertise|kept up to date|continuous learning|certification|training attended|research new technology,ONET31.0-IS68076026-v1.0,O*NET 31.0 Database (August 2026 Release)
REQ-R02-4.A.2.b.1,R02,Web Developer,15-1254.00,Work Activities,4.A.2.b.1,Making Decisions and Solving Problems,Analyzing information and evaluating results to choose the best solution and solve problems.,4.25,4.96,6,0.037909,0.7846,top_rank,making decisions and solving problems|decision making|problem solving|diagnose system or equipment problems|determined operational methods or procedures|resolved|selected,ONET31.0-IS68076026-v1.0,O*NET 31.0 Database (August 2026 Release)
REQ-R02-4.A.2.a.2,R02,Web Developer,15-1254.00,Work Activities,4.A.2.a.2,Processing Information,"Compiling, coding, categorizing, calculating, tabulating, auditing, or verifying information or data.",4.13,5.17,7,0.036839,0.7846,top_rank,processing information|data processing|etl|data cleaning|compiled records|aggregated data|transformed data|reconciled data|validated data quality,ONET31.0-IS68076026-v1.0,O*NET 31.0 Database (August 2026 Release)
REQ-R02-2.B.3.e,R02,Web Developer,15-1254.00,Transferable Skills,2.B.3.e,Programming,Writing computer programs for various purposes.,4.12,4.25,8,0.03675,0.7846,domain_quota,programming|coding|software development|developed|implemented|wrote code|python|java|javascript|typescript|c#|go|sql|scripting|api development|refactored,ONET31.0-IS68076026-v1.0,O*NET 31.0 Database (August 2026 Release)
REQ-R02-4.A.2.b.6,R02,Web Developer,15-1254.00,Work Activities,4.A.2.b.6,"Organizing, Planning, and Prioritizing Work","Developing specific goals and plans to prioritize, organize, and accomplish your work.",3.91,5.0,9,0.034876,0.7846,top_rank,organizing planning and prioritizing work|planning|prioritization|backlog grooming|work planning|organized tasks|sprint planning|project planning,ONET31.0-IS68076026-v1.0,O*NET 31.0 Database (August 2026 Release)
REQ-R02-4.A.4.a.2,R02,Web Developer,15-1254.00,Work Activities,4.A.4.a.2,"Communicating with Supervisors, Peers, or Subordinates","Providing information to supervisors, co-workers, and subordinates by telephone, in written form, e-mail, or in person.",3.88,4.38,11,0.034609,0.7846,top_rank,communicating with supervisors peers or subordinates|team communication|communicate with others about specifications or project details|reported to manager|stand-up|collaborated with team|internal communication,ONET31.0-IS68076026-v1.0,O*NET 31.0 Database (August 2026 Release)
REQ-R02-2.A.2.a,R02,Web Developer,15-1254.00,Essential Skills,2.A.2.a,Critical Thinking,"Using logic and reasoning to identify the strengths and weaknesses of alternative solutions, conclusions, or approaches to problems.",3.75,3.88,13,0.033449,0.7846,domain_quota,critical thinking|root cause analysis|evaluated alternatives|trade-off analysis|assessed options|analytical reasoning|weighed pros and cons|design review,ONET31.0-IS68076026-v1.0,O*NET 31.0 Database (August 2026 Release)
REQ-R02-4.A.1.b.1,R02,Web Developer,15-1254.00,Work Activities,4.A.1.b.1,"Identifying Objects, Actions, and Events","Identifying information by categorizing, estimating, recognizing differences or similarities, and detecting changes in circumstances or events.",3.67,4.0,14,0.032736,0.7846,top_rank,identifying objects actions and events|identified issues|detected|recognized patterns|classified|identified opportunities|anomaly detection|event identification,ONET31.0-IS68076026-v1.0,O*NET 31.0 Database (August 2026 Release)
REQ-R02-2.A.1.a,R02,Web Developer,15-1254.00,Essential Skills,2.A.1.a,Reading Comprehension,Understanding written sentences and paragraphs in work-related documents.,3.62,4.0,18,0.03229,0.7846,domain_quota,reading comprehension|read documentation|technical documentation|specification|requirements document|read specs|rfc|reviewed documents|documentation review,ONET31.0-IS68076026-v1.0,O*NET 31.0 Database (August 2026 Release)
REQ-R02-2.B.2.i,R02,Web Developer,15-1254.00,Transferable Skills,2.B.2.i,Complex Problem Solving,Identifying complex problems and reviewing related information to develop and evaluate options and implement solutions.,3.62,3.62,19,0.03229,0.7846,domain_quota,complex problem solving|solved|resolved|troubleshooting complex issues|debugged|incident resolution|root cause|postmortem|problem solving,ONET31.0-IS68076026-v1.0,O*NET 31.0 Database (August 2026 Release)
REQ-R02-2.B.3.a,R02,Web Developer,15-1254.00,Transferable Skills,2.B.3.a,Operations Analysis,Analyzing needs and product requirements to create a design.,3.62,4.0,20,0.03229,0.7846,domain_quota,operations analysis|requirements analysis|needs analysis|business requirements|gap analysis|feasibility study|as-is to-be analysis,ONET31.0-IS68076026-v1.0,O*NET 31.0 Database (August 2026 Release)
REQ-R02-2.C.7.a,R02,Web Developer,15-1254.00,Knowledge,2.C.7.a,English Language,"Knowledge of the structure and content of the English language including the meaning and spelling of words, and rules of composition and grammar.",3.54,4.0,21,0.031576,0.7846,domain_quota,english language|english|technical english|business english|toeic|ielts|english proficiency|wrote in english|english communication,ONET31.0-IS68076026-v1.0,O*NET 31.0 Database (August 2026 Release)
REQ-R02-4.A.2.a.4,R02,Web Developer,15-1254.00,Work Activities,4.A.2.a.4,Analyzing Data or Information,"Identifying the underlying principles, reasons, or facts of information by breaking down information or data into separate parts.",3.54,4.25,22,0.031576,0.7846,top_rank,analyzing data or information|data analysis|analyzed|analytics|analyzed performance of systems or equipment|analyzed data to improve operations|statistical analysis|log analysis|reporting,ONET31.0-IS68076026-v1.0,O*NET 31.0 Database (August 2026 Release)
REQ-R02-4.A.4.a.4,R02,Web Developer,15-1254.00,Work Activities,4.A.4.a.4,Establishing and Maintaining Interpersonal Relationships,"Developing constructive and cooperative working relationships with others, and maintaining them over time.",3.54,4.62,23,0.031576,0.7846,top_rank,establishing and maintaining interpersonal relationships|develop professional relationships or networks|built relationships|stakeholder relationship|networking|teamwork|cross-team collaboration,ONET31.0-IS68076026-v1.0,O*NET 31.0 Database (August 2026 Release)
REQ-R02-2.A.1.b,R02,Web Developer,15-1254.00,Essential Skills,2.A.1.b,Active Listening,"Giving full attention to what other people are saying, taking time to understand the points being made, asking questions as appropriate, and not interrupting at inappropriate times.",3.5,3.5,26,0.031219,0.7846,domain_quota,active listening|stakeholder interview|requirements gathering|gathered requirements|user interview|listened to stakeholders|elicitation|client meeting,ONET31.0-IS68076026-v1.0,O*NET 31.0 Database (August 2026 Release)
REQ-R02-2.A.2.b,R02,Web Developer,15-1254.00,Essential Skills,2.A.2.b,Active Learning,Understanding the implications of new information for both current and future problem-solving and decision-making.,3.5,3.62,27,0.031219,0.7846,top_rank,active learning|self-taught|learned|upskilled|certification|completed course|continuous learning|kept up to date|new technology adoption,ONET31.0-IS68076026-v1.0,O*NET 31.0 Database (August 2026 Release)
REQ-R02-4.A.2.b.5,R02,Web Developer,15-1254.00,Work Activities,4.A.2.b.5,Scheduling Work and Activities,"Scheduling events, programs, and activities, as well as the work of others.",3.46,4.21,28,0.030863,0.7846,top_rank,scheduling work and activities|scheduling|sprint schedule|release schedule|planned activities|calendar|timeline planning|job scheduling,ONET31.0-IS68076026-v1.0,O*NET 31.0 Database (August 2026 Release)
REQ-R02-4.A.3.b.6,R02,Web Developer,15-1254.00,Work Activities,4.A.3.b.6,Documenting/Recording Information,"Entering, transcribing, recording, storing, or maintaining information in written or electronic/magnetic form.",3.46,3.62,29,0.030863,0.7846,top_rank,documenting recording information|documentation|document technical designs procedures or activities|prepare reports of operational or procedural activities|maintain operational records|wrote report|logged|recorded|runbook|ticket notes,ONET31.0-IS68076026-v1.0,O*NET 31.0 Database (August 2026 Release)
REQ-R02-2.B.4.e,R02,Web Developer,15-1254.00,Transferable Skills,2.B.4.e,Judgment and Decision Making,Considering the relative costs and benefits of potential actions to choose the most appropriate one.,3.38,3.38,32,0.030149,0.7846,top_rank,judgment and decision making|decision making|prioritized|selected approach|made trade-offs|chose technology|approved|recommended,ONET31.0-IS68076026-v1.0,O*NET 31.0 Database (August 2026 Release)
REQ-R02-2.C.4.a,R02,Web Developer,15-1254.00,Knowledge,2.C.4.a,Mathematics,"Knowledge of arithmetic, algebra, geometry, calculus, statistics, and their applications.",3.35,3.91,33,0.029881,0.7846,domain_quota,mathematics|statistics|algebra|calculus|probability|statistical modeling|numerical analysis|quantitative,ONET31.0-IS68076026-v1.0,O*NET 31.0 Database (August 2026 Release)
REQ-R02-4.A.1.b.3,R02,Web Developer,15-1254.00,Work Activities,4.A.1.b.3,"Estimating the Quantifiable Characteristics of Products, Events, or Information","Estimating sizes, distances, and quantities; or determining time, costs, resources, or materials needed to perform a work activity.",3.33,3.38,34,0.029703,0.7846,top_rank,estimating quantifiable characteristics|estimation|estimated effort|story points|sizing|cost estimation|capacity estimate|measured,ONET31.0-IS68076026-v1.0,O*NET 31.0 Database (August 2026 Release)
REQ-R02-4.A.2.a.3,R02,Web Developer,15-1254.00,Work Activities,4.A.2.a.3,Evaluating Information to Determine Compliance with Standards,"Using relevant information and individual judgment to determine whether events or processes comply with laws, regulations, or standards.",3.33,3.79,35,0.029703,0.7846,top_rank,evaluating information to determine compliance with standards|compliance check|audit|standards compliance|policy compliance|examined documentation for accuracy or compliance|conformance review,ONET31.0-IS68076026-v1.0,O*NET 31.0 Database (August 2026 Release)
REQ-R02-4.A.2.b.4,R02,Web Developer,15-1254.00,Work Activities,4.A.2.b.4,Developing Objectives and Strategies,Establishing long-range objectives and specifying the strategies and actions to achieve them.,3.33,3.83,36,0.029703,0.7846,top_rank,developing objectives and strategies|roadmap|strategy|develop organizational policies systems or processes|defined objectives|technical strategy|okr|planning,ONET31.0-IS68076026-v1.0,O*NET 31.0 Database (August 2026 Release)
REQ-R02-4.A.4.a.1,R02,Web Developer,15-1254.00,Work Activities,4.A.4.a.1,Interpreting the Meaning of Information for Others,Translating or explaining what information means and how it can be used.,3.33,3.54,37,0.029703,0.7846,top_rank,interpreting the meaning of information for others|explain technical details of products or services|explained|translated technical to business|briefed stakeholders|presented findings|explain regulations policies or procedures,ONET31.0-IS68076026-v1.0,O*NET 31.0 Database (August 2026 Release)
REQ-R02-4.A.4.b.6,R02,Web Developer,15-1254.00,Work Activities,4.A.4.b.6,Providing Consultation and Advice to Others,"Providing guidance and expert advice to management or other groups on technical, systems-, or process-related topics.",3.29,4.29,38,0.029346,0.7846,top_rank,providing consultation and advice to others|advise others on the design or use of technologies|advise others on business or operational matters|consulting|advised|technical consultation|recommendation to stakeholders,ONET31.0-IS68076026-v1.0,O*NET 31.0 Database (August 2026 Release)
REQ-R02-2.A.1.d,R02,Web Developer,15-1254.00,Essential Skills,2.A.1.d,Speaking,Talking to others to convey information effectively.,3.25,3.25,42,0.028989,0.7846,top_rank,speaking|presented|presentation|demo|briefing|spoke at|public speaking|stand-up|knowledge sharing session|pitched,ONET31.0-IS68076026-v1.0,O*NET 31.0 Database (August 2026 Release)
REQ-R03-4.A.3.b.1,R03,Application / Mobile Developer,15-1251.00,Work Activities,4.A.3.b.1,Working with Computers,"Using computers and computer systems (including hardware and software) to program, write software, set up functions, enter data, or process information.",4.95,5.99,1,0.042217,0.7273,domain_quota,working with computers|program computer systems|implement security measures for computer or information systems|set up computer systems networks or other information systems|resolve computer problems|operate computer systems|process digital or online data|coding|deployment|configuration,ONET31.0-IS68076026-v1.0,O*NET 31.0 Database (August 2026 Release)
REQ-R03-2.C.3.a,R03,Application / Mobile Developer,15-1251.00,Knowledge,2.C.3.a,Computers and Electronics,"Knowledge of circuit boards, processors, chips, electronic equipment, and computer hardware and software, including applications and programming.",4.87,6.16,2,0.041535,0.7273,domain_quota,computers and electronics|computer systems|hardware|software|operating system|linux|windows|server|application|programming|computer science,ONET31.0-IS68076026-v1.0,O*NET 31.0 Database (August 2026 Release)
REQ-R03-2.B.3.e,R03,Application / Mobile Developer,15-1251.00,Transferable Skills,2.B.3.e,Programming,Writing computer programs for various purposes.,4.75,4.88,3,0.040512,0.7273,domain_quota,programming|coding|software development|developed|implemented|wrote code|python|java|javascript|typescript|c#|go|sql|scripting|api development|refactored,ONET31.0-IS68076026-v1.0,O*NET 31.0 Database (August 2026 Release)
REQ-R03-4.A.2.a.2,R03,Application / Mobile Developer,15-1251.00,Work Activities,4.A.2.a.2,Processing Information,"Compiling, coding, categorizing, calculating, tabulating, auditing, or verifying information or data.",4.59,5.67,4,0.039147,0.7273,domain_quota,processing information|data processing|etl|data cleaning|compiled records|aggregated data|transformed data|reconciled data|validated data quality,ONET31.0-IS68076026-v1.0,O*NET 31.0 Database (August 2026 Release)
REQ-R03-4.A.2.a.4,R03,Application / Mobile Developer,15-1251.00,Work Activities,4.A.2.a.4,Analyzing Data or Information,"Identifying the underlying principles, reasons, or facts of information by breaking down information or data into separate parts.",4.52,5.72,5,0.03855,0.7273,domain_quota,analyzing data or information|data analysis|analyzed|analytics|analyzed performance of systems or equipment|analyzed data to improve operations|statistical analysis|log analysis|reporting,ONET31.0-IS68076026-v1.0,O*NET 31.0 Database (August 2026 Release)
REQ-R03-4.A.1.a.1,R03,Application / Mobile Developer,15-1251.00,Work Activities,4.A.1.a.1,Getting Information,"Observing, receiving, and otherwise obtaining information from all relevant sources.",4.51,4.43,6,0.038465,0.7273,top_rank,getting information|gathered information|collected data|research|investigated|read documents|gathered requirements|data collection|log collection,ONET31.0-IS68076026-v1.0,O*NET 31.0 Database (August 2026 Release)
REQ-R03-4.A.2.b.1,R03,Application / Mobile Developer,15-1251.00,Work Activities,4.A.2.b.1,Making Decisions and Solving Problems,Analyzing information and evaluating results to choose the best solution and solve problems.,4.45,4.98,7,0.037953,0.7273,top_rank,making decisions and solving problems|decision making|problem solving|diagnose system or equipment problems|determined operational methods or procedures|resolved|selected,ONET31.0-IS68076026-v1.0,O*NET 31.0 Database (August 2026 Release)
REQ-R03-4.A.2.b.2,R03,Application / Mobile Developer,15-1251.00,Work Activities,4.A.2.b.2,Thinking Creatively,"Developing, designing, or creating new applications, ideas, relationships, systems, or products, including artistic contributions.",4.35,5.77,8,0.0371,0.7273,top_rank,thinking creatively|design computer or information systems or applications|design databases|designed|developed new approach|innovation|created solution|proposed design|prototyping,ONET31.0-IS68076026-v1.0,O*NET 31.0 Database (August 2026 Release)
REQ-R03-4.A.1.b.1,R03,Application / Mobile Developer,15-1251.00,Work Activities,4.A.1.b.1,"Identifying Objects, Actions, and Events","Identifying information by categorizing, estimating, recognizing differences or similarities, and detecting changes in circumstances or events.",4.22,4.78,9,0.035991,0.7273,top_rank,identifying objects actions and events|identified issues|detected|recognized patterns|classified|identified opportunities|anomaly detection|event identification,ONET31.0-IS68076026-v1.0,O*NET 31.0 Database (August 2026 Release)
REQ-R03-4.A.2.b.3,R03,Application / Mobile Developer,15-1251.00,Work Activities,4.A.2.b.3,Updating and Using Relevant Knowledge,Keeping up-to-date technically and applying new knowledge to your job.,4.16,5.44,10,0.03548,0.7273,top_rank,updating and using relevant knowledge|maintain current knowledge in area of expertise|kept up to date|continuous learning|certification|training attended|research new technology,ONET31.0-IS68076026-v1.0,O*NET 31.0 Database (August 2026 Release)
REQ-R03-4.A.4.a.2,R03,Application / Mobile Developer,15-1251.00,Work Activities,4.A.4.a.2,"Communicating with Supervisors, Peers, or Subordinates","Providing information to supervisors, co-workers, and subordinates by telephone, in written form, e-mail, or in person.",4.13,5.05,11,0.035224,0.7273,top_rank,communicating with supervisors peers or subordinates|team communication|communicate with others about specifications or project details|reported to manager|stand-up|collaborated with team|internal communication,ONET31.0-IS68076026-v1.0,O*NET 31.0 Database (August 2026 Release)
REQ-R03-4.A.1.b.3,R03,Application / Mobile Developer,15-1251.00,Work Activities,4.A.1.b.3,"Estimating the Quantifiable Characteristics of Products, Events, or Information","Estimating sizes, distances, and quantities; or determining time, costs, resources, or materials needed to perform a work activity.",3.88,4.14,15,0.033092,0.7273,top_rank,estimating quantifiable characteristics|estimation|estimated effort|story points|sizing|cost estimation|capacity estimate|measured,ONET31.0-IS68076026-v1.0,O*NET 31.0 Database (August 2026 Release)
REQ-R03-4.A.3.b.6,R03,Application / Mobile Developer,15-1251.00,Work Activities,4.A.3.b.6,Documenting/Recording Information,"Entering, transcribing, recording, storing, or maintaining information in written or electronic/magnetic form.",3.82,4.03,16,0.03258,0.7273,top_rank,documenting recording information|documentation|document technical designs procedures or activities|prepare reports of operational or procedural activities|maintain operational records|wrote report|logged|recorded|runbook|ticket notes,ONET31.0-IS68076026-v1.0,O*NET 31.0 Database (August 2026 Release)
REQ-R03-2.A.1.b,R03,Application / Mobile Developer,15-1251.00,Essential Skills,2.A.1.b,Active Listening,"Giving full attention to what other people are saying, taking time to understand the points being made, asking questions as appropriate, and not interrupting at inappropriate times.",3.75,4.0,21,0.031983,0.7273,domain_quota,active listening|stakeholder interview|requirements gathering|gathered requirements|user interview|listened to stakeholders|elicitation|client meeting,ONET31.0-IS68076026-v1.0,O*NET 31.0 Database (August 2026 Release)
REQ-R03-2.A.2.a,R03,Application / Mobile Developer,15-1251.00,Essential Skills,2.A.2.a,Critical Thinking,"Using logic and reasoning to identify the strengths and weaknesses of alternative solutions, conclusions, or approaches to problems.",3.75,3.88,22,0.031983,0.7273,domain_quota,critical thinking|root cause analysis|evaluated alternatives|trade-off analysis|assessed options|analytical reasoning|weighed pros and cons|design review,ONET31.0-IS68076026-v1.0,O*NET 31.0 Database (August 2026 Release)
REQ-R03-2.B.2.i,R03,Application / Mobile Developer,15-1251.00,Transferable Skills,2.B.2.i,Complex Problem Solving,Identifying complex problems and reviewing related information to develop and evaluate options and implement solutions.,3.75,3.88,23,0.031983,0.7273,domain_quota,complex problem solving|solved|resolved|troubleshooting complex issues|debugged|incident resolution|root cause|postmortem|problem solving,ONET31.0-IS68076026-v1.0,O*NET 31.0 Database (August 2026 Release)
REQ-R03-4.A.2.b.4,R03,Application / Mobile Developer,15-1251.00,Work Activities,4.A.2.b.4,Developing Objectives and Strategies,Establishing long-range objectives and specifying the strategies and actions to achieve them.,3.6,3.86,24,0.030704,0.7273,top_rank,developing objectives and strategies|roadmap|strategy|develop organizational policies systems or processes|defined objectives|technical strategy|okr|planning,ONET31.0-IS68076026-v1.0,O*NET 31.0 Database (August 2026 Release)
REQ-R03-4.A.2.b.6,R03,Application / Mobile Developer,15-1251.00,Work Activities,4.A.2.b.6,"Organizing, Planning, and Prioritizing Work","Developing specific goals and plans to prioritize, organize, and accomplish your work.",3.59,4.64,25,0.030618,0.7273,top_rank,organizing planning and prioritizing work|planning|prioritization|backlog grooming|work planning|organized tasks|sprint planning|project planning,ONET31.0-IS68076026-v1.0,O*NET 31.0 Database (August 2026 Release)
REQ-R03-4.A.2.a.3,R03,Application / Mobile Developer,15-1251.00,Work Activities,4.A.2.a.3,Evaluating Information to Determine Compliance with Standards,"Using relevant information and individual judgment to determine whether events or processes comply with laws, regulations, or standards.",3.55,3.98,26,0.030277,0.7273,top_rank,evaluating information to determine compliance with standards|compliance check|audit|standards compliance|policy compliance|examined documentation for accuracy or compliance|conformance review,ONET31.0-IS68076026-v1.0,O*NET 31.0 Database (August 2026 Release)
REQ-R03-4.A.4.b.2,R03,Application / Mobile Developer,15-1251.00,Work Activities,4.A.4.b.2,Developing and Building Teams,"Encouraging and building mutual trust, respect, and cooperation among team members.",3.55,3.22,27,0.030277,0.7273,top_rank,developing and building teams|team building|provide support or encouragement to others|mentored team|onboarded new members|built the team|hiring,ONET31.0-IS68076026-v1.0,O*NET 31.0 Database (August 2026 Release)
REQ-R03-2.C.4.a,R03,Application / Mobile Developer,15-1251.00,Knowledge,2.C.4.a,Mathematics,"Knowledge of arithmetic, algebra, geometry, calculus, statistics, and their applications.",3.53,4.54,28,0.030107,0.7273,domain_quota,mathematics|statistics|algebra|calculus|probability|statistical modeling|numerical analysis|quantitative,ONET31.0-IS68076026-v1.0,O*NET 31.0 Database (August 2026 Release)
REQ-R03-4.A.4.a.1,R03,Application / Mobile Developer,15-1251.00,Work Activities,4.A.4.a.1,Interpreting the Meaning of Information for Others,Translating or explaining what information means and how it can be used.,3.51,4.32,29,0.029936,0.7273,top_rank,interpreting the meaning of information for others|explain technical details of products or services|explained|translated technical to business|briefed stakeholders|presented findings|explain regulations policies or procedures,ONET31.0-IS68076026-v1.0,O*NET 31.0 Database (August 2026 Release)
REQ-R03-2.B.3.m,R03,Application / Mobile Developer,15-1251.00,Transferable Skills,2.B.3.m,Quality Control Analysis,"Conducting tests and inspections of products, services, or processes to evaluate quality or performance.",3.5,3.5,31,0.029851,0.7273,domain_quota,quality control analysis|quality assurance|qa|testing|test case|code review|inspection|defect analysis|validation|verification,ONET31.0-IS68076026-v1.0,O*NET 31.0 Database (August 2026 Release)
REQ-R03-2.C.3.b,R03,Application / Mobile Developer,15-1251.00,Knowledge,2.C.3.b,Engineering and Technology,"Knowledge of the practical application of engineering science and technology. This includes applying principles, techniques, procedures, and equipment to the design and production of various goods and services.",3.47,4.15,32,0.029595,0.7273,domain_quota,engineering and technology|engineering|technical design|applied technology|system engineering|technology stack|technical architecture,ONET31.0-IS68076026-v1.0,O*NET 31.0 Database (August 2026 Release)
REQ-R03-4.A.1.a.2,R03,Application / Mobile Developer,15-1251.00,Work Activities,4.A.1.a.2,"Monitoring Processes, Materials, or Surroundings","Monitoring and reviewing information from materials, events, or the environment, to detect or assess problems.",3.45,4.29,33,0.029424,0.7273,top_rank,monitoring processes|monitored operations|monitored systems|monitored equipment|observability|alerting|monitor operation of computer or information technologies|compliance monitoring,ONET31.0-IS68076026-v1.0,O*NET 31.0 Database (August 2026 Release)
REQ-R03-4.A.4.a.4,R03,Application / Mobile Developer,15-1251.00,Work Activities,4.A.4.a.4,Establishing and Maintaining Interpersonal Relationships,"Developing constructive and cooperative working relationships with others, and maintaining them over time.",3.45,4.43,34,0.029424,0.7273,top_rank,establishing and maintaining interpersonal relationships|develop professional relationships or networks|built relationships|stakeholder relationship|networking|teamwork|cross-team collaboration,ONET31.0-IS68076026-v1.0,O*NET 31.0 Database (August 2026 Release)
REQ-R03-4.A.4.b.6,R03,Application / Mobile Developer,15-1251.00,Work Activities,4.A.4.b.6,Providing Consultation and Advice to Others,"Providing guidance and expert advice to management or other groups on technical, systems-, or process-related topics.",3.43,4.34,35,0.029254,0.7273,top_rank,providing consultation and advice to others|advise others on the design or use of technologies|advise others on business or operational matters|consulting|advised|technical consultation|recommendation to stakeholders,ONET31.0-IS68076026-v1.0,O*NET 31.0 Database (August 2026 Release)
REQ-R03-2.C.7.a,R03,Application / Mobile Developer,15-1251.00,Knowledge,2.C.7.a,English Language,"Knowledge of the structure and content of the English language including the meaning and spelling of words, and rules of composition and grammar.",3.41,3.78,36,0.029083,0.7273,top_rank,english language|english|technical english|business english|toeic|ielts|english proficiency|wrote in english|english communication,ONET31.0-IS68076026-v1.0,O*NET 31.0 Database (August 2026 Release)
REQ-R03-2.A.1.a,R03,Application / Mobile Developer,15-1251.00,Essential Skills,2.A.1.a,Reading Comprehension,Understanding written sentences and paragraphs in work-related documents.,3.38,3.5,37,0.028827,0.7273,domain_quota,reading comprehension|read documentation|technical documentation|specification|requirements document|read specs|rfc|reviewed documents|documentation review,ONET31.0-IS68076026-v1.0,O*NET 31.0 Database (August 2026 Release)
REQ-R03-2.B.4.g,R03,Application / Mobile Developer,15-1251.00,Transferable Skills,2.B.4.g,Systems Analysis,"Determining how a system should work and how changes in conditions, operations, and the environment will affect outcomes.",3.38,3.25,38,0.028827,0.7273,top_rank,systems analysis|system analysis|analyzed system|impact analysis|data flow|process modeling|how the system works|dependency analysis,ONET31.0-IS68076026-v1.0,O*NET 31.0 Database (August 2026 Release)
REQ-R04-4.A.3.b.1,R04,QA & Test Automation Engineer,15-1253.00,Work Activities,4.A.3.b.1,Working with Computers,"Using computers and computer systems (including hardware and software) to program, write software, set up functions, enter data, or process information.",4.94,5.06,1,0.042071,0.7149,domain_quota,working with computers|program computer systems|implement security measures for computer or information systems|set up computer systems networks or other information systems|resolve computer problems|operate computer systems|process digital or online data|coding|deployment|configuration,ONET31.0-IS68076026-v1.0,O*NET 31.0 Database (August 2026 Release)
REQ-R04-4.A.1.a.1,R04,QA & Test Automation Engineer,15-1253.00,Work Activities,4.A.1.a.1,Getting Information,"Observing, receiving, and otherwise obtaining information from all relevant sources.",4.65,4.85,2,0.039601,0.7149,domain_quota,getting information|gathered information|collected data|research|investigated|read documents|gathered requirements|data collection|log collection,ONET31.0-IS68076026-v1.0,O*NET 31.0 Database (August 2026 Release)
REQ-R04-4.A.4.a.2,R04,QA & Test Automation Engineer,15-1253.00,Work Activities,4.A.4.a.2,"Communicating with Supervisors, Peers, or Subordinates","Providing information to supervisors, co-workers, and subordinates by telephone, in written form, e-mail, or in person.",4.44,5.12,3,0.037813,0.7149,domain_quota,communicating with supervisors peers or subordinates|team communication|communicate with others about specifications or project details|reported to manager|stand-up|collaborated with team|internal communication,ONET31.0-IS68076026-v1.0,O*NET 31.0 Database (August 2026 Release)
REQ-R04-2.C.3.a,R04,QA & Test Automation Engineer,15-1253.00,Knowledge,2.C.3.a,Computers and Electronics,"Knowledge of circuit boards, processors, chips, electronic equipment, and computer hardware and software, including applications and programming.",4.41,5.47,4,0.037557,0.7149,domain_quota,computers and electronics|computer systems|hardware|software|operating system|linux|windows|server|application|programming|computer science,ONET31.0-IS68076026-v1.0,O*NET 31.0 Database (August 2026 Release)
REQ-R04-4.A.2.a.2,R04,QA & Test Automation Engineer,15-1253.00,Work Activities,4.A.2.a.2,Processing Information,"Compiling, coding, categorizing, calculating, tabulating, auditing, or verifying information or data.",4.38,5.18,5,0.037302,0.7149,top_rank,processing information|data processing|etl|data cleaning|compiled records|aggregated data|transformed data|reconciled data|validated data quality,ONET31.0-IS68076026-v1.0,O*NET 31.0 Database (August 2026 Release)
REQ-R04-4.A.2.b.3,R04,QA & Test Automation Engineer,15-1253.00,Work Activities,4.A.2.b.3,Updating and Using Relevant Knowledge,Keeping up-to-date technically and applying new knowledge to your job.,4.36,5.68,6,0.037132,0.7149,top_rank,updating and using relevant knowledge|maintain current knowledge in area of expertise|kept up to date|continuous learning|certification|training attended|research new technology,ONET31.0-IS68076026-v1.0,O*NET 31.0 Database (August 2026 Release)
REQ-R04-4.A.2.a.4,R04,QA & Test Automation Engineer,15-1253.00,Work Activities,4.A.2.a.4,Analyzing Data or Information,"Identifying the underlying principles, reasons, or facts of information by breaking down information or data into separate parts.",4.26,5.0,7,0.03628,0.7149,top_rank,analyzing data or information|data analysis|analyzed|analytics|analyzed performance of systems or equipment|analyzed data to improve operations|statistical analysis|log analysis|reporting,ONET31.0-IS68076026-v1.0,O*NET 31.0 Database (August 2026 Release)
REQ-R04-4.A.2.a.3,R04,QA & Test Automation Engineer,15-1253.00,Work Activities,4.A.2.a.3,Evaluating Information to Determine Compliance with Standards,"Using relevant information and individual judgment to determine whether events or processes comply with laws, regulations, or standards.",4.24,4.65,8,0.03611,0.7149,top_rank,evaluating information to determine compliance with standards|compliance check|audit|standards compliance|policy compliance|examined documentation for accuracy or compliance|conformance review,ONET31.0-IS68076026-v1.0,O*NET 31.0 Database (August 2026 Release)
REQ-R04-4.A.1.b.1,R04,QA & Test Automation Engineer,15-1253.00,Work Activities,4.A.1.b.1,"Identifying Objects, Actions, and Events","Identifying information by categorizing, estimating, recognizing differences or similarities, and detecting changes in circumstances or events.",4.22,4.85,9,0.035939,0.7149,top_rank,identifying objects actions and events|identified issues|detected|recognized patterns|classified|identified opportunities|anomaly detection|event identification,ONET31.0-IS68076026-v1.0,O*NET 31.0 Database (August 2026 Release)
REQ-R04-4.A.2.b.6,R04,QA & Test Automation Engineer,15-1253.00,Work Activities,4.A.2.b.6,"Organizing, Planning, and Prioritizing Work","Developing specific goals and plans to prioritize, organize, and accomplish your work.",4.09,5.12,10,0.034832,0.7149,top_rank,organizing planning and prioritizing work|planning|prioritization|backlog grooming|work planning|organized tasks|sprint planning|project planning,ONET31.0-IS68076026-v1.0,O*NET 31.0 Database (August 2026 Release)
REQ-R04-4.A.3.b.6,R04,QA & Test Automation Engineer,15-1253.00,Work Activities,4.A.3.b.6,Documenting/Recording Information,"Entering, transcribing, recording, storing, or maintaining information in written or electronic/magnetic form.",4.06,4.5,11,0.034577,0.7149,top_rank,documenting recording information|documentation|document technical designs procedures or activities|prepare reports of operational or procedural activities|maintain operational records|wrote report|logged|recorded|runbook|ticket notes,ONET31.0-IS68076026-v1.0,O*NET 31.0 Database (August 2026 Release)
REQ-R04-2.A.1.a,R04,QA & Test Automation Engineer,15-1253.00,Essential Skills,2.A.1.a,Reading Comprehension,Understanding written sentences and paragraphs in work-related documents.,4.0,4.12,18,0.034066,0.7149,domain_quota,reading comprehension|read documentation|technical documentation|specification|requirements document|read specs|rfc|reviewed documents|documentation review,ONET31.0-IS68076026-v1.0,O*NET 31.0 Database (August 2026 Release)
REQ-R04-4.A.4.a.4,R04,QA & Test Automation Engineer,15-1253.00,Work Activities,4.A.4.a.4,Establishing and Maintaining Interpersonal Relationships,"Developing constructive and cooperative working relationships with others, and maintaining them over time.",4.0,4.88,19,0.034066,0.7149,top_rank,establishing and maintaining interpersonal relationships|develop professional relationships or networks|built relationships|stakeholder relationship|networking|teamwork|cross-team collaboration,ONET31.0-IS68076026-v1.0,O*NET 31.0 Database (August 2026 Release)
REQ-R04-2.A.1.b,R04,QA & Test Automation Engineer,15-1253.00,Essential Skills,2.A.1.b,Active Listening,"Giving full attention to what other people are saying, taking time to understand the points being made, asking questions as appropriate, and not interrupting at inappropriate times.",3.88,4.0,21,0.033044,0.7149,domain_quota,active listening|stakeholder interview|requirements gathering|gathered requirements|user interview|listened to stakeholders|elicitation|client meeting,ONET31.0-IS68076026-v1.0,O*NET 31.0 Database (August 2026 Release)
REQ-R04-2.A.1.d,R04,QA & Test Automation Engineer,15-1253.00,Essential Skills,2.A.1.d,Speaking,Talking to others to convey information effectively.,3.88,4.0,22,0.033044,0.7149,domain_quota,speaking|presented|presentation|demo|briefing|spoke at|public speaking|stand-up|knowledge sharing session|pitched,ONET31.0-IS68076026-v1.0,O*NET 31.0 Database (August 2026 Release)
REQ-R04-2.A.2.a,R04,QA & Test Automation Engineer,15-1253.00,Essential Skills,2.A.2.a,Critical Thinking,"Using logic and reasoning to identify the strengths and weaknesses of alternative solutions, conclusions, or approaches to problems.",3.88,3.88,23,0.033044,0.7149,top_rank,critical thinking|root cause analysis|evaluated alternatives|trade-off analysis|assessed options|analytical reasoning|weighed pros and cons|design review,ONET31.0-IS68076026-v1.0,O*NET 31.0 Database (August 2026 Release)
REQ-R04-4.A.2.b.1,R04,QA & Test Automation Engineer,15-1253.00,Work Activities,4.A.2.b.1,Making Decisions and Solving Problems,Analyzing information and evaluating results to choose the best solution and solve problems.,3.85,4.56,24,0.032788,0.7149,top_rank,making decisions and solving problems|decision making|problem solving|diagnose system or equipment problems|determined operational methods or procedures|resolved|selected,ONET31.0-IS68076026-v1.0,O*NET 31.0 Database (August 2026 Release)
REQ-R04-4.A.2.b.2,R04,QA & Test Automation Engineer,15-1253.00,Work Activities,4.A.2.b.2,Thinking Creatively,"Developing, designing, or creating new applications, ideas, relationships, systems, or products, including artistic contributions.",3.85,4.94,25,0.032788,0.7149,top_rank,thinking creatively|design computer or information systems or applications|design databases|designed|developed new approach|innovation|created solution|proposed design|prototyping,ONET31.0-IS68076026-v1.0,O*NET 31.0 Database (August 2026 Release)
REQ-R04-2.C.7.a,R04,QA & Test Automation Engineer,15-1253.00,Knowledge,2.C.7.a,English Language,"Knowledge of the structure and content of the English language including the meaning and spelling of words, and rules of composition and grammar.",3.79,4.09,26,0.032277,0.7149,domain_quota,english language|english|technical english|business english|toeic|ielts|english proficiency|wrote in english|english communication,ONET31.0-IS68076026-v1.0,O*NET 31.0 Database (August 2026 Release)
REQ-R04-2.A.1.c,R04,QA & Test Automation Engineer,15-1253.00,Essential Skills,2.A.1.c,Writing,Communicating effectively in writing as appropriate for the needs of the audience.,3.75,3.88,28,0.031937,0.7149,top_rank,writing|technical writing|wrote documentation|authored|report writing|documented|runbook|user guide|published|white paper|readme,ONET31.0-IS68076026-v1.0,O*NET 31.0 Database (August 2026 Release)
REQ-R04-2.A.2.d,R04,QA & Test Automation Engineer,15-1253.00,Essential Skills,2.A.2.d,Monitoring,"Monitoring/Assessing performance of yourself, other individuals, or organizations to make improvements or take corrective action.",3.62,3.75,30,0.03083,0.7149,top_rank,monitoring|monitored|observability|tracked performance|kpi tracking|dashboard monitoring|alerting|health check|performance monitoring,ONET31.0-IS68076026-v1.0,O*NET 31.0 Database (August 2026 Release)
REQ-R04-2.B.3.e,R04,QA & Test Automation Engineer,15-1253.00,Transferable Skills,2.B.3.e,Programming,Writing computer programs for various purposes.,3.62,3.75,31,0.03083,0.7149,domain_quota,programming|coding|software development|developed|implemented|wrote code|python|java|javascript|typescript|c#|go|sql|scripting|api development|refactored,ONET31.0-IS68076026-v1.0,O*NET 31.0 Database (August 2026 Release)
REQ-R04-4.A.1.a.2,R04,QA & Test Automation Engineer,15-1253.00,Work Activities,4.A.1.a.2,"Monitoring Processes, Materials, or Surroundings","Monitoring and reviewing information from materials, events, or the environment, to detect or assess problems.",3.5,4.06,32,0.029808,0.7149,top_rank,monitoring processes|monitored operations|monitored systems|monitored equipment|observability|alerting|monitor operation of computer or information technologies|compliance monitoring,ONET31.0-IS68076026-v1.0,O*NET 31.0 Database (August 2026 Release)
REQ-R04-4.A.4.b.1,R04,QA & Test Automation Engineer,15-1253.00,Work Activities,4.A.4.b.1,Coordinating the Work and Activities of Others,Getting members of a group to work together to accomplish tasks.,3.48,4.09,33,0.029637,0.7149,top_rank,coordinating the work and activities of others|coordinate with others to resolve problems|assign work to others|coordinated team|task assignment|cross-functional coordination,ONET31.0-IS68076026-v1.0,O*NET 31.0 Database (August 2026 Release)
REQ-R04-4.A.2.a.1,R04,QA & Test Automation Engineer,15-1253.00,Work Activities,4.A.2.a.1,"Judging the Qualities of Objects, Services, or People","Assessing the value, importance, or quality of things or people.",3.45,3.97,34,0.029382,0.7149,top_rank,judging the qualities|evaluated performance|assessed quality|vendor evaluation|evaluated the characteristics usefulness or performance of products or technologies|feasibility assessment|tool selection,ONET31.0-IS68076026-v1.0,O*NET 31.0 Database (August 2026 Release)
REQ-R04-4.A.4.b.2,R04,QA & Test Automation Engineer,15-1253.00,Work Activities,4.A.4.b.2,Developing and Building Teams,"Encouraging and building mutual trust, respect, and cooperation among team members.",3.45,3.67,35,0.029382,0.7149,top_rank,developing and building teams|team building|provide support or encouragement to others|mentored team|onboarded new members|built the team|hiring,ONET31.0-IS68076026-v1.0,O*NET 31.0 Database (August 2026 Release)
REQ-R04-2.B.2.i,R04,QA & Test Automation Engineer,15-1253.00,Transferable Skills,2.B.2.i,Complex Problem Solving,Identifying complex problems and reviewing related information to develop and evaluate options and implement solutions.,3.38,3.12,36,0.028786,0.7149,domain_quota,complex problem solving|solved|resolved|troubleshooting complex issues|debugged|incident resolution|root cause|postmortem|problem solving,ONET31.0-IS68076026-v1.0,O*NET 31.0 Database (August 2026 Release)
REQ-R04-2.B.3.m,R04,QA & Test Automation Engineer,15-1253.00,Transferable Skills,2.B.3.m,Quality Control Analysis,"Conducting tests and inspections of products, services, or processes to evaluate quality or performance.",3.38,3.62,37,0.028786,0.7149,domain_quota,quality control analysis|quality assurance|qa|testing|test case|code review|inspection|defect analysis|validation|verification,ONET31.0-IS68076026-v1.0,O*NET 31.0 Database (August 2026 Release)
REQ-R04-4.A.4.a.1,R04,QA & Test Automation Engineer,15-1253.00,Work Activities,4.A.4.a.1,Interpreting the Meaning of Information for Others,Translating or explaining what information means and how it can be used.,3.32,3.64,38,0.028275,0.7149,top_rank,interpreting the meaning of information for others|explain technical details of products or services|explained|translated technical to business|briefed stakeholders|presented findings|explain regulations policies or procedures,ONET31.0-IS68076026-v1.0,O*NET 31.0 Database (August 2026 Release)
REQ-R04-2.C.4.a,R04,QA & Test Automation Engineer,15-1253.00,Knowledge,2.C.4.a,Mathematics,"Knowledge of arithmetic, algebra, geometry, calculus, statistics, and their applications.",3.29,4.24,39,0.028019,0.7149,domain_quota,mathematics|statistics|algebra|calculus|probability|statistical modeling|numerical analysis|quantitative,ONET31.0-IS68076026-v1.0,O*NET 31.0 Database (August 2026 Release)
REQ-R05-4.A.3.b.1,R05,UX/UI & Digital Product Designer,15-1255.00,Work Activities,4.A.3.b.1,Working with Computers,"Using computers and computer systems (including hardware and software) to program, write software, set up functions, enter data, or process information.",4.98,5.09,1,0.044298,0.8598,domain_quota,working with computers|program computer systems|implement security measures for computer or information systems|set up computer systems networks or other information systems|resolve computer problems|operate computer systems|process digital or online data|coding|deployment|configuration,ONET31.0-IS68076026-v1.0,O*NET 31.0 Database (August 2026 Release)
REQ-R05-4.A.1.a.1,R05,UX/UI & Digital Product Designer,15-1255.00,Work Activities,4.A.1.a.1,Getting Information,"Observing, receiving, and otherwise obtaining information from all relevant sources.",4.78,5.21,2,0.042519,0.8598,domain_quota,getting information|gathered information|collected data|research|investigated|read documents|gathered requirements|data collection|log collection,ONET31.0-IS68076026-v1.0,O*NET 31.0 Database (August 2026 Release)
REQ-R05-4.A.1.b.1,R05,UX/UI & Digital Product Designer,15-1255.00,Work Activities,4.A.1.b.1,"Identifying Objects, Actions, and Events","Identifying information by categorizing, estimating, recognizing differences or similarities, and detecting changes in circumstances or events.",4.53,4.57,3,0.040295,0.8598,domain_quota,identifying objects actions and events|identified issues|detected|recognized patterns|classified|identified opportunities|anomaly detection|event identification,ONET31.0-IS68076026-v1.0,O*NET 31.0 Database (August 2026 Release)
REQ-R05-4.A.2.b.1,R05,UX/UI & Digital Product Designer,15-1255.00,Work Activities,4.A.2.b.1,Making Decisions and Solving Problems,Analyzing information and evaluating results to choose the best solution and solve problems.,4.53,5.24,4,0.040295,0.8598,top_rank,making decisions and solving problems|decision making|problem solving|diagnose system or equipment problems|determined operational methods or procedures|resolved|selected,ONET31.0-IS68076026-v1.0,O*NET 31.0 Database (August 2026 Release)
REQ-R05-4.A.2.b.2,R05,UX/UI & Digital Product Designer,15-1255.00,Work Activities,4.A.2.b.2,Thinking Creatively,"Developing, designing, or creating new applications, ideas, relationships, systems, or products, including artistic contributions.",4.33,5.97,5,0.038516,0.8598,top_rank,thinking creatively|design computer or information systems or applications|design databases|designed|developed new approach|innovation|created solution|proposed design|prototyping,ONET31.0-IS68076026-v1.0,O*NET 31.0 Database (August 2026 Release)
REQ-R05-4.A.2.a.2,R05,UX/UI & Digital Product Designer,15-1255.00,Work Activities,4.A.2.a.2,Processing Information,"Compiling, coding, categorizing, calculating, tabulating, auditing, or verifying information or data.",4.26,5.18,6,0.037894,0.8598,top_rank,processing information|data processing|etl|data cleaning|compiled records|aggregated data|transformed data|reconciled data|validated data quality,ONET31.0-IS68076026-v1.0,O*NET 31.0 Database (August 2026 Release)
REQ-R05-4.A.2.a.4,R05,UX/UI & Digital Product Designer,15-1255.00,Work Activities,4.A.2.a.4,Analyzing Data or Information,"Identifying the underlying principles, reasons, or facts of information by breaking down information or data into separate parts.",4.11,4.91,7,0.036559,0.8598,top_rank,analyzing data or information|data analysis|analyzed|analytics|analyzed performance of systems or equipment|analyzed data to improve operations|statistical analysis|log analysis|reporting,ONET31.0-IS68076026-v1.0,O*NET 31.0 Database (August 2026 Release)
REQ-R05-4.A.4.a.1,R05,UX/UI & Digital Product Designer,15-1255.00,Work Activities,4.A.4.a.1,Interpreting the Meaning of Information for Others,Translating or explaining what information means and how it can be used.,4.09,4.0,8,0.036381,0.8598,top_rank,interpreting the meaning of information for others|explain technical details of products or services|explained|translated technical to business|briefed stakeholders|presented findings|explain regulations policies or procedures,ONET31.0-IS68076026-v1.0,O*NET 31.0 Database (August 2026 Release)
REQ-R05-4.A.2.b.6,R05,UX/UI & Digital Product Designer,15-1255.00,Work Activities,4.A.2.b.6,"Organizing, Planning, and Prioritizing Work","Developing specific goals and plans to prioritize, organize, and accomplish your work.",3.98,4.62,9,0.035403,0.8598,top_rank,organizing planning and prioritizing work|planning|prioritization|backlog grooming|work planning|organized tasks|sprint planning|project planning,ONET31.0-IS68076026-v1.0,O*NET 31.0 Database (August 2026 Release)
REQ-R05-2.C.3.a,R05,UX/UI & Digital Product Designer,15-1255.00,Knowledge,2.C.3.a,Computers and Electronics,"Knowledge of circuit boards, processors, chips, electronic equipment, and computer hardware and software, including applications and programming.",3.96,5.54,10,0.035225,0.8598,domain_quota,computers and electronics|computer systems|hardware|software|operating system|linux|windows|server|application|programming|computer science,ONET31.0-IS68076026-v1.0,O*NET 31.0 Database (August 2026 Release)
REQ-R05-2.C.7.a,R05,UX/UI & Digital Product Designer,15-1255.00,Knowledge,2.C.7.a,English Language,"Knowledge of the structure and content of the English language including the meaning and spelling of words, and rules of composition and grammar.",3.84,4.95,11,0.034158,0.8598,domain_quota,english language|english|technical english|business english|toeic|ielts|english proficiency|wrote in english|english communication,ONET31.0-IS68076026-v1.0,O*NET 31.0 Database (August 2026 Release)
REQ-R05-4.A.4.a.2,R05,UX/UI & Digital Product Designer,15-1255.00,Work Activities,4.A.4.a.2,"Communicating with Supervisors, Peers, or Subordinates","Providing information to supervisors, co-workers, and subordinates by telephone, in written form, e-mail, or in person.",3.79,4.24,12,0.033713,0.8598,top_rank,communicating with supervisors peers or subordinates|team communication|communicate with others about specifications or project details|reported to manager|stand-up|collaborated with team|internal communication,ONET31.0-IS68076026-v1.0,O*NET 31.0 Database (August 2026 Release)
REQ-R05-2.A.1.a,R05,UX/UI & Digital Product Designer,15-1255.00,Essential Skills,2.A.1.a,Reading Comprehension,Understanding written sentences and paragraphs in work-related documents.,3.75,3.75,14,0.033357,0.8598,domain_quota,reading comprehension|read documentation|technical documentation|specification|requirements document|read specs|rfc|reviewed documents|documentation review,ONET31.0-IS68076026-v1.0,O*NET 31.0 Database (August 2026 Release)
REQ-R05-4.A.2.b.3,R05,UX/UI & Digital Product Designer,15-1255.00,Work Activities,4.A.2.b.3,Updating and Using Relevant Knowledge,Keeping up-to-date technically and applying new knowledge to your job.,3.7,5.57,15,0.032912,0.8598,top_rank,updating and using relevant knowledge|maintain current knowledge in area of expertise|kept up to date|continuous learning|certification|training attended|research new technology,ONET31.0-IS68076026-v1.0,O*NET 31.0 Database (August 2026 Release)
REQ-R05-4.A.1.a.2,R05,UX/UI & Digital Product Designer,15-1255.00,Work Activities,4.A.1.a.2,"Monitoring Processes, Materials, or Surroundings","Monitoring and reviewing information from materials, events, or the environment, to detect or assess problems.",3.63,4.07,16,0.03229,0.8598,top_rank,monitoring processes|monitored operations|monitored systems|monitored equipment|observability|alerting|monitor operation of computer or information technologies|compliance monitoring,ONET31.0-IS68076026-v1.0,O*NET 31.0 Database (August 2026 Release)
REQ-R05-2.C.1.e,R05,UX/UI & Digital Product Designer,15-1255.00,Knowledge,2.C.1.e,Customer and Personal Service,"Knowledge of principles and processes for providing customer and personal services. This includes customer needs assessment, meeting quality standards for services, and evaluation of customer satisfaction.",3.57,4.36,19,0.031756,0.8598,domain_quota,customer and personal service|customer service|client support|service desk|user support|customer requirements|sla|stakeholder management|end-user,ONET31.0-IS68076026-v1.0,O*NET 31.0 Database (August 2026 Release)
REQ-R05-2.A.2.a,R05,UX/UI & Digital Product Designer,15-1255.00,Essential Skills,2.A.2.a,Critical Thinking,"Using logic and reasoning to identify the strengths and weaknesses of alternative solutions, conclusions, or approaches to problems.",3.5,3.5,22,0.031133,0.8598,domain_quota,critical thinking|root cause analysis|evaluated alternatives|trade-off analysis|assessed options|analytical reasoning|weighed pros and cons|design review,ONET31.0-IS68076026-v1.0,O*NET 31.0 Database (August 2026 Release)
REQ-R05-2.B.4.e,R05,UX/UI & Digital Product Designer,15-1255.00,Transferable Skills,2.B.4.e,Judgment and Decision Making,Considering the relative costs and benefits of potential actions to choose the most appropriate one.,3.5,3.38,23,0.031133,0.8598,domain_quota,judgment and decision making|decision making|prioritized|selected approach|made trade-offs|chose technology|approved|recommended,ONET31.0-IS68076026-v1.0,O*NET 31.0 Database (August 2026 Release)
REQ-R05-4.A.2.a.3,R05,UX/UI & Digital Product Designer,15-1255.00,Work Activities,4.A.2.a.3,Evaluating Information to Determine Compliance with Standards,"Using relevant information and individual judgment to determine whether events or processes comply with laws, regulations, or standards.",3.5,3.94,24,0.031133,0.8598,top_rank,evaluating information to determine compliance with standards|compliance check|audit|standards compliance|policy compliance|examined documentation for accuracy or compliance|conformance review,ONET31.0-IS68076026-v1.0,O*NET 31.0 Database (August 2026 Release)
REQ-R05-4.A.2.a.1,R05,UX/UI & Digital Product Designer,15-1255.00,Work Activities,4.A.2.a.1,"Judging the Qualities of Objects, Services, or People","Assessing the value, importance, or quality of things or people.",3.46,3.97,25,0.030777,0.8598,top_rank,judging the qualities|evaluated performance|assessed quality|vendor evaluation|evaluated the characteristics usefulness or performance of products or technologies|feasibility assessment|tool selection,ONET31.0-IS68076026-v1.0,O*NET 31.0 Database (August 2026 Release)
REQ-R05-2.A.1.b,R05,UX/UI & Digital Product Designer,15-1255.00,Essential Skills,2.A.1.b,Active Listening,"Giving full attention to what other people are saying, taking time to understand the points being made, asking questions as appropriate, and not interrupting at inappropriate times.",3.38,3.5,30,0.030066,0.8598,domain_quota,active listening|stakeholder interview|requirements gathering|gathered requirements|user interview|listened to stakeholders|elicitation|client meeting,ONET31.0-IS68076026-v1.0,O*NET 31.0 Database (August 2026 Release)
REQ-R05-2.A.2.b,R05,UX/UI & Digital Product Designer,15-1255.00,Essential Skills,2.A.2.b,Active Learning,Understanding the implications of new information for both current and future problem-solving and decision-making.,3.38,3.38,31,0.030066,0.8598,top_rank,active learning|self-taught|learned|upskilled|certification|completed course|continuous learning|kept up to date|new technology adoption,ONET31.0-IS68076026-v1.0,O*NET 31.0 Database (August 2026 Release)
REQ-R05-2.B.2.i,R05,UX/UI & Digital Product Designer,15-1255.00,Transferable Skills,2.B.2.i,Complex Problem Solving,Identifying complex problems and reviewing related information to develop and evaluate options and implement solutions.,3.38,3.5,32,0.030066,0.8598,domain_quota,complex problem solving|solved|resolved|troubleshooting complex issues|debugged|incident resolution|root cause|postmortem|problem solving,ONET31.0-IS68076026-v1.0,O*NET 31.0 Database (August 2026 Release)
REQ-R05-4.A.2.b.4,R05,UX/UI & Digital Product Designer,15-1255.00,Work Activities,4.A.2.b.4,Developing Objectives and Strategies,Establishing long-range objectives and specifying the strategies and actions to achieve them.,3.38,3.87,33,0.030066,0.8598,top_rank,developing objectives and strategies|roadmap|strategy|develop organizational policies systems or processes|defined objectives|technical strategy|okr|planning,ONET31.0-IS68076026-v1.0,O*NET 31.0 Database (August 2026 Release)
REQ-R05-4.A.4.a.3,R05,UX/UI & Digital Product Designer,15-1255.00,Work Activities,4.A.4.a.3,Communicating with People Outside the Organization,"Communicating with people outside the organization, representing the organization to customers, the public, government, and other external sources. This information can be exchanged in person, in writing, or by telephone or e-mail.",3.28,3.18,34,0.029176,0.8598,top_rank,communicating with people outside the organization|client communication|vendor communication|external stakeholders|provide information or assistance to the public|customer meeting,ONET31.0-IS68076026-v1.0,O*NET 31.0 Database (August 2026 Release)
REQ-R05-2.B.3.e,R05,UX/UI & Digital Product Designer,15-1255.00,Transferable Skills,2.B.3.e,Programming,Writing computer programs for various purposes.,3.25,2.62,37,0.028909,0.8598,domain_quota,programming|coding|software development|developed|implemented|wrote code|python|java|javascript|typescript|c#|go|sql|scripting|api development|refactored,ONET31.0-IS68076026-v1.0,O*NET 31.0 Database (August 2026 Release)
REQ-R05-4.A.3.b.6,R05,UX/UI & Digital Product Designer,15-1255.00,Work Activities,4.A.3.b.6,Documenting/Recording Information,"Entering, transcribing, recording, storing, or maintaining information in written or electronic/magnetic form.",3.19,4.2,38,0.028376,0.8598,top_rank,documenting recording information|documentation|document technical designs procedures or activities|prepare reports of operational or procedural activities|maintain operational records|wrote report|logged|recorded|runbook|ticket notes,ONET31.0-IS68076026-v1.0,O*NET 31.0 Database (August 2026 Release)
REQ-R05-4.A.4.a.4,R05,UX/UI & Digital Product Designer,15-1255.00,Work Activities,4.A.4.a.4,Establishing and Maintaining Interpersonal Relationships,"Developing constructive and cooperative working relationships with others, and maintaining them over time.",3.15,4.16,39,0.02802,0.8598,top_rank,establishing and maintaining interpersonal relationships|develop professional relationships or networks|built relationships|stakeholder relationship|networking|teamwork|cross-team collaboration,ONET31.0-IS68076026-v1.0,O*NET 31.0 Database (August 2026 Release)
REQ-R05-2.A.1.c,R05,UX/UI & Digital Product Designer,15-1255.00,Essential Skills,2.A.1.c,Writing,Communicating effectively in writing as appropriate for the needs of the audience.,3.12,3.5,42,0.027753,0.8598,top_rank,writing|technical writing|wrote documentation|authored|report writing|documented|runbook|user guide|published|white paper|readme,ONET31.0-IS68076026-v1.0,O*NET 31.0 Database (August 2026 Release)
REQ-R05-2.A.1.d,R05,UX/UI & Digital Product Designer,15-1255.00,Essential Skills,2.A.1.d,Speaking,Talking to others to convey information effectively.,3.12,3.38,43,0.027753,0.8598,top_rank,speaking|presented|presentation|demo|briefing|spoke at|public speaking|stand-up|knowledge sharing session|pitched,ONET31.0-IS68076026-v1.0,O*NET 31.0 Database (August 2026 Release)
REQ-R06-4.A.2.a.4,R06,Data Scientist,15-2051.00,Work Activities,4.A.2.a.4,Analyzing Data or Information,"Identifying the underlying principles, reasons, or facts of information by breaking down information or data into separate parts.",4.83,6.48,1,0.04147,0.9749,domain_quota,analyzing data or information|data analysis|analyzed|analytics|analyzed performance of systems or equipment|analyzed data to improve operations|statistical analysis|log analysis|reporting,ONET31.0-IS68076026-v1.0,O*NET 31.0 Database (August 2026 Release)
REQ-R06-4.A.3.b.1,R06,Data Scientist,15-2051.00,Work Activities,4.A.3.b.1,Working with Computers,"Using computers and computer systems (including hardware and software) to program, write software, set up functions, enter data, or process information.",4.75,4.92,2,0.040783,0.9749,domain_quota,working with computers|program computer systems|implement security measures for computer or information systems|set up computer systems networks or other information systems|resolve computer problems|operate computer systems|process digital or online data|coding|deployment|configuration,ONET31.0-IS68076026-v1.0,O*NET 31.0 Database (August 2026 Release)
REQ-R06-4.A.2.a.2,R06,Data Scientist,15-2051.00,Work Activities,4.A.2.a.2,Processing Information,"Compiling, coding, categorizing, calculating, tabulating, auditing, or verifying information or data.",4.71,6.32,3,0.04044,0.9749,domain_quota,processing information|data processing|etl|data cleaning|compiled records|aggregated data|transformed data|reconciled data|validated data quality,ONET31.0-IS68076026-v1.0,O*NET 31.0 Database (August 2026 Release)
REQ-R06-2.C.4.a,R06,Data Scientist,15-2051.00,Knowledge,2.C.4.a,Mathematics,"Knowledge of arithmetic, algebra, geometry, calculus, statistics, and their applications.",4.52,5.68,4,0.038808,0.9749,domain_quota,mathematics|statistics|algebra|calculus|probability|statistical modeling|numerical analysis|quantitative,ONET31.0-IS68076026-v1.0,O*NET 31.0 Database (August 2026 Release)
REQ-R06-4.A.4.a.1,R06,Data Scientist,15-2051.00,Work Activities,4.A.4.a.1,Interpreting the Meaning of Information for Others,Translating or explaining what information means and how it can be used.,4.48,5.52,5,0.038465,0.9749,top_rank,interpreting the meaning of information for others|explain technical details of products or services|explained|translated technical to business|briefed stakeholders|presented findings|explain regulations policies or procedures,ONET31.0-IS68076026-v1.0,O*NET 31.0 Database (August 2026 Release)
REQ-R06-2.A.1.e,R06,Data Scientist,15-2051.00,Essential Skills,2.A.1.e,Mathematics,Using mathematics to solve problems.,4.38,5.0,6,0.037606,0.9749,domain_quota,mathematics|applied mathematics|statistics|statistical|linear algebra|calculus|numerical methods|quantitative analysis|probability,ONET31.0-IS68076026-v1.0,O*NET 31.0 Database (August 2026 Release)
REQ-R06-4.A.1.a.1,R06,Data Scientist,15-2051.00,Work Activities,4.A.1.a.1,Getting Information,"Observing, receiving, and otherwise obtaining information from all relevant sources.",4.33,5.2,7,0.037177,0.9749,top_rank,getting information|gathered information|collected data|research|investigated|read documents|gathered requirements|data collection|log collection,ONET31.0-IS68076026-v1.0,O*NET 31.0 Database (August 2026 Release)
REQ-R06-4.A.2.b.1,R06,Data Scientist,15-2051.00,Work Activities,4.A.2.b.1,Making Decisions and Solving Problems,Analyzing information and evaluating results to choose the best solution and solve problems.,4.33,5.32,8,0.037177,0.9749,top_rank,making decisions and solving problems|decision making|problem solving|diagnose system or equipment problems|determined operational methods or procedures|resolved|selected,ONET31.0-IS68076026-v1.0,O*NET 31.0 Database (August 2026 Release)
REQ-R06-4.A.2.b.3,R06,Data Scientist,15-2051.00,Work Activities,4.A.2.b.3,Updating and Using Relevant Knowledge,Keeping up-to-date technically and applying new knowledge to your job.,4.33,6.04,9,0.037177,0.9749,top_rank,updating and using relevant knowledge|maintain current knowledge in area of expertise|kept up to date|continuous learning|certification|training attended|research new technology,ONET31.0-IS68076026-v1.0,O*NET 31.0 Database (August 2026 Release)
REQ-R06-2.A.2.a,R06,Data Scientist,15-2051.00,Essential Skills,2.A.2.a,Critical Thinking,"Using logic and reasoning to identify the strengths and weaknesses of alternative solutions, conclusions, or approaches to problems.",4.25,4.62,12,0.03649,0.9749,domain_quota,critical thinking|root cause analysis|evaluated alternatives|trade-off analysis|assessed options|analytical reasoning|weighed pros and cons|design review,ONET31.0-IS68076026-v1.0,O*NET 31.0 Database (August 2026 Release)
REQ-R06-2.C.3.a,R06,Data Scientist,15-2051.00,Knowledge,2.C.3.a,Computers and Electronics,"Knowledge of circuit boards, processors, chips, electronic equipment, and computer hardware and software, including applications and programming.",4.24,5.84,13,0.036404,0.9749,domain_quota,computers and electronics|computer systems|hardware|software|operating system|linux|windows|server|application|programming|computer science,ONET31.0-IS68076026-v1.0,O*NET 31.0 Database (August 2026 Release)
REQ-R06-4.A.4.a.2,R06,Data Scientist,15-2051.00,Work Activities,4.A.4.a.2,"Communicating with Supervisors, Peers, or Subordinates","Providing information to supervisors, co-workers, and subordinates by telephone, in written form, e-mail, or in person.",4.0,4.92,17,0.034344,0.9749,top_rank,communicating with supervisors peers or subordinates|team communication|communicate with others about specifications or project details|reported to manager|stand-up|collaborated with team|internal communication,ONET31.0-IS68076026-v1.0,O*NET 31.0 Database (August 2026 Release)
REQ-R06-2.A.1.a,R06,Data Scientist,15-2051.00,Essential Skills,2.A.1.a,Reading Comprehension,Understanding written sentences and paragraphs in work-related documents.,3.88,4.62,21,0.033313,0.9749,domain_quota,reading comprehension|read documentation|technical documentation|specification|requirements document|read specs|rfc|reviewed documents|documentation review,ONET31.0-IS68076026-v1.0,O*NET 31.0 Database (August 2026 Release)
REQ-R06-4.A.3.b.6,R06,Data Scientist,15-2051.00,Work Activities,4.A.3.b.6,Documenting/Recording Information,"Entering, transcribing, recording, storing, or maintaining information in written or electronic/magnetic form.",3.88,4.6,22,0.033313,0.9749,top_rank,documenting recording information|documentation|document technical designs procedures or activities|prepare reports of operational or procedural activities|maintain operational records|wrote report|logged|recorded|runbook|ticket notes,ONET31.0-IS68076026-v1.0,O*NET 31.0 Database (August 2026 Release)
REQ-R06-4.A.2.b.2,R06,Data Scientist,15-2051.00,Work Activities,4.A.2.b.2,Thinking Creatively,"Developing, designing, or creating new applications, ideas, relationships, systems, or products, including artistic contributions.",3.83,5.48,23,0.032884,0.9749,top_rank,thinking creatively|design computer or information systems or applications|design databases|designed|developed new approach|innovation|created solution|proposed design|prototyping,ONET31.0-IS68076026-v1.0,O*NET 31.0 Database (August 2026 Release)
REQ-R06-2.B.2.i,R06,Data Scientist,15-2051.00,Transferable Skills,2.B.2.i,Complex Problem Solving,Identifying complex problems and reviewing related information to develop and evaluate options and implement solutions.,3.75,4.12,26,0.032197,0.9749,domain_quota,complex problem solving|solved|resolved|troubleshooting complex issues|debugged|incident resolution|root cause|postmortem|problem solving,ONET31.0-IS68076026-v1.0,O*NET 31.0 Database (August 2026 Release)
REQ-R06-2.B.3.e,R06,Data Scientist,15-2051.00,Transferable Skills,2.B.3.e,Programming,Writing computer programs for various purposes.,3.75,3.88,27,0.032197,0.9749,domain_quota,programming|coding|software development|developed|implemented|wrote code|python|java|javascript|typescript|c#|go|sql|scripting|api development|refactored,ONET31.0-IS68076026-v1.0,O*NET 31.0 Database (August 2026 Release)
REQ-R06-4.A.1.b.1,R06,Data Scientist,15-2051.00,Work Activities,4.A.1.b.1,"Identifying Objects, Actions, and Events","Identifying information by categorizing, estimating, recognizing differences or similarities, and detecting changes in circumstances or events.",3.71,4.52,28,0.031854,0.9749,top_rank,identifying objects actions and events|identified issues|detected|recognized patterns|classified|identified opportunities|anomaly detection|event identification,ONET31.0-IS68076026-v1.0,O*NET 31.0 Database (August 2026 Release)
REQ-R06-2.A.1.d,R06,Data Scientist,15-2051.00,Essential Skills,2.A.1.d,Speaking,Talking to others to convey information effectively.,3.62,3.75,32,0.031081,0.9749,top_rank,speaking|presented|presentation|demo|briefing|spoke at|public speaking|stand-up|knowledge sharing session|pitched,ONET31.0-IS68076026-v1.0,O*NET 31.0 Database (August 2026 Release)
REQ-R06-2.A.2.b,R06,Data Scientist,15-2051.00,Essential Skills,2.A.2.b,Active Learning,Understanding the implications of new information for both current and future problem-solving and decision-making.,3.62,4.38,33,0.031081,0.9749,top_rank,active learning|self-taught|learned|upskilled|certification|completed course|continuous learning|kept up to date|new technology adoption,ONET31.0-IS68076026-v1.0,O*NET 31.0 Database (August 2026 Release)
REQ-R06-4.A.4.b.6,R06,Data Scientist,15-2051.00,Work Activities,4.A.4.b.6,Providing Consultation and Advice to Others,"Providing guidance and expert advice to management or other groups on technical, systems-, or process-related topics.",3.6,5.08,34,0.030909,0.9749,top_rank,providing consultation and advice to others|advise others on the design or use of technologies|advise others on business or operational matters|consulting|advised|technical consultation|recommendation to stakeholders,ONET31.0-IS68076026-v1.0,O*NET 31.0 Database (August 2026 Release)
REQ-R06-4.A.2.b.6,R06,Data Scientist,15-2051.00,Work Activities,4.A.2.b.6,"Organizing, Planning, and Prioritizing Work","Developing specific goals and plans to prioritize, organize, and accomplish your work.",3.54,4.8,35,0.030394,0.9749,top_rank,organizing planning and prioritizing work|planning|prioritization|backlog grooming|work planning|organized tasks|sprint planning|project planning,ONET31.0-IS68076026-v1.0,O*NET 31.0 Database (August 2026 Release)
REQ-R06-2.A.1.b,R06,Data Scientist,15-2051.00,Essential Skills,2.A.1.b,Active Listening,"Giving full attention to what other people are saying, taking time to understand the points being made, asking questions as appropriate, and not interrupting at inappropriate times.",3.5,3.75,37,0.030051,0.9749,top_rank,active listening|stakeholder interview|requirements gathering|gathered requirements|user interview|listened to stakeholders|elicitation|client meeting,ONET31.0-IS68076026-v1.0,O*NET 31.0 Database (August 2026 Release)
REQ-R06-2.A.1.c,R06,Data Scientist,15-2051.00,Essential Skills,2.A.1.c,Writing,Communicating effectively in writing as appropriate for the needs of the audience.,3.5,4.12,38,0.030051,0.9749,top_rank,writing|technical writing|wrote documentation|authored|report writing|documented|runbook|user guide|published|white paper|readme,ONET31.0-IS68076026-v1.0,O*NET 31.0 Database (August 2026 Release)
REQ-R06-2.B.4.e,R06,Data Scientist,15-2051.00,Transferable Skills,2.B.4.e,Judgment and Decision Making,Considering the relative costs and benefits of potential actions to choose the most appropriate one.,3.38,4.0,40,0.02902,0.9749,domain_quota,judgment and decision making|decision making|prioritized|selected approach|made trade-offs|chose technology|approved|recommended,ONET31.0-IS68076026-v1.0,O*NET 31.0 Database (August 2026 Release)
REQ-R06-2.A.2.d,R06,Data Scientist,15-2051.00,Essential Skills,2.A.2.d,Monitoring,"Monitoring/Assessing performance of yourself, other individuals, or organizations to make improvements or take corrective action.",3.25,3.62,43,0.027904,0.9749,top_rank,monitoring|monitored|observability|tracked performance|kpi tracking|dashboard monitoring|alerting|health check|performance monitoring,ONET31.0-IS68076026-v1.0,O*NET 31.0 Database (August 2026 Release)
REQ-R06-4.A.1.b.3,R06,Data Scientist,15-2051.00,Work Activities,4.A.1.b.3,"Estimating the Quantifiable Characteristics of Products, Events, or Information","Estimating sizes, distances, and quantities; or determining time, costs, resources, or materials needed to perform a work activity.",3.22,3.96,44,0.027647,0.9749,top_rank,estimating quantifiable characteristics|estimation|estimated effort|story points|sizing|cost estimation|capacity estimate|measured,ONET31.0-IS68076026-v1.0,O*NET 31.0 Database (August 2026 Release)
REQ-R06-4.A.2.b.4,R06,Data Scientist,15-2051.00,Work Activities,4.A.2.b.4,Developing Objectives and Strategies,Establishing long-range objectives and specifying the strategies and actions to achieve them.,3.21,3.64,45,0.027561,0.9749,top_rank,developing objectives and strategies|roadmap|strategy|develop organizational policies systems or processes|defined objectives|technical strategy|okr|planning,ONET31.0-IS68076026-v1.0,O*NET 31.0 Database (August 2026 Release)
REQ-R06-4.A.4.a.4,R06,Data Scientist,15-2051.00,Work Activities,4.A.4.a.4,Establishing and Maintaining Interpersonal Relationships,"Developing constructive and cooperative working relationships with others, and maintaining them over time.",3.08,4.08,47,0.026445,0.9749,top_rank,establishing and maintaining interpersonal relationships|develop professional relationships or networks|built relationships|stakeholder relationship|networking|teamwork|cross-team collaboration,ONET31.0-IS68076026-v1.0,O*NET 31.0 Database (August 2026 Release)
REQ-R06-2.C.7.a,R06,Data Scientist,15-2051.00,Knowledge,2.C.7.a,English Language,"Knowledge of the structure and content of the English language including the meaning and spelling of words, and rules of composition and grammar.",3.0,3.44,49,0.025758,0.9749,domain_quota,english language|english|technical english|business english|toeic|ielts|english proficiency|wrote in english|english communication,ONET31.0-IS68076026-v1.0,O*NET 31.0 Database (August 2026 Release)
REQ-R07-4.A.3.b.1,R07,Machine Learning / AI Engineer,15-1221.00,Work Activities,4.A.3.b.1,Working with Computers,"Using computers and computer systems (including hardware and software) to program, write software, set up functions, enter data, or process information.",4.97,6.0,1,0.040387,0.6573,domain_quota,working with computers|program computer systems|implement security measures for computer or information systems|set up computer systems networks or other information systems|resolve computer problems|operate computer systems|process digital or online data|coding|deployment|configuration,ONET31.0-IS68076026-v1.0,O*NET 31.0 Database (August 2026 Release)
REQ-R07-4.A.2.b.1,R07,Machine Learning / AI Engineer,15-1221.00,Work Activities,4.A.2.b.1,Making Decisions and Solving Problems,Analyzing information and evaluating results to choose the best solution and solve problems.,4.65,5.85,2,0.037786,0.6573,domain_quota,making decisions and solving problems|decision making|problem solving|diagnose system or equipment problems|determined operational methods or procedures|resolved|selected,ONET31.0-IS68076026-v1.0,O*NET 31.0 Database (August 2026 Release)
REQ-R07-4.A.1.a.1,R07,Machine Learning / AI Engineer,15-1221.00,Work Activities,4.A.1.a.1,Getting Information,"Observing, receiving, and otherwise obtaining information from all relevant sources.",4.62,5.37,3,0.037543,0.6573,domain_quota,getting information|gathered information|collected data|research|investigated|read documents|gathered requirements|data collection|log collection,ONET31.0-IS68076026-v1.0,O*NET 31.0 Database (August 2026 Release)
REQ-R07-2.C.3.a,R07,Machine Learning / AI Engineer,15-1221.00,Knowledge,2.C.3.a,Computers and Electronics,"Knowledge of circuit boards, processors, chips, electronic equipment, and computer hardware and software, including applications and programming.",4.57,6.11,4,0.037136,0.6573,domain_quota,computers and electronics|computer systems|hardware|software|operating system|linux|windows|server|application|programming|computer science,ONET31.0-IS68076026-v1.0,O*NET 31.0 Database (August 2026 Release)
REQ-R07-4.A.2.b.3,R07,Machine Learning / AI Engineer,15-1221.00,Work Activities,4.A.2.b.3,Updating and Using Relevant Knowledge,Keeping up-to-date technically and applying new knowledge to your job.,4.57,6.17,5,0.037136,0.6573,top_rank,updating and using relevant knowledge|maintain current knowledge in area of expertise|kept up to date|continuous learning|certification|training attended|research new technology,ONET31.0-IS68076026-v1.0,O*NET 31.0 Database (August 2026 Release)
REQ-R07-4.A.2.a.4,R07,Machine Learning / AI Engineer,15-1221.00,Work Activities,4.A.2.a.4,Analyzing Data or Information,"Identifying the underlying principles, reasons, or facts of information by breaking down information or data into separate parts.",4.56,6.03,6,0.037055,0.6573,top_rank,analyzing data or information|data analysis|analyzed|analytics|analyzed performance of systems or equipment|analyzed data to improve operations|statistical analysis|log analysis|reporting,ONET31.0-IS68076026-v1.0,O*NET 31.0 Database (August 2026 Release)
REQ-R07-4.A.2.b.2,R07,Machine Learning / AI Engineer,15-1221.00,Work Activities,4.A.2.b.2,Thinking Creatively,"Developing, designing, or creating new applications, ideas, relationships, systems, or products, including artistic contributions.",4.53,6.11,7,0.036811,0.6573,top_rank,thinking creatively|design computer or information systems or applications|design databases|designed|developed new approach|innovation|created solution|proposed design|prototyping,ONET31.0-IS68076026-v1.0,O*NET 31.0 Database (August 2026 Release)
REQ-R07-4.A.3.b.6,R07,Machine Learning / AI Engineer,15-1221.00,Work Activities,4.A.3.b.6,Documenting/Recording Information,"Entering, transcribing, recording, storing, or maintaining information in written or electronic/magnetic form.",4.37,5.08,8,0.035511,0.6573,top_rank,documenting recording information|documentation|document technical designs procedures or activities|prepare reports of operational or procedural activities|maintain operational records|wrote report|logged|recorded|runbook|ticket notes,ONET31.0-IS68076026-v1.0,O*NET 31.0 Database (August 2026 Release)
REQ-R07-4.A.2.a.2,R07,Machine Learning / AI Engineer,15-1221.00,Work Activities,4.A.2.a.2,Processing Information,"Compiling, coding, categorizing, calculating, tabulating, auditing, or verifying information or data.",4.32,6.29,9,0.035105,0.6573,top_rank,processing information|data processing|etl|data cleaning|compiled records|aggregated data|transformed data|reconciled data|validated data quality,ONET31.0-IS68076026-v1.0,O*NET 31.0 Database (August 2026 Release)
REQ-R07-4.A.1.b.1,R07,Machine Learning / AI Engineer,15-1221.00,Work Activities,4.A.1.b.1,"Identifying Objects, Actions, and Events","Identifying information by categorizing, estimating, recognizing differences or similarities, and detecting changes in circumstances or events.",4.31,5.62,10,0.035024,0.6573,top_rank,identifying objects actions and events|identified issues|detected|recognized patterns|classified|identified opportunities|anomaly detection|event identification,ONET31.0-IS68076026-v1.0,O*NET 31.0 Database (August 2026 Release)
REQ-R07-4.A.4.a.2,R07,Machine Learning / AI Engineer,15-1221.00,Work Activities,4.A.4.a.2,"Communicating with Supervisors, Peers, or Subordinates","Providing information to supervisors, co-workers, and subordinates by telephone, in written form, e-mail, or in person.",4.3,4.76,11,0.034942,0.6573,top_rank,communicating with supervisors peers or subordinates|team communication|communicate with others about specifications or project details|reported to manager|stand-up|collaborated with team|internal communication,ONET31.0-IS68076026-v1.0,O*NET 31.0 Database (August 2026 Release)
REQ-R07-4.A.4.a.1,R07,Machine Learning / AI Engineer,15-1221.00,Work Activities,4.A.4.a.1,Interpreting the Meaning of Information for Others,Translating or explaining what information means and how it can be used.,4.27,5.24,12,0.034699,0.6573,top_rank,interpreting the meaning of information for others|explain technical details of products or services|explained|translated technical to business|briefed stakeholders|presented findings|explain regulations policies or procedures,ONET31.0-IS68076026-v1.0,O*NET 31.0 Database (August 2026 Release)
REQ-R07-4.A.4.a.3,R07,Machine Learning / AI Engineer,15-1221.00,Work Activities,4.A.4.a.3,Communicating with People Outside the Organization,"Communicating with people outside the organization, representing the organization to customers, the public, government, and other external sources. This information can be exchanged in person, in writing, or by telephone or e-mail.",4.22,4.25,13,0.034292,0.6573,top_rank,communicating with people outside the organization|client communication|vendor communication|external stakeholders|provide information or assistance to the public|customer meeting,ONET31.0-IS68076026-v1.0,O*NET 31.0 Database (August 2026 Release)
REQ-R07-4.A.1.b.3,R07,Machine Learning / AI Engineer,15-1221.00,Work Activities,4.A.1.b.3,"Estimating the Quantifiable Characteristics of Products, Events, or Information","Estimating sizes, distances, and quantities; or determining time, costs, resources, or materials needed to perform a work activity.",4.2,4.7,14,0.03413,0.6573,top_rank,estimating quantifiable characteristics|estimation|estimated effort|story points|sizing|cost estimation|capacity estimate|measured,ONET31.0-IS68076026-v1.0,O*NET 31.0 Database (August 2026 Release)
REQ-R07-2.C.4.a,R07,Machine Learning / AI Engineer,15-1221.00,Knowledge,2.C.4.a,Mathematics,"Knowledge of arithmetic, algebra, geometry, calculus, statistics, and their applications.",4.06,5.43,17,0.032992,0.6573,domain_quota,mathematics|statistics|algebra|calculus|probability|statistical modeling|numerical analysis|quantitative,ONET31.0-IS68076026-v1.0,O*NET 31.0 Database (August 2026 Release)
REQ-R07-2.A.2.a,R07,Machine Learning / AI Engineer,15-1221.00,Essential Skills,2.A.2.a,Critical Thinking,"Using logic and reasoning to identify the strengths and weaknesses of alternative solutions, conclusions, or approaches to problems.",4.0,4.25,20,0.032504,0.6573,domain_quota,critical thinking|root cause analysis|evaluated alternatives|trade-off analysis|assessed options|analytical reasoning|weighed pros and cons|design review,ONET31.0-IS68076026-v1.0,O*NET 31.0 Database (August 2026 Release)
REQ-R07-2.B.2.i,R07,Machine Learning / AI Engineer,15-1221.00,Transferable Skills,2.B.2.i,Complex Problem Solving,Identifying complex problems and reviewing related information to develop and evaluate options and implement solutions.,4.0,4.38,21,0.032504,0.6573,domain_quota,complex problem solving|solved|resolved|troubleshooting complex issues|debugged|incident resolution|root cause|postmortem|problem solving,ONET31.0-IS68076026-v1.0,O*NET 31.0 Database (August 2026 Release)
REQ-R07-2.B.4.e,R07,Machine Learning / AI Engineer,15-1221.00,Transferable Skills,2.B.4.e,Judgment and Decision Making,Considering the relative costs and benefits of potential actions to choose the most appropriate one.,4.0,4.62,22,0.032504,0.6573,domain_quota,judgment and decision making|decision making|prioritized|selected approach|made trade-offs|chose technology|approved|recommended,ONET31.0-IS68076026-v1.0,O*NET 31.0 Database (August 2026 Release)
REQ-R07-2.C.3.b,R07,Machine Learning / AI Engineer,15-1221.00,Knowledge,2.C.3.b,Engineering and Technology,"Knowledge of the practical application of engineering science and technology. This includes applying principles, techniques, procedures, and equipment to the design and production of various goods and services.",3.95,4.84,23,0.032098,0.6573,domain_quota,engineering and technology|engineering|technical design|applied technology|system engineering|technology stack|technical architecture,ONET31.0-IS68076026-v1.0,O*NET 31.0 Database (August 2026 Release)
REQ-R07-2.C.7.a,R07,Machine Learning / AI Engineer,15-1221.00,Knowledge,2.C.7.a,English Language,"Knowledge of the structure and content of the English language including the meaning and spelling of words, and rules of composition and grammar.",3.89,4.47,24,0.031611,0.6573,top_rank,english language|english|technical english|business english|toeic|ielts|english proficiency|wrote in english|english communication,ONET31.0-IS68076026-v1.0,O*NET 31.0 Database (August 2026 Release)
REQ-R07-2.A.1.a,R07,Machine Learning / AI Engineer,15-1221.00,Essential Skills,2.A.1.a,Reading Comprehension,Understanding written sentences and paragraphs in work-related documents.,3.75,4.5,32,0.030473,0.6573,domain_quota,reading comprehension|read documentation|technical documentation|specification|requirements document|read specs|rfc|reviewed documents|documentation review,ONET31.0-IS68076026-v1.0,O*NET 31.0 Database (August 2026 Release)
REQ-R07-2.A.1.b,R07,Machine Learning / AI Engineer,15-1221.00,Essential Skills,2.A.1.b,Active Listening,"Giving full attention to what other people are saying, taking time to understand the points being made, asking questions as appropriate, and not interrupting at inappropriate times.",3.75,4.12,33,0.030473,0.6573,domain_quota,active listening|stakeholder interview|requirements gathering|gathered requirements|user interview|listened to stakeholders|elicitation|client meeting,ONET31.0-IS68076026-v1.0,O*NET 31.0 Database (August 2026 Release)
REQ-R07-2.B.4.g,R07,Machine Learning / AI Engineer,15-1221.00,Transferable Skills,2.B.4.g,Systems Analysis,"Determining how a system should work and how changes in conditions, operations, and the environment will affect outcomes.",3.75,4.38,34,0.030473,0.6573,domain_quota,systems analysis|system analysis|analyzed system|impact analysis|data flow|process modeling|how the system works|dependency analysis,ONET31.0-IS68076026-v1.0,O*NET 31.0 Database (August 2026 Release)
REQ-R07-4.A.4.a.4,R07,Machine Learning / AI Engineer,15-1221.00,Work Activities,4.A.4.a.4,Establishing and Maintaining Interpersonal Relationships,"Developing constructive and cooperative working relationships with others, and maintaining them over time.",3.75,4.65,35,0.030473,0.6573,top_rank,establishing and maintaining interpersonal relationships|develop professional relationships or networks|built relationships|stakeholder relationship|networking|teamwork|cross-team collaboration,ONET31.0-IS68076026-v1.0,O*NET 31.0 Database (August 2026 Release)
REQ-R07-4.A.2.b.4,R07,Machine Learning / AI Engineer,15-1221.00,Work Activities,4.A.2.b.4,Developing Objectives and Strategies,Establishing long-range objectives and specifying the strategies and actions to achieve them.,3.71,4.06,36,0.030148,0.6573,top_rank,developing objectives and strategies|roadmap|strategy|develop organizational policies systems or processes|defined objectives|technical strategy|okr|planning,ONET31.0-IS68076026-v1.0,O*NET 31.0 Database (August 2026 Release)
REQ-R07-4.A.2.b.6,R07,Machine Learning / AI Engineer,15-1221.00,Work Activities,4.A.2.b.6,"Organizing, Planning, and Prioritizing Work","Developing specific goals and plans to prioritize, organize, and accomplish your work.",3.67,4.73,37,0.029823,0.6573,top_rank,organizing planning and prioritizing work|planning|prioritization|backlog grooming|work planning|organized tasks|sprint planning|project planning,ONET31.0-IS68076026-v1.0,O*NET 31.0 Database (August 2026 Release)
REQ-R07-2.B.3.e,R07,Machine Learning / AI Engineer,15-1221.00,Transferable Skills,2.B.3.e,Programming,Writing computer programs for various purposes.,3.62,4.5,39,0.029417,0.6573,top_rank,programming|coding|software development|developed|implemented|wrote code|python|java|javascript|typescript|c#|go|sql|scripting|api development|refactored,ONET31.0-IS68076026-v1.0,O*NET 31.0 Database (August 2026 Release)
REQ-R07-2.B.4.h,R07,Machine Learning / AI Engineer,15-1221.00,Transferable Skills,2.B.4.h,Systems Evaluation,"Identifying measures or indicators of system performance and the actions needed to improve or correct performance, relative to the goals of the system.",3.62,4.88,40,0.029417,0.6573,top_rank,systems evaluation|performance evaluation|benchmarking|measured system performance|capacity assessment|evaluated system|slo|sla review,ONET31.0-IS68076026-v1.0,O*NET 31.0 Database (August 2026 Release)
REQ-R07-4.A.2.a.1,R07,Machine Learning / AI Engineer,15-1221.00,Work Activities,4.A.2.a.1,"Judging the Qualities of Objects, Services, or People","Assessing the value, importance, or quality of things or people.",3.54,4.57,41,0.028766,0.6573,top_rank,judging the qualities|evaluated performance|assessed quality|vendor evaluation|evaluated the characteristics usefulness or performance of products or technologies|feasibility assessment|tool selection,ONET31.0-IS68076026-v1.0,O*NET 31.0 Database (August 2026 Release)
REQ-R07-4.A.2.a.3,R07,Machine Learning / AI Engineer,15-1221.00,Work Activities,4.A.2.a.3,Evaluating Information to Determine Compliance with Standards,"Using relevant information and individual judgment to determine whether events or processes comply with laws, regulations, or standards.",3.54,4.41,42,0.028766,0.6573,top_rank,evaluating information to determine compliance with standards|compliance check|audit|standards compliance|policy compliance|examined documentation for accuracy or compliance|conformance review,ONET31.0-IS68076026-v1.0,O*NET 31.0 Database (August 2026 Release)
REQ-R08-4.A.3.b.1,R08,Data Engineer,15-1243.00,Work Activities,4.A.3.b.1,Working with Computers,"Using computers and computer systems (including hardware and software) to program, write software, set up functions, enter data, or process information.",4.76,5.9,1,0.040549,0.6543,domain_quota,working with computers|program computer systems|implement security measures for computer or information systems|set up computer systems networks or other information systems|resolve computer problems|operate computer systems|process digital or online data|coding|deployment|configuration,ONET31.0-IS68076026-v1.0,O*NET 31.0 Database (August 2026 Release)
REQ-R08-4.A.2.a.4,R08,Data Engineer,15-1243.00,Work Activities,4.A.2.a.4,Analyzing Data or Information,"Identifying the underlying principles, reasons, or facts of information by breaking down information or data into separate parts.",4.62,5.65,2,0.039356,0.6543,domain_quota,analyzing data or information|data analysis|analyzed|analytics|analyzed performance of systems or equipment|analyzed data to improve operations|statistical analysis|log analysis|reporting,ONET31.0-IS68076026-v1.0,O*NET 31.0 Database (August 2026 Release)
REQ-R08-4.A.1.a.1,R08,Data Engineer,15-1243.00,Work Activities,4.A.1.a.1,Getting Information,"Observing, receiving, and otherwise obtaining information from all relevant sources.",4.38,5.14,3,0.037312,0.6543,domain_quota,getting information|gathered information|collected data|research|investigated|read documents|gathered requirements|data collection|log collection,ONET31.0-IS68076026-v1.0,O*NET 31.0 Database (August 2026 Release)
REQ-R08-4.A.2.a.2,R08,Data Engineer,15-1243.00,Work Activities,4.A.2.a.2,Processing Information,"Compiling, coding, categorizing, calculating, tabulating, auditing, or verifying information or data.",4.38,5.81,4,0.037312,0.6543,top_rank,processing information|data processing|etl|data cleaning|compiled records|aggregated data|transformed data|reconciled data|validated data quality,ONET31.0-IS68076026-v1.0,O*NET 31.0 Database (August 2026 Release)
REQ-R08-2.C.3.a,R08,Data Engineer,15-1243.00,Knowledge,2.C.3.a,Computers and Electronics,"Knowledge of circuit boards, processors, chips, electronic equipment, and computer hardware and software, including applications and programming.",4.3,6.0,5,0.03663,0.6543,domain_quota,computers and electronics|computer systems|hardware|software|operating system|linux|windows|server|application|programming|computer science,ONET31.0-IS68076026-v1.0,O*NET 31.0 Database (August 2026 Release)
REQ-R08-4.A.2.b.1,R08,Data Engineer,15-1243.00,Work Activities,4.A.2.b.1,Making Decisions and Solving Problems,Analyzing information and evaluating results to choose the best solution and solve problems.,4.29,5.25,6,0.036545,0.6543,top_rank,making decisions and solving problems|decision making|problem solving|diagnose system or equipment problems|determined operational methods or procedures|resolved|selected,ONET31.0-IS68076026-v1.0,O*NET 31.0 Database (August 2026 Release)
REQ-R08-4.A.2.b.3,R08,Data Engineer,15-1243.00,Work Activities,4.A.2.b.3,Updating and Using Relevant Knowledge,Keeping up-to-date technically and applying new knowledge to your job.,4.24,5.8,7,0.036119,0.6543,top_rank,updating and using relevant knowledge|maintain current knowledge in area of expertise|kept up to date|continuous learning|certification|training attended|research new technology,ONET31.0-IS68076026-v1.0,O*NET 31.0 Database (August 2026 Release)
REQ-R08-4.A.4.a.2,R08,Data Engineer,15-1243.00,Work Activities,4.A.4.a.2,"Communicating with Supervisors, Peers, or Subordinates","Providing information to supervisors, co-workers, and subordinates by telephone, in written form, e-mail, or in person.",4.15,5.19,8,0.035352,0.6543,top_rank,communicating with supervisors peers or subordinates|team communication|communicate with others about specifications or project details|reported to manager|stand-up|collaborated with team|internal communication,ONET31.0-IS68076026-v1.0,O*NET 31.0 Database (August 2026 Release)
REQ-R08-4.A.1.b.1,R08,Data Engineer,15-1243.00,Work Activities,4.A.1.b.1,"Identifying Objects, Actions, and Events","Identifying information by categorizing, estimating, recognizing differences or similarities, and detecting changes in circumstances or events.",4.1,5.3,9,0.034926,0.6543,top_rank,identifying objects actions and events|identified issues|detected|recognized patterns|classified|identified opportunities|anomaly detection|event identification,ONET31.0-IS68076026-v1.0,O*NET 31.0 Database (August 2026 Release)
REQ-R08-2.C.3.b,R08,Data Engineer,15-1243.00,Knowledge,2.C.3.b,Engineering and Technology,"Knowledge of the practical application of engineering science and technology. This includes applying principles, techniques, procedures, and equipment to the design and production of various goods and services.",3.95,5.19,10,0.033649,0.6543,domain_quota,engineering and technology|engineering|technical design|applied technology|system engineering|technology stack|technical architecture,ONET31.0-IS68076026-v1.0,O*NET 31.0 Database (August 2026 Release)
REQ-R08-4.A.1.b.3,R08,Data Engineer,15-1243.00,Work Activities,4.A.1.b.3,"Estimating the Quantifiable Characteristics of Products, Events, or Information","Estimating sizes, distances, and quantities; or determining time, costs, resources, or materials needed to perform a work activity.",3.9,4.15,11,0.033223,0.6543,top_rank,estimating quantifiable characteristics|estimation|estimated effort|story points|sizing|cost estimation|capacity estimate|measured,ONET31.0-IS68076026-v1.0,O*NET 31.0 Database (August 2026 Release)
REQ-R08-4.A.2.a.3,R08,Data Engineer,15-1243.00,Work Activities,4.A.2.a.3,Evaluating Information to Determine Compliance with Standards,"Using relevant information and individual judgment to determine whether events or processes comply with laws, regulations, or standards.",3.9,4.57,12,0.033223,0.6543,top_rank,evaluating information to determine compliance with standards|compliance check|audit|standards compliance|policy compliance|examined documentation for accuracy or compliance|conformance review,ONET31.0-IS68076026-v1.0,O*NET 31.0 Database (August 2026 Release)
REQ-R08-4.A.2.b.2,R08,Data Engineer,15-1243.00,Work Activities,4.A.2.b.2,Thinking Creatively,"Developing, designing, or creating new applications, ideas, relationships, systems, or products, including artistic contributions.",3.9,5.47,13,0.033223,0.6543,top_rank,thinking creatively|design computer or information systems or applications|design databases|designed|developed new approach|innovation|created solution|proposed design|prototyping,ONET31.0-IS68076026-v1.0,O*NET 31.0 Database (August 2026 Release)
REQ-R08-2.A.1.a,R08,Data Engineer,15-1243.00,Essential Skills,2.A.1.a,Reading Comprehension,Understanding written sentences and paragraphs in work-related documents.,3.88,4.12,17,0.033052,0.6543,domain_quota,reading comprehension|read documentation|technical documentation|specification|requirements document|read specs|rfc|reviewed documents|documentation review,ONET31.0-IS68076026-v1.0,O*NET 31.0 Database (August 2026 Release)
REQ-R08-2.A.2.a,R08,Data Engineer,15-1243.00,Essential Skills,2.A.2.a,Critical Thinking,"Using logic and reasoning to identify the strengths and weaknesses of alternative solutions, conclusions, or approaches to problems.",3.88,3.88,18,0.033052,0.6543,domain_quota,critical thinking|root cause analysis|evaluated alternatives|trade-off analysis|assessed options|analytical reasoning|weighed pros and cons|design review,ONET31.0-IS68076026-v1.0,O*NET 31.0 Database (August 2026 Release)
REQ-R08-2.B.2.i,R08,Data Engineer,15-1243.00,Transferable Skills,2.B.2.i,Complex Problem Solving,Identifying complex problems and reviewing related information to develop and evaluate options and implement solutions.,3.88,4.0,19,0.033052,0.6543,domain_quota,complex problem solving|solved|resolved|troubleshooting complex issues|debugged|incident resolution|root cause|postmortem|problem solving,ONET31.0-IS68076026-v1.0,O*NET 31.0 Database (August 2026 Release)
REQ-R08-2.B.4.e,R08,Data Engineer,15-1243.00,Transferable Skills,2.B.4.e,Judgment and Decision Making,Considering the relative costs and benefits of potential actions to choose the most appropriate one.,3.88,3.88,20,0.033052,0.6543,domain_quota,judgment and decision making|decision making|prioritized|selected approach|made trade-offs|chose technology|approved|recommended,ONET31.0-IS68076026-v1.0,O*NET 31.0 Database (August 2026 Release)
REQ-R08-4.A.3.b.6,R08,Data Engineer,15-1243.00,Work Activities,4.A.3.b.6,Documenting/Recording Information,"Entering, transcribing, recording, storing, or maintaining information in written or electronic/magnetic form.",3.86,5.1,21,0.032882,0.6543,top_rank,documenting recording information|documentation|document technical designs procedures or activities|prepare reports of operational or procedural activities|maintain operational records|wrote report|logged|recorded|runbook|ticket notes,ONET31.0-IS68076026-v1.0,O*NET 31.0 Database (August 2026 Release)
REQ-R08-4.A.2.b.4,R08,Data Engineer,15-1243.00,Work Activities,4.A.2.b.4,Developing Objectives and Strategies,Establishing long-range objectives and specifying the strategies and actions to achieve them.,3.8,4.42,22,0.032371,0.6543,top_rank,developing objectives and strategies|roadmap|strategy|develop organizational policies systems or processes|defined objectives|technical strategy|okr|planning,ONET31.0-IS68076026-v1.0,O*NET 31.0 Database (August 2026 Release)
REQ-R08-2.B.4.g,R08,Data Engineer,15-1243.00,Transferable Skills,2.B.4.g,Systems Analysis,"Determining how a system should work and how changes in conditions, operations, and the environment will affect outcomes.",3.75,3.75,27,0.031945,0.6543,domain_quota,systems analysis|system analysis|analyzed system|impact analysis|data flow|process modeling|how the system works|dependency analysis,ONET31.0-IS68076026-v1.0,O*NET 31.0 Database (August 2026 Release)
REQ-R08-2.C.3.c,R08,Data Engineer,15-1243.00,Knowledge,2.C.3.c,Design,"Knowledge of design techniques, tools, and principles involved in production of precision technical plans, blueprints, drawings, and models.",3.71,4.67,28,0.031604,0.6543,domain_quota,design|ui design|ux design|interface design|design principles|wireframe|prototype|figma|blueprint|technical drawing,ONET31.0-IS68076026-v1.0,O*NET 31.0 Database (August 2026 Release)
REQ-R08-4.A.2.b.6,R08,Data Engineer,15-1243.00,Work Activities,4.A.2.b.6,"Organizing, Planning, and Prioritizing Work","Developing specific goals and plans to prioritize, organize, and accomplish your work.",3.71,5.1,29,0.031604,0.6543,top_rank,organizing planning and prioritizing work|planning|prioritization|backlog grooming|work planning|organized tasks|sprint planning|project planning,ONET31.0-IS68076026-v1.0,O*NET 31.0 Database (August 2026 Release)
REQ-R08-2.C.4.a,R08,Data Engineer,15-1243.00,Knowledge,2.C.4.a,Mathematics,"Knowledge of arithmetic, algebra, geometry, calculus, statistics, and their applications.",3.67,4.81,30,0.031263,0.6543,top_rank,mathematics|statistics|algebra|calculus|probability|statistical modeling|numerical analysis|quantitative,ONET31.0-IS68076026-v1.0,O*NET 31.0 Database (August 2026 Release)
REQ-R08-4.A.4.b.6,R08,Data Engineer,15-1243.00,Work Activities,4.A.4.b.6,Providing Consultation and Advice to Others,"Providing guidance and expert advice to management or other groups on technical, systems-, or process-related topics.",3.57,4.95,33,0.030411,0.6543,top_rank,providing consultation and advice to others|advise others on the design or use of technologies|advise others on business or operational matters|consulting|advised|technical consultation|recommendation to stakeholders,ONET31.0-IS68076026-v1.0,O*NET 31.0 Database (August 2026 Release)
REQ-R08-4.A.1.a.2,R08,Data Engineer,15-1243.00,Work Activities,4.A.1.a.2,"Monitoring Processes, Materials, or Surroundings","Monitoring and reviewing information from materials, events, or the environment, to detect or assess problems.",3.55,5.05,34,0.030241,0.6543,top_rank,monitoring processes|monitored operations|monitored systems|monitored equipment|observability|alerting|monitor operation of computer or information technologies|compliance monitoring,ONET31.0-IS68076026-v1.0,O*NET 31.0 Database (August 2026 Release)
REQ-R08-4.A.4.a.1,R08,Data Engineer,15-1243.00,Work Activities,4.A.4.a.1,Interpreting the Meaning of Information for Others,Translating or explaining what information means and how it can be used.,3.52,4.3,35,0.029986,0.6543,top_rank,interpreting the meaning of information for others|explain technical details of products or services|explained|translated technical to business|briefed stakeholders|presented findings|explain regulations policies or procedures,ONET31.0-IS68076026-v1.0,O*NET 31.0 Database (August 2026 Release)
REQ-R08-2.A.1.b,R08,Data Engineer,15-1243.00,Essential Skills,2.A.1.b,Active Listening,"Giving full attention to what other people are saying, taking time to understand the points being made, asking questions as appropriate, and not interrupting at inappropriate times.",3.5,3.75,36,0.029815,0.6543,domain_quota,active listening|stakeholder interview|requirements gathering|gathered requirements|user interview|listened to stakeholders|elicitation|client meeting,ONET31.0-IS68076026-v1.0,O*NET 31.0 Database (August 2026 Release)
REQ-R08-2.A.1.d,R08,Data Engineer,15-1243.00,Essential Skills,2.A.1.d,Speaking,Talking to others to convey information effectively.,3.5,3.88,37,0.029815,0.6543,top_rank,speaking|presented|presentation|demo|briefing|spoke at|public speaking|stand-up|knowledge sharing session|pitched,ONET31.0-IS68076026-v1.0,O*NET 31.0 Database (August 2026 Release)
REQ-R08-4.A.4.a.4,R08,Data Engineer,15-1243.00,Work Activities,4.A.4.a.4,Establishing and Maintaining Interpersonal Relationships,"Developing constructive and cooperative working relationships with others, and maintaining them over time.",3.48,4.76,38,0.029645,0.6543,top_rank,establishing and maintaining interpersonal relationships|develop professional relationships or networks|built relationships|stakeholder relationship|networking|teamwork|cross-team collaboration,ONET31.0-IS68076026-v1.0,O*NET 31.0 Database (August 2026 Release)
REQ-R08-2.B.3.e,R08,Data Engineer,15-1243.00,Transferable Skills,2.B.3.e,Programming,Writing computer programs for various purposes.,3.38,4.12,40,0.028793,0.6543,top_rank,programming|coding|software development|developed|implemented|wrote code|python|java|javascript|typescript|c#|go|sql|scripting|api development|refactored,ONET31.0-IS68076026-v1.0,O*NET 31.0 Database (August 2026 Release)
REQ-R09-4.A.2.a.4,R09,Data / BI Analyst,15-2051.01,Work Activities,4.A.2.a.4,Analyzing Data or Information,"Identifying the underlying principles, reasons, or facts of information by breaking down information or data into separate parts.",4.73,6.09,1,0.040846,0.7915,domain_quota,analyzing data or information|data analysis|analyzed|analytics|analyzed performance of systems or equipment|analyzed data to improve operations|statistical analysis|log analysis|reporting,ONET31.0-IS68076026-v1.0,O*NET 31.0 Database (August 2026 Release)
REQ-R09-4.A.3.b.1,R09,Data / BI Analyst,15-2051.01,Work Activities,4.A.3.b.1,Working with Computers,"Using computers and computer systems (including hardware and software) to program, write software, set up functions, enter data, or process information.",4.68,4.86,2,0.040415,0.7915,domain_quota,working with computers|program computer systems|implement security measures for computer or information systems|set up computer systems networks or other information systems|resolve computer problems|operate computer systems|process digital or online data|coding|deployment|configuration,ONET31.0-IS68076026-v1.0,O*NET 31.0 Database (August 2026 Release)
REQ-R09-4.A.2.a.2,R09,Data / BI Analyst,15-2051.01,Work Activities,4.A.2.a.2,Processing Information,"Compiling, coding, categorizing, calculating, tabulating, auditing, or verifying information or data.",4.64,5.73,3,0.040069,0.7915,domain_quota,processing information|data processing|etl|data cleaning|compiled records|aggregated data|transformed data|reconciled data|validated data quality,ONET31.0-IS68076026-v1.0,O*NET 31.0 Database (August 2026 Release)
REQ-R09-4.A.4.a.1,R09,Data / BI Analyst,15-2051.01,Work Activities,4.A.4.a.1,Interpreting the Meaning of Information for Others,Translating or explaining what information means and how it can be used.,4.55,5.36,4,0.039292,0.7915,top_rank,interpreting the meaning of information for others|explain technical details of products or services|explained|translated technical to business|briefed stakeholders|presented findings|explain regulations policies or procedures,ONET31.0-IS68076026-v1.0,O*NET 31.0 Database (August 2026 Release)
REQ-R09-4.A.1.a.1,R09,Data / BI Analyst,15-2051.01,Work Activities,4.A.1.a.1,Getting Information,"Observing, receiving, and otherwise obtaining information from all relevant sources.",4.5,5.41,5,0.03886,0.7915,top_rank,getting information|gathered information|collected data|research|investigated|read documents|gathered requirements|data collection|log collection,ONET31.0-IS68076026-v1.0,O*NET 31.0 Database (August 2026 Release)
REQ-R09-2.C.3.a,R09,Data / BI Analyst,15-2051.01,Knowledge,2.C.3.a,Computers and Electronics,"Knowledge of circuit boards, processors, chips, electronic equipment, and computer hardware and software, including applications and programming.",4.29,5.41,6,0.037047,0.7915,domain_quota,computers and electronics|computer systems|hardware|software|operating system|linux|windows|server|application|programming|computer science,ONET31.0-IS68076026-v1.0,O*NET 31.0 Database (August 2026 Release)
REQ-R09-4.A.4.a.2,R09,Data / BI Analyst,15-2051.01,Work Activities,4.A.4.a.2,"Communicating with Supervisors, Peers, or Subordinates","Providing information to supervisors, co-workers, and subordinates by telephone, in written form, e-mail, or in person.",4.23,5.23,7,0.036528,0.7915,top_rank,communicating with supervisors peers or subordinates|team communication|communicate with others about specifications or project details|reported to manager|stand-up|collaborated with team|internal communication,ONET31.0-IS68076026-v1.0,O*NET 31.0 Database (August 2026 Release)
REQ-R09-4.A.2.b.3,R09,Data / BI Analyst,15-2051.01,Work Activities,4.A.2.b.3,Updating and Using Relevant Knowledge,Keeping up-to-date technically and applying new knowledge to your job.,4.05,5.36,8,0.034974,0.7915,top_rank,updating and using relevant knowledge|maintain current knowledge in area of expertise|kept up to date|continuous learning|certification|training attended|research new technology,ONET31.0-IS68076026-v1.0,O*NET 31.0 Database (August 2026 Release)
REQ-R09-2.A.1.a,R09,Data / BI Analyst,15-2051.01,Essential Skills,2.A.1.a,Reading Comprehension,Understanding written sentences and paragraphs in work-related documents.,4.0,4.25,14,0.034542,0.7915,domain_quota,reading comprehension|read documentation|technical documentation|specification|requirements document|read specs|rfc|reviewed documents|documentation review,ONET31.0-IS68076026-v1.0,O*NET 31.0 Database (August 2026 Release)
REQ-R09-4.A.2.b.6,R09,Data / BI Analyst,15-2051.01,Work Activities,4.A.2.b.6,"Organizing, Planning, and Prioritizing Work","Developing specific goals and plans to prioritize, organize, and accomplish your work.",3.95,4.82,15,0.034111,0.7915,top_rank,organizing planning and prioritizing work|planning|prioritization|backlog grooming|work planning|organized tasks|sprint planning|project planning,ONET31.0-IS68076026-v1.0,O*NET 31.0 Database (August 2026 Release)
REQ-R09-4.A.1.b.1,R09,Data / BI Analyst,15-2051.01,Work Activities,4.A.1.b.1,"Identifying Objects, Actions, and Events","Identifying information by categorizing, estimating, recognizing differences or similarities, and detecting changes in circumstances or events.",3.91,4.73,16,0.033765,0.7915,top_rank,identifying objects actions and events|identified issues|detected|recognized patterns|classified|identified opportunities|anomaly detection|event identification,ONET31.0-IS68076026-v1.0,O*NET 31.0 Database (August 2026 Release)
REQ-R09-2.A.1.b,R09,Data / BI Analyst,15-2051.01,Essential Skills,2.A.1.b,Active Listening,"Giving full attention to what other people are saying, taking time to understand the points being made, asking questions as appropriate, and not interrupting at inappropriate times.",3.88,4.0,17,0.033506,0.7915,domain_quota,active listening|stakeholder interview|requirements gathering|gathered requirements|user interview|listened to stakeholders|elicitation|client meeting,ONET31.0-IS68076026-v1.0,O*NET 31.0 Database (August 2026 Release)
REQ-R09-2.A.1.d,R09,Data / BI Analyst,15-2051.01,Essential Skills,2.A.1.d,Speaking,Talking to others to convey information effectively.,3.88,4.0,18,0.033506,0.7915,domain_quota,speaking|presented|presentation|demo|briefing|spoke at|public speaking|stand-up|knowledge sharing session|pitched,ONET31.0-IS68076026-v1.0,O*NET 31.0 Database (August 2026 Release)
REQ-R09-2.A.2.a,R09,Data / BI Analyst,15-2051.01,Essential Skills,2.A.2.a,Critical Thinking,"Using logic and reasoning to identify the strengths and weaknesses of alternative solutions, conclusions, or approaches to problems.",3.88,4.25,19,0.033506,0.7915,top_rank,critical thinking|root cause analysis|evaluated alternatives|trade-off analysis|assessed options|analytical reasoning|weighed pros and cons|design review,ONET31.0-IS68076026-v1.0,O*NET 31.0 Database (August 2026 Release)
REQ-R09-2.A.2.b,R09,Data / BI Analyst,15-2051.01,Essential Skills,2.A.2.b,Active Learning,Understanding the implications of new information for both current and future problem-solving and decision-making.,3.88,4.12,20,0.033506,0.7915,top_rank,active learning|self-taught|learned|upskilled|certification|completed course|continuous learning|kept up to date|new technology adoption,ONET31.0-IS68076026-v1.0,O*NET 31.0 Database (August 2026 Release)
REQ-R09-2.C.4.a,R09,Data / BI Analyst,15-2051.01,Knowledge,2.C.4.a,Mathematics,"Knowledge of arithmetic, algebra, geometry, calculus, statistics, and their applications.",3.82,4.67,21,0.032988,0.7915,domain_quota,mathematics|statistics|algebra|calculus|probability|statistical modeling|numerical analysis|quantitative,ONET31.0-IS68076026-v1.0,O*NET 31.0 Database (August 2026 Release)
REQ-R09-4.A.2.b.1,R09,Data / BI Analyst,15-2051.01,Work Activities,4.A.2.b.1,Making Decisions and Solving Problems,Analyzing information and evaluating results to choose the best solution and solve problems.,3.82,4.59,22,0.032988,0.7915,top_rank,making decisions and solving problems|decision making|problem solving|diagnose system or equipment problems|determined operational methods or procedures|resolved|selected,ONET31.0-IS68076026-v1.0,O*NET 31.0 Database (August 2026 Release)
REQ-R09-2.C.7.a,R09,Data / BI Analyst,15-2051.01,Knowledge,2.C.7.a,English Language,"Knowledge of the structure and content of the English language including the meaning and spelling of words, and rules of composition and grammar.",3.77,4.41,23,0.032556,0.7915,domain_quota,english language|english|technical english|business english|toeic|ielts|english proficiency|wrote in english|english communication,ONET31.0-IS68076026-v1.0,O*NET 31.0 Database (August 2026 Release)
REQ-R09-4.A.2.b.2,R09,Data / BI Analyst,15-2051.01,Work Activities,4.A.2.b.2,Thinking Creatively,"Developing, designing, or creating new applications, ideas, relationships, systems, or products, including artistic contributions.",3.77,5.05,24,0.032556,0.7915,top_rank,thinking creatively|design computer or information systems or applications|design databases|designed|developed new approach|innovation|created solution|proposed design|prototyping,ONET31.0-IS68076026-v1.0,O*NET 31.0 Database (August 2026 Release)
REQ-R09-2.A.1.c,R09,Data / BI Analyst,15-2051.01,Essential Skills,2.A.1.c,Writing,Communicating effectively in writing as appropriate for the needs of the audience.,3.75,4.0,26,0.032383,0.7915,top_rank,writing|technical writing|wrote documentation|authored|report writing|documented|runbook|user guide|published|white paper|readme,ONET31.0-IS68076026-v1.0,O*NET 31.0 Database (August 2026 Release)
REQ-R09-4.A.4.a.4,R09,Data / BI Analyst,15-2051.01,Work Activities,4.A.4.a.4,Establishing and Maintaining Interpersonal Relationships,"Developing constructive and cooperative working relationships with others, and maintaining them over time.",3.64,4.55,27,0.031434,0.7915,top_rank,establishing and maintaining interpersonal relationships|develop professional relationships or networks|built relationships|stakeholder relationship|networking|teamwork|cross-team collaboration,ONET31.0-IS68076026-v1.0,O*NET 31.0 Database (August 2026 Release)
REQ-R09-2.B.4.e,R09,Data / BI Analyst,15-2051.01,Transferable Skills,2.B.4.e,Judgment and Decision Making,Considering the relative costs and benefits of potential actions to choose the most appropriate one.,3.62,4.0,30,0.031261,0.7915,domain_quota,judgment and decision making|decision making|prioritized|selected approach|made trade-offs|chose technology|approved|recommended,ONET31.0-IS68076026-v1.0,O*NET 31.0 Database (August 2026 Release)
REQ-R09-2.A.1.e,R09,Data / BI Analyst,15-2051.01,Essential Skills,2.A.1.e,Mathematics,Using mathematics to solve problems.,3.5,3.88,33,0.030225,0.7915,top_rank,mathematics|applied mathematics|statistics|statistical|linear algebra|calculus|numerical methods|quantitative analysis|probability,ONET31.0-IS68076026-v1.0,O*NET 31.0 Database (August 2026 Release)
REQ-R09-4.A.3.b.6,R09,Data / BI Analyst,15-2051.01,Work Activities,4.A.3.b.6,Documenting/Recording Information,"Entering, transcribing, recording, storing, or maintaining information in written or electronic/magnetic form.",3.5,3.95,34,0.030225,0.7915,top_rank,documenting recording information|documentation|document technical designs procedures or activities|prepare reports of operational or procedural activities|maintain operational records|wrote report|logged|recorded|runbook|ticket notes,ONET31.0-IS68076026-v1.0,O*NET 31.0 Database (August 2026 Release)
REQ-R09-4.A.4.b.6,R09,Data / BI Analyst,15-2051.01,Work Activities,4.A.4.b.6,Providing Consultation and Advice to Others,"Providing guidance and expert advice to management or other groups on technical, systems-, or process-related topics.",3.41,4.86,35,0.029447,0.7915,top_rank,providing consultation and advice to others|advise others on the design or use of technologies|advise others on business or operational matters|consulting|advised|technical consultation|recommendation to stakeholders,ONET31.0-IS68076026-v1.0,O*NET 31.0 Database (August 2026 Release)
REQ-R09-2.B.2.i,R09,Data / BI Analyst,15-2051.01,Transferable Skills,2.B.2.i,Complex Problem Solving,Identifying complex problems and reviewing related information to develop and evaluate options and implement solutions.,3.38,3.75,38,0.029188,0.7915,domain_quota,complex problem solving|solved|resolved|troubleshooting complex issues|debugged|incident resolution|root cause|postmortem|problem solving,ONET31.0-IS68076026-v1.0,O*NET 31.0 Database (August 2026 Release)
REQ-R09-4.A.1.b.3,R09,Data / BI Analyst,15-2051.01,Work Activities,4.A.1.b.3,"Estimating the Quantifiable Characteristics of Products, Events, or Information","Estimating sizes, distances, and quantities; or determining time, costs, resources, or materials needed to perform a work activity.",3.27,3.82,39,0.028238,0.7915,top_rank,estimating quantifiable characteristics|estimation|estimated effort|story points|sizing|cost estimation|capacity estimate|measured,ONET31.0-IS68076026-v1.0,O*NET 31.0 Database (August 2026 Release)
REQ-R09-4.A.2.a.3,R09,Data / BI Analyst,15-2051.01,Work Activities,4.A.2.a.3,Evaluating Information to Determine Compliance with Standards,"Using relevant information and individual judgment to determine whether events or processes comply with laws, regulations, or standards.",3.24,3.68,42,0.027979,0.7915,top_rank,evaluating information to determine compliance with standards|compliance check|audit|standards compliance|policy compliance|examined documentation for accuracy or compliance|conformance review,ONET31.0-IS68076026-v1.0,O*NET 31.0 Database (August 2026 Release)
REQ-R09-2.C.1.a,R09,Data / BI Analyst,15-2051.01,Knowledge,2.C.1.a,Administration and Management,"Knowledge of business and management principles involved in strategic planning, resource allocation, human resources modeling, leadership technique, production methods, and coordination of people and resources.",3.14,4.14,43,0.027116,0.7915,top_rank,administration and management|project management|strategic planning|resource planning|business operations|budgeting|governance|leadership|pmp,ONET31.0-IS68076026-v1.0,O*NET 31.0 Database (August 2026 Release)
REQ-R09-2.B.4.g,R09,Data / BI Analyst,15-2051.01,Transferable Skills,2.B.4.g,Systems Analysis,"Determining how a system should work and how changes in conditions, operations, and the environment will affect outcomes.",3.12,3.75,48,0.026943,0.7915,domain_quota,systems analysis|system analysis|analyzed system|impact analysis|data flow|process modeling|how the system works|dependency analysis,ONET31.0-IS68076026-v1.0,O*NET 31.0 Database (August 2026 Release)
REQ-R10-4.A.3.b.1,R10,Database Administrator,15-1242.00,Work Activities,4.A.3.b.1,Working with Computers,"Using computers and computer systems (including hardware and software) to program, write software, set up functions, enter data, or process information.",4.83,5.95,1,0.042328,0.6961,domain_quota,working with computers|program computer systems|implement security measures for computer or information systems|set up computer systems networks or other information systems|resolve computer problems|operate computer systems|process digital or online data|coding|deployment|configuration,ONET31.0-IS68076026-v1.0,O*NET 31.0 Database (August 2026 Release)
REQ-R10-2.C.3.a,R10,Database Administrator,15-1242.00,Knowledge,2.C.3.a,Computers and Electronics,"Knowledge of circuit boards, processors, chips, electronic equipment, and computer hardware and software, including applications and programming.",4.79,6.11,2,0.041977,0.6961,domain_quota,computers and electronics|computer systems|hardware|software|operating system|linux|windows|server|application|programming|computer science,ONET31.0-IS68076026-v1.0,O*NET 31.0 Database (August 2026 Release)
REQ-R10-4.A.2.b.1,R10,Database Administrator,15-1242.00,Work Activities,4.A.2.b.1,Making Decisions and Solving Problems,Analyzing information and evaluating results to choose the best solution and solve problems.,4.18,5.39,3,0.036631,0.6961,domain_quota,making decisions and solving problems|decision making|problem solving|diagnose system or equipment problems|determined operational methods or procedures|resolved|selected,ONET31.0-IS68076026-v1.0,O*NET 31.0 Database (August 2026 Release)
REQ-R10-4.A.1.a.1,R10,Database Administrator,15-1242.00,Work Activities,4.A.1.a.1,Getting Information,"Observing, receiving, and otherwise obtaining information from all relevant sources.",4.12,4.69,4,0.036106,0.6961,domain_quota,getting information|gathered information|collected data|research|investigated|read documents|gathered requirements|data collection|log collection,ONET31.0-IS68076026-v1.0,O*NET 31.0 Database (August 2026 Release)
REQ-R10-4.A.1.b.1,R10,Database Administrator,15-1242.00,Work Activities,4.A.1.b.1,"Identifying Objects, Actions, and Events","Identifying information by categorizing, estimating, recognizing differences or similarities, and detecting changes in circumstances or events.",4.11,4.48,5,0.036018,0.6961,top_rank,identifying objects actions and events|identified issues|detected|recognized patterns|classified|identified opportunities|anomaly detection|event identification,ONET31.0-IS68076026-v1.0,O*NET 31.0 Database (August 2026 Release)
REQ-R10-4.A.2.a.4,R10,Database Administrator,15-1242.00,Work Activities,4.A.2.a.4,Analyzing Data or Information,"Identifying the underlying principles, reasons, or facts of information by breaking down information or data into separate parts.",4.0,5.19,7,0.035054,0.6961,top_rank,analyzing data or information|data analysis|analyzed|analytics|analyzed performance of systems or equipment|analyzed data to improve operations|statistical analysis|log analysis|reporting,ONET31.0-IS68076026-v1.0,O*NET 31.0 Database (August 2026 Release)
REQ-R10-2.C.7.a,R10,Database Administrator,15-1242.00,Knowledge,2.C.7.a,English Language,"Knowledge of the structure and content of the English language including the meaning and spelling of words, and rules of composition and grammar.",3.96,4.15,8,0.034703,0.6961,domain_quota,english language|english|technical english|business english|toeic|ielts|english proficiency|wrote in english|english communication,ONET31.0-IS68076026-v1.0,O*NET 31.0 Database (August 2026 Release)
REQ-R10-2.C.1.e,R10,Database Administrator,15-1242.00,Knowledge,2.C.1.e,Customer and Personal Service,"Knowledge of principles and processes for providing customer and personal services. This includes customer needs assessment, meeting quality standards for services, and evaluation of customer satisfaction.",3.93,4.75,9,0.03444,0.6961,domain_quota,customer and personal service|customer service|client support|service desk|user support|customer requirements|sla|stakeholder management|end-user,ONET31.0-IS68076026-v1.0,O*NET 31.0 Database (August 2026 Release)
REQ-R10-4.A.2.a.2,R10,Database Administrator,15-1242.00,Work Activities,4.A.2.a.2,Processing Information,"Compiling, coding, categorizing, calculating, tabulating, auditing, or verifying information or data.",3.92,5.13,10,0.034353,0.6961,top_rank,processing information|data processing|etl|data cleaning|compiled records|aggregated data|transformed data|reconciled data|validated data quality,ONET31.0-IS68076026-v1.0,O*NET 31.0 Database (August 2026 Release)
REQ-R10-2.A.2.a,R10,Database Administrator,15-1242.00,Essential Skills,2.A.2.a,Critical Thinking,"Using logic and reasoning to identify the strengths and weaknesses of alternative solutions, conclusions, or approaches to problems.",3.88,4.0,16,0.034002,0.6961,domain_quota,critical thinking|root cause analysis|evaluated alternatives|trade-off analysis|assessed options|analytical reasoning|weighed pros and cons|design review,ONET31.0-IS68076026-v1.0,O*NET 31.0 Database (August 2026 Release)
REQ-R10-2.B.2.i,R10,Database Administrator,15-1242.00,Transferable Skills,2.B.2.i,Complex Problem Solving,Identifying complex problems and reviewing related information to develop and evaluate options and implement solutions.,3.88,4.12,17,0.034002,0.6961,domain_quota,complex problem solving|solved|resolved|troubleshooting complex issues|debugged|incident resolution|root cause|postmortem|problem solving,ONET31.0-IS68076026-v1.0,O*NET 31.0 Database (August 2026 Release)
REQ-R10-4.A.4.a.4,R10,Database Administrator,15-1242.00,Work Activities,4.A.4.a.4,Establishing and Maintaining Interpersonal Relationships,"Developing constructive and cooperative working relationships with others, and maintaining them over time.",3.86,5.49,18,0.033827,0.6961,top_rank,establishing and maintaining interpersonal relationships|develop professional relationships or networks|built relationships|stakeholder relationship|networking|teamwork|cross-team collaboration,ONET31.0-IS68076026-v1.0,O*NET 31.0 Database (August 2026 Release)
REQ-R10-4.A.4.a.2,R10,Database Administrator,15-1242.00,Work Activities,4.A.4.a.2,"Communicating with Supervisors, Peers, or Subordinates","Providing information to supervisors, co-workers, and subordinates by telephone, in written form, e-mail, or in person.",3.84,4.95,19,0.033652,0.6961,top_rank,communicating with supervisors peers or subordinates|team communication|communicate with others about specifications or project details|reported to manager|stand-up|collaborated with team|internal communication,ONET31.0-IS68076026-v1.0,O*NET 31.0 Database (August 2026 Release)
REQ-R10-2.A.1.a,R10,Database Administrator,15-1242.00,Essential Skills,2.A.1.a,Reading Comprehension,Understanding written sentences and paragraphs in work-related documents.,3.75,4.25,20,0.032863,0.6961,domain_quota,reading comprehension|read documentation|technical documentation|specification|requirements document|read specs|rfc|reviewed documents|documentation review,ONET31.0-IS68076026-v1.0,O*NET 31.0 Database (August 2026 Release)
REQ-R10-2.A.1.b,R10,Database Administrator,15-1242.00,Essential Skills,2.A.1.b,Active Listening,"Giving full attention to what other people are saying, taking time to understand the points being made, asking questions as appropriate, and not interrupting at inappropriate times.",3.75,3.88,21,0.032863,0.6961,domain_quota,active listening|stakeholder interview|requirements gathering|gathered requirements|user interview|listened to stakeholders|elicitation|client meeting,ONET31.0-IS68076026-v1.0,O*NET 31.0 Database (August 2026 Release)
REQ-R10-2.B.4.e,R10,Database Administrator,15-1242.00,Transferable Skills,2.B.4.e,Judgment and Decision Making,Considering the relative costs and benefits of potential actions to choose the most appropriate one.,3.75,4.0,22,0.032863,0.6961,domain_quota,judgment and decision making|decision making|prioritized|selected approach|made trade-offs|chose technology|approved|recommended,ONET31.0-IS68076026-v1.0,O*NET 31.0 Database (August 2026 Release)
REQ-R10-4.A.2.a.3,R10,Database Administrator,15-1242.00,Work Activities,4.A.2.a.3,Evaluating Information to Determine Compliance with Standards,"Using relevant information and individual judgment to determine whether events or processes comply with laws, regulations, or standards.",3.75,4.62,23,0.032863,0.6961,top_rank,evaluating information to determine compliance with standards|compliance check|audit|standards compliance|policy compliance|examined documentation for accuracy or compliance|conformance review,ONET31.0-IS68076026-v1.0,O*NET 31.0 Database (August 2026 Release)
REQ-R10-4.A.2.b.2,R10,Database Administrator,15-1242.00,Work Activities,4.A.2.b.2,Thinking Creatively,"Developing, designing, or creating new applications, ideas, relationships, systems, or products, including artistic contributions.",3.73,5.01,24,0.032688,0.6961,top_rank,thinking creatively|design computer or information systems or applications|design databases|designed|developed new approach|innovation|created solution|proposed design|prototyping,ONET31.0-IS68076026-v1.0,O*NET 31.0 Database (August 2026 Release)
REQ-R10-4.A.2.b.3,R10,Database Administrator,15-1242.00,Work Activities,4.A.2.b.3,Updating and Using Relevant Knowledge,Keeping up-to-date technically and applying new knowledge to your job.,3.68,4.98,25,0.03225,0.6961,top_rank,updating and using relevant knowledge|maintain current knowledge in area of expertise|kept up to date|continuous learning|certification|training attended|research new technology,ONET31.0-IS68076026-v1.0,O*NET 31.0 Database (August 2026 Release)
REQ-R10-4.A.2.b.6,R10,Database Administrator,15-1242.00,Work Activities,4.A.2.b.6,"Organizing, Planning, and Prioritizing Work","Developing specific goals and plans to prioritize, organize, and accomplish your work.",3.62,4.99,27,0.031724,0.6961,top_rank,organizing planning and prioritizing work|planning|prioritization|backlog grooming|work planning|organized tasks|sprint planning|project planning,ONET31.0-IS68076026-v1.0,O*NET 31.0 Database (August 2026 Release)
REQ-R10-4.A.3.b.6,R10,Database Administrator,15-1242.00,Work Activities,4.A.3.b.6,Documenting/Recording Information,"Entering, transcribing, recording, storing, or maintaining information in written or electronic/magnetic form.",3.61,4.4,28,0.031636,0.6961,top_rank,documenting recording information|documentation|document technical designs procedures or activities|prepare reports of operational or procedural activities|maintain operational records|wrote report|logged|recorded|runbook|ticket notes,ONET31.0-IS68076026-v1.0,O*NET 31.0 Database (August 2026 Release)
REQ-R10-2.C.4.a,R10,Database Administrator,15-1242.00,Knowledge,2.C.4.a,Mathematics,"Knowledge of arithmetic, algebra, geometry, calculus, statistics, and their applications.",3.55,4.63,29,0.03111,0.6961,top_rank,mathematics|statistics|algebra|calculus|probability|statistical modeling|numerical analysis|quantitative,ONET31.0-IS68076026-v1.0,O*NET 31.0 Database (August 2026 Release)
REQ-R10-2.C.9.a,R10,Database Administrator,15-1242.00,Knowledge,2.C.9.a,Telecommunications,"Knowledge of transmission, broadcasting, switching, control, and operation of telecommunications systems.",3.54,3.33,30,0.031023,0.6961,top_rank,telecommunications|networking|network|tcp/ip|routing|switching|bgp|vpn|firewall|lan|wan|dns,ONET31.0-IS68076026-v1.0,O*NET 31.0 Database (August 2026 Release)
REQ-R10-2.C.3.b,R10,Database Administrator,15-1242.00,Knowledge,2.C.3.b,Engineering and Technology,"Knowledge of the practical application of engineering science and technology. This includes applying principles, techniques, procedures, and equipment to the design and production of various goods and services.",3.51,4.31,31,0.03076,0.6961,top_rank,engineering and technology|engineering|technical design|applied technology|system engineering|technology stack|technical architecture,ONET31.0-IS68076026-v1.0,O*NET 31.0 Database (August 2026 Release)
REQ-R10-2.A.2.b,R10,Database Administrator,15-1242.00,Essential Skills,2.A.2.b,Active Learning,Understanding the implications of new information for both current and future problem-solving and decision-making.,3.5,4.12,33,0.030672,0.6961,top_rank,active learning|self-taught|learned|upskilled|certification|completed course|continuous learning|kept up to date|new technology adoption,ONET31.0-IS68076026-v1.0,O*NET 31.0 Database (August 2026 Release)
REQ-R10-4.A.4.a.1,R10,Database Administrator,15-1242.00,Work Activities,4.A.4.a.1,Interpreting the Meaning of Information for Others,Translating or explaining what information means and how it can be used.,3.47,4.37,34,0.030409,0.6961,top_rank,interpreting the meaning of information for others|explain technical details of products or services|explained|translated technical to business|briefed stakeholders|presented findings|explain regulations policies or procedures,ONET31.0-IS68076026-v1.0,O*NET 31.0 Database (August 2026 Release)
REQ-R10-4.A.1.a.2,R10,Database Administrator,15-1242.00,Work Activities,4.A.1.a.2,"Monitoring Processes, Materials, or Surroundings","Monitoring and reviewing information from materials, events, or the environment, to detect or assess problems.",3.42,4.71,35,0.029971,0.6961,top_rank,monitoring processes|monitored operations|monitored systems|monitored equipment|observability|alerting|monitor operation of computer or information technologies|compliance monitoring,ONET31.0-IS68076026-v1.0,O*NET 31.0 Database (August 2026 Release)
REQ-R10-4.A.4.a.7,R10,Database Administrator,15-1242.00,Work Activities,4.A.4.a.7,Resolving Conflicts and Negotiating with Others,"Handling complaints, settling disputes, and resolving grievances and conflicts, or otherwise negotiating with others.",3.42,4.08,36,0.029971,0.6961,top_rank,resolving conflicts and negotiating with others|negotiate contracts or agreements|conflict resolution|mediated|negotiated|resolve personnel or operational problems|vendor negotiation,ONET31.0-IS68076026-v1.0,O*NET 31.0 Database (August 2026 Release)
REQ-R10-2.A.1.d,R10,Database Administrator,15-1242.00,Essential Skills,2.A.1.d,Speaking,Talking to others to convey information effectively.,3.38,3.88,39,0.029621,0.6961,top_rank,speaking|presented|presentation|demo|briefing|spoke at|public speaking|stand-up|knowledge sharing session|pitched,ONET31.0-IS68076026-v1.0,O*NET 31.0 Database (August 2026 Release)
REQ-R10-2.B.3.e,R10,Database Administrator,15-1242.00,Transferable Skills,2.B.3.e,Programming,Writing computer programs for various purposes.,3.38,3.88,40,0.029621,0.6961,domain_quota,programming|coding|software development|developed|implemented|wrote code|python|java|javascript|typescript|c#|go|sql|scripting|api development|refactored,ONET31.0-IS68076026-v1.0,O*NET 31.0 Database (August 2026 Release)
REQ-R11-4.A.3.b.1,R11,Information Security / SOC Analyst,15-1212.00,Work Activities,4.A.3.b.1,Working with Computers,"Using computers and computer systems (including hardware and software) to program, write software, set up functions, enter data, or process information.",4.7,5.26,1,0.040598,0.7257,domain_quota,working with computers|program computer systems|implement security measures for computer or information systems|set up computer systems networks or other information systems|resolve computer problems|operate computer systems|process digital or online data|coding|deployment|configuration,ONET31.0-IS68076026-v1.0,O*NET 31.0 Database (August 2026 Release)
REQ-R11-4.A.1.a.1,R11,Information Security / SOC Analyst,15-1212.00,Work Activities,4.A.1.a.1,Getting Information,"Observing, receiving, and otherwise obtaining information from all relevant sources.",4.5,4.7,2,0.03887,0.7257,domain_quota,getting information|gathered information|collected data|research|investigated|read documents|gathered requirements|data collection|log collection,ONET31.0-IS68076026-v1.0,O*NET 31.0 Database (August 2026 Release)
REQ-R11-2.C.3.a,R11,Information Security / SOC Analyst,15-1212.00,Knowledge,2.C.3.a,Computers and Electronics,"Knowledge of circuit boards, processors, chips, electronic equipment, and computer hardware and software, including applications and programming.",4.35,5.97,3,0.037575,0.7257,domain_quota,computers and electronics|computer systems|hardware|software|operating system|linux|windows|server|application|programming|computer science,ONET31.0-IS68076026-v1.0,O*NET 31.0 Database (August 2026 Release)
REQ-R11-4.A.1.b.1,R11,Information Security / SOC Analyst,15-1212.00,Work Activities,4.A.1.b.1,"Identifying Objects, Actions, and Events","Identifying information by categorizing, estimating, recognizing differences or similarities, and detecting changes in circumstances or events.",4.29,5.26,4,0.037056,0.7257,domain_quota,identifying objects actions and events|identified issues|detected|recognized patterns|classified|identified opportunities|anomaly detection|event identification,ONET31.0-IS68076026-v1.0,O*NET 31.0 Database (August 2026 Release)
REQ-R11-2.C.7.a,R11,Information Security / SOC Analyst,15-1212.00,Knowledge,2.C.7.a,English Language,"Knowledge of the structure and content of the English language including the meaning and spelling of words, and rules of composition and grammar.",4.26,4.2,5,0.036797,0.7257,domain_quota,english language|english|technical english|business english|toeic|ielts|english proficiency|wrote in english|english communication,ONET31.0-IS68076026-v1.0,O*NET 31.0 Database (August 2026 Release)
REQ-R11-4.A.2.a.3,R11,Information Security / SOC Analyst,15-1212.00,Work Activities,4.A.2.a.3,Evaluating Information to Determine Compliance with Standards,"Using relevant information and individual judgment to determine whether events or processes comply with laws, regulations, or standards.",4.12,5.18,6,0.035588,0.7257,top_rank,evaluating information to determine compliance with standards|compliance check|audit|standards compliance|policy compliance|examined documentation for accuracy or compliance|conformance review,ONET31.0-IS68076026-v1.0,O*NET 31.0 Database (August 2026 Release)
REQ-R11-4.A.2.a.2,R11,Information Security / SOC Analyst,15-1212.00,Work Activities,4.A.2.a.2,Processing Information,"Compiling, coding, categorizing, calculating, tabulating, auditing, or verifying information or data.",4.09,5.21,7,0.035329,0.7257,top_rank,processing information|data processing|etl|data cleaning|compiled records|aggregated data|transformed data|reconciled data|validated data quality,ONET31.0-IS68076026-v1.0,O*NET 31.0 Database (August 2026 Release)
REQ-R11-4.A.2.a.4,R11,Information Security / SOC Analyst,15-1212.00,Work Activities,4.A.2.a.4,Analyzing Data or Information,"Identifying the underlying principles, reasons, or facts of information by breaking down information or data into separate parts.",4.08,4.84,8,0.035242,0.7257,top_rank,analyzing data or information|data analysis|analyzed|analytics|analyzed performance of systems or equipment|analyzed data to improve operations|statistical analysis|log analysis|reporting,ONET31.0-IS68076026-v1.0,O*NET 31.0 Database (August 2026 Release)
REQ-R11-4.A.2.b.3,R11,Information Security / SOC Analyst,15-1212.00,Work Activities,4.A.2.b.3,Updating and Using Relevant Knowledge,Keeping up-to-date technically and applying new knowledge to your job.,4.05,5.73,9,0.034983,0.7257,top_rank,updating and using relevant knowledge|maintain current knowledge in area of expertise|kept up to date|continuous learning|certification|training attended|research new technology,ONET31.0-IS68076026-v1.0,O*NET 31.0 Database (August 2026 Release)
REQ-R11-4.A.3.b.6,R11,Information Security / SOC Analyst,15-1212.00,Work Activities,4.A.3.b.6,Documenting/Recording Information,"Entering, transcribing, recording, storing, or maintaining information in written or electronic/magnetic form.",4.03,4.48,10,0.03481,0.7257,top_rank,documenting recording information|documentation|document technical designs procedures or activities|prepare reports of operational or procedural activities|maintain operational records|wrote report|logged|recorded|runbook|ticket notes,ONET31.0-IS68076026-v1.0,O*NET 31.0 Database (August 2026 Release)
REQ-R11-2.A.1.a,R11,Information Security / SOC Analyst,15-1212.00,Essential Skills,2.A.1.a,Reading Comprehension,Understanding written sentences and paragraphs in work-related documents.,4.0,4.12,16,0.034551,0.7257,domain_quota,reading comprehension|read documentation|technical documentation|specification|requirements document|read specs|rfc|reviewed documents|documentation review,ONET31.0-IS68076026-v1.0,O*NET 31.0 Database (August 2026 Release)
REQ-R11-4.A.4.a.2,R11,Information Security / SOC Analyst,15-1212.00,Work Activities,4.A.4.a.2,"Communicating with Supervisors, Peers, or Subordinates","Providing information to supervisors, co-workers, and subordinates by telephone, in written form, e-mail, or in person.",4.0,5.28,17,0.034551,0.7257,top_rank,communicating with supervisors peers or subordinates|team communication|communicate with others about specifications or project details|reported to manager|stand-up|collaborated with team|internal communication,ONET31.0-IS68076026-v1.0,O*NET 31.0 Database (August 2026 Release)
REQ-R11-4.A.2.b.1,R11,Information Security / SOC Analyst,15-1212.00,Work Activities,4.A.2.b.1,Making Decisions and Solving Problems,Analyzing information and evaluating results to choose the best solution and solve problems.,3.94,4.62,18,0.034033,0.7257,top_rank,making decisions and solving problems|decision making|problem solving|diagnose system or equipment problems|determined operational methods or procedures|resolved|selected,ONET31.0-IS68076026-v1.0,O*NET 31.0 Database (August 2026 Release)
REQ-R11-4.A.1.a.2,R11,Information Security / SOC Analyst,15-1212.00,Work Activities,4.A.1.a.2,"Monitoring Processes, Materials, or Surroundings","Monitoring and reviewing information from materials, events, or the environment, to detect or assess problems.",3.92,4.74,19,0.03386,0.7257,top_rank,monitoring processes|monitored operations|monitored systems|monitored equipment|observability|alerting|monitor operation of computer or information technologies|compliance monitoring,ONET31.0-IS68076026-v1.0,O*NET 31.0 Database (August 2026 Release)
REQ-R11-2.A.2.a,R11,Information Security / SOC Analyst,15-1212.00,Essential Skills,2.A.2.a,Critical Thinking,"Using logic and reasoning to identify the strengths and weaknesses of alternative solutions, conclusions, or approaches to problems.",3.88,4.12,22,0.033515,0.7257,domain_quota,critical thinking|root cause analysis|evaluated alternatives|trade-off analysis|assessed options|analytical reasoning|weighed pros and cons|design review,ONET31.0-IS68076026-v1.0,O*NET 31.0 Database (August 2026 Release)
REQ-R11-2.A.1.b,R11,Information Security / SOC Analyst,15-1212.00,Essential Skills,2.A.1.b,Active Listening,"Giving full attention to what other people are saying, taking time to understand the points being made, asking questions as appropriate, and not interrupting at inappropriate times.",3.75,3.88,25,0.032392,0.7257,domain_quota,active listening|stakeholder interview|requirements gathering|gathered requirements|user interview|listened to stakeholders|elicitation|client meeting,ONET31.0-IS68076026-v1.0,O*NET 31.0 Database (August 2026 Release)
REQ-R11-2.B.2.i,R11,Information Security / SOC Analyst,15-1212.00,Transferable Skills,2.B.2.i,Complex Problem Solving,Identifying complex problems and reviewing related information to develop and evaluate options and implement solutions.,3.75,3.62,26,0.032392,0.7257,domain_quota,complex problem solving|solved|resolved|troubleshooting complex issues|debugged|incident resolution|root cause|postmortem|problem solving,ONET31.0-IS68076026-v1.0,O*NET 31.0 Database (August 2026 Release)
REQ-R11-4.A.4.a.1,R11,Information Security / SOC Analyst,15-1212.00,Work Activities,4.A.4.a.1,Interpreting the Meaning of Information for Others,Translating or explaining what information means and how it can be used.,3.74,4.07,27,0.032305,0.7257,top_rank,interpreting the meaning of information for others|explain technical details of products or services|explained|translated technical to business|briefed stakeholders|presented findings|explain regulations policies or procedures,ONET31.0-IS68076026-v1.0,O*NET 31.0 Database (August 2026 Release)
REQ-R11-2.C.1.a,R11,Information Security / SOC Analyst,15-1212.00,Knowledge,2.C.1.a,Administration and Management,"Knowledge of business and management principles involved in strategic planning, resource allocation, human resources modeling, leadership technique, production methods, and coordination of people and resources.",3.68,3.79,28,0.031787,0.7257,domain_quota,administration and management|project management|strategic planning|resource planning|business operations|budgeting|governance|leadership|pmp,ONET31.0-IS68076026-v1.0,O*NET 31.0 Database (August 2026 Release)
REQ-R11-4.A.2.b.6,R11,Information Security / SOC Analyst,15-1212.00,Work Activities,4.A.2.b.6,"Organizing, Planning, and Prioritizing Work","Developing specific goals and plans to prioritize, organize, and accomplish your work.",3.67,4.77,29,0.031701,0.7257,top_rank,organizing planning and prioritizing work|planning|prioritization|backlog grooming|work planning|organized tasks|sprint planning|project planning,ONET31.0-IS68076026-v1.0,O*NET 31.0 Database (August 2026 Release)
REQ-R11-2.C.3.b,R11,Information Security / SOC Analyst,15-1212.00,Knowledge,2.C.3.b,Engineering and Technology,"Knowledge of the practical application of engineering science and technology. This includes applying principles, techniques, procedures, and equipment to the design and production of various goods and services.",3.64,3.88,30,0.031442,0.7257,top_rank,engineering and technology|engineering|technical design|applied technology|system engineering|technology stack|technical architecture,ONET31.0-IS68076026-v1.0,O*NET 31.0 Database (August 2026 Release)
REQ-R11-2.C.9.a,R11,Information Security / SOC Analyst,15-1212.00,Knowledge,2.C.9.a,Telecommunications,"Knowledge of transmission, broadcasting, switching, control, and operation of telecommunications systems.",3.64,3.95,31,0.031442,0.7257,top_rank,telecommunications|networking|network|tcp/ip|routing|switching|bgp|vpn|firewall|lan|wan|dns,ONET31.0-IS68076026-v1.0,O*NET 31.0 Database (August 2026 Release)
REQ-R11-2.A.1.d,R11,Information Security / SOC Analyst,15-1212.00,Essential Skills,2.A.1.d,Speaking,Talking to others to convey information effectively.,3.62,3.75,32,0.031269,0.7257,top_rank,speaking|presented|presentation|demo|briefing|spoke at|public speaking|stand-up|knowledge sharing session|pitched,ONET31.0-IS68076026-v1.0,O*NET 31.0 Database (August 2026 Release)
REQ-R11-4.A.2.b.2,R11,Information Security / SOC Analyst,15-1212.00,Work Activities,4.A.2.b.2,Thinking Creatively,"Developing, designing, or creating new applications, ideas, relationships, systems, or products, including artistic contributions.",3.56,4.7,33,0.030751,0.7257,top_rank,thinking creatively|design computer or information systems or applications|design databases|designed|developed new approach|innovation|created solution|proposed design|prototyping,ONET31.0-IS68076026-v1.0,O*NET 31.0 Database (August 2026 Release)
REQ-R11-2.A.1.c,R11,Information Security / SOC Analyst,15-1212.00,Essential Skills,2.A.1.c,Writing,Communicating effectively in writing as appropriate for the needs of the audience.,3.5,3.75,35,0.030232,0.7257,top_rank,writing|technical writing|wrote documentation|authored|report writing|documented|runbook|user guide|published|white paper|readme,ONET31.0-IS68076026-v1.0,O*NET 31.0 Database (August 2026 Release)
REQ-R11-4.A.4.a.4,R11,Information Security / SOC Analyst,15-1212.00,Work Activities,4.A.4.a.4,Establishing and Maintaining Interpersonal Relationships,"Developing constructive and cooperative working relationships with others, and maintaining them over time.",3.45,4.7,36,0.0298,0.7257,top_rank,establishing and maintaining interpersonal relationships|develop professional relationships or networks|built relationships|stakeholder relationship|networking|teamwork|cross-team collaboration,ONET31.0-IS68076026-v1.0,O*NET 31.0 Database (August 2026 Release)
REQ-R11-2.C.1.e,R11,Information Security / SOC Analyst,15-1212.00,Knowledge,2.C.1.e,Customer and Personal Service,"Knowledge of principles and processes for providing customer and personal services. This includes customer needs assessment, meeting quality standards for services, and evaluation of customer satisfaction.",3.42,4.14,37,0.029541,0.7257,top_rank,customer and personal service|customer service|client support|service desk|user support|customer requirements|sla|stakeholder management|end-user,ONET31.0-IS68076026-v1.0,O*NET 31.0 Database (August 2026 Release)
REQ-R11-2.A.2.d,R11,Information Security / SOC Analyst,15-1212.00,Essential Skills,2.A.2.d,Monitoring,"Monitoring/Assessing performance of yourself, other individuals, or organizations to make improvements or take corrective action.",3.38,3.88,41,0.029196,0.7257,top_rank,monitoring|monitored|observability|tracked performance|kpi tracking|dashboard monitoring|alerting|health check|performance monitoring,ONET31.0-IS68076026-v1.0,O*NET 31.0 Database (August 2026 Release)
REQ-R11-2.B.4.e,R11,Information Security / SOC Analyst,15-1212.00,Transferable Skills,2.B.4.e,Judgment and Decision Making,Considering the relative costs and benefits of potential actions to choose the most appropriate one.,3.38,3.62,42,0.029196,0.7257,domain_quota,judgment and decision making|decision making|prioritized|selected approach|made trade-offs|chose technology|approved|recommended,ONET31.0-IS68076026-v1.0,O*NET 31.0 Database (August 2026 Release)
REQ-R11-2.B.4.g,R11,Information Security / SOC Analyst,15-1212.00,Transferable Skills,2.B.4.g,Systems Analysis,"Determining how a system should work and how changes in conditions, operations, and the environment will affect outcomes.",3.38,3.38,43,0.029196,0.7257,domain_quota,systems analysis|system analysis|analyzed system|impact analysis|data flow|process modeling|how the system works|dependency analysis,ONET31.0-IS68076026-v1.0,O*NET 31.0 Database (August 2026 Release)
REQ-R12-4.A.3.b.1,R12,Security Engineer,15-1299.05,Work Activities,4.A.3.b.1,Working with Computers,"Using computers and computer systems (including hardware and software) to program, write software, set up functions, enter data, or process information.",4.89,6.05,1,0.041392,0.6982,domain_quota,working with computers|program computer systems|implement security measures for computer or information systems|set up computer systems networks or other information systems|resolve computer problems|operate computer systems|process digital or online data|coding|deployment|configuration,ONET31.0-IS68076026-v1.0,O*NET 31.0 Database (August 2026 Release)
REQ-R12-2.C.3.a,R12,Security Engineer,15-1299.05,Knowledge,2.C.3.a,Computers and Electronics,"Knowledge of circuit boards, processors, chips, electronic equipment, and computer hardware and software, including applications and programming.",4.63,5.94,2,0.039191,0.6982,domain_quota,computers and electronics|computer systems|hardware|software|operating system|linux|windows|server|application|programming|computer science,ONET31.0-IS68076026-v1.0,O*NET 31.0 Database (August 2026 Release)
REQ-R12-4.A.1.a.1,R12,Security Engineer,15-1299.05,Work Activities,4.A.1.a.1,Getting Information,"Observing, receiving, and otherwise obtaining information from all relevant sources.",4.5,4.79,3,0.03809,0.6982,domain_quota,getting information|gathered information|collected data|research|investigated|read documents|gathered requirements|data collection|log collection,ONET31.0-IS68076026-v1.0,O*NET 31.0 Database (August 2026 Release)
REQ-R12-4.A.1.b.1,R12,Security Engineer,15-1299.05,Work Activities,4.A.1.b.1,"Identifying Objects, Actions, and Events","Identifying information by categorizing, estimating, recognizing differences or similarities, and detecting changes in circumstances or events.",4.44,5.32,4,0.037583,0.6982,domain_quota,identifying objects actions and events|identified issues|detected|recognized patterns|classified|identified opportunities|anomaly detection|event identification,ONET31.0-IS68076026-v1.0,O*NET 31.0 Database (August 2026 Release)
REQ-R12-4.A.2.b.3,R12,Security Engineer,15-1299.05,Work Activities,4.A.2.b.3,Updating and Using Relevant Knowledge,Keeping up-to-date technically and applying new knowledge to your job.,4.42,5.58,5,0.037413,0.6982,top_rank,updating and using relevant knowledge|maintain current knowledge in area of expertise|kept up to date|continuous learning|certification|training attended|research new technology,ONET31.0-IS68076026-v1.0,O*NET 31.0 Database (August 2026 Release)
REQ-R12-4.A.2.a.4,R12,Security Engineer,15-1299.05,Work Activities,4.A.2.a.4,Analyzing Data or Information,"Identifying the underlying principles, reasons, or facts of information by breaking down information or data into separate parts.",4.37,5.05,6,0.03699,0.6982,top_rank,analyzing data or information|data analysis|analyzed|analytics|analyzed performance of systems or equipment|analyzed data to improve operations|statistical analysis|log analysis|reporting,ONET31.0-IS68076026-v1.0,O*NET 31.0 Database (August 2026 Release)
REQ-R12-4.A.4.a.2,R12,Security Engineer,15-1299.05,Work Activities,4.A.4.a.2,"Communicating with Supervisors, Peers, or Subordinates","Providing information to supervisors, co-workers, and subordinates by telephone, in written form, e-mail, or in person.",4.26,5.21,7,0.036059,0.6982,top_rank,communicating with supervisors peers or subordinates|team communication|communicate with others about specifications or project details|reported to manager|stand-up|collaborated with team|internal communication,ONET31.0-IS68076026-v1.0,O*NET 31.0 Database (August 2026 Release)
REQ-R12-4.A.2.b.1,R12,Security Engineer,15-1299.05,Work Activities,4.A.2.b.1,Making Decisions and Solving Problems,Analyzing information and evaluating results to choose the best solution and solve problems.,4.17,5.05,8,0.035297,0.6982,top_rank,making decisions and solving problems|decision making|problem solving|diagnose system or equipment problems|determined operational methods or procedures|resolved|selected,ONET31.0-IS68076026-v1.0,O*NET 31.0 Database (August 2026 Release)
REQ-R12-4.A.2.a.2,R12,Security Engineer,15-1299.05,Work Activities,4.A.2.a.2,Processing Information,"Compiling, coding, categorizing, calculating, tabulating, auditing, or verifying information or data.",4.16,4.95,9,0.035212,0.6982,top_rank,processing information|data processing|etl|data cleaning|compiled records|aggregated data|transformed data|reconciled data|validated data quality,ONET31.0-IS68076026-v1.0,O*NET 31.0 Database (August 2026 Release)
REQ-R12-4.A.3.b.6,R12,Security Engineer,15-1299.05,Work Activities,4.A.3.b.6,Documenting/Recording Information,"Entering, transcribing, recording, storing, or maintaining information in written or electronic/magnetic form.",4.16,4.89,10,0.035212,0.6982,top_rank,documenting recording information|documentation|document technical designs procedures or activities|prepare reports of operational or procedural activities|maintain operational records|wrote report|logged|recorded|runbook|ticket notes,ONET31.0-IS68076026-v1.0,O*NET 31.0 Database (August 2026 Release)
REQ-R12-2.A.1.a,R12,Security Engineer,15-1299.05,Essential Skills,2.A.1.a,Reading Comprehension,Understanding written sentences and paragraphs in work-related documents.,4.12,4.38,12,0.034874,0.6982,domain_quota,reading comprehension|read documentation|technical documentation|specification|requirements document|read specs|rfc|reviewed documents|documentation review,ONET31.0-IS68076026-v1.0,O*NET 31.0 Database (August 2026 Release)
REQ-R12-4.A.2.a.3,R12,Security Engineer,15-1299.05,Work Activities,4.A.2.a.3,Evaluating Information to Determine Compliance with Standards,"Using relevant information and individual judgment to determine whether events or processes comply with laws, regulations, or standards.",4.05,4.68,13,0.034281,0.6982,top_rank,evaluating information to determine compliance with standards|compliance check|audit|standards compliance|policy compliance|examined documentation for accuracy or compliance|conformance review,ONET31.0-IS68076026-v1.0,O*NET 31.0 Database (August 2026 Release)
REQ-R12-4.A.4.b.3,R12,Security Engineer,15-1299.05,Work Activities,4.A.4.b.3,Training and Teaching Others,"Identifying the educational needs of others, developing formal educational or training programs or classes, and teaching or instructing others.",4.05,4.42,14,0.034281,0.6982,top_rank,training and teaching others|train others on operational or work procedures|training|taught|workshop|onboarding training|knowledge transfer|internal training session,ONET31.0-IS68076026-v1.0,O*NET 31.0 Database (August 2026 Release)
REQ-R12-2.A.2.a,R12,Security Engineer,15-1299.05,Essential Skills,2.A.2.a,Critical Thinking,"Using logic and reasoning to identify the strengths and weaknesses of alternative solutions, conclusions, or approaches to problems.",4.0,4.12,17,0.033858,0.6982,domain_quota,critical thinking|root cause analysis|evaluated alternatives|trade-off analysis|assessed options|analytical reasoning|weighed pros and cons|design review,ONET31.0-IS68076026-v1.0,O*NET 31.0 Database (August 2026 Release)
REQ-R12-2.C.3.b,R12,Security Engineer,15-1299.05,Knowledge,2.C.3.b,Engineering and Technology,"Knowledge of the practical application of engineering science and technology. This includes applying principles, techniques, procedures, and equipment to the design and production of various goods and services.",4.0,4.56,18,0.033858,0.6982,domain_quota,engineering and technology|engineering|technical design|applied technology|system engineering|technology stack|technical architecture,ONET31.0-IS68076026-v1.0,O*NET 31.0 Database (August 2026 Release)
REQ-R12-4.A.4.a.1,R12,Security Engineer,15-1299.05,Work Activities,4.A.4.a.1,Interpreting the Meaning of Information for Others,Translating or explaining what information means and how it can be used.,3.89,4.47,19,0.032927,0.6982,top_rank,interpreting the meaning of information for others|explain technical details of products or services|explained|translated technical to business|briefed stakeholders|presented findings|explain regulations policies or procedures,ONET31.0-IS68076026-v1.0,O*NET 31.0 Database (August 2026 Release)
REQ-R12-2.A.1.b,R12,Security Engineer,15-1299.05,Essential Skills,2.A.1.b,Active Listening,"Giving full attention to what other people are saying, taking time to understand the points being made, asking questions as appropriate, and not interrupting at inappropriate times.",3.88,4.12,20,0.032842,0.6982,domain_quota,active listening|stakeholder interview|requirements gathering|gathered requirements|user interview|listened to stakeholders|elicitation|client meeting,ONET31.0-IS68076026-v1.0,O*NET 31.0 Database (August 2026 Release)
REQ-R12-4.A.2.b.6,R12,Security Engineer,15-1299.05,Work Activities,4.A.2.b.6,"Organizing, Planning, and Prioritizing Work","Developing specific goals and plans to prioritize, organize, and accomplish your work.",3.79,4.39,21,0.032081,0.6982,top_rank,organizing planning and prioritizing work|planning|prioritization|backlog grooming|work planning|organized tasks|sprint planning|project planning,ONET31.0-IS68076026-v1.0,O*NET 31.0 Database (August 2026 Release)
REQ-R12-4.A.4.a.3,R12,Security Engineer,15-1299.05,Work Activities,4.A.4.a.3,Communicating with People Outside the Organization,"Communicating with people outside the organization, representing the organization to customers, the public, government, and other external sources. This information can be exchanged in person, in writing, or by telephone or e-mail.",3.74,4.42,25,0.031657,0.6982,top_rank,communicating with people outside the organization|client communication|vendor communication|external stakeholders|provide information or assistance to the public|customer meeting,ONET31.0-IS68076026-v1.0,O*NET 31.0 Database (August 2026 Release)
REQ-R12-4.A.4.b.6,R12,Security Engineer,15-1299.05,Work Activities,4.A.4.b.6,Providing Consultation and Advice to Others,"Providing guidance and expert advice to management or other groups on technical, systems-, or process-related topics.",3.63,4.47,26,0.030726,0.6982,top_rank,providing consultation and advice to others|advise others on the design or use of technologies|advise others on business or operational matters|consulting|advised|technical consultation|recommendation to stakeholders,ONET31.0-IS68076026-v1.0,O*NET 31.0 Database (August 2026 Release)
REQ-R12-2.A.1.c,R12,Security Engineer,15-1299.05,Essential Skills,2.A.1.c,Writing,Communicating effectively in writing as appropriate for the needs of the audience.,3.62,4.12,30,0.030642,0.6982,top_rank,writing|technical writing|wrote documentation|authored|report writing|documented|runbook|user guide|published|white paper|readme,ONET31.0-IS68076026-v1.0,O*NET 31.0 Database (August 2026 Release)
REQ-R12-2.A.2.d,R12,Security Engineer,15-1299.05,Essential Skills,2.A.2.d,Monitoring,"Monitoring/Assessing performance of yourself, other individuals, or organizations to make improvements or take corrective action.",3.62,3.88,31,0.030642,0.6982,top_rank,monitoring|monitored|observability|tracked performance|kpi tracking|dashboard monitoring|alerting|health check|performance monitoring,ONET31.0-IS68076026-v1.0,O*NET 31.0 Database (August 2026 Release)
REQ-R12-4.A.2.b.2,R12,Security Engineer,15-1299.05,Work Activities,4.A.2.b.2,Thinking Creatively,"Developing, designing, or creating new applications, ideas, relationships, systems, or products, including artistic contributions.",3.58,4.32,32,0.030303,0.6982,top_rank,thinking creatively|design computer or information systems or applications|design databases|designed|developed new approach|innovation|created solution|proposed design|prototyping,ONET31.0-IS68076026-v1.0,O*NET 31.0 Database (August 2026 Release)
REQ-R12-2.C.7.a,R12,Security Engineer,15-1299.05,Knowledge,2.C.7.a,English Language,"Knowledge of the structure and content of the English language including the meaning and spelling of words, and rules of composition and grammar.",3.53,3.63,33,0.02988,0.6982,domain_quota,english language|english|technical english|business english|toeic|ielts|english proficiency|wrote in english|english communication,ONET31.0-IS68076026-v1.0,O*NET 31.0 Database (August 2026 Release)
REQ-R12-4.A.1.a.2,R12,Security Engineer,15-1299.05,Work Activities,4.A.1.a.2,"Monitoring Processes, Materials, or Surroundings","Monitoring and reviewing information from materials, events, or the environment, to detect or assess problems.",3.53,4.42,34,0.02988,0.6982,top_rank,monitoring processes|monitored operations|monitored systems|monitored equipment|observability|alerting|monitor operation of computer or information technologies|compliance monitoring,ONET31.0-IS68076026-v1.0,O*NET 31.0 Database (August 2026 Release)
REQ-R12-2.A.1.d,R12,Security Engineer,15-1299.05,Essential Skills,2.A.1.d,Speaking,Talking to others to convey information effectively.,3.5,4.12,37,0.029626,0.6982,top_rank,speaking|presented|presentation|demo|briefing|spoke at|public speaking|stand-up|knowledge sharing session|pitched,ONET31.0-IS68076026-v1.0,O*NET 31.0 Database (August 2026 Release)
REQ-R12-4.A.4.b.2,R12,Security Engineer,15-1299.05,Work Activities,4.A.4.b.2,Developing and Building Teams,"Encouraging and building mutual trust, respect, and cooperation among team members.",3.47,3.89,38,0.029372,0.6982,top_rank,developing and building teams|team building|provide support or encouragement to others|mentored team|onboarded new members|built the team|hiring,ONET31.0-IS68076026-v1.0,O*NET 31.0 Database (August 2026 Release)
REQ-R12-2.B.3.m,R12,Security Engineer,15-1299.05,Transferable Skills,2.B.3.m,Quality Control Analysis,"Conducting tests and inspections of products, services, or processes to evaluate quality or performance.",3.38,3.12,39,0.02861,0.6982,domain_quota,quality control analysis|quality assurance|qa|testing|test case|code review|inspection|defect analysis|validation|verification,ONET31.0-IS68076026-v1.0,O*NET 31.0 Database (August 2026 Release)
REQ-R12-2.B.4.g,R12,Security Engineer,15-1299.05,Transferable Skills,2.B.4.g,Systems Analysis,"Determining how a system should work and how changes in conditions, operations, and the environment will affect outcomes.",3.38,3.62,40,0.02861,0.6982,domain_quota,systems analysis|system analysis|analyzed system|impact analysis|data flow|process modeling|how the system works|dependency analysis,ONET31.0-IS68076026-v1.0,O*NET 31.0 Database (August 2026 Release)
REQ-R12-2.B.4.h,R12,Security Engineer,15-1299.05,Transferable Skills,2.B.4.h,Systems Evaluation,"Identifying measures or indicators of system performance and the actions needed to improve or correct performance, relative to the goals of the system.",3.38,3.75,41,0.02861,0.6982,domain_quota,systems evaluation|performance evaluation|benchmarking|measured system performance|capacity assessment|evaluated system|slo|sla review,ONET31.0-IS68076026-v1.0,O*NET 31.0 Database (August 2026 Release)
REQ-R13-4.A.3.b.1,R13,Penetration Tester,15-1299.04,Work Activities,4.A.3.b.1,Working with Computers,"Using computers and computer systems (including hardware and software) to program, write software, set up functions, enter data, or process information.",5.0,6.4,1,0.040206,0.6443,domain_quota,working with computers|program computer systems|implement security measures for computer or information systems|set up computer systems networks or other information systems|resolve computer problems|operate computer systems|process digital or online data|coding|deployment|configuration,ONET31.0-IS68076026-v1.0,O*NET 31.0 Database (August 2026 Release)
REQ-R13-2.C.3.a,R13,Penetration Tester,15-1299.04,Knowledge,2.C.3.a,Computers and Electronics,"Knowledge of circuit boards, processors, chips, electronic equipment, and computer hardware and software, including applications and programming.",4.95,6.55,2,0.039804,0.6443,domain_quota,computers and electronics|computer systems|hardware|software|operating system|linux|windows|server|application|programming|computer science,ONET31.0-IS68076026-v1.0,O*NET 31.0 Database (August 2026 Release)
REQ-R13-4.A.3.b.6,R13,Penetration Tester,15-1299.04,Work Activities,4.A.3.b.6,Documenting/Recording Information,"Entering, transcribing, recording, storing, or maintaining information in written or electronic/magnetic form.",4.65,5.2,3,0.037391,0.6443,domain_quota,documenting recording information|documentation|document technical designs procedures or activities|prepare reports of operational or procedural activities|maintain operational records|wrote report|logged|recorded|runbook|ticket notes,ONET31.0-IS68076026-v1.0,O*NET 31.0 Database (August 2026 Release)
REQ-R13-4.A.2.b.1,R13,Penetration Tester,15-1299.04,Work Activities,4.A.2.b.1,Making Decisions and Solving Problems,Analyzing information and evaluating results to choose the best solution and solve problems.,4.6,5.3,4,0.036989,0.6443,domain_quota,making decisions and solving problems|decision making|problem solving|diagnose system or equipment problems|determined operational methods or procedures|resolved|selected,ONET31.0-IS68076026-v1.0,O*NET 31.0 Database (August 2026 Release)
REQ-R13-4.A.1.a.1,R13,Penetration Tester,15-1299.04,Work Activities,4.A.1.a.1,Getting Information,"Observing, receiving, and otherwise obtaining information from all relevant sources.",4.58,5.4,5,0.036829,0.6443,top_rank,getting information|gathered information|collected data|research|investigated|read documents|gathered requirements|data collection|log collection,ONET31.0-IS68076026-v1.0,O*NET 31.0 Database (August 2026 Release)
REQ-R13-4.A.2.a.3,R13,Penetration Tester,15-1299.04,Work Activities,4.A.2.a.3,Evaluating Information to Determine Compliance with Standards,"Using relevant information and individual judgment to determine whether events or processes comply with laws, regulations, or standards.",4.55,5.25,6,0.036587,0.6443,top_rank,evaluating information to determine compliance with standards|compliance check|audit|standards compliance|policy compliance|examined documentation for accuracy or compliance|conformance review,ONET31.0-IS68076026-v1.0,O*NET 31.0 Database (August 2026 Release)
REQ-R13-4.A.2.b.3,R13,Penetration Tester,15-1299.04,Work Activities,4.A.2.b.3,Updating and Using Relevant Knowledge,Keeping up-to-date technically and applying new knowledge to your job.,4.45,6.1,7,0.035783,0.6443,top_rank,updating and using relevant knowledge|maintain current knowledge in area of expertise|kept up to date|continuous learning|certification|training attended|research new technology,ONET31.0-IS68076026-v1.0,O*NET 31.0 Database (August 2026 Release)
REQ-R13-4.A.2.a.4,R13,Penetration Tester,15-1299.04,Work Activities,4.A.2.a.4,Analyzing Data or Information,"Identifying the underlying principles, reasons, or facts of information by breaking down information or data into separate parts.",4.42,5.37,8,0.035542,0.6443,top_rank,analyzing data or information|data analysis|analyzed|analytics|analyzed performance of systems or equipment|analyzed data to improve operations|statistical analysis|log analysis|reporting,ONET31.0-IS68076026-v1.0,O*NET 31.0 Database (August 2026 Release)
REQ-R13-4.A.2.a.2,R13,Penetration Tester,15-1299.04,Work Activities,4.A.2.a.2,Processing Information,"Compiling, coding, categorizing, calculating, tabulating, auditing, or verifying information or data.",4.4,5.7,9,0.035381,0.6443,top_rank,processing information|data processing|etl|data cleaning|compiled records|aggregated data|transformed data|reconciled data|validated data quality,ONET31.0-IS68076026-v1.0,O*NET 31.0 Database (August 2026 Release)
REQ-R13-2.A.2.a,R13,Penetration Tester,15-1299.04,Essential Skills,2.A.2.a,Critical Thinking,"Using logic and reasoning to identify the strengths and weaknesses of alternative solutions, conclusions, or approaches to problems.",4.38,4.38,11,0.03522,0.6443,domain_quota,critical thinking|root cause analysis|evaluated alternatives|trade-off analysis|assessed options|analytical reasoning|weighed pros and cons|design review,ONET31.0-IS68076026-v1.0,O*NET 31.0 Database (August 2026 Release)
REQ-R13-4.A.2.b.2,R13,Penetration Tester,15-1299.04,Work Activities,4.A.2.b.2,Thinking Creatively,"Developing, designing, or creating new applications, ideas, relationships, systems, or products, including artistic contributions.",4.25,5.6,13,0.034175,0.6443,top_rank,thinking creatively|design computer or information systems or applications|design databases|designed|developed new approach|innovation|created solution|proposed design|prototyping,ONET31.0-IS68076026-v1.0,O*NET 31.0 Database (August 2026 Release)
REQ-R13-4.A.4.a.1,R13,Penetration Tester,15-1299.04,Work Activities,4.A.4.a.1,Interpreting the Meaning of Information for Others,Translating or explaining what information means and how it can be used.,4.25,5.25,14,0.034175,0.6443,top_rank,interpreting the meaning of information for others|explain technical details of products or services|explained|translated technical to business|briefed stakeholders|presented findings|explain regulations policies or procedures,ONET31.0-IS68076026-v1.0,O*NET 31.0 Database (August 2026 Release)
REQ-R13-4.A.1.b.1,R13,Penetration Tester,15-1299.04,Work Activities,4.A.1.b.1,"Identifying Objects, Actions, and Events","Identifying information by categorizing, estimating, recognizing differences or similarities, and detecting changes in circumstances or events.",4.2,5.35,15,0.033773,0.6443,top_rank,identifying objects actions and events|identified issues|detected|recognized patterns|classified|identified opportunities|anomaly detection|event identification,ONET31.0-IS68076026-v1.0,O*NET 31.0 Database (August 2026 Release)
REQ-R13-2.C.9.a,R13,Penetration Tester,15-1299.04,Knowledge,2.C.9.a,Telecommunications,"Knowledge of transmission, broadcasting, switching, control, and operation of telecommunications systems.",4.15,5.2,16,0.033371,0.6443,domain_quota,telecommunications|networking|network|tcp/ip|routing|switching|bgp|vpn|firewall|lan|wan|dns,ONET31.0-IS68076026-v1.0,O*NET 31.0 Database (August 2026 Release)
REQ-R13-4.A.4.a.2,R13,Penetration Tester,15-1299.04,Work Activities,4.A.4.a.2,"Communicating with Supervisors, Peers, or Subordinates","Providing information to supervisors, co-workers, and subordinates by telephone, in written form, e-mail, or in person.",4.15,5.15,17,0.033371,0.6443,top_rank,communicating with supervisors peers or subordinates|team communication|communicate with others about specifications or project details|reported to manager|stand-up|collaborated with team|internal communication,ONET31.0-IS68076026-v1.0,O*NET 31.0 Database (August 2026 Release)
REQ-R13-4.A.2.b.6,R13,Penetration Tester,15-1299.04,Work Activities,4.A.2.b.6,"Organizing, Planning, and Prioritizing Work","Developing specific goals and plans to prioritize, organize, and accomplish your work.",4.05,5.1,20,0.032567,0.6443,top_rank,organizing planning and prioritizing work|planning|prioritization|backlog grooming|work planning|organized tasks|sprint planning|project planning,ONET31.0-IS68076026-v1.0,O*NET 31.0 Database (August 2026 Release)
REQ-R13-2.A.1.a,R13,Penetration Tester,15-1299.04,Essential Skills,2.A.1.a,Reading Comprehension,Understanding written sentences and paragraphs in work-related documents.,4.0,4.5,23,0.032165,0.6443,domain_quota,reading comprehension|read documentation|technical documentation|specification|requirements document|read specs|rfc|reviewed documents|documentation review,ONET31.0-IS68076026-v1.0,O*NET 31.0 Database (August 2026 Release)
REQ-R13-2.A.1.c,R13,Penetration Tester,15-1299.04,Essential Skills,2.A.1.c,Writing,Communicating effectively in writing as appropriate for the needs of the audience.,4.0,4.12,24,0.032165,0.6443,domain_quota,writing|technical writing|wrote documentation|authored|report writing|documented|runbook|user guide|published|white paper|readme,ONET31.0-IS68076026-v1.0,O*NET 31.0 Database (August 2026 Release)
REQ-R13-2.C.3.b,R13,Penetration Tester,15-1299.04,Knowledge,2.C.3.b,Engineering and Technology,"Knowledge of the practical application of engineering science and technology. This includes applying principles, techniques, procedures, and equipment to the design and production of various goods and services.",3.95,5.1,25,0.031763,0.6443,domain_quota,engineering and technology|engineering|technical design|applied technology|system engineering|technology stack|technical architecture,ONET31.0-IS68076026-v1.0,O*NET 31.0 Database (August 2026 Release)
REQ-R13-4.A.4.a.3,R13,Penetration Tester,15-1299.04,Work Activities,4.A.4.a.3,Communicating with People Outside the Organization,"Communicating with people outside the organization, representing the organization to customers, the public, government, and other external sources. This information can be exchanged in person, in writing, or by telephone or e-mail.",3.95,4.75,26,0.031763,0.6443,top_rank,communicating with people outside the organization|client communication|vendor communication|external stakeholders|provide information or assistance to the public|customer meeting,ONET31.0-IS68076026-v1.0,O*NET 31.0 Database (August 2026 Release)
REQ-R13-2.A.1.b,R13,Penetration Tester,15-1299.04,Essential Skills,2.A.1.b,Active Listening,"Giving full attention to what other people are saying, taking time to understand the points being made, asking questions as appropriate, and not interrupting at inappropriate times.",3.88,4.0,30,0.0312,0.6443,top_rank,active listening|stakeholder interview|requirements gathering|gathered requirements|user interview|listened to stakeholders|elicitation|client meeting,ONET31.0-IS68076026-v1.0,O*NET 31.0 Database (August 2026 Release)
REQ-R13-2.B.2.i,R13,Penetration Tester,15-1299.04,Transferable Skills,2.B.2.i,Complex Problem Solving,Identifying complex problems and reviewing related information to develop and evaluate options and implement solutions.,3.88,3.88,31,0.0312,0.6443,domain_quota,complex problem solving|solved|resolved|troubleshooting complex issues|debugged|incident resolution|root cause|postmortem|problem solving,ONET31.0-IS68076026-v1.0,O*NET 31.0 Database (August 2026 Release)
REQ-R13-2.B.3.e,R13,Penetration Tester,15-1299.04,Transferable Skills,2.B.3.e,Programming,Writing computer programs for various purposes.,3.88,4.12,32,0.0312,0.6443,domain_quota,programming|coding|software development|developed|implemented|wrote code|python|java|javascript|typescript|c#|go|sql|scripting|api development|refactored,ONET31.0-IS68076026-v1.0,O*NET 31.0 Database (August 2026 Release)
REQ-R13-2.C.7.a,R13,Penetration Tester,15-1299.04,Knowledge,2.C.7.a,English Language,"Knowledge of the structure and content of the English language including the meaning and spelling of words, and rules of composition and grammar.",3.8,4.2,33,0.030556,0.6443,top_rank,english language|english|technical english|business english|toeic|ielts|english proficiency|wrote in english|english communication,ONET31.0-IS68076026-v1.0,O*NET 31.0 Database (August 2026 Release)
REQ-R13-2.C.1.e,R13,Penetration Tester,15-1299.04,Knowledge,2.C.1.e,Customer and Personal Service,"Knowledge of principles and processes for providing customer and personal services. This includes customer needs assessment, meeting quality standards for services, and evaluation of customer satisfaction.",3.75,4.25,35,0.030154,0.6443,top_rank,customer and personal service|customer service|client support|service desk|user support|customer requirements|sla|stakeholder management|end-user,ONET31.0-IS68076026-v1.0,O*NET 31.0 Database (August 2026 Release)
REQ-R13-4.A.4.b.6,R13,Penetration Tester,15-1299.04,Work Activities,4.A.4.b.6,Providing Consultation and Advice to Others,"Providing guidance and expert advice to management or other groups on technical, systems-, or process-related topics.",3.75,4.8,36,0.030154,0.6443,top_rank,providing consultation and advice to others|advise others on the design or use of technologies|advise others on business or operational matters|consulting|advised|technical consultation|recommendation to stakeholders,ONET31.0-IS68076026-v1.0,O*NET 31.0 Database (August 2026 Release)
REQ-R13-4.A.1.a.2,R13,Penetration Tester,15-1299.04,Work Activities,4.A.1.a.2,"Monitoring Processes, Materials, or Surroundings","Monitoring and reviewing information from materials, events, or the environment, to detect or assess problems.",3.65,4.35,37,0.02935,0.6443,top_rank,monitoring processes|monitored operations|monitored systems|monitored equipment|observability|alerting|monitor operation of computer or information technologies|compliance monitoring,ONET31.0-IS68076026-v1.0,O*NET 31.0 Database (August 2026 Release)
REQ-R13-2.A.2.b,R13,Penetration Tester,15-1299.04,Essential Skills,2.A.2.b,Active Learning,Understanding the implications of new information for both current and future problem-solving and decision-making.,3.62,4.12,40,0.029109,0.6443,top_rank,active learning|self-taught|learned|upskilled|certification|completed course|continuous learning|kept up to date|new technology adoption,ONET31.0-IS68076026-v1.0,O*NET 31.0 Database (August 2026 Release)
REQ-R13-2.B.4.h,R13,Penetration Tester,15-1299.04,Transferable Skills,2.B.4.h,Systems Evaluation,"Identifying measures or indicators of system performance and the actions needed to improve or correct performance, relative to the goals of the system.",3.62,4.12,41,0.029109,0.6443,domain_quota,systems evaluation|performance evaluation|benchmarking|measured system performance|capacity assessment|evaluated system|slo|sla review,ONET31.0-IS68076026-v1.0,O*NET 31.0 Database (August 2026 Release)
REQ-R13-4.A.2.b.4,R13,Penetration Tester,15-1299.04,Work Activities,4.A.2.b.4,Developing Objectives and Strategies,Establishing long-range objectives and specifying the strategies and actions to achieve them.,3.6,4.05,42,0.028948,0.6443,top_rank,developing objectives and strategies|roadmap|strategy|develop organizational policies systems or processes|defined objectives|technical strategy|okr|planning,ONET31.0-IS68076026-v1.0,O*NET 31.0 Database (August 2026 Release)
REQ-R14-4.A.3.b.1,R14,Digital Forensics & Incident Response,15-1299.06,Work Activities,4.A.3.b.1,Working with Computers,"Using computers and computer systems (including hardware and software) to program, write software, set up functions, enter data, or process information.",4.85,6.04,1,0.041933,0.8022,domain_quota,working with computers|program computer systems|implement security measures for computer or information systems|set up computer systems networks or other information systems|resolve computer problems|operate computer systems|process digital or online data|coding|deployment|configuration,ONET31.0-IS68076026-v1.0,O*NET 31.0 Database (August 2026 Release)
REQ-R14-2.C.3.a,R14,Digital Forensics & Incident Response,15-1299.06,Knowledge,2.C.3.a,Computers and Electronics,"Knowledge of circuit boards, processors, chips, electronic equipment, and computer hardware and software, including applications and programming.",4.68,6.07,2,0.040463,0.8022,domain_quota,computers and electronics|computer systems|hardware|software|operating system|linux|windows|server|application|programming|computer science,ONET31.0-IS68076026-v1.0,O*NET 31.0 Database (August 2026 Release)
REQ-R14-4.A.2.b.3,R14,Digital Forensics & Incident Response,15-1299.06,Work Activities,4.A.2.b.3,Updating and Using Relevant Knowledge,Keeping up-to-date technically and applying new knowledge to your job.,4.65,6.22,3,0.040204,0.8022,domain_quota,updating and using relevant knowledge|maintain current knowledge in area of expertise|kept up to date|continuous learning|certification|training attended|research new technology,ONET31.0-IS68076026-v1.0,O*NET 31.0 Database (August 2026 Release)
REQ-R14-4.A.2.a.4,R14,Digital Forensics & Incident Response,15-1299.06,Work Activities,4.A.2.a.4,Analyzing Data or Information,"Identifying the underlying principles, reasons, or facts of information by breaking down information or data into separate parts.",4.48,5.89,4,0.038734,0.8022,domain_quota,analyzing data or information|data analysis|analyzed|analytics|analyzed performance of systems or equipment|analyzed data to improve operations|statistical analysis|log analysis|reporting,ONET31.0-IS68076026-v1.0,O*NET 31.0 Database (August 2026 Release)
REQ-R14-4.A.1.a.1,R14,Digital Forensics & Incident Response,15-1299.06,Work Activities,4.A.1.a.1,Getting Information,"Observing, receiving, and otherwise obtaining information from all relevant sources.",4.44,5.11,5,0.038388,0.8022,top_rank,getting information|gathered information|collected data|research|investigated|read documents|gathered requirements|data collection|log collection,ONET31.0-IS68076026-v1.0,O*NET 31.0 Database (August 2026 Release)
REQ-R14-4.A.3.b.6,R14,Digital Forensics & Incident Response,15-1299.06,Work Activities,4.A.3.b.6,Documenting/Recording Information,"Entering, transcribing, recording, storing, or maintaining information in written or electronic/magnetic form.",4.44,5.7,6,0.038388,0.8022,top_rank,documenting recording information|documentation|document technical designs procedures or activities|prepare reports of operational or procedural activities|maintain operational records|wrote report|logged|recorded|runbook|ticket notes,ONET31.0-IS68076026-v1.0,O*NET 31.0 Database (August 2026 Release)
REQ-R14-4.A.4.a.1,R14,Digital Forensics & Incident Response,15-1299.06,Work Activities,4.A.4.a.1,Interpreting the Meaning of Information for Others,Translating or explaining what information means and how it can be used.,4.3,5.38,7,0.037178,0.8022,top_rank,interpreting the meaning of information for others|explain technical details of products or services|explained|translated technical to business|briefed stakeholders|presented findings|explain regulations policies or procedures,ONET31.0-IS68076026-v1.0,O*NET 31.0 Database (August 2026 Release)
REQ-R14-4.A.2.a.2,R14,Digital Forensics & Incident Response,15-1299.06,Work Activities,4.A.2.a.2,Processing Information,"Compiling, coding, categorizing, calculating, tabulating, auditing, or verifying information or data.",4.26,5.7,8,0.036832,0.8022,top_rank,processing information|data processing|etl|data cleaning|compiled records|aggregated data|transformed data|reconciled data|validated data quality,ONET31.0-IS68076026-v1.0,O*NET 31.0 Database (August 2026 Release)
REQ-R14-4.A.1.b.1,R14,Digital Forensics & Incident Response,15-1299.06,Work Activities,4.A.1.b.1,"Identifying Objects, Actions, and Events","Identifying information by categorizing, estimating, recognizing differences or similarities, and detecting changes in circumstances or events.",4.12,5.42,9,0.035622,0.8022,top_rank,identifying objects actions and events|identified issues|detected|recognized patterns|classified|identified opportunities|anomaly detection|event identification,ONET31.0-IS68076026-v1.0,O*NET 31.0 Database (August 2026 Release)
REQ-R14-4.A.2.b.1,R14,Digital Forensics & Incident Response,15-1299.06,Work Activities,4.A.2.b.1,Making Decisions and Solving Problems,Analyzing information and evaluating results to choose the best solution and solve problems.,4.04,5.3,10,0.03493,0.8022,top_rank,making decisions and solving problems|decision making|problem solving|diagnose system or equipment problems|determined operational methods or procedures|resolved|selected,ONET31.0-IS68076026-v1.0,O*NET 31.0 Database (August 2026 Release)
REQ-R14-4.A.2.b.6,R14,Digital Forensics & Incident Response,15-1299.06,Work Activities,4.A.2.b.6,"Organizing, Planning, and Prioritizing Work","Developing specific goals and plans to prioritize, organize, and accomplish your work.",3.96,4.96,13,0.034238,0.8022,top_rank,organizing planning and prioritizing work|planning|prioritization|backlog grooming|work planning|organized tasks|sprint planning|project planning,ONET31.0-IS68076026-v1.0,O*NET 31.0 Database (August 2026 Release)
REQ-R14-4.A.4.a.3,R14,Digital Forensics & Incident Response,15-1299.06,Work Activities,4.A.4.a.3,Communicating with People Outside the Organization,"Communicating with people outside the organization, representing the organization to customers, the public, government, and other external sources. This information can be exchanged in person, in writing, or by telephone or e-mail.",3.88,5.37,17,0.033547,0.8022,top_rank,communicating with people outside the organization|client communication|vendor communication|external stakeholders|provide information or assistance to the public|customer meeting,ONET31.0-IS68076026-v1.0,O*NET 31.0 Database (August 2026 Release)
REQ-R14-4.A.4.a.2,R14,Digital Forensics & Incident Response,15-1299.06,Work Activities,4.A.4.a.2,"Communicating with Supervisors, Peers, or Subordinates","Providing information to supervisors, co-workers, and subordinates by telephone, in written form, e-mail, or in person.",3.85,5.04,18,0.033287,0.8022,top_rank,communicating with supervisors peers or subordinates|team communication|communicate with others about specifications or project details|reported to manager|stand-up|collaborated with team|internal communication,ONET31.0-IS68076026-v1.0,O*NET 31.0 Database (August 2026 Release)
REQ-R14-2.A.1.a,R14,Digital Forensics & Incident Response,15-1299.06,Essential Skills,2.A.1.a,Reading Comprehension,Understanding written sentences and paragraphs in work-related documents.,3.75,3.75,19,0.032423,0.8022,domain_quota,reading comprehension|read documentation|technical documentation|specification|requirements document|read specs|rfc|reviewed documents|documentation review,ONET31.0-IS68076026-v1.0,O*NET 31.0 Database (August 2026 Release)
REQ-R14-2.C.8.b,R14,Digital Forensics & Incident Response,15-1299.06,Knowledge,2.C.8.b,Law and Government,"Knowledge of laws, legal codes, court procedures, precedents, government regulations, executive orders, agency rules, and the democratic political process.",3.72,4.27,20,0.032163,0.8022,domain_quota,law and government|regulation|compliance|legal|policy|gdpr|pdpa|regulatory requirements|chain of custody|legislation,ONET31.0-IS68076026-v1.0,O*NET 31.0 Database (August 2026 Release)
REQ-R14-2.C.7.a,R14,Digital Forensics & Incident Response,15-1299.06,Knowledge,2.C.7.a,English Language,"Knowledge of the structure and content of the English language including the meaning and spelling of words, and rules of composition and grammar.",3.7,4.59,21,0.03199,0.8022,domain_quota,english language|english|technical english|business english|toeic|ielts|english proficiency|wrote in english|english communication,ONET31.0-IS68076026-v1.0,O*NET 31.0 Database (August 2026 Release)
REQ-R14-4.A.2.b.2,R14,Digital Forensics & Incident Response,15-1299.06,Work Activities,4.A.2.b.2,Thinking Creatively,"Developing, designing, or creating new applications, ideas, relationships, systems, or products, including artistic contributions.",3.7,5.07,22,0.03199,0.8022,top_rank,thinking creatively|design computer or information systems or applications|design databases|designed|developed new approach|innovation|created solution|proposed design|prototyping,ONET31.0-IS68076026-v1.0,O*NET 31.0 Database (August 2026 Release)
REQ-R14-4.A.1.a.2,R14,Digital Forensics & Incident Response,15-1299.06,Work Activities,4.A.1.a.2,"Monitoring Processes, Materials, or Surroundings","Monitoring and reviewing information from materials, events, or the environment, to detect or assess problems.",3.67,4.56,23,0.031731,0.8022,top_rank,monitoring processes|monitored operations|monitored systems|monitored equipment|observability|alerting|monitor operation of computer or information technologies|compliance monitoring,ONET31.0-IS68076026-v1.0,O*NET 31.0 Database (August 2026 Release)
REQ-R14-4.A.4.b.6,R14,Digital Forensics & Incident Response,15-1299.06,Work Activities,4.A.4.b.6,Providing Consultation and Advice to Others,"Providing guidance and expert advice to management or other groups on technical, systems-, or process-related topics.",3.59,4.81,27,0.031039,0.8022,top_rank,providing consultation and advice to others|advise others on the design or use of technologies|advise others on business or operational matters|consulting|advised|technical consultation|recommendation to stakeholders,ONET31.0-IS68076026-v1.0,O*NET 31.0 Database (August 2026 Release)
REQ-R14-4.A.4.a.4,R14,Digital Forensics & Incident Response,15-1299.06,Work Activities,4.A.4.a.4,Establishing and Maintaining Interpersonal Relationships,"Developing constructive and cooperative working relationships with others, and maintaining them over time.",3.54,4.58,28,0.030607,0.8022,top_rank,establishing and maintaining interpersonal relationships|develop professional relationships or networks|built relationships|stakeholder relationship|networking|teamwork|cross-team collaboration,ONET31.0-IS68076026-v1.0,O*NET 31.0 Database (August 2026 Release)
REQ-R14-4.A.2.a.3,R14,Digital Forensics & Incident Response,15-1299.06,Work Activities,4.A.2.a.3,Evaluating Information to Determine Compliance with Standards,"Using relevant information and individual judgment to determine whether events or processes comply with laws, regulations, or standards.",3.52,4.7,29,0.030434,0.8022,top_rank,evaluating information to determine compliance with standards|compliance check|audit|standards compliance|policy compliance|examined documentation for accuracy or compliance|conformance review,ONET31.0-IS68076026-v1.0,O*NET 31.0 Database (August 2026 Release)
REQ-R14-2.A.1.b,R14,Digital Forensics & Incident Response,15-1299.06,Essential Skills,2.A.1.b,Active Listening,"Giving full attention to what other people are saying, taking time to understand the points being made, asking questions as appropriate, and not interrupting at inappropriate times.",3.5,3.5,32,0.030261,0.8022,domain_quota,active listening|stakeholder interview|requirements gathering|gathered requirements|user interview|listened to stakeholders|elicitation|client meeting,ONET31.0-IS68076026-v1.0,O*NET 31.0 Database (August 2026 Release)
REQ-R14-2.A.1.c,R14,Digital Forensics & Incident Response,15-1299.06,Essential Skills,2.A.1.c,Writing,Communicating effectively in writing as appropriate for the needs of the audience.,3.5,3.88,33,0.030261,0.8022,domain_quota,writing|technical writing|wrote documentation|authored|report writing|documented|runbook|user guide|published|white paper|readme,ONET31.0-IS68076026-v1.0,O*NET 31.0 Database (August 2026 Release)
REQ-R14-2.A.1.d,R14,Digital Forensics & Incident Response,15-1299.06,Essential Skills,2.A.1.d,Speaking,Talking to others to convey information effectively.,3.5,3.75,34,0.030261,0.8022,top_rank,speaking|presented|presentation|demo|briefing|spoke at|public speaking|stand-up|knowledge sharing session|pitched,ONET31.0-IS68076026-v1.0,O*NET 31.0 Database (August 2026 Release)
REQ-R14-2.B.4.e,R14,Digital Forensics & Incident Response,15-1299.06,Transferable Skills,2.B.4.e,Judgment and Decision Making,Considering the relative costs and benefits of potential actions to choose the most appropriate one.,3.5,3.38,35,0.030261,0.8022,domain_quota,judgment and decision making|decision making|prioritized|selected approach|made trade-offs|chose technology|approved|recommended,ONET31.0-IS68076026-v1.0,O*NET 31.0 Database (August 2026 Release)
REQ-R14-2.A.2.b,R14,Digital Forensics & Incident Response,15-1299.06,Essential Skills,2.A.2.b,Active Learning,Understanding the implications of new information for both current and future problem-solving and decision-making.,3.38,3.25,37,0.029224,0.8022,top_rank,active learning|self-taught|learned|upskilled|certification|completed course|continuous learning|kept up to date|new technology adoption,ONET31.0-IS68076026-v1.0,O*NET 31.0 Database (August 2026 Release)
REQ-R14-2.B.2.i,R14,Digital Forensics & Incident Response,15-1299.06,Transferable Skills,2.B.2.i,Complex Problem Solving,Identifying complex problems and reviewing related information to develop and evaluate options and implement solutions.,3.38,3.25,38,0.029224,0.8022,domain_quota,complex problem solving|solved|resolved|troubleshooting complex issues|debugged|incident resolution|root cause|postmortem|problem solving,ONET31.0-IS68076026-v1.0,O*NET 31.0 Database (August 2026 Release)
REQ-R14-4.A.3.b.5,R14,Digital Forensics & Incident Response,15-1299.06,Work Activities,4.A.3.b.5,Repairing and Maintaining Electronic Equipment,"Servicing, repairing, calibrating, regulating, fine-tuning, or testing machines, devices, and equipment that operate primarily on the basis of electrical or electronic (not mechanical) principles.",3.33,4.58,39,0.028791,0.8022,top_rank,repairing and maintaining electronic equipment|hardware maintenance|maintain electronic computer or other technical equipment|repaired|replaced hardware|device maintenance|patching,ONET31.0-IS68076026-v1.0,O*NET 31.0 Database (August 2026 Release)
REQ-R14-4.A.4.c.1,R14,Digital Forensics & Incident Response,15-1299.06,Work Activities,4.A.4.c.1,Performing Administrative Activities,Performing day-to-day administrative tasks such as maintaining information files and processing paperwork.,3.31,4.15,40,0.028618,0.8022,top_rank,performing administrative activities|administrative|perform administrative or clerical activities|issue documentation|record keeping|reporting administration|asset register,ONET31.0-IS68076026-v1.0,O*NET 31.0 Database (August 2026 Release)
REQ-R14-2.B.4.g,R14,Digital Forensics & Incident Response,15-1299.06,Transferable Skills,2.B.4.g,Systems Analysis,"Determining how a system should work and how changes in conditions, operations, and the environment will affect outcomes.",3.12,3.12,52,0.026976,0.8022,domain_quota,systems analysis|system analysis|analyzed system|impact analysis|data flow|process modeling|how the system works|dependency analysis,ONET31.0-IS68076026-v1.0,O*NET 31.0 Database (August 2026 Release)
REQ-R15-4.A.3.b.1,R15,Network Engineer / Architect,15-1241.00,Work Activities,4.A.3.b.1,Working with Computers,"Using computers and computer systems (including hardware and software) to program, write software, set up functions, enter data, or process information.",4.75,5.8,1,0.040292,0.5544,domain_quota,working with computers|program computer systems|implement security measures for computer or information systems|set up computer systems networks or other information systems|resolve computer problems|operate computer systems|process digital or online data|coding|deployment|configuration,ONET31.0-IS68076026-v1.0,O*NET 31.0 Database (August 2026 Release)
REQ-R15-2.C.3.a,R15,Network Engineer / Architect,15-1241.00,Knowledge,2.C.3.a,Computers and Electronics,"Knowledge of circuit boards, processors, chips, electronic equipment, and computer hardware and software, including applications and programming.",4.68,6.05,2,0.039698,0.5544,domain_quota,computers and electronics|computer systems|hardware|software|operating system|linux|windows|server|application|programming|computer science,ONET31.0-IS68076026-v1.0,O*NET 31.0 Database (August 2026 Release)
REQ-R15-4.A.1.a.1,R15,Network Engineer / Architect,15-1241.00,Work Activities,4.A.1.a.1,Getting Information,"Observing, receiving, and otherwise obtaining information from all relevant sources.",4.4,4.95,3,0.037323,0.5544,domain_quota,getting information|gathered information|collected data|research|investigated|read documents|gathered requirements|data collection|log collection,ONET31.0-IS68076026-v1.0,O*NET 31.0 Database (August 2026 Release)
REQ-R15-4.A.2.b.3,R15,Network Engineer / Architect,15-1241.00,Work Activities,4.A.2.b.3,Updating and Using Relevant Knowledge,Keeping up-to-date technically and applying new knowledge to your job.,4.3,5.6,4,0.036475,0.5544,domain_quota,updating and using relevant knowledge|maintain current knowledge in area of expertise|kept up to date|continuous learning|certification|training attended|research new technology,ONET31.0-IS68076026-v1.0,O*NET 31.0 Database (August 2026 Release)
REQ-R15-2.C.3.b,R15,Network Engineer / Architect,15-1241.00,Knowledge,2.C.3.b,Engineering and Technology,"Knowledge of the practical application of engineering science and technology. This includes applying principles, techniques, procedures, and equipment to the design and production of various goods and services.",4.25,5.0,5,0.036051,0.5544,domain_quota,engineering and technology|engineering|technical design|applied technology|system engineering|technology stack|technical architecture,ONET31.0-IS68076026-v1.0,O*NET 31.0 Database (August 2026 Release)
REQ-R15-2.C.9.a,R15,Network Engineer / Architect,15-1241.00,Knowledge,2.C.9.a,Telecommunications,"Knowledge of transmission, broadcasting, switching, control, and operation of telecommunications systems.",4.25,5.0,6,0.036051,0.5544,domain_quota,telecommunications|networking|network|tcp/ip|routing|switching|bgp|vpn|firewall|lan|wan|dns,ONET31.0-IS68076026-v1.0,O*NET 31.0 Database (August 2026 Release)
REQ-R15-4.A.2.a.3,R15,Network Engineer / Architect,15-1241.00,Work Activities,4.A.2.a.3,Evaluating Information to Determine Compliance with Standards,"Using relevant information and individual judgment to determine whether events or processes comply with laws, regulations, or standards.",4.15,4.85,7,0.035202,0.5544,top_rank,evaluating information to determine compliance with standards|compliance check|audit|standards compliance|policy compliance|examined documentation for accuracy or compliance|conformance review,ONET31.0-IS68076026-v1.0,O*NET 31.0 Database (August 2026 Release)
REQ-R15-2.A.2.a,R15,Network Engineer / Architect,15-1241.00,Essential Skills,2.A.2.a,Critical Thinking,"Using logic and reasoning to identify the strengths and weaknesses of alternative solutions, conclusions, or approaches to problems.",4.12,4.12,8,0.034948,0.5544,domain_quota,critical thinking|root cause analysis|evaluated alternatives|trade-off analysis|assessed options|analytical reasoning|weighed pros and cons|design review,ONET31.0-IS68076026-v1.0,O*NET 31.0 Database (August 2026 Release)
REQ-R15-4.A.2.b.1,R15,Network Engineer / Architect,15-1241.00,Work Activities,4.A.2.b.1,Making Decisions and Solving Problems,Analyzing information and evaluating results to choose the best solution and solve problems.,4.05,4.7,9,0.034354,0.5544,top_rank,making decisions and solving problems|decision making|problem solving|diagnose system or equipment problems|determined operational methods or procedures|resolved|selected,ONET31.0-IS68076026-v1.0,O*NET 31.0 Database (August 2026 Release)
REQ-R15-2.A.1.a,R15,Network Engineer / Architect,15-1241.00,Essential Skills,2.A.1.a,Reading Comprehension,Understanding written sentences and paragraphs in work-related documents.,4.0,4.12,18,0.03393,0.5544,domain_quota,reading comprehension|read documentation|technical documentation|specification|requirements document|read specs|rfc|reviewed documents|documentation review,ONET31.0-IS68076026-v1.0,O*NET 31.0 Database (August 2026 Release)
REQ-R15-4.A.4.a.2,R15,Network Engineer / Architect,15-1241.00,Work Activities,4.A.4.a.2,"Communicating with Supervisors, Peers, or Subordinates","Providing information to supervisors, co-workers, and subordinates by telephone, in written form, e-mail, or in person.",4.0,5.05,19,0.03393,0.5544,top_rank,communicating with supervisors peers or subordinates|team communication|communicate with others about specifications or project details|reported to manager|stand-up|collaborated with team|internal communication,ONET31.0-IS68076026-v1.0,O*NET 31.0 Database (August 2026 Release)
REQ-R15-4.A.1.a.2,R15,Network Engineer / Architect,15-1241.00,Work Activities,4.A.1.a.2,"Monitoring Processes, Materials, or Surroundings","Monitoring and reviewing information from materials, events, or the environment, to detect or assess problems.",3.95,4.55,20,0.033506,0.5544,top_rank,monitoring processes|monitored operations|monitored systems|monitored equipment|observability|alerting|monitor operation of computer or information technologies|compliance monitoring,ONET31.0-IS68076026-v1.0,O*NET 31.0 Database (August 2026 Release)
REQ-R15-4.A.1.b.1,R15,Network Engineer / Architect,15-1241.00,Work Activities,4.A.1.b.1,"Identifying Objects, Actions, and Events","Identifying information by categorizing, estimating, recognizing differences or similarities, and detecting changes in circumstances or events.",3.95,4.85,21,0.033506,0.5544,top_rank,identifying objects actions and events|identified issues|detected|recognized patterns|classified|identified opportunities|anomaly detection|event identification,ONET31.0-IS68076026-v1.0,O*NET 31.0 Database (August 2026 Release)
REQ-R15-4.A.2.a.4,R15,Network Engineer / Architect,15-1241.00,Work Activities,4.A.2.a.4,Analyzing Data or Information,"Identifying the underlying principles, reasons, or facts of information by breaking down information or data into separate parts.",3.9,4.5,22,0.033082,0.5544,top_rank,analyzing data or information|data analysis|analyzed|analytics|analyzed performance of systems or equipment|analyzed data to improve operations|statistical analysis|log analysis|reporting,ONET31.0-IS68076026-v1.0,O*NET 31.0 Database (August 2026 Release)
REQ-R15-4.A.3.b.6,R15,Network Engineer / Architect,15-1241.00,Work Activities,4.A.3.b.6,Documenting/Recording Information,"Entering, transcribing, recording, storing, or maintaining information in written or electronic/magnetic form.",3.9,4.45,23,0.033082,0.5544,top_rank,documenting recording information|documentation|document technical designs procedures or activities|prepare reports of operational or procedural activities|maintain operational records|wrote report|logged|recorded|runbook|ticket notes,ONET31.0-IS68076026-v1.0,O*NET 31.0 Database (August 2026 Release)
REQ-R15-2.B.2.i,R15,Network Engineer / Architect,15-1241.00,Transferable Skills,2.B.2.i,Complex Problem Solving,Identifying complex problems and reviewing related information to develop and evaluate options and implement solutions.,3.88,4.12,24,0.032912,0.5544,domain_quota,complex problem solving|solved|resolved|troubleshooting complex issues|debugged|incident resolution|root cause|postmortem|problem solving,ONET31.0-IS68076026-v1.0,O*NET 31.0 Database (August 2026 Release)
REQ-R15-2.B.3.e,R15,Network Engineer / Architect,15-1241.00,Transferable Skills,2.B.3.e,Programming,Writing computer programs for various purposes.,3.88,3.62,25,0.032912,0.5544,domain_quota,programming|coding|software development|developed|implemented|wrote code|python|java|javascript|typescript|c#|go|sql|scripting|api development|refactored,ONET31.0-IS68076026-v1.0,O*NET 31.0 Database (August 2026 Release)
REQ-R15-2.B.4.h,R15,Network Engineer / Architect,15-1241.00,Transferable Skills,2.B.4.h,Systems Evaluation,"Identifying measures or indicators of system performance and the actions needed to improve or correct performance, relative to the goals of the system.",3.88,3.88,26,0.032912,0.5544,domain_quota,systems evaluation|performance evaluation|benchmarking|measured system performance|capacity assessment|evaluated system|slo|sla review,ONET31.0-IS68076026-v1.0,O*NET 31.0 Database (August 2026 Release)
REQ-R15-4.A.2.a.2,R15,Network Engineer / Architect,15-1241.00,Work Activities,4.A.2.a.2,Processing Information,"Compiling, coding, categorizing, calculating, tabulating, auditing, or verifying information or data.",3.85,4.9,27,0.032658,0.5544,top_rank,processing information|data processing|etl|data cleaning|compiled records|aggregated data|transformed data|reconciled data|validated data quality,ONET31.0-IS68076026-v1.0,O*NET 31.0 Database (August 2026 Release)
REQ-R15-2.C.7.a,R15,Network Engineer / Architect,15-1241.00,Knowledge,2.C.7.a,English Language,"Knowledge of the structure and content of the English language including the meaning and spelling of words, and rules of composition and grammar.",3.8,4.05,28,0.032233,0.5544,top_rank,english language|english|technical english|business english|toeic|ielts|english proficiency|wrote in english|english communication,ONET31.0-IS68076026-v1.0,O*NET 31.0 Database (August 2026 Release)
REQ-R15-2.A.1.b,R15,Network Engineer / Architect,15-1241.00,Essential Skills,2.A.1.b,Active Listening,"Giving full attention to what other people are saying, taking time to understand the points being made, asking questions as appropriate, and not interrupting at inappropriate times.",3.75,3.88,31,0.031809,0.5544,domain_quota,active listening|stakeholder interview|requirements gathering|gathered requirements|user interview|listened to stakeholders|elicitation|client meeting,ONET31.0-IS68076026-v1.0,O*NET 31.0 Database (August 2026 Release)
REQ-R15-2.B.4.e,R15,Network Engineer / Architect,15-1241.00,Transferable Skills,2.B.4.e,Judgment and Decision Making,Considering the relative costs and benefits of potential actions to choose the most appropriate one.,3.75,4.0,32,0.031809,0.5544,top_rank,judgment and decision making|decision making|prioritized|selected approach|made trade-offs|chose technology|approved|recommended,ONET31.0-IS68076026-v1.0,O*NET 31.0 Database (August 2026 Release)
REQ-R15-2.B.4.g,R15,Network Engineer / Architect,15-1241.00,Transferable Skills,2.B.4.g,Systems Analysis,"Determining how a system should work and how changes in conditions, operations, and the environment will affect outcomes.",3.75,3.88,33,0.031809,0.5544,top_rank,systems analysis|system analysis|analyzed system|impact analysis|data flow|process modeling|how the system works|dependency analysis,ONET31.0-IS68076026-v1.0,O*NET 31.0 Database (August 2026 Release)
REQ-R15-2.A.1.c,R15,Network Engineer / Architect,15-1241.00,Essential Skills,2.A.1.c,Writing,Communicating effectively in writing as appropriate for the needs of the audience.,3.62,3.75,34,0.030707,0.5544,top_rank,writing|technical writing|wrote documentation|authored|report writing|documented|runbook|user guide|published|white paper|readme,ONET31.0-IS68076026-v1.0,O*NET 31.0 Database (August 2026 Release)
REQ-R15-4.A.2.b.6,R15,Network Engineer / Architect,15-1241.00,Work Activities,4.A.2.b.6,"Organizing, Planning, and Prioritizing Work","Developing specific goals and plans to prioritize, organize, and accomplish your work.",3.58,5.5,35,0.030367,0.5544,top_rank,organizing planning and prioritizing work|planning|prioritization|backlog grooming|work planning|organized tasks|sprint planning|project planning,ONET31.0-IS68076026-v1.0,O*NET 31.0 Database (August 2026 Release)
REQ-R15-2.A.1.d,R15,Network Engineer / Architect,15-1241.00,Essential Skills,2.A.1.d,Speaking,Talking to others to convey information effectively.,3.5,3.88,37,0.029689,0.5544,top_rank,speaking|presented|presentation|demo|briefing|spoke at|public speaking|stand-up|knowledge sharing session|pitched,ONET31.0-IS68076026-v1.0,O*NET 31.0 Database (August 2026 Release)
REQ-R15-2.B.1.b,R15,Network Engineer / Architect,15-1241.00,Transferable Skills,2.B.1.b,Coordination,Adjusting actions in relation to others' actions.,3.5,3.62,38,0.029689,0.5544,top_rank,coordination|coordinated|cross-functional|liaised|aligned teams|worked with teams|stakeholder coordination|scrum ceremonies,ONET31.0-IS68076026-v1.0,O*NET 31.0 Database (August 2026 Release)
REQ-R15-4.A.1.b.2,R15,Network Engineer / Architect,15-1241.00,Work Activities,4.A.1.b.2,"Inspecting Equipment, Structures, or Materials","Inspecting equipment, structures, or materials to identify the cause of errors or other problems or defects.",3.5,3.95,39,0.029689,0.5544,top_rank,inspecting equipment structures or materials|inspection|tested performance of computer or information systems|hardware inspection|equipment check|system test|audit of equipment,ONET31.0-IS68076026-v1.0,O*NET 31.0 Database (August 2026 Release)
REQ-R15-4.A.2.b.4,R15,Network Engineer / Architect,15-1241.00,Work Activities,4.A.2.b.4,Developing Objectives and Strategies,Establishing long-range objectives and specifying the strategies and actions to achieve them.,3.5,3.95,40,0.029689,0.5544,top_rank,developing objectives and strategies|roadmap|strategy|develop organizational policies systems or processes|defined objectives|technical strategy|okr|planning,ONET31.0-IS68076026-v1.0,O*NET 31.0 Database (August 2026 Release)
REQ-R15-4.A.4.a.1,R15,Network Engineer / Architect,15-1241.00,Work Activities,4.A.4.a.1,Interpreting the Meaning of Information for Others,Translating or explaining what information means and how it can be used.,3.5,3.5,41,0.029689,0.5544,top_rank,interpreting the meaning of information for others|explain technical details of products or services|explained|translated technical to business|briefed stakeholders|presented findings|explain regulations policies or procedures,ONET31.0-IS68076026-v1.0,O*NET 31.0 Database (August 2026 Release)
REQ-R16-2.C.3.a,R16,Cloud Engineer / Solutions Architect,15-1299.08,Knowledge,2.C.3.a,Computers and Electronics,"Knowledge of circuit boards, processors, chips, electronic equipment, and computer hardware and software, including applications and programming.",4.91,6.32,1,0.041333,0.5832,domain_quota,computers and electronics|computer systems|hardware|software|operating system|linux|windows|server|application|programming|computer science,ONET31.0-IS68076026-v1.0,O*NET 31.0 Database (August 2026 Release)
REQ-R16-4.A.3.b.1,R16,Cloud Engineer / Solutions Architect,15-1299.08,Work Activities,4.A.3.b.1,Working with Computers,"Using computers and computer systems (including hardware and software) to program, write software, set up functions, enter data, or process information.",4.68,5.77,2,0.039397,0.5832,domain_quota,working with computers|program computer systems|implement security measures for computer or information systems|set up computer systems networks or other information systems|resolve computer problems|operate computer systems|process digital or online data|coding|deployment|configuration,ONET31.0-IS68076026-v1.0,O*NET 31.0 Database (August 2026 Release)
REQ-R16-4.A.2.b.1,R16,Cloud Engineer / Solutions Architect,15-1299.08,Work Activities,4.A.2.b.1,Making Decisions and Solving Problems,Analyzing information and evaluating results to choose the best solution and solve problems.,4.45,5.0,3,0.037461,0.5832,domain_quota,making decisions and solving problems|decision making|problem solving|diagnose system or equipment problems|determined operational methods or procedures|resolved|selected,ONET31.0-IS68076026-v1.0,O*NET 31.0 Database (August 2026 Release)
REQ-R16-4.A.1.a.1,R16,Cloud Engineer / Solutions Architect,15-1299.08,Work Activities,4.A.1.a.1,Getting Information,"Observing, receiving, and otherwise obtaining information from all relevant sources.",4.41,4.45,4,0.037124,0.5832,domain_quota,getting information|gathered information|collected data|research|investigated|read documents|gathered requirements|data collection|log collection,ONET31.0-IS68076026-v1.0,O*NET 31.0 Database (August 2026 Release)
REQ-R16-2.C.7.a,R16,Cloud Engineer / Solutions Architect,15-1299.08,Knowledge,2.C.7.a,English Language,"Knowledge of the structure and content of the English language including the meaning and spelling of words, and rules of composition and grammar.",4.09,3.38,5,0.034431,0.5832,domain_quota,english language|english|technical english|business english|toeic|ielts|english proficiency|wrote in english|english communication,ONET31.0-IS68076026-v1.0,O*NET 31.0 Database (August 2026 Release)
REQ-R16-4.A.2.a.2,R16,Cloud Engineer / Solutions Architect,15-1299.08,Work Activities,4.A.2.a.2,Processing Information,"Compiling, coding, categorizing, calculating, tabulating, auditing, or verifying information or data.",4.05,4.67,6,0.034094,0.5832,top_rank,processing information|data processing|etl|data cleaning|compiled records|aggregated data|transformed data|reconciled data|validated data quality,ONET31.0-IS68076026-v1.0,O*NET 31.0 Database (August 2026 Release)
REQ-R16-4.A.2.b.3,R16,Cloud Engineer / Solutions Architect,15-1299.08,Work Activities,4.A.2.b.3,Updating and Using Relevant Knowledge,Keeping up-to-date technically and applying new knowledge to your job.,4.05,5.52,7,0.034094,0.5832,top_rank,updating and using relevant knowledge|maintain current knowledge in area of expertise|kept up to date|continuous learning|certification|training attended|research new technology,ONET31.0-IS68076026-v1.0,O*NET 31.0 Database (August 2026 Release)
REQ-R16-2.A.1.a,R16,Cloud Engineer / Solutions Architect,15-1299.08,Essential Skills,2.A.1.a,Reading Comprehension,Understanding written sentences and paragraphs in work-related documents.,4.0,4.0,15,0.033673,0.5832,domain_quota,reading comprehension|read documentation|technical documentation|specification|requirements document|read specs|rfc|reviewed documents|documentation review,ONET31.0-IS68076026-v1.0,O*NET 31.0 Database (August 2026 Release)
REQ-R16-2.A.1.b,R16,Cloud Engineer / Solutions Architect,15-1299.08,Essential Skills,2.A.1.b,Active Listening,"Giving full attention to what other people are saying, taking time to understand the points being made, asking questions as appropriate, and not interrupting at inappropriate times.",4.0,4.0,16,0.033673,0.5832,domain_quota,active listening|stakeholder interview|requirements gathering|gathered requirements|user interview|listened to stakeholders|elicitation|client meeting,ONET31.0-IS68076026-v1.0,O*NET 31.0 Database (August 2026 Release)
REQ-R16-2.A.2.a,R16,Cloud Engineer / Solutions Architect,15-1299.08,Essential Skills,2.A.2.a,Critical Thinking,"Using logic and reasoning to identify the strengths and weaknesses of alternative solutions, conclusions, or approaches to problems.",4.0,4.0,17,0.033673,0.5832,domain_quota,critical thinking|root cause analysis|evaluated alternatives|trade-off analysis|assessed options|analytical reasoning|weighed pros and cons|design review,ONET31.0-IS68076026-v1.0,O*NET 31.0 Database (August 2026 Release)
REQ-R16-4.A.2.b.6,R16,Cloud Engineer / Solutions Architect,15-1299.08,Work Activities,4.A.2.b.6,"Organizing, Planning, and Prioritizing Work","Developing specific goals and plans to prioritize, organize, and accomplish your work.",4.0,4.86,18,0.033673,0.5832,top_rank,organizing planning and prioritizing work|planning|prioritization|backlog grooming|work planning|organized tasks|sprint planning|project planning,ONET31.0-IS68076026-v1.0,O*NET 31.0 Database (August 2026 Release)
REQ-R16-4.A.4.a.2,R16,Cloud Engineer / Solutions Architect,15-1299.08,Work Activities,4.A.4.a.2,"Communicating with Supervisors, Peers, or Subordinates","Providing information to supervisors, co-workers, and subordinates by telephone, in written form, e-mail, or in person.",4.0,4.62,19,0.033673,0.5832,top_rank,communicating with supervisors peers or subordinates|team communication|communicate with others about specifications or project details|reported to manager|stand-up|collaborated with team|internal communication,ONET31.0-IS68076026-v1.0,O*NET 31.0 Database (August 2026 Release)
REQ-R16-2.C.9.a,R16,Cloud Engineer / Solutions Architect,15-1299.08,Knowledge,2.C.9.a,Telecommunications,"Knowledge of transmission, broadcasting, switching, control, and operation of telecommunications systems.",3.95,4.41,20,0.033252,0.5832,domain_quota,telecommunications|networking|network|tcp/ip|routing|switching|bgp|vpn|firewall|lan|wan|dns,ONET31.0-IS68076026-v1.0,O*NET 31.0 Database (August 2026 Release)
REQ-R16-4.A.1.b.1,R16,Cloud Engineer / Solutions Architect,15-1299.08,Work Activities,4.A.1.b.1,"Identifying Objects, Actions, and Events","Identifying information by categorizing, estimating, recognizing differences or similarities, and detecting changes in circumstances or events.",3.95,4.52,21,0.033252,0.5832,top_rank,identifying objects actions and events|identified issues|detected|recognized patterns|classified|identified opportunities|anomaly detection|event identification,ONET31.0-IS68076026-v1.0,O*NET 31.0 Database (August 2026 Release)
REQ-R16-4.A.2.a.3,R16,Cloud Engineer / Solutions Architect,15-1299.08,Work Activities,4.A.2.a.3,Evaluating Information to Determine Compliance with Standards,"Using relevant information and individual judgment to determine whether events or processes comply with laws, regulations, or standards.",3.91,4.0,22,0.032915,0.5832,top_rank,evaluating information to determine compliance with standards|compliance check|audit|standards compliance|policy compliance|examined documentation for accuracy or compliance|conformance review,ONET31.0-IS68076026-v1.0,O*NET 31.0 Database (August 2026 Release)
REQ-R16-4.A.3.b.6,R16,Cloud Engineer / Solutions Architect,15-1299.08,Work Activities,4.A.3.b.6,Documenting/Recording Information,"Entering, transcribing, recording, storing, or maintaining information in written or electronic/magnetic form.",3.9,4.57,23,0.032831,0.5832,top_rank,documenting recording information|documentation|document technical designs procedures or activities|prepare reports of operational or procedural activities|maintain operational records|wrote report|logged|recorded|runbook|ticket notes,ONET31.0-IS68076026-v1.0,O*NET 31.0 Database (August 2026 Release)
REQ-R16-2.A.1.c,R16,Cloud Engineer / Solutions Architect,15-1299.08,Essential Skills,2.A.1.c,Writing,Communicating effectively in writing as appropriate for the needs of the audience.,3.88,4.0,25,0.032663,0.5832,top_rank,writing|technical writing|wrote documentation|authored|report writing|documented|runbook|user guide|published|white paper|readme,ONET31.0-IS68076026-v1.0,O*NET 31.0 Database (August 2026 Release)
REQ-R16-2.A.1.d,R16,Cloud Engineer / Solutions Architect,15-1299.08,Essential Skills,2.A.1.d,Speaking,Talking to others to convey information effectively.,3.88,4.0,26,0.032663,0.5832,top_rank,speaking|presented|presentation|demo|briefing|spoke at|public speaking|stand-up|knowledge sharing session|pitched,ONET31.0-IS68076026-v1.0,O*NET 31.0 Database (August 2026 Release)
REQ-R16-2.B.4.g,R16,Cloud Engineer / Solutions Architect,15-1299.08,Transferable Skills,2.B.4.g,Systems Analysis,"Determining how a system should work and how changes in conditions, operations, and the environment will affect outcomes.",3.88,4.0,27,0.032663,0.5832,domain_quota,systems analysis|system analysis|analyzed system|impact analysis|data flow|process modeling|how the system works|dependency analysis,ONET31.0-IS68076026-v1.0,O*NET 31.0 Database (August 2026 Release)
REQ-R16-2.B.4.h,R16,Cloud Engineer / Solutions Architect,15-1299.08,Transferable Skills,2.B.4.h,Systems Evaluation,"Identifying measures or indicators of system performance and the actions needed to improve or correct performance, relative to the goals of the system.",3.88,4.12,28,0.032663,0.5832,domain_quota,systems evaluation|performance evaluation|benchmarking|measured system performance|capacity assessment|evaluated system|slo|sla review,ONET31.0-IS68076026-v1.0,O*NET 31.0 Database (August 2026 Release)
REQ-R16-2.C.1.e,R16,Cloud Engineer / Solutions Architect,15-1299.08,Knowledge,2.C.1.e,Customer and Personal Service,"Knowledge of principles and processes for providing customer and personal services. This includes customer needs assessment, meeting quality standards for services, and evaluation of customer satisfaction.",3.86,4.55,29,0.032494,0.5832,top_rank,customer and personal service|customer service|client support|service desk|user support|customer requirements|sla|stakeholder management|end-user,ONET31.0-IS68076026-v1.0,O*NET 31.0 Database (August 2026 Release)
REQ-R16-4.A.2.a.4,R16,Cloud Engineer / Solutions Architect,15-1299.08,Work Activities,4.A.2.a.4,Analyzing Data or Information,"Identifying the underlying principles, reasons, or facts of information by breaking down information or data into separate parts.",3.86,4.29,30,0.032494,0.5832,top_rank,analyzing data or information|data analysis|analyzed|analytics|analyzed performance of systems or equipment|analyzed data to improve operations|statistical analysis|log analysis|reporting,ONET31.0-IS68076026-v1.0,O*NET 31.0 Database (August 2026 Release)
REQ-R16-2.C.3.b,R16,Cloud Engineer / Solutions Architect,15-1299.08,Knowledge,2.C.3.b,Engineering and Technology,"Knowledge of the practical application of engineering science and technology. This includes applying principles, techniques, procedures, and equipment to the design and production of various goods and services.",3.77,4.45,31,0.031737,0.5832,top_rank,engineering and technology|engineering|technical design|applied technology|system engineering|technology stack|technical architecture,ONET31.0-IS68076026-v1.0,O*NET 31.0 Database (August 2026 Release)
REQ-R16-2.B.2.i,R16,Cloud Engineer / Solutions Architect,15-1299.08,Transferable Skills,2.B.2.i,Complex Problem Solving,Identifying complex problems and reviewing related information to develop and evaluate options and implement solutions.,3.75,4.0,33,0.031568,0.5832,domain_quota,complex problem solving|solved|resolved|troubleshooting complex issues|debugged|incident resolution|root cause|postmortem|problem solving,ONET31.0-IS68076026-v1.0,O*NET 31.0 Database (August 2026 Release)
REQ-R16-2.B.3.a,R16,Cloud Engineer / Solutions Architect,15-1299.08,Transferable Skills,2.B.3.a,Operations Analysis,Analyzing needs and product requirements to create a design.,3.75,4.38,34,0.031568,0.5832,top_rank,operations analysis|requirements analysis|needs analysis|business requirements|gap analysis|feasibility study|as-is to-be analysis,ONET31.0-IS68076026-v1.0,O*NET 31.0 Database (August 2026 Release)
REQ-R16-4.A.4.a.1,R16,Cloud Engineer / Solutions Architect,15-1299.08,Work Activities,4.A.4.a.1,Interpreting the Meaning of Information for Others,Translating or explaining what information means and how it can be used.,3.67,3.71,35,0.030895,0.5832,top_rank,interpreting the meaning of information for others|explain technical details of products or services|explained|translated technical to business|briefed stakeholders|presented findings|explain regulations policies or procedures,ONET31.0-IS68076026-v1.0,O*NET 31.0 Database (August 2026 Release)
REQ-R16-2.A.2.b,R16,Cloud Engineer / Solutions Architect,15-1299.08,Essential Skills,2.A.2.b,Active Learning,Understanding the implications of new information for both current and future problem-solving and decision-making.,3.62,4.12,36,0.030474,0.5832,top_rank,active learning|self-taught|learned|upskilled|certification|completed course|continuous learning|kept up to date|new technology adoption,ONET31.0-IS68076026-v1.0,O*NET 31.0 Database (August 2026 Release)
REQ-R16-4.A.4.b.3,R16,Cloud Engineer / Solutions Architect,15-1299.08,Work Activities,4.A.4.b.3,Training and Teaching Others,"Identifying the educational needs of others, developing formal educational or training programs or classes, and teaching or instructing others.",3.59,3.71,37,0.030221,0.5832,top_rank,training and teaching others|train others on operational or work procedures|training|taught|workshop|onboarding training|knowledge transfer|internal training session,ONET31.0-IS68076026-v1.0,O*NET 31.0 Database (August 2026 Release)
REQ-R16-4.A.4.b.6,R16,Cloud Engineer / Solutions Architect,15-1299.08,Work Activities,4.A.4.b.6,Providing Consultation and Advice to Others,"Providing guidance and expert advice to management or other groups on technical, systems-, or process-related topics.",3.55,4.57,38,0.029885,0.5832,top_rank,providing consultation and advice to others|advise others on the design or use of technologies|advise others on business or operational matters|consulting|advised|technical consultation|recommendation to stakeholders,ONET31.0-IS68076026-v1.0,O*NET 31.0 Database (August 2026 Release)
REQ-R16-2.A.2.d,R16,Cloud Engineer / Solutions Architect,15-1299.08,Essential Skills,2.A.2.d,Monitoring,"Monitoring/Assessing performance of yourself, other individuals, or organizations to make improvements or take corrective action.",3.5,3.88,40,0.029464,0.5832,top_rank,monitoring|monitored|observability|tracked performance|kpi tracking|dashboard monitoring|alerting|health check|performance monitoring,ONET31.0-IS68076026-v1.0,O*NET 31.0 Database (August 2026 Release)
REQ-R17-4.A.3.b.1,R17,DevOps / Site Reliability Engineer,15-1244.00,Work Activities,4.A.3.b.1,Working with Computers,"Using computers and computer systems (including hardware and software) to program, write software, set up functions, enter data, or process information.",4.83,6.3,1,0.041674,0.6755,domain_quota,working with computers|program computer systems|implement security measures for computer or information systems|set up computer systems networks or other information systems|resolve computer problems|operate computer systems|process digital or online data|coding|deployment|configuration,ONET31.0-IS68076026-v1.0,O*NET 31.0 Database (August 2026 Release)
REQ-R17-2.C.3.a,R17,DevOps / Site Reliability Engineer,15-1244.00,Knowledge,2.C.3.a,Computers and Electronics,"Knowledge of circuit boards, processors, chips, electronic equipment, and computer hardware and software, including applications and programming.",4.63,5.76,2,0.039948,0.6755,domain_quota,computers and electronics|computer systems|hardware|software|operating system|linux|windows|server|application|programming|computer science,ONET31.0-IS68076026-v1.0,O*NET 31.0 Database (August 2026 Release)
REQ-R17-4.A.1.a.1,R17,DevOps / Site Reliability Engineer,15-1244.00,Work Activities,4.A.1.a.1,Getting Information,"Observing, receiving, and otherwise obtaining information from all relevant sources.",4.23,4.77,3,0.036497,0.6755,domain_quota,getting information|gathered information|collected data|research|investigated|read documents|gathered requirements|data collection|log collection,ONET31.0-IS68076026-v1.0,O*NET 31.0 Database (August 2026 Release)
REQ-R17-4.A.2.b.1,R17,DevOps / Site Reliability Engineer,15-1244.00,Work Activities,4.A.2.b.1,Making Decisions and Solving Problems,Analyzing information and evaluating results to choose the best solution and solve problems.,4.2,5.23,4,0.036238,0.6755,domain_quota,making decisions and solving problems|decision making|problem solving|diagnose system or equipment problems|determined operational methods or procedures|resolved|selected,ONET31.0-IS68076026-v1.0,O*NET 31.0 Database (August 2026 Release)
REQ-R17-4.A.2.a.4,R17,DevOps / Site Reliability Engineer,15-1244.00,Work Activities,4.A.2.a.4,Analyzing Data or Information,"Identifying the underlying principles, reasons, or facts of information by breaking down information or data into separate parts.",4.1,4.97,5,0.035375,0.6755,top_rank,analyzing data or information|data analysis|analyzed|analytics|analyzed performance of systems or equipment|analyzed data to improve operations|statistical analysis|log analysis|reporting,ONET31.0-IS68076026-v1.0,O*NET 31.0 Database (August 2026 Release)
REQ-R17-4.A.2.b.3,R17,DevOps / Site Reliability Engineer,15-1244.00,Work Activities,4.A.2.b.3,Updating and Using Relevant Knowledge,Keeping up-to-date technically and applying new knowledge to your job.,4.1,5.33,6,0.035375,0.6755,top_rank,updating and using relevant knowledge|maintain current knowledge in area of expertise|kept up to date|continuous learning|certification|training attended|research new technology,ONET31.0-IS68076026-v1.0,O*NET 31.0 Database (August 2026 Release)
REQ-R17-4.A.2.a.2,R17,DevOps / Site Reliability Engineer,15-1244.00,Work Activities,4.A.2.a.2,Processing Information,"Compiling, coding, categorizing, calculating, tabulating, auditing, or verifying information or data.",4.03,4.87,7,0.034771,0.6755,top_rank,processing information|data processing|etl|data cleaning|compiled records|aggregated data|transformed data|reconciled data|validated data quality,ONET31.0-IS68076026-v1.0,O*NET 31.0 Database (August 2026 Release)
REQ-R17-2.A.1.b,R17,DevOps / Site Reliability Engineer,15-1244.00,Essential Skills,2.A.1.b,Active Listening,"Giving full attention to what other people are saying, taking time to understand the points being made, asking questions as appropriate, and not interrupting at inappropriate times.",4.0,4.0,12,0.034513,0.6755,domain_quota,active listening|stakeholder interview|requirements gathering|gathered requirements|user interview|listened to stakeholders|elicitation|client meeting,ONET31.0-IS68076026-v1.0,O*NET 31.0 Database (August 2026 Release)
REQ-R17-2.B.3.k,R17,DevOps / Site Reliability Engineer,15-1244.00,Transferable Skills,2.B.3.k,Troubleshooting,Determining causes of operating errors and deciding what to do about it.,4.0,4.12,13,0.034513,0.6755,domain_quota,troubleshooting|debugging|diagnosed|fault isolation|incident triage|fixed defects|resolved outage|root cause analysis,ONET31.0-IS68076026-v1.0,O*NET 31.0 Database (August 2026 Release)
REQ-R17-2.B.4.e,R17,DevOps / Site Reliability Engineer,15-1244.00,Transferable Skills,2.B.4.e,Judgment and Decision Making,Considering the relative costs and benefits of potential actions to choose the most appropriate one.,4.0,4.12,14,0.034513,0.6755,domain_quota,judgment and decision making|decision making|prioritized|selected approach|made trade-offs|chose technology|approved|recommended,ONET31.0-IS68076026-v1.0,O*NET 31.0 Database (August 2026 Release)
REQ-R17-2.B.4.g,R17,DevOps / Site Reliability Engineer,15-1244.00,Transferable Skills,2.B.4.g,Systems Analysis,"Determining how a system should work and how changes in conditions, operations, and the environment will affect outcomes.",4.0,4.0,15,0.034513,0.6755,domain_quota,systems analysis|system analysis|analyzed system|impact analysis|data flow|process modeling|how the system works|dependency analysis,ONET31.0-IS68076026-v1.0,O*NET 31.0 Database (August 2026 Release)
REQ-R17-2.B.4.h,R17,DevOps / Site Reliability Engineer,15-1244.00,Transferable Skills,2.B.4.h,Systems Evaluation,"Identifying measures or indicators of system performance and the actions needed to improve or correct performance, relative to the goals of the system.",4.0,4.38,16,0.034513,0.6755,top_rank,systems evaluation|performance evaluation|benchmarking|measured system performance|capacity assessment|evaluated system|slo|sla review,ONET31.0-IS68076026-v1.0,O*NET 31.0 Database (August 2026 Release)
REQ-R17-4.A.3.b.6,R17,DevOps / Site Reliability Engineer,15-1244.00,Work Activities,4.A.3.b.6,Documenting/Recording Information,"Entering, transcribing, recording, storing, or maintaining information in written or electronic/magnetic form.",4.0,4.8,17,0.034513,0.6755,top_rank,documenting recording information|documentation|document technical designs procedures or activities|prepare reports of operational or procedural activities|maintain operational records|wrote report|logged|recorded|runbook|ticket notes,ONET31.0-IS68076026-v1.0,O*NET 31.0 Database (August 2026 Release)
REQ-R17-4.A.2.a.3,R17,DevOps / Site Reliability Engineer,15-1244.00,Work Activities,4.A.2.a.3,Evaluating Information to Determine Compliance with Standards,"Using relevant information and individual judgment to determine whether events or processes comply with laws, regulations, or standards.",3.9,4.63,18,0.03365,0.6755,top_rank,evaluating information to determine compliance with standards|compliance check|audit|standards compliance|policy compliance|examined documentation for accuracy or compliance|conformance review,ONET31.0-IS68076026-v1.0,O*NET 31.0 Database (August 2026 Release)
REQ-R17-4.A.4.a.2,R17,DevOps / Site Reliability Engineer,15-1244.00,Work Activities,4.A.4.a.2,"Communicating with Supervisors, Peers, or Subordinates","Providing information to supervisors, co-workers, and subordinates by telephone, in written form, e-mail, or in person.",3.9,4.55,19,0.03365,0.6755,top_rank,communicating with supervisors peers or subordinates|team communication|communicate with others about specifications or project details|reported to manager|stand-up|collaborated with team|internal communication,ONET31.0-IS68076026-v1.0,O*NET 31.0 Database (August 2026 Release)
REQ-R17-2.A.1.a,R17,DevOps / Site Reliability Engineer,15-1244.00,Essential Skills,2.A.1.a,Reading Comprehension,Understanding written sentences and paragraphs in work-related documents.,3.88,4.0,24,0.033477,0.6755,domain_quota,reading comprehension|read documentation|technical documentation|specification|requirements document|read specs|rfc|reviewed documents|documentation review,ONET31.0-IS68076026-v1.0,O*NET 31.0 Database (August 2026 Release)
REQ-R17-2.A.2.a,R17,DevOps / Site Reliability Engineer,15-1244.00,Essential Skills,2.A.2.a,Critical Thinking,"Using logic and reasoning to identify the strengths and weaknesses of alternative solutions, conclusions, or approaches to problems.",3.88,4.0,25,0.033477,0.6755,domain_quota,critical thinking|root cause analysis|evaluated alternatives|trade-off analysis|assessed options|analytical reasoning|weighed pros and cons|design review,ONET31.0-IS68076026-v1.0,O*NET 31.0 Database (August 2026 Release)
REQ-R17-2.A.2.d,R17,DevOps / Site Reliability Engineer,15-1244.00,Essential Skills,2.A.2.d,Monitoring,"Monitoring/Assessing performance of yourself, other individuals, or organizations to make improvements or take corrective action.",3.88,4.0,26,0.033477,0.6755,top_rank,monitoring|monitored|observability|tracked performance|kpi tracking|dashboard monitoring|alerting|health check|performance monitoring,ONET31.0-IS68076026-v1.0,O*NET 31.0 Database (August 2026 Release)
REQ-R17-2.B.2.i,R17,DevOps / Site Reliability Engineer,15-1244.00,Transferable Skills,2.B.2.i,Complex Problem Solving,Identifying complex problems and reviewing related information to develop and evaluate options and implement solutions.,3.88,4.0,27,0.033477,0.6755,top_rank,complex problem solving|solved|resolved|troubleshooting complex issues|debugged|incident resolution|root cause|postmortem|problem solving,ONET31.0-IS68076026-v1.0,O*NET 31.0 Database (August 2026 Release)
REQ-R17-4.A.1.b.1,R17,DevOps / Site Reliability Engineer,15-1244.00,Work Activities,4.A.1.b.1,"Identifying Objects, Actions, and Events","Identifying information by categorizing, estimating, recognizing differences or similarities, and detecting changes in circumstances or events.",3.7,4.63,28,0.031924,0.6755,top_rank,identifying objects actions and events|identified issues|detected|recognized patterns|classified|identified opportunities|anomaly detection|event identification,ONET31.0-IS68076026-v1.0,O*NET 31.0 Database (August 2026 Release)
REQ-R17-4.A.1.a.2,R17,DevOps / Site Reliability Engineer,15-1244.00,Work Activities,4.A.1.a.2,"Monitoring Processes, Materials, or Surroundings","Monitoring and reviewing information from materials, events, or the environment, to detect or assess problems.",3.6,4.33,29,0.031061,0.6755,top_rank,monitoring processes|monitored operations|monitored systems|monitored equipment|observability|alerting|monitor operation of computer or information technologies|compliance monitoring,ONET31.0-IS68076026-v1.0,O*NET 31.0 Database (August 2026 Release)
REQ-R17-4.A.2.b.2,R17,DevOps / Site Reliability Engineer,15-1244.00,Work Activities,4.A.2.b.2,Thinking Creatively,"Developing, designing, or creating new applications, ideas, relationships, systems, or products, including artistic contributions.",3.6,4.7,30,0.031061,0.6755,top_rank,thinking creatively|design computer or information systems or applications|design databases|designed|developed new approach|innovation|created solution|proposed design|prototyping,ONET31.0-IS68076026-v1.0,O*NET 31.0 Database (August 2026 Release)
REQ-R17-2.C.9.a,R17,DevOps / Site Reliability Engineer,15-1244.00,Knowledge,2.C.9.a,Telecommunications,"Knowledge of transmission, broadcasting, switching, control, and operation of telecommunications systems.",3.57,4.45,31,0.030802,0.6755,domain_quota,telecommunications|networking|network|tcp/ip|routing|switching|bgp|vpn|firewall|lan|wan|dns,ONET31.0-IS68076026-v1.0,O*NET 31.0 Database (August 2026 Release)
REQ-R17-2.B.3.e,R17,DevOps / Site Reliability Engineer,15-1244.00,Transferable Skills,2.B.3.e,Programming,Writing computer programs for various purposes.,3.5,3.75,32,0.030198,0.6755,top_rank,programming|coding|software development|developed|implemented|wrote code|python|java|javascript|typescript|c#|go|sql|scripting|api development|refactored,ONET31.0-IS68076026-v1.0,O*NET 31.0 Database (August 2026 Release)
REQ-R17-2.B.3.g,R17,DevOps / Site Reliability Engineer,15-1244.00,Transferable Skills,2.B.3.g,Operations Monitoring,"Watching gauges, dials, or other indicators to make sure a machine is working properly.",3.5,3.75,33,0.030198,0.6755,top_rank,operations monitoring|system monitoring|watched dashboards|observed system behavior|uptime monitoring|log monitoring|noc,ONET31.0-IS68076026-v1.0,O*NET 31.0 Database (August 2026 Release)
REQ-R17-4.A.2.b.6,R17,DevOps / Site Reliability Engineer,15-1244.00,Work Activities,4.A.2.b.6,"Organizing, Planning, and Prioritizing Work","Developing specific goals and plans to prioritize, organize, and accomplish your work.",3.5,4.57,34,0.030198,0.6755,top_rank,organizing planning and prioritizing work|planning|prioritization|backlog grooming|work planning|organized tasks|sprint planning|project planning,ONET31.0-IS68076026-v1.0,O*NET 31.0 Database (August 2026 Release)
REQ-R17-2.B.3.m,R17,DevOps / Site Reliability Engineer,15-1244.00,Transferable Skills,2.B.3.m,Quality Control Analysis,"Conducting tests and inspections of products, services, or processes to evaluate quality or performance.",3.38,3.75,35,0.029163,0.6755,top_rank,quality control analysis|quality assurance|qa|testing|test case|code review|inspection|defect analysis|validation|verification,ONET31.0-IS68076026-v1.0,O*NET 31.0 Database (August 2026 Release)
REQ-R17-2.C.1.e,R17,DevOps / Site Reliability Engineer,15-1244.00,Knowledge,2.C.1.e,Customer and Personal Service,"Knowledge of principles and processes for providing customer and personal services. This includes customer needs assessment, meeting quality standards for services, and evaluation of customer satisfaction.",3.37,4.13,36,0.029077,0.6755,domain_quota,customer and personal service|customer service|client support|service desk|user support|customer requirements|sla|stakeholder management|end-user,ONET31.0-IS68076026-v1.0,O*NET 31.0 Database (August 2026 Release)
REQ-R17-2.C.7.a,R17,DevOps / Site Reliability Engineer,15-1244.00,Knowledge,2.C.7.a,English Language,"Knowledge of the structure and content of the English language including the meaning and spelling of words, and rules of composition and grammar.",3.37,3.48,37,0.029077,0.6755,top_rank,english language|english|technical english|business english|toeic|ielts|english proficiency|wrote in english|english communication,ONET31.0-IS68076026-v1.0,O*NET 31.0 Database (August 2026 Release)
REQ-R17-4.A.2.b.4,R17,DevOps / Site Reliability Engineer,15-1244.00,Work Activities,4.A.2.b.4,Developing Objectives and Strategies,Establishing long-range objectives and specifying the strategies and actions to achieve them.,3.37,3.97,38,0.029077,0.6755,top_rank,developing objectives and strategies|roadmap|strategy|develop organizational policies systems or processes|defined objectives|technical strategy|okr|planning,ONET31.0-IS68076026-v1.0,O*NET 31.0 Database (August 2026 Release)
REQ-R18-4.A.3.b.1,R18,Systems / Business Analyst (IT),15-1211.00,Work Activities,4.A.3.b.1,Working with Computers,"Using computers and computer systems (including hardware and software) to program, write software, set up functions, enter data, or process information.",4.96,6.0,1,0.042488,0.6375,domain_quota,working with computers|program computer systems|implement security measures for computer or information systems|set up computer systems networks or other information systems|resolve computer problems|operate computer systems|process digital or online data|coding|deployment|configuration,ONET31.0-IS68076026-v1.0,O*NET 31.0 Database (August 2026 Release)
REQ-R18-2.C.3.a,R18,Systems / Business Analyst (IT),15-1211.00,Knowledge,2.C.3.a,Computers and Electronics,"Knowledge of circuit boards, processors, chips, electronic equipment, and computer hardware and software, including applications and programming.",4.63,6.0,2,0.039661,0.6375,domain_quota,computers and electronics|computer systems|hardware|software|operating system|linux|windows|server|application|programming|computer science,ONET31.0-IS68076026-v1.0,O*NET 31.0 Database (August 2026 Release)
REQ-R18-4.A.1.a.1,R18,Systems / Business Analyst (IT),15-1211.00,Work Activities,4.A.1.a.1,Getting Information,"Observing, receiving, and otherwise obtaining information from all relevant sources.",4.59,3.68,3,0.039318,0.6375,domain_quota,getting information|gathered information|collected data|research|investigated|read documents|gathered requirements|data collection|log collection,ONET31.0-IS68076026-v1.0,O*NET 31.0 Database (August 2026 Release)
REQ-R18-4.A.2.b.1,R18,Systems / Business Analyst (IT),15-1211.00,Work Activities,4.A.2.b.1,Making Decisions and Solving Problems,Analyzing information and evaluating results to choose the best solution and solve problems.,4.59,4.52,4,0.039318,0.6375,domain_quota,making decisions and solving problems|decision making|problem solving|diagnose system or equipment problems|determined operational methods or procedures|resolved|selected,ONET31.0-IS68076026-v1.0,O*NET 31.0 Database (August 2026 Release)
REQ-R18-4.A.2.b.3,R18,Systems / Business Analyst (IT),15-1211.00,Work Activities,4.A.2.b.3,Updating and Using Relevant Knowledge,Keeping up-to-date technically and applying new knowledge to your job.,4.44,5.85,5,0.038033,0.6375,top_rank,updating and using relevant knowledge|maintain current knowledge in area of expertise|kept up to date|continuous learning|certification|training attended|research new technology,ONET31.0-IS68076026-v1.0,O*NET 31.0 Database (August 2026 Release)
REQ-R18-4.A.2.a.2,R18,Systems / Business Analyst (IT),15-1211.00,Work Activities,4.A.2.a.2,Processing Information,"Compiling, coding, categorizing, calculating, tabulating, auditing, or verifying information or data.",4.43,4.97,6,0.037948,0.6375,top_rank,processing information|data processing|etl|data cleaning|compiled records|aggregated data|transformed data|reconciled data|validated data quality,ONET31.0-IS68076026-v1.0,O*NET 31.0 Database (August 2026 Release)
REQ-R18-4.A.4.a.2,R18,Systems / Business Analyst (IT),15-1211.00,Work Activities,4.A.4.a.2,"Communicating with Supervisors, Peers, or Subordinates","Providing information to supervisors, co-workers, and subordinates by telephone, in written form, e-mail, or in person.",4.17,4.63,7,0.03572,0.6375,top_rank,communicating with supervisors peers or subordinates|team communication|communicate with others about specifications or project details|reported to manager|stand-up|collaborated with team|internal communication,ONET31.0-IS68076026-v1.0,O*NET 31.0 Database (August 2026 Release)
REQ-R18-4.A.2.a.4,R18,Systems / Business Analyst (IT),15-1211.00,Work Activities,4.A.2.a.4,Analyzing Data or Information,"Identifying the underlying principles, reasons, or facts of information by breaking down information or data into separate parts.",4.15,4.14,8,0.035549,0.6375,top_rank,analyzing data or information|data analysis|analyzed|analytics|analyzed performance of systems or equipment|analyzed data to improve operations|statistical analysis|log analysis|reporting,ONET31.0-IS68076026-v1.0,O*NET 31.0 Database (August 2026 Release)
REQ-R18-4.A.1.a.2,R18,Systems / Business Analyst (IT),15-1211.00,Work Activities,4.A.1.a.2,"Monitoring Processes, Materials, or Surroundings","Monitoring and reviewing information from materials, events, or the environment, to detect or assess problems.",4.03,4.58,10,0.034521,0.6375,top_rank,monitoring processes|monitored operations|monitored systems|monitored equipment|observability|alerting|monitor operation of computer or information technologies|compliance monitoring,ONET31.0-IS68076026-v1.0,O*NET 31.0 Database (August 2026 Release)
REQ-R18-2.A.1.d,R18,Systems / Business Analyst (IT),15-1211.00,Essential Skills,2.A.1.d,Speaking,Talking to others to convey information effectively.,4.0,4.0,15,0.034264,0.6375,domain_quota,speaking|presented|presentation|demo|briefing|spoke at|public speaking|stand-up|knowledge sharing session|pitched,ONET31.0-IS68076026-v1.0,O*NET 31.0 Database (August 2026 Release)
REQ-R18-2.A.1.a,R18,Systems / Business Analyst (IT),15-1211.00,Essential Skills,2.A.1.a,Reading Comprehension,Understanding written sentences and paragraphs in work-related documents.,3.88,4.5,19,0.033236,0.6375,domain_quota,reading comprehension|read documentation|technical documentation|specification|requirements document|read specs|rfc|reviewed documents|documentation review,ONET31.0-IS68076026-v1.0,O*NET 31.0 Database (August 2026 Release)
REQ-R18-4.A.1.b.1,R18,Systems / Business Analyst (IT),15-1211.00,Work Activities,4.A.1.b.1,"Identifying Objects, Actions, and Events","Identifying information by categorizing, estimating, recognizing differences or similarities, and detecting changes in circumstances or events.",3.78,3.82,20,0.03238,0.6375,top_rank,identifying objects actions and events|identified issues|detected|recognized patterns|classified|identified opportunities|anomaly detection|event identification,ONET31.0-IS68076026-v1.0,O*NET 31.0 Database (August 2026 Release)
REQ-R18-2.A.1.b,R18,Systems / Business Analyst (IT),15-1211.00,Essential Skills,2.A.1.b,Active Listening,"Giving full attention to what other people are saying, taking time to understand the points being made, asking questions as appropriate, and not interrupting at inappropriate times.",3.75,4.0,21,0.032123,0.6375,domain_quota,active listening|stakeholder interview|requirements gathering|gathered requirements|user interview|listened to stakeholders|elicitation|client meeting,ONET31.0-IS68076026-v1.0,O*NET 31.0 Database (August 2026 Release)
REQ-R18-2.A.2.a,R18,Systems / Business Analyst (IT),15-1211.00,Essential Skills,2.A.2.a,Critical Thinking,"Using logic and reasoning to identify the strengths and weaknesses of alternative solutions, conclusions, or approaches to problems.",3.75,4.0,22,0.032123,0.6375,top_rank,critical thinking|root cause analysis|evaluated alternatives|trade-off analysis|assessed options|analytical reasoning|weighed pros and cons|design review,ONET31.0-IS68076026-v1.0,O*NET 31.0 Database (August 2026 Release)
REQ-R18-2.B.4.g,R18,Systems / Business Analyst (IT),15-1211.00,Transferable Skills,2.B.4.g,Systems Analysis,"Determining how a system should work and how changes in conditions, operations, and the environment will affect outcomes.",3.75,4.0,23,0.032123,0.6375,domain_quota,systems analysis|system analysis|analyzed system|impact analysis|data flow|process modeling|how the system works|dependency analysis,ONET31.0-IS68076026-v1.0,O*NET 31.0 Database (August 2026 Release)
REQ-R18-2.B.4.h,R18,Systems / Business Analyst (IT),15-1211.00,Transferable Skills,2.B.4.h,Systems Evaluation,"Identifying measures or indicators of system performance and the actions needed to improve or correct performance, relative to the goals of the system.",3.75,4.12,24,0.032123,0.6375,domain_quota,systems evaluation|performance evaluation|benchmarking|measured system performance|capacity assessment|evaluated system|slo|sla review,ONET31.0-IS68076026-v1.0,O*NET 31.0 Database (August 2026 Release)
REQ-R18-2.C.1.e,R18,Systems / Business Analyst (IT),15-1211.00,Knowledge,2.C.1.e,Customer and Personal Service,"Knowledge of principles and processes for providing customer and personal services. This includes customer needs assessment, meeting quality standards for services, and evaluation of customer satisfaction.",3.7,3.92,25,0.031694,0.6375,domain_quota,customer and personal service|customer service|client support|service desk|user support|customer requirements|sla|stakeholder management|end-user,ONET31.0-IS68076026-v1.0,O*NET 31.0 Database (August 2026 Release)
REQ-R18-4.A.4.a.1,R18,Systems / Business Analyst (IT),15-1211.00,Work Activities,4.A.4.a.1,Interpreting the Meaning of Information for Others,Translating or explaining what information means and how it can be used.,3.69,3.71,26,0.031609,0.6375,top_rank,interpreting the meaning of information for others|explain technical details of products or services|explained|translated technical to business|briefed stakeholders|presented findings|explain regulations policies or procedures,ONET31.0-IS68076026-v1.0,O*NET 31.0 Database (August 2026 Release)
REQ-R18-4.A.2.a.3,R18,Systems / Business Analyst (IT),15-1211.00,Work Activities,4.A.2.a.3,Evaluating Information to Determine Compliance with Standards,"Using relevant information and individual judgment to determine whether events or processes comply with laws, regulations, or standards.",3.68,4.42,27,0.031523,0.6375,top_rank,evaluating information to determine compliance with standards|compliance check|audit|standards compliance|policy compliance|examined documentation for accuracy or compliance|conformance review,ONET31.0-IS68076026-v1.0,O*NET 31.0 Database (August 2026 Release)
REQ-R18-4.A.2.a.1,R18,Systems / Business Analyst (IT),15-1211.00,Work Activities,4.A.2.a.1,"Judging the Qualities of Objects, Services, or People","Assessing the value, importance, or quality of things or people.",3.64,4.0,28,0.03118,0.6375,top_rank,judging the qualities|evaluated performance|assessed quality|vendor evaluation|evaluated the characteristics usefulness or performance of products or technologies|feasibility assessment|tool selection,ONET31.0-IS68076026-v1.0,O*NET 31.0 Database (August 2026 Release)
REQ-R18-4.A.2.b.6,R18,Systems / Business Analyst (IT),15-1211.00,Work Activities,4.A.2.b.6,"Organizing, Planning, and Prioritizing Work","Developing specific goals and plans to prioritize, organize, and accomplish your work.",3.64,4.24,29,0.03118,0.6375,top_rank,organizing planning and prioritizing work|planning|prioritization|backlog grooming|work planning|organized tasks|sprint planning|project planning,ONET31.0-IS68076026-v1.0,O*NET 31.0 Database (August 2026 Release)
REQ-R18-4.A.2.b.2,R18,Systems / Business Analyst (IT),15-1211.00,Work Activities,4.A.2.b.2,Thinking Creatively,"Developing, designing, or creating new applications, ideas, relationships, systems, or products, including artistic contributions.",3.63,4.7,30,0.031095,0.6375,top_rank,thinking creatively|design computer or information systems or applications|design databases|designed|developed new approach|innovation|created solution|proposed design|prototyping,ONET31.0-IS68076026-v1.0,O*NET 31.0 Database (August 2026 Release)
REQ-R18-2.A.2.b,R18,Systems / Business Analyst (IT),15-1211.00,Essential Skills,2.A.2.b,Active Learning,Understanding the implications of new information for both current and future problem-solving and decision-making.,3.62,4.0,32,0.031009,0.6375,top_rank,active learning|self-taught|learned|upskilled|certification|completed course|continuous learning|kept up to date|new technology adoption,ONET31.0-IS68076026-v1.0,O*NET 31.0 Database (August 2026 Release)
REQ-R18-2.B.4.e,R18,Systems / Business Analyst (IT),15-1211.00,Transferable Skills,2.B.4.e,Judgment and Decision Making,Considering the relative costs and benefits of potential actions to choose the most appropriate one.,3.62,4.12,33,0.031009,0.6375,domain_quota,judgment and decision making|decision making|prioritized|selected approach|made trade-offs|chose technology|approved|recommended,ONET31.0-IS68076026-v1.0,O*NET 31.0 Database (August 2026 Release)
REQ-R18-4.A.3.b.6,R18,Systems / Business Analyst (IT),15-1211.00,Work Activities,4.A.3.b.6,Documenting/Recording Information,"Entering, transcribing, recording, storing, or maintaining information in written or electronic/magnetic form.",3.59,3.4,34,0.030752,0.6375,top_rank,documenting recording information|documentation|document technical designs procedures or activities|prepare reports of operational or procedural activities|maintain operational records|wrote report|logged|recorded|runbook|ticket notes,ONET31.0-IS68076026-v1.0,O*NET 31.0 Database (August 2026 Release)
REQ-R18-4.A.4.a.4,R18,Systems / Business Analyst (IT),15-1211.00,Work Activities,4.A.4.a.4,Establishing and Maintaining Interpersonal Relationships,"Developing constructive and cooperative working relationships with others, and maintaining them over time.",3.57,4.09,35,0.030581,0.6375,top_rank,establishing and maintaining interpersonal relationships|develop professional relationships or networks|built relationships|stakeholder relationship|networking|teamwork|cross-team collaboration,ONET31.0-IS68076026-v1.0,O*NET 31.0 Database (August 2026 Release)
REQ-R18-2.C.7.a,R18,Systems / Business Analyst (IT),15-1211.00,Knowledge,2.C.7.a,English Language,"Knowledge of the structure and content of the English language including the meaning and spelling of words, and rules of composition and grammar.",3.48,4.13,38,0.02981,0.6375,domain_quota,english language|english|technical english|business english|toeic|ielts|english proficiency|wrote in english|english communication,ONET31.0-IS68076026-v1.0,O*NET 31.0 Database (August 2026 Release)
REQ-R18-4.A.2.b.4,R18,Systems / Business Analyst (IT),15-1211.00,Work Activities,4.A.2.b.4,Developing Objectives and Strategies,Establishing long-range objectives and specifying the strategies and actions to achieve them.,3.46,3.77,39,0.029639,0.6375,top_rank,developing objectives and strategies|roadmap|strategy|develop organizational policies systems or processes|defined objectives|technical strategy|okr|planning,ONET31.0-IS68076026-v1.0,O*NET 31.0 Database (August 2026 Release)
REQ-R18-4.A.1.b.2,R18,Systems / Business Analyst (IT),15-1211.00,Work Activities,4.A.1.b.2,"Inspecting Equipment, Structures, or Materials","Inspecting equipment, structures, or materials to identify the cause of errors or other problems or defects.",3.39,3.08,40,0.029039,0.6375,top_rank,inspecting equipment structures or materials|inspection|tested performance of computer or information systems|hardware inspection|equipment check|system test|audit of equipment,ONET31.0-IS68076026-v1.0,O*NET 31.0 Database (August 2026 Release)
REQ-R18-2.A.1.c,R18,Systems / Business Analyst (IT),15-1211.00,Essential Skills,2.A.1.c,Writing,Communicating effectively in writing as appropriate for the needs of the audience.,3.38,4.0,42,0.028953,0.6375,top_rank,writing|technical writing|wrote documentation|authored|report writing|documented|runbook|user guide|published|white paper|readme,ONET31.0-IS68076026-v1.0,O*NET 31.0 Database (August 2026 Release)
REQ-R19-4.A.4.b.1,R19,IT Project Manager,15-1299.09,Work Activities,4.A.4.b.1,Coordinating the Work and Activities of Others,Getting members of a group to work together to accomplish tasks.,4.86,6.14,1,0.037759,0.5128,domain_quota,coordinating the work and activities of others|coordinate with others to resolve problems|assign work to others|coordinated team|task assignment|cross-functional coordination,ONET31.0-IS68076026-v1.0,O*NET 31.0 Database (August 2026 Release)
REQ-R19-4.A.4.a.2,R19,IT Project Manager,15-1299.09,Work Activities,4.A.4.a.2,"Communicating with Supervisors, Peers, or Subordinates","Providing information to supervisors, co-workers, and subordinates by telephone, in written form, e-mail, or in person.",4.7,5.81,2,0.036516,0.5128,domain_quota,communicating with supervisors peers or subordinates|team communication|communicate with others about specifications or project details|reported to manager|stand-up|collaborated with team|internal communication,ONET31.0-IS68076026-v1.0,O*NET 31.0 Database (August 2026 Release)
REQ-R19-4.A.1.a.1,R19,IT Project Manager,15-1299.09,Work Activities,4.A.1.a.1,Getting Information,"Observing, receiving, and otherwise obtaining information from all relevant sources.",4.67,5.0,3,0.036283,0.5128,domain_quota,getting information|gathered information|collected data|research|investigated|read documents|gathered requirements|data collection|log collection,ONET31.0-IS68076026-v1.0,O*NET 31.0 Database (August 2026 Release)
REQ-R19-4.A.2.b.6,R19,IT Project Manager,15-1299.09,Work Activities,4.A.2.b.6,"Organizing, Planning, and Prioritizing Work","Developing specific goals and plans to prioritize, organize, and accomplish your work.",4.62,6.4,4,0.035895,0.5128,top_rank,organizing planning and prioritizing work|planning|prioritization|backlog grooming|work planning|organized tasks|sprint planning|project planning,ONET31.0-IS68076026-v1.0,O*NET 31.0 Database (August 2026 Release)
REQ-R19-4.A.3.b.1,R19,IT Project Manager,15-1299.09,Work Activities,4.A.3.b.1,Working with Computers,"Using computers and computer systems (including hardware and software) to program, write software, set up functions, enter data, or process information.",4.52,5.19,5,0.035118,0.5128,top_rank,working with computers|program computer systems|implement security measures for computer or information systems|set up computer systems networks or other information systems|resolve computer problems|operate computer systems|process digital or online data|coding|deployment|configuration,ONET31.0-IS68076026-v1.0,O*NET 31.0 Database (August 2026 Release)
REQ-R19-4.A.2.b.5,R19,IT Project Manager,15-1299.09,Work Activities,4.A.2.b.5,Scheduling Work and Activities,"Scheduling events, programs, and activities, as well as the work of others.",4.45,5.95,6,0.034574,0.5128,top_rank,scheduling work and activities|scheduling|sprint schedule|release schedule|planned activities|calendar|timeline planning|job scheduling,ONET31.0-IS68076026-v1.0,O*NET 31.0 Database (August 2026 Release)
REQ-R19-4.A.4.b.2,R19,IT Project Manager,15-1299.09,Work Activities,4.A.4.b.2,Developing and Building Teams,"Encouraging and building mutual trust, respect, and cooperation among team members.",4.43,5.52,7,0.034418,0.5128,top_rank,developing and building teams|team building|provide support or encouragement to others|mentored team|onboarded new members|built the team|hiring,ONET31.0-IS68076026-v1.0,O*NET 31.0 Database (August 2026 Release)
REQ-R19-4.A.2.b.1,R19,IT Project Manager,15-1299.09,Work Activities,4.A.2.b.1,Making Decisions and Solving Problems,Analyzing information and evaluating results to choose the best solution and solve problems.,4.4,5.3,8,0.034185,0.5128,top_rank,making decisions and solving problems|decision making|problem solving|diagnose system or equipment problems|determined operational methods or procedures|resolved|selected,ONET31.0-IS68076026-v1.0,O*NET 31.0 Database (August 2026 Release)
REQ-R19-4.A.2.b.3,R19,IT Project Manager,15-1299.09,Work Activities,4.A.2.b.3,Updating and Using Relevant Knowledge,Keeping up-to-date technically and applying new knowledge to your job.,4.4,5.62,9,0.034185,0.5128,top_rank,updating and using relevant knowledge|maintain current knowledge in area of expertise|kept up to date|continuous learning|certification|training attended|research new technology,ONET31.0-IS68076026-v1.0,O*NET 31.0 Database (August 2026 Release)
REQ-R19-4.A.4.c.3,R19,IT Project Manager,15-1299.09,Work Activities,4.A.4.c.3,Monitoring and Controlling Resources,Monitoring and controlling resources and overseeing the spending of money.,4.4,5.2,10,0.034185,0.5128,top_rank,monitoring and controlling resources|monitor resources or inventories|purchase goods or services|resource management|budget control|license management|capacity management|inventory,ONET31.0-IS68076026-v1.0,O*NET 31.0 Database (August 2026 Release)
REQ-R19-4.A.2.b.4,R19,IT Project Manager,15-1299.09,Work Activities,4.A.2.b.4,Developing Objectives and Strategies,Establishing long-range objectives and specifying the strategies and actions to achieve them.,4.33,4.81,11,0.033642,0.5128,top_rank,developing objectives and strategies|roadmap|strategy|develop organizational policies systems or processes|defined objectives|technical strategy|okr|planning,ONET31.0-IS68076026-v1.0,O*NET 31.0 Database (August 2026 Release)
REQ-R19-4.A.4.a.1,R19,IT Project Manager,15-1299.09,Work Activities,4.A.4.a.1,Interpreting the Meaning of Information for Others,Translating or explaining what information means and how it can be used.,4.33,4.81,12,0.033642,0.5128,top_rank,interpreting the meaning of information for others|explain technical details of products or services|explained|translated technical to business|briefed stakeholders|presented findings|explain regulations policies or procedures,ONET31.0-IS68076026-v1.0,O*NET 31.0 Database (August 2026 Release)
REQ-R19-4.A.4.a.4,R19,IT Project Manager,15-1299.09,Work Activities,4.A.4.a.4,Establishing and Maintaining Interpersonal Relationships,"Developing constructive and cooperative working relationships with others, and maintaining them over time.",4.33,5.67,13,0.033642,0.5128,top_rank,establishing and maintaining interpersonal relationships|develop professional relationships or networks|built relationships|stakeholder relationship|networking|teamwork|cross-team collaboration,ONET31.0-IS68076026-v1.0,O*NET 31.0 Database (August 2026 Release)
REQ-R19-2.C.7.a,R19,IT Project Manager,15-1299.09,Knowledge,2.C.7.a,English Language,"Knowledge of the structure and content of the English language including the meaning and spelling of words, and rules of composition and grammar.",4.29,4.62,14,0.033331,0.5128,domain_quota,english language|english|technical english|business english|toeic|ielts|english proficiency|wrote in english|english communication,ONET31.0-IS68076026-v1.0,O*NET 31.0 Database (August 2026 Release)
REQ-R19-4.A.1.b.1,R19,IT Project Manager,15-1299.09,Work Activities,4.A.1.b.1,"Identifying Objects, Actions, and Events","Identifying information by categorizing, estimating, recognizing differences or similarities, and detecting changes in circumstances or events.",4.29,4.9,15,0.033331,0.5128,top_rank,identifying objects actions and events|identified issues|detected|recognized patterns|classified|identified opportunities|anomaly detection|event identification,ONET31.0-IS68076026-v1.0,O*NET 31.0 Database (August 2026 Release)
REQ-R19-4.A.4.b.4,R19,IT Project Manager,15-1299.09,Work Activities,4.A.4.b.4,"Guiding, Directing, and Motivating Subordinates","Providing guidance and direction to subordinates, including setting performance standards and monitoring performance.",4.29,5.43,16,0.033331,0.5128,top_rank,guiding directing and motivating subordinates|direct organizational operations activities or procedures|supervise personnel activities|supervised|led|managed direct reports|team lead,ONET31.0-IS68076026-v1.0,O*NET 31.0 Database (August 2026 Release)
REQ-R19-2.C.1.e,R19,IT Project Manager,15-1299.09,Knowledge,2.C.1.e,Customer and Personal Service,"Knowledge of principles and processes for providing customer and personal services. This includes customer needs assessment, meeting quality standards for services, and evaluation of customer satisfaction.",4.24,5.48,17,0.032942,0.5128,domain_quota,customer and personal service|customer service|client support|service desk|user support|customer requirements|sla|stakeholder management|end-user,ONET31.0-IS68076026-v1.0,O*NET 31.0 Database (August 2026 Release)
REQ-R19-4.A.4.a.7,R19,IT Project Manager,15-1299.09,Work Activities,4.A.4.a.7,Resolving Conflicts and Negotiating with Others,"Handling complaints, settling disputes, and resolving grievances and conflicts, or otherwise negotiating with others.",4.24,5.48,18,0.032942,0.5128,top_rank,resolving conflicts and negotiating with others|negotiate contracts or agreements|conflict resolution|mediated|negotiated|resolve personnel or operational problems|vendor negotiation,ONET31.0-IS68076026-v1.0,O*NET 31.0 Database (August 2026 Release)
REQ-R19-2.C.3.a,R19,IT Project Manager,15-1299.09,Knowledge,2.C.3.a,Computers and Electronics,"Knowledge of circuit boards, processors, chips, electronic equipment, and computer hardware and software, including applications and programming.",4.19,5.48,19,0.032554,0.5128,domain_quota,computers and electronics|computer systems|hardware|software|operating system|linux|windows|server|application|programming|computer science,ONET31.0-IS68076026-v1.0,O*NET 31.0 Database (August 2026 Release)
REQ-R19-4.A.3.b.6,R19,IT Project Manager,15-1299.09,Work Activities,4.A.3.b.6,Documenting/Recording Information,"Entering, transcribing, recording, storing, or maintaining information in written or electronic/magnetic form.",4.19,4.95,20,0.032554,0.5128,top_rank,documenting recording information|documentation|document technical designs procedures or activities|prepare reports of operational or procedural activities|maintain operational records|wrote report|logged|recorded|runbook|ticket notes,ONET31.0-IS68076026-v1.0,O*NET 31.0 Database (August 2026 Release)
REQ-R19-4.A.2.a.4,R19,IT Project Manager,15-1299.09,Work Activities,4.A.2.a.4,Analyzing Data or Information,"Identifying the underlying principles, reasons, or facts of information by breaking down information or data into separate parts.",4.16,4.95,21,0.032321,0.5128,top_rank,analyzing data or information|data analysis|analyzed|analytics|analyzed performance of systems or equipment|analyzed data to improve operations|statistical analysis|log analysis|reporting,ONET31.0-IS68076026-v1.0,O*NET 31.0 Database (August 2026 Release)
REQ-R19-4.A.2.a.2,R19,IT Project Manager,15-1299.09,Work Activities,4.A.2.a.2,Processing Information,"Compiling, coding, categorizing, calculating, tabulating, auditing, or verifying information or data.",4.14,5.33,22,0.032165,0.5128,top_rank,processing information|data processing|etl|data cleaning|compiled records|aggregated data|transformed data|reconciled data|validated data quality,ONET31.0-IS68076026-v1.0,O*NET 31.0 Database (August 2026 Release)
REQ-R19-4.A.4.a.3,R19,IT Project Manager,15-1299.09,Work Activities,4.A.4.a.3,Communicating with People Outside the Organization,"Communicating with people outside the organization, representing the organization to customers, the public, government, and other external sources. This information can be exchanged in person, in writing, or by telephone or e-mail.",4.14,5.19,23,0.032165,0.5128,top_rank,communicating with people outside the organization|client communication|vendor communication|external stakeholders|provide information or assistance to the public|customer meeting,ONET31.0-IS68076026-v1.0,O*NET 31.0 Database (August 2026 Release)
REQ-R19-2.A.2.a,R19,IT Project Manager,15-1299.09,Essential Skills,2.A.2.a,Critical Thinking,"Using logic and reasoning to identify the strengths and weaknesses of alternative solutions, conclusions, or approaches to problems.",4.12,4.25,24,0.03201,0.5128,domain_quota,critical thinking|root cause analysis|evaluated alternatives|trade-off analysis|assessed options|analytical reasoning|weighed pros and cons|design review,ONET31.0-IS68076026-v1.0,O*NET 31.0 Database (August 2026 Release)
REQ-R19-4.A.1.a.2,R19,IT Project Manager,15-1299.09,Work Activities,4.A.1.a.2,"Monitoring Processes, Materials, or Surroundings","Monitoring and reviewing information from materials, events, or the environment, to detect or assess problems.",4.1,5.14,25,0.031855,0.5128,top_rank,monitoring processes|monitored operations|monitored systems|monitored equipment|observability|alerting|monitor operation of computer or information technologies|compliance monitoring,ONET31.0-IS68076026-v1.0,O*NET 31.0 Database (August 2026 Release)
REQ-R19-2.A.1.a,R19,IT Project Manager,15-1299.09,Essential Skills,2.A.1.a,Reading Comprehension,Understanding written sentences and paragraphs in work-related documents.,4.0,4.0,31,0.031078,0.5128,domain_quota,reading comprehension|read documentation|technical documentation|specification|requirements document|read specs|rfc|reviewed documents|documentation review,ONET31.0-IS68076026-v1.0,O*NET 31.0 Database (August 2026 Release)
REQ-R19-2.A.1.b,R19,IT Project Manager,15-1299.09,Essential Skills,2.A.1.b,Active Listening,"Giving full attention to what other people are saying, taking time to understand the points being made, asking questions as appropriate, and not interrupting at inappropriate times.",4.0,4.0,32,0.031078,0.5128,domain_quota,active listening|stakeholder interview|requirements gathering|gathered requirements|user interview|listened to stakeholders|elicitation|client meeting,ONET31.0-IS68076026-v1.0,O*NET 31.0 Database (August 2026 Release)
REQ-R19-2.B.1.b,R19,IT Project Manager,15-1299.09,Transferable Skills,2.B.1.b,Coordination,Adjusting actions in relation to others' actions.,4.0,4.12,35,0.031078,0.5128,domain_quota,coordination|coordinated|cross-functional|liaised|aligned teams|worked with teams|stakeholder coordination|scrum ceremonies,ONET31.0-IS68076026-v1.0,O*NET 31.0 Database (August 2026 Release)
REQ-R19-2.B.5.a,R19,IT Project Manager,15-1299.09,Transferable Skills,2.B.5.a,Time Management,Managing one's own time and the time of others.,4.0,3.88,36,0.031078,0.5128,domain_quota,time management|met deadlines|on schedule|sprint planning|prioritized workload|delivered on time|timeboxed,ONET31.0-IS68076026-v1.0,O*NET 31.0 Database (August 2026 Release)
REQ-R19-2.B.5.d,R19,IT Project Manager,15-1299.09,Transferable Skills,2.B.5.d,Management of Personnel Resources,"Motivating, developing, and directing people as they work, identifying the best people for the job.",3.88,4.0,44,0.030145,0.5128,domain_quota,management of personnel resources|team management|managed team|staffing|resource allocation|assigned work|people management|led team of,ONET31.0-IS68076026-v1.0,O*NET 31.0 Database (August 2026 Release)
REQ-R20-4.A.3.b.1,R20,IT / IS Manager,11-3021.00,Work Activities,4.A.3.b.1,Working with Computers,"Using computers and computer systems (including hardware and software) to program, write software, set up functions, enter data, or process information.",4.9,6.1,1,0.040346,0.5384,domain_quota,working with computers|program computer systems|implement security measures for computer or information systems|set up computer systems networks or other information systems|resolve computer problems|operate computer systems|process digital or online data|coding|deployment|configuration,ONET31.0-IS68076026-v1.0,O*NET 31.0 Database (August 2026 Release)
REQ-R20-2.C.3.a,R20,IT / IS Manager,11-3021.00,Knowledge,2.C.3.a,Computers and Electronics,"Knowledge of circuit boards, processors, chips, electronic equipment, and computer hardware and software, including applications and programming.",4.77,6.13,2,0.039275,0.5384,domain_quota,computers and electronics|computer systems|hardware|software|operating system|linux|windows|server|application|programming|computer science,ONET31.0-IS68076026-v1.0,O*NET 31.0 Database (August 2026 Release)
REQ-R20-4.A.2.b.1,R20,IT / IS Manager,11-3021.00,Work Activities,4.A.2.b.1,Making Decisions and Solving Problems,Analyzing information and evaluating results to choose the best solution and solve problems.,4.51,5.16,3,0.037135,0.5384,domain_quota,making decisions and solving problems|decision making|problem solving|diagnose system or equipment problems|determined operational methods or procedures|resolved|selected,ONET31.0-IS68076026-v1.0,O*NET 31.0 Database (August 2026 Release)
REQ-R20-4.A.1.a.1,R20,IT / IS Manager,11-3021.00,Work Activities,4.A.1.a.1,Getting Information,"Observing, receiving, and otherwise obtaining information from all relevant sources.",4.43,5.09,4,0.036476,0.5384,domain_quota,getting information|gathered information|collected data|research|investigated|read documents|gathered requirements|data collection|log collection,ONET31.0-IS68076026-v1.0,O*NET 31.0 Database (August 2026 Release)
REQ-R20-4.A.4.a.2,R20,IT / IS Manager,11-3021.00,Work Activities,4.A.4.a.2,"Communicating with Supervisors, Peers, or Subordinates","Providing information to supervisors, co-workers, and subordinates by telephone, in written form, e-mail, or in person.",4.36,5.25,5,0.0359,0.5384,top_rank,communicating with supervisors peers or subordinates|team communication|communicate with others about specifications or project details|reported to manager|stand-up|collaborated with team|internal communication,ONET31.0-IS68076026-v1.0,O*NET 31.0 Database (August 2026 Release)
REQ-R20-4.A.1.b.1,R20,IT / IS Manager,11-3021.00,Work Activities,4.A.1.b.1,"Identifying Objects, Actions, and Events","Identifying information by categorizing, estimating, recognizing differences or similarities, and detecting changes in circumstances or events.",4.31,5.14,6,0.035488,0.5384,top_rank,identifying objects actions and events|identified issues|detected|recognized patterns|classified|identified opportunities|anomaly detection|event identification,ONET31.0-IS68076026-v1.0,O*NET 31.0 Database (August 2026 Release)
REQ-R20-4.A.2.b.6,R20,IT / IS Manager,11-3021.00,Work Activities,4.A.2.b.6,"Organizing, Planning, and Prioritizing Work","Developing specific goals and plans to prioritize, organize, and accomplish your work.",4.31,6.0,7,0.035488,0.5384,top_rank,organizing planning and prioritizing work|planning|prioritization|backlog grooming|work planning|organized tasks|sprint planning|project planning,ONET31.0-IS68076026-v1.0,O*NET 31.0 Database (August 2026 Release)
REQ-R20-4.A.2.a.4,R20,IT / IS Manager,11-3021.00,Work Activities,4.A.2.a.4,Analyzing Data or Information,"Identifying the underlying principles, reasons, or facts of information by breaking down information or data into separate parts.",4.25,4.94,8,0.034994,0.5384,top_rank,analyzing data or information|data analysis|analyzed|analytics|analyzed performance of systems or equipment|analyzed data to improve operations|statistical analysis|log analysis|reporting,ONET31.0-IS68076026-v1.0,O*NET 31.0 Database (August 2026 Release)
REQ-R20-2.A.2.a,R20,IT / IS Manager,11-3021.00,Essential Skills,2.A.2.a,Critical Thinking,"Using logic and reasoning to identify the strengths and weaknesses of alternative solutions, conclusions, or approaches to problems.",4.12,4.0,9,0.033923,0.5384,domain_quota,critical thinking|root cause analysis|evaluated alternatives|trade-off analysis|assessed options|analytical reasoning|weighed pros and cons|design review,ONET31.0-IS68076026-v1.0,O*NET 31.0 Database (August 2026 Release)
REQ-R20-4.A.4.b.2,R20,IT / IS Manager,11-3021.00,Work Activities,4.A.4.b.2,Developing and Building Teams,"Encouraging and building mutual trust, respect, and cooperation among team members.",4.12,4.8,10,0.033923,0.5384,top_rank,developing and building teams|team building|provide support or encouragement to others|mentored team|onboarded new members|built the team|hiring,ONET31.0-IS68076026-v1.0,O*NET 31.0 Database (August 2026 Release)
REQ-R20-2.C.1.e,R20,IT / IS Manager,11-3021.00,Knowledge,2.C.1.e,Customer and Personal Service,"Knowledge of principles and processes for providing customer and personal services. This includes customer needs assessment, meeting quality standards for services, and evaluation of customer satisfaction.",4.05,4.72,11,0.033347,0.5384,domain_quota,customer and personal service|customer service|client support|service desk|user support|customer requirements|sla|stakeholder management|end-user,ONET31.0-IS68076026-v1.0,O*NET 31.0 Database (August 2026 Release)
REQ-R20-2.A.1.a,R20,IT / IS Manager,11-3021.00,Essential Skills,2.A.1.a,Reading Comprehension,Understanding written sentences and paragraphs in work-related documents.,4.0,4.0,18,0.032935,0.5384,domain_quota,reading comprehension|read documentation|technical documentation|specification|requirements document|read specs|rfc|reviewed documents|documentation review,ONET31.0-IS68076026-v1.0,O*NET 31.0 Database (August 2026 Release)
REQ-R20-2.A.1.b,R20,IT / IS Manager,11-3021.00,Essential Skills,2.A.1.b,Active Listening,"Giving full attention to what other people are saying, taking time to understand the points being made, asking questions as appropriate, and not interrupting at inappropriate times.",4.0,4.0,19,0.032935,0.5384,domain_quota,active listening|stakeholder interview|requirements gathering|gathered requirements|user interview|listened to stakeholders|elicitation|client meeting,ONET31.0-IS68076026-v1.0,O*NET 31.0 Database (August 2026 Release)
REQ-R20-4.A.2.b.4,R20,IT / IS Manager,11-3021.00,Work Activities,4.A.2.b.4,Developing Objectives and Strategies,Establishing long-range objectives and specifying the strategies and actions to achieve them.,3.99,4.63,20,0.032853,0.5384,top_rank,developing objectives and strategies|roadmap|strategy|develop organizational policies systems or processes|defined objectives|technical strategy|okr|planning,ONET31.0-IS68076026-v1.0,O*NET 31.0 Database (August 2026 Release)
REQ-R20-4.A.4.b.4,R20,IT / IS Manager,11-3021.00,Work Activities,4.A.4.b.4,"Guiding, Directing, and Motivating Subordinates","Providing guidance and direction to subordinates, including setting performance standards and monitoring performance.",3.98,5.01,21,0.032771,0.5384,top_rank,guiding directing and motivating subordinates|direct organizational operations activities or procedures|supervise personnel activities|supervised|led|managed direct reports|team lead,ONET31.0-IS68076026-v1.0,O*NET 31.0 Database (August 2026 Release)
REQ-R20-4.A.2.a.2,R20,IT / IS Manager,11-3021.00,Work Activities,4.A.2.a.2,Processing Information,"Compiling, coding, categorizing, calculating, tabulating, auditing, or verifying information or data.",3.94,5.21,22,0.032441,0.5384,top_rank,processing information|data processing|etl|data cleaning|compiled records|aggregated data|transformed data|reconciled data|validated data quality,ONET31.0-IS68076026-v1.0,O*NET 31.0 Database (August 2026 Release)
REQ-R20-4.A.4.a.4,R20,IT / IS Manager,11-3021.00,Work Activities,4.A.4.a.4,Establishing and Maintaining Interpersonal Relationships,"Developing constructive and cooperative working relationships with others, and maintaining them over time.",3.9,5.06,23,0.032112,0.5384,top_rank,establishing and maintaining interpersonal relationships|develop professional relationships or networks|built relationships|stakeholder relationship|networking|teamwork|cross-team collaboration,ONET31.0-IS68076026-v1.0,O*NET 31.0 Database (August 2026 Release)
REQ-R20-4.A.4.b.1,R20,IT / IS Manager,11-3021.00,Work Activities,4.A.4.b.1,Coordinating the Work and Activities of Others,Getting members of a group to work together to accomplish tasks.,3.9,5.16,24,0.032112,0.5384,top_rank,coordinating the work and activities of others|coordinate with others to resolve problems|assign work to others|coordinated team|task assignment|cross-functional coordination,ONET31.0-IS68076026-v1.0,O*NET 31.0 Database (August 2026 Release)
REQ-R20-4.A.2.b.3,R20,IT / IS Manager,11-3021.00,Work Activities,4.A.2.b.3,Updating and Using Relevant Knowledge,Keeping up-to-date technically and applying new knowledge to your job.,3.89,5.35,25,0.03203,0.5384,top_rank,updating and using relevant knowledge|maintain current knowledge in area of expertise|kept up to date|continuous learning|certification|training attended|research new technology,ONET31.0-IS68076026-v1.0,O*NET 31.0 Database (August 2026 Release)
REQ-R20-2.A.1.d,R20,IT / IS Manager,11-3021.00,Essential Skills,2.A.1.d,Speaking,Talking to others to convey information effectively.,3.88,3.88,26,0.031947,0.5384,top_rank,speaking|presented|presentation|demo|briefing|spoke at|public speaking|stand-up|knowledge sharing session|pitched,ONET31.0-IS68076026-v1.0,O*NET 31.0 Database (August 2026 Release)
REQ-R20-2.A.2.d,R20,IT / IS Manager,11-3021.00,Essential Skills,2.A.2.d,Monitoring,"Monitoring/Assessing performance of yourself, other individuals, or organizations to make improvements or take corrective action.",3.88,4.38,27,0.031947,0.5384,top_rank,monitoring|monitored|observability|tracked performance|kpi tracking|dashboard monitoring|alerting|health check|performance monitoring,ONET31.0-IS68076026-v1.0,O*NET 31.0 Database (August 2026 Release)
REQ-R20-2.B.4.e,R20,IT / IS Manager,11-3021.00,Transferable Skills,2.B.4.e,Judgment and Decision Making,Considering the relative costs and benefits of potential actions to choose the most appropriate one.,3.88,3.75,28,0.031947,0.5384,domain_quota,judgment and decision making|decision making|prioritized|selected approach|made trade-offs|chose technology|approved|recommended,ONET31.0-IS68076026-v1.0,O*NET 31.0 Database (August 2026 Release)
REQ-R20-4.A.2.a.1,R20,IT / IS Manager,11-3021.00,Work Activities,4.A.2.a.1,"Judging the Qualities of Objects, Services, or People","Assessing the value, importance, or quality of things or people.",3.86,4.79,29,0.031783,0.5384,top_rank,judging the qualities|evaluated performance|assessed quality|vendor evaluation|evaluated the characteristics usefulness or performance of products or technologies|feasibility assessment|tool selection,ONET31.0-IS68076026-v1.0,O*NET 31.0 Database (August 2026 Release)
REQ-R20-4.A.1.a.2,R20,IT / IS Manager,11-3021.00,Work Activities,4.A.1.a.2,"Monitoring Processes, Materials, or Surroundings","Monitoring and reviewing information from materials, events, or the environment, to detect or assess problems.",3.79,5.33,30,0.031206,0.5384,top_rank,monitoring processes|monitored operations|monitored systems|monitored equipment|observability|alerting|monitor operation of computer or information technologies|compliance monitoring,ONET31.0-IS68076026-v1.0,O*NET 31.0 Database (August 2026 Release)
REQ-R20-4.A.4.b.5,R20,IT / IS Manager,11-3021.00,Work Activities,4.A.4.b.5,Coaching and Developing Others,"Identifying the developmental needs of others and coaching, mentoring, or otherwise helping others to improve their knowledge or skills.",3.76,5.0,31,0.030959,0.5384,top_rank,coaching and developing others|coach others|mentoring|mentored|coached|career development|1:1 coaching|peer coaching,ONET31.0-IS68076026-v1.0,O*NET 31.0 Database (August 2026 Release)
REQ-R20-2.A.1.c,R20,IT / IS Manager,11-3021.00,Essential Skills,2.A.1.c,Writing,Communicating effectively in writing as appropriate for the needs of the audience.,3.75,4.0,35,0.030877,0.5384,top_rank,writing|technical writing|wrote documentation|authored|report writing|documented|runbook|user guide|published|white paper|readme,ONET31.0-IS68076026-v1.0,O*NET 31.0 Database (August 2026 Release)
REQ-R20-2.B.1.b,R20,IT / IS Manager,11-3021.00,Transferable Skills,2.B.1.b,Coordination,Adjusting actions in relation to others' actions.,3.75,3.88,36,0.030877,0.5384,domain_quota,coordination|coordinated|cross-functional|liaised|aligned teams|worked with teams|stakeholder coordination|scrum ceremonies,ONET31.0-IS68076026-v1.0,O*NET 31.0 Database (August 2026 Release)
REQ-R20-2.B.2.i,R20,IT / IS Manager,11-3021.00,Transferable Skills,2.B.2.i,Complex Problem Solving,Identifying complex problems and reviewing related information to develop and evaluate options and implement solutions.,3.75,3.88,37,0.030877,0.5384,domain_quota,complex problem solving|solved|resolved|troubleshooting complex issues|debugged|incident resolution|root cause|postmortem|problem solving,ONET31.0-IS68076026-v1.0,O*NET 31.0 Database (August 2026 Release)
REQ-R20-4.A.2.a.3,R20,IT / IS Manager,11-3021.00,Work Activities,4.A.2.a.3,Evaluating Information to Determine Compliance with Standards,"Using relevant information and individual judgment to determine whether events or processes comply with laws, regulations, or standards.",3.72,4.59,38,0.03063,0.5384,top_rank,evaluating information to determine compliance with standards|compliance check|audit|standards compliance|policy compliance|examined documentation for accuracy or compliance|conformance review,ONET31.0-IS68076026-v1.0,O*NET 31.0 Database (August 2026 Release)
REQ-R20-2.C.1.a,R20,IT / IS Manager,11-3021.00,Knowledge,2.C.1.a,Administration and Management,"Knowledge of business and management principles involved in strategic planning, resource allocation, human resources modeling, leadership technique, production methods, and coordination of people and resources.",3.7,4.31,40,0.030465,0.5384,domain_quota,administration and management|project management|strategic planning|resource planning|business operations|budgeting|governance|leadership|pmp,ONET31.0-IS68076026-v1.0,O*NET 31.0 Database (August 2026 Release)
